time,open,high,low,close
1788774360,7718.5,7718.75,7718.25,7718.75
1788774480,7718.75,7719,7718,7718
1788774600,7718.25,7718.75,7718,7718.5
1788774720,7718.5,7718.75,7717.75,7718.25
1788774840,7718.25,7718.75,7717.75,7718.5
1788774960,7718.5,7718.5,7717,7717
1788775080,7717,7717.75,7716.5,7716.75
1788775200,7717,7719.25,7717,7718.75
1788775320,7718.75,7718.75,7718,7718
1788775440,7718,7718.25,7717.5,7718
1788775560,7718.25,7718.25,7716.5,7717.25
1788775680,7717,7717.75,7716.5,7717.75
1788775800,7717.5,7718.25,7717.5,7717.75
1788775920,7717.75,7718.25,7717.75,7718
1788776040,7717.5,7719,7717.5,7718.75
1788776160,7719,7719,7718.75,7718.75
1788776280,7718.75,7719.25,7718.75,7719.25
1788776400,7719,7719.75,7719,7719.75
1788776520,7719.5,7720.25,7718.75,7718.75
1788776640,7718.75,7719.25,7718.25,7718.5
1788776760,7718.5,7719,7718.5,7718.75
1788776880,7718.75,7718.75,7718,7718
1788777000,7718,7719,7718,7719
1788777120,7719,7719,7717.75,7718
1788777240,7717.75,7718,7717.75,7718
1788777360,7718,7718,7717.25,7717.75
1788777480,7717.75,7717.75,7716.25,7717.25
1788777600,7717.5,7718.5,7717.5,7718.25
1788777720,7718,7718.25,7717.75,7718.25
1788777840,7718.25,7718.25,7717.75,7717.75
1788777960,7717.75,7717.75,7716.25,7716.5
1788778080,7716.5,7716.5,7715.25,7715.5
1788778200,7715.5,7715.5,7714.75,7715
1788778320,7715,7716.25,7714.75,7716.25
1788778440,7716.5,7716.5,7711.75,7712.75
1788778560,7712.5,7713.5,7710.5,7711.5
1788778680,7711.5,7712.75,7711.5,7712
1788778800,7712,7712.5,7707.5,7709.5
1788778920,7709.5,7710,7707.5,7709.25
1788779040,7709.25,7711.75,7709.25,7711.25
1788779160,7711.5,7711.75,7707.75,7708.25
1788779280,7708.25,7708.75,7706.75,7707.5
1788779400,7707.5,7709.75,7707,7709.75
1788779520,7709.5,7711.75,7709.25,7711.25
1788779640,7711.25,7711.5,7709.75,7710
1788779760,7710.25,7711,7709.25,7710.75
1788779880,7710.5,7710.75,7710,7710.25
1788780000,7710.5,7710.75,7707.75,7708
1788780120,7708,7708.25,7705.25,7705.75
1788780240,7705.75,7706.5,7705,7706.25
1788780360,7706.25,7706.75,7706,7706.5
1788780480,7706.5,7707.25,7706.25,7707.25
1788780600,7707.25,7709,7707,7709
1788780720,7709,7709,7706.25,7707
1788780840,7707.25,7707.25,7705.5,7706.25
1788780960,7706,7706.25,7705.25,7706
1788781080,7706,7708,7706,7707.75
1788781200,7707.75,7709.25,7707.75,7709
1788781320,7709,7709,7707.75,7707.75
1788781440,7707.75,7709,7707.5,7708
1788781560,7708.25,7709.25,7708.25,7708.5
1788781680,7708.5,7708.75,7708,7708.5
1788781800,7708.5,7708.5,7707.25,7708
1788781920,7708.25,7708.5,7708,7708.5
1788782040,7708.25,7708.5,7707.25,7707.25
1788782160,7707,7707.25,7706.25,7706.25
1788782280,7706.25,7706.25,7704.5,7705
1788782400,7705,7705.75,7704.75,7705.5
1788782520,7705.75,7706.25,7704.75,7705.5
1788782640,7705.5,7706.25,7705.25,7706.25
1788782760,7706.25,7709,7706.25,7708
1788782880,7707.75,7707.75,7706.5,7706.5
1788783000,7706.75,7707,7704.75,7704.75
1788783120,7705,7705.5,7704.75,7705.25
1788783240,7705,7705,7704.25,7704.75
1788783360,7704.75,7705.25,7704,7704
1788783480,7704,7705,7704,7705
1788783600,7705,7705.25,7704,7704.25
1788783720,7704.25,7704.5,7703.5,7704.5
1788783840,7704.5,7705.5,7704.5,7705.5
1788783960,7705.5,7705.5,7704.75,7705
1788784080,7705,7705.5,7704.75,7705
1788784200,7705,7707.5,7705,7706.75
1788784320,7706.75,7707,7706.25,7706.75
1788784440,7706.75,7706.75,7705,7705
1788784560,7705,7707,7704.75,7706.5
1788784680,7706.75,7707.25,7706.25,7706.5
1788784800,7706.25,7707.5,7706.25,7707
1788784920,7706.75,7706.75,7705,7705.25
1788785040,7705.25,7707.25,7705.25,7707.25
1788785160,7707.25,7707.75,7707,7707.5
1788785280,7707.75,7708.25,7707.75,7708
1788785400,7708.25,7710,7708.25,7709.5
1788785520,7709.5,7711,7709.5,7711
1788785640,7711.25,7713,7711,7711
1788785760,7711.25,7711.75,7710.25,7710.25
1788785880,7710.25,7711.25,7709.75,7711.25
1788786000,7711,7711,7708.75,7709.75
1788786120,7710,7710.25,7709,7710
1788786240,7710.25,7711.25,7710,7711.25
1788786360,7711.25,7711.5,7709.25,7709.75
1788786480,7710,7711,7710,7711
1788786600,7711.25,7712.25,7711,7712
1788786720,7712.25,7714,7712,7713.75
1788786840,7713.75,7713.75,7711.25,7712
1788786960,7712.25,7712.75,7711.25,7711.25
1788787080,7711.25,7711.75,7711,7711
1788787200,7711.25,7714.5,7711.25,7714.25
1788787320,7714.5,7715,7714,7714.75
1788787440,7714.75,7716.25,7714.75,7715.75
1788787560,7715.5,7715.75,7714,7714.25
1788787680,7714.5,7714.5,7713.25,7714.5
1788787800,7714.75,7717,7714,7717
1788787920,7717,7717.25,7715,7716
1788788040,7715.75,7716.25,7713,7713.5
1788788160,7713.5,7713.75,7712.25,7713.75
1788788280,7713.5,7713.75,7713,7713
1788788400,7712.75,7713.25,7712,7713
1788788520,7713,7714.25,7712.5,7713.25
1788788640,7713.5,7714.25,7712.75,7713.5
1788788760,7713.5,7714.75,7713.5,7714.5
1788788880,7714.5,7714.5,7714,7714.25
1788789000,7714.25,7714.5,7712.75,7713.75
1788789120,7713.75,7714.75,7713.25,7714.75
1788789240,7714.5,7714.5,7712.75,7713.5
1788789360,7713.5,7714.25,7713.25,7713.25
1788789480,7713.25,7714.25,7712.75,7713.5
1788789600,7713.5,7715.75,7711,7711.25
1788789720,7711.5,7712.25,7711,7711
1788789840,7711,7711.25,7710.25,7711.25
1788789960,7711.25,7713.25,7711.25,7712.5
1788790080,7712.5,7712.5,7710.75,7711
1788790200,7711,7711.25,7709.75,7710.25
1788790320,7710.25,7711.5,7710.25,7710.25
1788790440,7710.25,7711.25,7710.25,7710.75
1788790560,7710.75,7711.25,7710,7710.25
1788790680,7710.25,7710.5,7709.25,7709.25
1788790800,7709.5,7710.25,7708.75,7709.5
1788790920,7709.75,7710,7709.25,7709.25
1788791040,7709.5,7709.75,7708.75,7709.25
1788791160,7709,7709.75,7709,7709.25
1788791280,7709.25,7710.25,7709,7710
1788791400,7710.25,7710.25,7708,7708.25
1788791520,7708,7708.5,7707.5,7707.75
1788791640,7707.75,7708,7706.5,7706.75
1788791760,7706.75,7709.75,7706.5,7709.5
1788791880,7709.5,7711.25,7709.5,7711
1788792000,7710.75,7710.75,7708.75,7709
1788792120,7709,7711.25,7709,7711.25
1788792240,7711.25,7712,7709.75,7710.5
1788792360,7710.5,7710.75,7710,7710.25
1788792480,7710.25,7710.5,7710,7710
1788792600,7709.75,7710,7708.75,7709.25
1788792720,7709.5,7709.75,7708.5,7709
1788792840,7709.25,7709.5,7708.25,7708.25
1788792960,7708.5,7708.5,7706.5,7707
1788793080,7707,7707,7704.5,7704.5
1788793200,7704.5,7706,7704.25,7705.75
1788793320,7705.75,7707.75,7705.5,7706.5
1788793440,7706.5,7707.25,7705.5,7705.75
1788793560,7705.75,7706.25,7705.25,7706
1788793680,7706,7706.25,7705.5,7706.25
1788793800,7706.25,7706.25,7704.75,7705
1788793920,7705,7706,7704.75,7705.75
1788794040,7705.5,7706.25,7704.75,7705.75
1788794160,7706,7706,7705.25,7705.25
1788794280,7705.25,7706.25,7705,7706
1788794400,7705.75,7706,7705,7705.75
1788794520,7705.75,7705.75,7703.75,7703.75
1788794640,7704,7704.75,7704,7704.75
1788794760,7704.5,7704.75,7703.5,7704.75
1788794880,7704.5,7707,7704,7705.5
1788795000,7705.5,7707.25,7705.5,7707
1788795120,7707,7707,7705.75,7705.75
1788795240,7706,7707.5,7705.75,7707
1788795360,7707,7708.5,7707,7708.5
1788795480,7708.25,7708.5,7707.75,7708
1788795600,7708,7708,7706,7707
1788795720,7706.75,7707.75,7706.5,7707.75
1788795840,7707.5,7707.75,7706.5,7706.75
1788795960,7707,7707.5,7706.75,7707.25
1788796080,7707.25,7707.5,7707,7707.5
1788796200,7707.5,7707.75,7706.5,7706.75
1788796320,7706.75,7707,7705.5,7706
1788796440,7705.75,7706.5,7705.5,7705.75
1788796560,7705.75,7706.5,7705.5,7705.75
1788796680,7705.75,7707.25,7705.5,7707.25
1788796800,7707.5,7708.5,7706.75,7707
1788796920,7707.25,7708,7707.25,7707.75
1788797040,7707.75,7708.25,7707.5,7707.75
1788797160,7707.5,7707.75,7706.5,7706.75
1788797280,7706.75,7707.5,7706.75,7707
1788797400,7707,7707.75,7707,7707.75
1788797520,7707.75,7708.5,7707.75,7708.25
1788797640,7708.25,7709.5,7708.25,7709
1788797760,7709,7709.25,7708.75,7709
1788797880,7709,7709,7708.5,7708.75
1788798000,7709,7709.5,7708.75,7709
1788798120,7709.25,7709.25,7708.75,7708.75
1788798240,7708.75,7708.75,7707.25,7707.25
1788798360,7707.25,7707.5,7707,7707.5
1788798480,7707.25,7707.75,7707.25,7707.75
1788798600,7707.75,7708.5,7707.5,7708.5
1788798720,7708.5,7709.25,7708.5,7709.25
1788798840,7709,7710,7708.75,7709.75
1788798960,7709.75,7709.75,7709.25,7709.5
1788799080,7709.25,7710,7709.25,7709.75
1788799200,7709.75,7710,7709.5,7709.5
1788799320,7709.5,7710,7709.5,7709.75
1788799440,7709.75,7710.25,7709.25,7709.25
1788799560,7709.25,7709.5,7708.75,7709
1788799680,7709,7709.5,7708.75,7709
1788799800,7709.25,7709.75,7709,7709.75
1788799920,7709.75,7709.75,7709.5,7709.5
1788800040,7709.75,7710,7708.75,7709.75
1788800160,7709.5,7710,7709,7709.25
1788800280,7709.5,7709.5,7708.25,7708.75
1788818400,7710,7710.75,7707.25,7707.75
1788818520,7708,7710.25,7708,7709.5
1788818640,7709.75,7709.75,7707.5,7708
1788818760,7708,7709.75,7708,7709.5
1788818880,7709.25,7709.5,7709,7709.25
1788819000,7709.25,7709.75,7708.5,7709
1788819120,7708.75,7709,7708.5,7708.75
1788819240,7708.5,7709,7708.5,7708.75
1788819360,7708.75,7708.75,7707.75,7708
1788819480,7708,7708,7707.5,7707.5
1788819600,7707.5,7708,7707.5,7707.75
1788819720,7707.75,7708,7706.75,7706.75
1788819840,7707,7707.5,7706,7706
1788819960,7706,7706.25,7705.5,7706
1788820080,7705.75,7706.25,7705.75,7706
1788820200,7706,7706,7704.25,7704.25
1788820320,7704.25,7704.5,7704,7704
1788820440,7704.25,7704.25,7703,7703.5
1788820560,7703.5,7703.75,7703,7703.25
1788820680,7703.25,7704,7702.5,7704
1788820800,7704,7705,7703.75,7703.75
1788820920,7704,7704.75,7704,7704.75
1788821040,7705,7705.5,7704.25,7704.25
1788821160,7704.25,7704.75,7703.5,7704
1788821280,7704,7704.75,7704,7704.5
1788821400,7704.5,7705,7703.5,7704.25
1788821520,7704.25,7704.25,7704.25,7704.25
1788821640,7704.25,7705.75,7704.25,7705.5
1788821760,7705.5,7705.5,7704.5,7704.75
1788821880,7704.5,7704.75,7704.5,7704.75
1788822000,7704.75,7705.25,7704.25,7704.75
1788822120,7705,7705.5,7704.5,7704.75
1788822240,7705,7705,7703.5,7703.75
1788822360,7703.5,7703.75,7703.25,7703.25
1788822480,7703.25,7704,7703,7704
1788822600,7704,7704.25,7703.5,7703.75
1788822720,7703.75,7704.25,7703.75,7704
1788822840,7704,7704,7702.75,7703.75
1788822960,7703.75,7704,7698.25,7701.25
1788823080,7701.5,7701.5,7699.5,7701.5
1788823200,7701.75,7703.5,7701.75,7703
1788823320,7703,7703,7701.5,7702.25
1788823440,7702.25,7704,7702.25,7703
1788823560,7702.75,7704,7702.5,7703.75
1788823680,7703.75,7703.75,7703,7703.5
1788823800,7703.25,7703.5,7702,7702.5
1788823920,7702.5,7703,7702.25,7703
1788824040,7703,7704.75,7702.75,7704.75
1788824160,7704.75,7707.5,7704.5,7707.5
1788824280,7707.25,7708.25,7706.5,7707
1788824400,7706.75,7707.5,7706.5,7707.5
1788824520,7707.5,7708.5,7707.5,7708.25
1788824640,7708.25,7710.25,7708.25,7709.75
1788824760,7709.5,7711.5,7709,7711.25
1788824880,7711.25,7713,7710.25,7712.5
1788825000,7712.5,7712.5,7711,7711.25
1788825120,7711.5,7712,7710.25,7711.5
1788825240,7711.5,7712,7711,7711.25
1788825360,7711.25,7711.25,7710.5,7711
1788825480,7711,7712.25,7710.25,7712.25
1788825600,7712,7713.5,7711,7713.25
1788825720,7713.25,7714.75,7712.5,7713.25
1788825840,7713,7713.25,7712,7713
1788825960,7713,7713,7709.5,7711.75
1788826080,7711.75,7713,7711.5,7712
1788826200,7712.25,7712.25,7710.5,7710.75
1788826320,7710.75,7711.5,7710,7710.75
1788826440,7710.75,7710.75,7707,7707.25
1788826560,7707.5,7709,7707.25,7708.5
1788826680,7708.75,7710.5,7708.5,7709.25
1788826800,7709.5,7710.25,7708.75,7709.25
1788826920,7709.25,7709.5,7704.75,7705
1788827040,7705,7707,7704.25,7707
1788827160,7707.25,7708.25,7706.5,7707.75
1788827280,7708,7711,7707.25,7710.5
1788827400,7710.75,7711,7709.5,7710
1788827520,7710,7712.5,7709.75,7711.75
1788827640,7711.75,7713.25,7711.5,7713
1788827760,7713,7713,7712,7712.5
1788827880,7712.5,7712.75,7711.75,7712.75
1788828000,7713,7713,7711.75,7712
1788828120,7712.25,7712.25,7711,7711
1788828240,7711.25,7711.75,7710.5,7711.25
1788828360,7711.5,7712.25,7711.25,7711.75
1788828480,7711.5,7711.75,7710.75,7711.5
1788828600,7711.5,7712.5,7711.5,7712.25
1788828720,7712.25,7712.5,7712,7712
1788828840,7712,7712.75,7711.5,7712.25
1788828960,7712,7712.5,7711.75,7712.25
1788829080,7712.25,7712.5,7710.5,7711
1788829200,7711,7711.75,7709,7709.5
1788829320,7709.5,7709.5,7706.5,7706.75
1788829440,7707,7707,7704,7704.5
1788829560,7704.5,7708.25,7703.75,7708.25
1788829680,7708.25,7710.75,7708,7710.75
1788829800,7710.75,7711.5,7709.25,7709.75
1788829920,7710,7710.75,7709.25,7710.25
1788830040,7710,7711.25,7710,7711
1788830160,7711.25,7711.25,7709.5,7710.5
1788830280,7710.5,7711.5,7710.25,7711.5
1788830400,7711.5,7712.25,7711.25,7711.75
1788830520,7711.75,7713.5,7711.75,7713.5
1788830640,7713.25,7713.25,7712.5,7712.75
1788830760,7712.75,7713.25,7712.75,7712.75
1788830880,7712.75,7713,7711.5,7712.5
1788831000,7712.75,7713.5,7712,7713.25
1788831120,7713,7714.75,7712.75,7714.75
1788831240,7714.5,7715.25,7714,7715.25
1788831360,7715.25,7716,7714.5,7715.75
1788831480,7715.75,7717.75,7715.75,7716.5
1788831600,7716.5,7717,7715.75,7716
1788831720,7716.25,7716.5,7715.5,7716.5
1788831840,7716.5,7716.5,7716,7716.5
1788831960,7716.25,7716.5,7715.5,7716.25
1788832080,7716.5,7718,7716.5,7718
1788832200,7718,7718.25,7717.25,7717.75
1788832320,7717.75,7719.75,7717.75,7719.75
1788832440,7719.5,7720.75,7719,7720
1788832560,7720,7720.75,7719.5,7719.5
1788832680,7719.5,7720.5,7719.5,7720.5
1788832800,7720.5,7721.25,7720,7720.5
1788832920,7720.5,7720.5,7719.25,7719.75
1788833040,7719.5,7719.5,7717.75,7718
1788833160,7718,7718.75,7717.75,7718.25
1788833280,7718.25,7718.5,7717.75,7718
1788833400,7718,7719.5,7718,7718.5
1788833520,7718.25,7719.25,7718.25,7719
1788833640,7719,7719.25,7718.5,7718.5
1788833760,7718.5,7719.75,7718.5,7719.5
1788833880,7719.5,7719.5,7718.5,7718.75
1788834000,7719,7719.25,7718.5,7719.25
1788834120,7719.25,7720.75,7719,7720.5
1788834240,7720.5,7721.25,7719.5,7719.5
1788834360,7719.5,7720,7719,7719.75
1788834480,7719.5,7719.75,7719,7719
1788834600,7719,7719.25,7718.5,7718.5
1788834720,7718.5,7719,7718.25,7718.5
1788834840,7718.5,7718.75,7718.25,7718.25
1788834960,7718.25,7719.25,7718,7718.75
1788835080,7719,7719.75,7718.75,7719.25
1788835200,7719.25,7719.5,7718.5,7718.5
1788835320,7718.5,7718.5,7717.75,7718.25
1788835440,7718.25,7718.25,7717.5,7717.75
1788835560,7718,7718.25,7717.75,7718
1788835680,7718.25,7718.25,7717.75,7718
1788835800,7717.75,7717.75,7715.5,7715.75
1788835920,7715.75,7716,7714,7714.25
1788836040,7714,7714.5,7712.75,7713.75
1788836160,7713.75,7714.25,7713.75,7713.75
1788836280,7713.75,7714,7713,7713
1788836400,7713.25,7714.75,7713,7714.5
1788836520,7714.75,7715,7713.5,7714.25
1788836640,7714,7714.25,7713.75,7714
1788836760,7714.25,7714.75,7713.75,7714.25
1788836880,7714.5,7717,7714.5,7716.75
1788837000,7716.75,7717.5,7716.75,7717.25
1788837120,7717.25,7718,7717.25,7717.5
1788837240,7717.25,7717.75,7717.25,7717.25
1788837360,7717.5,7718.75,7717.5,7718.5
1788837480,7718.5,7720,7718.5,7719.5
1788837600,7719.25,7720.25,7719.25,7719.5
1788837720,7719.5,7719.75,7719,7719.25
1788837840,7719,7719.25,7718.75,7719
1788837960,7719,7720.5,7719,7720.25
1788838080,7720.5,7723,7720.5,7722.75
1788838200,7722.5,7723.25,7722.25,7722.25
1788838320,7722,7722,7720.5,7721.25
1788838440,7721.5,7721.5,7720.25,7720.5
1788838560,7720.5,7722.25,7720.5,7721.5
1788838680,7721.5,7721.75,7721,7721.5
1788838800,7721.5,7722.25,7721.25,7721.75
1788838920,7721.75,7722.25,7721.75,7721.75
1788839040,7721.5,7721.75,7721,7721.75
1788839160,7721.75,7722,7721.25,7721.5
1788839280,7721.5,7722,7721.5,7721.75
1788839400,7721.5,7721.5,7720.75,7720.75
1788839520,7720.5,7721.5,7720.25,7720.25
1788839640,7720.25,7721,7720,7721
1788839760,7721,7721.5,7720.5,7721.5
1788839880,7721.5,7723,7721.25,7722.5
1788840000,7722.5,7722.75,7721.25,7721.5
1788840120,7721.5,7722.25,7721.5,7722.25
1788840240,7722.25,7723.5,7722.25,7723.25
1788840360,7723.25,7723.5,7723,7723.5
1788840480,7723.25,7723.75,7723,7723.25
1788840600,7723.25,7723.25,7722.5,7723.25
1788840720,7723,7723.25,7722.75,7723.25
1788840840,7723.5,7723.5,7722.25,7722.75
1788840960,7722.75,7723.25,7722.5,7723
1788841080,7723.25,7723.5,7723,7723.25
1788841200,7723.25,7723.75,7723.25,7723.5
1788841320,7723.5,7724.25,7723.25,7724
1788841440,7724,7724.75,7723.75,7724.75
1788841560,7724.5,7725,7723.5,7724.25
1788841680,7724.25,7724.25,7723.5,7724
1788841800,7723.75,7723.75,7723.25,7723.5
1788841920,7723.5,7723.75,7723,7723.25
1788842040,7723.25,7723.5,7722,7722
1788842160,7722.25,7723.5,7721.25,7723.5
1788842280,7723.5,7725,7723.5,7724.75
1788842400,7725,7725.5,7725,7725
1788842520,7724.75,7724.75,7724.25,7724.75
1788842640,7724.5,7725.5,7724.25,7725.25
1788842760,7725.25,7725.75,7724.25,7724.25
1788842880,7724.25,7724.25,7723.5,7724
1788843000,7724.25,7724.25,7723.75,7723.75
1788843120,7723.75,7724.25,7723.25,7723.5
1788843240,7723.5,7724,7722.25,7723
1788843360,7723,7724.5,7722.75,7724.5
1788843480,7724.25,7724.25,7723,7723.25
1788843600,7723.25,7723.5,7722.5,7722.75
1788843720,7722.5,7722.75,7722.25,7722.75
1788843840,7722.75,7722.75,7721.25,7721.5
1788843960,7721.25,7721.25,7720,7720.5
1788844080,7720.5,7720.75,7717.5,7718.25
1788844200,7718.25,7718.25,7715.5,7716.25
1788844320,7716.25,7717.25,7716,7716.75
1788844440,7717,7718,7715,7715.75
1788844560,7716,7718.75,7715.75,7718.25
1788844680,7718.25,7720.5,7718,7720.5
1788844800,7720.75,7722.5,7720.5,7722.25
1788844920,7722.25,7722.5,7720,7720
1788845040,7720,7720.75,7718.25,7718.75
1788845160,7718.75,7718.75,7717.75,7718
1788845280,7718,7718,7716.5,7716.5
1788845400,7716.25,7716.25,7714.75,7715
1788845520,7714.75,7715,7712,7712.25
1788845640,7712.25,7712.5,7711.5,7711.75
1788845760,7712,7714,7712,7713
1788845880,7712.75,7716,7712.25,7716
1788846000,7716,7716,7712.5,7713
1788846120,7713,7713,7710.5,7710.75
1788846240,7711,7711,7709,7710
1788846360,7710,7710.25,7708.75,7709.75
1788846480,7709.75,7711,7709.5,7710.75
1788846600,7710.5,7710.75,7708.25,7708.5
1788846720,7708.25,7708.5,7706.75,7707
1788846840,7707,7707,7705,7705.75
1788846960,7706,7706.75,7705.5,7706.75
1788847080,7706.75,7706.75,7705.5,7705.5
1788847200,7705.75,7707,7704.25,7704.25
1788847320,7704.25,7704.75,7702.25,7704
1788847440,7704,7704.75,7701.5,7702.25
1788847560,7702,7703.5,7701.5,7703.5
1788847680,7703.25,7704.75,7703.25,7703.5
1788847800,7703.5,7703.5,7701,7701.25
1788847920,7701.25,7702.5,7700.5,7701.5
1788848040,7701.5,7702.25,7701.25,7701.25
1788848160,7701,7702.75,7699.75,7700.5
1788848280,7700.25,7700.25,7695.25,7695.25
1788848400,7695.25,7698.5,7694.75,7698.25
1788848520,7698.5,7701,7698,7699.25
1788848640,7699.25,7699.75,7698.25,7699.25
1788848760,7699.5,7699.5,7698.5,7698.75
1788848880,7698.5,7699,7697.5,7697.75
1788849000,7697.75,7698.25,7696,7697.5
1788849120,7697.5,7699.5,7697.5,7697.75
1788849240,7697.75,7698.5,7695.5,7695.75
1788849360,7695.75,7697.5,7695,7697.5
1788849480,7697.5,7701.75,7697.5,7701.75
1788849600,7701.5,7703.75,7701.5,7703
1788849720,7703,7703.5,7702,7702.75
1788849840,7703,7703.75,7702.5,7703.25
1788849960,7703.25,7704.75,7703.25,7703.75
1788850080,7704,7704.25,7702.75,7702.75
1788850200,7702.75,7703.5,7701.5,7701.75
1788850320,7701.75,7702.25,7701,7701.5
1788850440,7701.5,7702.5,7701,7702.25
1788850560,7702.25,7702.75,7701.5,7702.75
1788850680,7702.5,7703.5,7702.25,7703.25
1788850800,7703.5,7704.25,7701.25,7703
1788850920,7703.25,7705.25,7703.25,7704.75
1788851040,7704.75,7709,7704,7709
1788851160,7709,7710.5,7708.5,7708.75
1788851280,7709,7709,7705.5,7705.5
1788851400,7705.5,7707.5,7704.75,7706.75
1788851520,7706.75,7706.75,7705.25,7706.75
1788851640,7706.75,7707,7705,7705.5
1788851760,7705.25,7705.25,7702.25,7702.75
1788851880,7702.75,7705.5,7702.75,7705.25
1788852000,7705.25,7706.25,7703.5,7703.5
1788852120,7703.75,7704.5,7702.25,7704.25
1788852240,7704.25,7706.25,7704.25,7705.5
1788852360,7705.75,7705.75,7703.5,7704
1788852480,7704.25,7704.75,7704,7704.5
1788852600,7704.5,7704.75,7702,7702.75
1788852720,7702.5,7703.25,7699.25,7699.25
1788852840,7699.5,7700,7698.75,7699.75
1788852960,7699.5,7701,7698.75,7699.25
1788853080,7699.25,7699.75,7695.75,7695.75
1788853200,7696,7697.25,7695.25,7695.75
1788853320,7695.75,7698,7693.5,7697.25
1788853440,7697.25,7697.25,7695.5,7695.75
1788853560,7695.75,7696.25,7695.5,7696
1788853680,7695.75,7696.5,7694.25,7695.25
1788853800,7695.25,7695.25,7692.5,7693.25
1788853920,7693.25,7693.25,7691,7692.25
1788854040,7692,7693.25,7690,7693.25
1788854160,7693.25,7693.25,7690.25,7691
1788854280,7690.75,7692.25,7690.75,7692.25
1788854400,7692.25,7693.75,7690,7690.25
1788854520,7690.25,7690.5,7687.5,7688.75
1788854640,7688.75,7692.75,7687.5,7692.25
1788854760,7692,7696.5,7691.5,7695.5
1788854880,7695.5,7696.5,7690.5,7692
1788855000,7692,7692.5,7690.25,7690.25
1788855120,7690.5,7692.25,7689.25,7689.75
1788855240,7689.75,7695.25,7689.5,7694
1788855360,7694,7694.75,7692.5,7694.5
1788855480,7694.25,7694.75,7692,7693.25
1788855600,7693,7693.5,7691,7691.5
1788855720,7691.5,7692.25,7690.5,7691.75
1788855840,7691.75,7694.25,7691.75,7693.75
1788855960,7693.5,7694.5,7692.75,7692.75
1788856080,7692.75,7693.75,7690.25,7690.75
1788856200,7690.5,7691.75,7688.25,7691
1788856320,7690.75,7692.5,7689.5,7692.5
1788856440,7692.5,7694.25,7690.25,7692.5
1788856560,7693,7693.25,7688.5,7689.25
1788856680,7689.25,7691,7688.75,7690.75
1788856800,7690.75,7691.25,7689.75,7690.75
1788856920,7690.5,7692,7689.5,7690.25
1788857040,7690.5,7695.5,7688.25,7693.5
1788857160,7693.5,7695.25,7692,7692
1788857280,7692,7692,7689,7691
1788857400,7691,7692,7688.25,7688.5
1788857520,7688.5,7690,7688.25,7689.5
1788857640,7689.25,7691.75,7689.25,7690.25
1788857760,7690,7692.75,7690,7691
1788857880,7690.75,7692.5,7690.25,7692.5
1788858000,7692.5,7692.5,7689,7691.5
1788858120,7691.5,7693.5,7691.5,7692.5
1788858240,7692.5,7694.25,7692.25,7694.25
1788858360,7694.25,7696,7693.5,7694.75
1788858480,7695,7695.5,7694,7695
1788858600,7695.25,7697.25,7694.75,7697.25
1788858720,7697.5,7699,7697,7697.5
1788858840,7697.5,7698.25,7697.25,7697.25
1788858960,7697.5,7697.5,7696.25,7697
1788859080,7697,7697.25,7696,7697
1788859200,7696.75,7697.75,7696.75,7697.5
1788859320,7697.5,7698.25,7697,7698.25
1788859440,7698.25,7699.75,7697.75,7699.5
1788859560,7699.25,7700,7698.25,7699.75
1788859680,7699.75,7700.5,7698.25,7700.25
1788859800,7700.25,7701.75,7699.5,7701.75
1788859920,7702,7702.75,7701.75,7702
1788860040,7702,7702.75,7701.5,7702.5
1788860160,7702.25,7702.75,7701.5,7701.75
1788860280,7701.75,7703.25,7701.75,7703.25
1788860400,7703,7706.75,7702.5,7705
1788860520,7705.25,7705.5,7703,7703.25
1788860640,7703.25,7703.75,7702.25,7702.75
1788860760,7702.75,7704.75,7702.75,7704.75
1788860880,7704.75,7705.5,7703.75,7705.25
1788861000,7705.5,7706.75,7705,7705.75
1788861120,7705.75,7707.25,7705.25,7705.75
1788861240,7705.75,7707,7705.25,7707
1788861360,7707,7707.25,7706.5,7707
1788861480,7707,7709,7706.5,7709
1788861600,7709,7709,7707.5,7707.75
1788861720,7707.75,7708,7706.75,7707
1788861840,7707,7707.25,7705.75,7706.25
1788861960,7706.25,7707,7706,7706.5
1788862080,7706.5,7706.75,7705.5,7705.5
1788862200,7705.5,7706,7704.75,7704.75
1788862320,7704.75,7705,7703.75,7704
1788862440,7704,7706.25,7704,7705.5
1788862560,7705.75,7706.5,7705.5,7706
1788862680,7705.75,7706.5,7705,7706.5
1788862800,7706.25,7718.25,7706.25,7710.5
1788862920,7710.25,7711,7708,7708.5
1788863040,7708.5,7708.75,7706.75,7707.25
1788863160,7707.25,7708,7706,7706.5
1788863280,7706.75,7707.5,7706.5,7706.75
1788863400,7707,7707,7704.25,7704.5
1788863520,7704.5,7704.75,7702,7702
1788863640,7702.25,7703.25,7701.25,7703.25
1788863760,7703.25,7704,7703.25,7703.25
1788863880,7703.25,7704.5,7703.25,7703.75
1788864000,7703.75,7704,7702.75,7703.5
1788864120,7703.5,7704,7702,7702
1788864240,7702,7703.25,7702,7702.75
1788864360,7702.75,7703,7700.75,7700.75
1788864480,7700.75,7701.5,7699.5,7699.75
1788864600,7700,7700.5,7698.75,7699
1788864720,7699,7699,7695.75,7697.5
1788864840,7697.75,7699.75,7697.75,7698.75
1788864960,7698.75,7700.25,7698.75,7699.25
1788865080,7699.25,7699.75,7698.5,7698.5
1788865200,7698.75,7699.5,7697.75,7699.5
1788865320,7699.5,7700,7698,7698.5
1788865440,7698.5,7699.25,7697.5,7698.75
1788865560,7698.5,7698.75,7695.5,7695.5
1788865680,7695.5,7702,7694,7698
1788865800,7698,7698,7694,7694
1788865920,7694,7694.5,7693,7693.5
1788866040,7693.5,7698,7693.5,7697.75
1788866160,7697.75,7699.5,7697.5,7699.25
1788866280,7699.25,7700,7699,7700
1788866400,7700.25,7700.5,7697.25,7698
1788866520,7697.75,7699,7697.5,7698.5
1788866640,7698.5,7699.5,7698.5,7698.75
1788866760,7698.75,7698.75,7697.75,7698.5
1788866880,7698.75,7699.25,7697.75,7698
1788867000,7698.25,7698.25,7696.75,7698
1788867120,7698,7699,7698,7698.75
1788867240,7698.75,7701.25,7698.75,7700
1788867360,7700,7700.5,7699,7699.75
1788867480,7699.5,7699.5,7698.5,7698.5
1788867600,7698.5,7699.25,7697.25,7697.5
1788867720,7697.75,7698.5,7697.25,7698.5
1788867840,7698.5,7698.5,7696,7696.5
1788867960,7696.75,7697.25,7695.75,7696.5
1788868080,7696.75,7698.25,7695.75,7697.25
1788868200,7697.25,7700.25,7697.25,7698.75
1788868320,7698.75,7701.25,7697.5,7701.25
1788868440,7701.25,7703.5,7700.5,7703
1788868560,7702.75,7704,7702.25,7703.5
1788868680,7703.5,7706.25,7703.25,7705.75
1788868800,7706,7706,7702.5,7703.25
1788868920,7703.25,7704,7702.25,7703.75
1788869040,7703.75,7704,7702.75,7703
1788869160,7703,7703.5,7702,7702.5
1788869280,7702.5,7704.5,7702,7704.25
1788869400,7704,7704,7701,7701.75
1788869520,7701.5,7702,7698.25,7698.5
1788869640,7698.5,7699.25,7696.25,7698
1788869760,7698.25,7699.75,7697.75,7698.75
1788869880,7699,7703,7699,7703
1788870000,7703,7704,7701.5,7702.5
1788870120,7702.5,7703,7701,7701.75
1788870240,7701.75,7705,7701.75,7704.5
1788870360,7704.25,7705,7703.5,7704.5
1788870480,7704.5,7705.5,7703,7705.5
1788870600,7705.5,7707,7705,7707
1788870720,7707,7710,7707,7709
1788870840,7709,7709,7707.25,7708
1788870960,7708.25,7709.75,7708,7708.75
1788871080,7709,7709.25,7707.5,7709.25
1788871200,7709.5,7710,7708.25,7709.5
1788871320,7709.5,7710.25,7708.5,7709.5
1788871440,7709.75,7710.5,7709.25,7709.5
1788871560,7709.5,7710,7708.75,7709
1788871680,7709.25,7712.5,7708.5,7712
1788871800,7712,7713,7711,7711.25
1788871920,7711,7712.5,7710.25,7712
1788872040,7712,7713.75,7711.75,7712.5
1788872160,7712.5,7713.5,7712,7713.25
1788872280,7713.5,7714.25,7712.25,7714
1788872400,7714,7714.25,7712.5,7714
1788872520,7713.75,7714,7711,7712
1788872640,7712,7714.25,7711.75,7714
1788872760,7714.25,7714.5,7712.75,7713.5
1788872880,7713.75,7714.75,7712.25,7713
1788873000,7713,7715,7712.75,7714.5
1788873120,7714.5,7714.5,7713,7713.25
1788873240,7713.5,7714.5,7713,7714.25
1788873360,7714.25,7715.5,7713.25,7713.5
1788873480,7713.5,7715.25,7713.5,7715.25
1788873600,7715.25,7715.25,7714,7714.5
1788873720,7714.5,7715.5,7714,7715
1788873840,7715,7715.5,7713.5,7715.25
1788873960,7715.25,7715.25,7712.5,7713.5
1788874080,7713.5,7713.5,7709.75,7711.25
1788874200,7711.5,7717.75,7708.5,7709.25
1788874320,7709.25,7712.5,7707,7709.75
1788874440,7709.75,7710.75,7704.75,7705.5
1788874560,7705.75,7706,7702,7705.5
1788874680,7705.5,7707.75,7701.5,7701.75
1788874800,7702,7702,7695.25,7695.25
1788874920,7695.25,7695.75,7691.25,7694.75
1788875040,7694.75,7697.5,7692.25,7696.5
1788875160,7696.25,7698.5,7693,7694.5
1788875280,7694.5,7697.75,7694,7697.75
1788875400,7697.5,7697.75,7690,7691.75
1788875520,7691.75,7693.5,7688.25,7690.25
1788875640,7690,7699.75,7689.75,7699.5
1788875760,7699.5,7701.25,7697.25,7699.75
1788875880,7699.75,7700.25,7694.25,7695
1788876000,7695,7696.75,7689,7689.25
1788876120,7689.25,7689.5,7686.25,7688.25
1788876240,7688.25,7691,7685.75,7689.25
1788876360,7689.25,7689.75,7685.25,7686.5
1788876480,7686.25,7687.5,7684.25,7684.5
1788876600,7684.5,7684.5,7680,7680.25
1788876720,7680.25,7688.25,7680,7687.25
1788876840,7687.25,7688,7684,7686.75
1788876960,7686.5,7687.75,7683.5,7683.75
1788877080,7683.75,7686.25,7681.25,7685.5
1788877200,7685.5,7689,7683.5,7687.5
1788877320,7687.75,7690,7686.25,7689.75
1788877440,7689.75,7692,7689.5,7690.25
1788877560,7690.5,7690.75,7684.5,7684.5
1788877680,7684.5,7687.75,7684.25,7687.25
1788877800,7687.25,7689.25,7684.5,7686.75
1788877920,7687,7688.25,7684.75,7688
1788878040,7688.25,7690.75,7687.5,7689.5
1788878160,7689.5,7690,7686.75,7689
1788878280,7689,7691.25,7687,7689
1788878400,7689,7692,7687.75,7691
1788878520,7691,7692.5,7689.25,7689.75
1788878640,7690,7692.25,7686.75,7689.25
1788878760,7689,7692.5,7688.5,7691.5
1788878880,7691.75,7693.5,7690.25,7693
1788879000,7692.75,7698,7692,7695.5
1788879120,7695.5,7697,7693,7696.75
1788879240,7696.75,7700,7695.25,7699.25
1788879360,7699.25,7699.5,7694.5,7694.75
1788879480,7694.75,7697,7693.5,7696.75
1788879600,7697,7698,7695.5,7697.5
1788879720,7697.75,7699,7695.25,7698.25
1788879840,7698.25,7698.5,7696.5,7697.75
1788879960,7697.75,7698.75,7696,7697.5
1788880080,7697.25,7697.75,7695,7697
1788880200,7697,7701.75,7697,7700.5
1788880320,7700.25,7703.75,7699.5,7703.5
1788880440,7703.25,7703.5,7699.5,7702.25
1788880560,7702.25,7703.5,7701.5,7703.25
1788880680,7703.5,7704,7700.25,7701.25
1788880800,7701.25,7701.5,7695.5,7695.75
1788880920,7695.75,7697.5,7693.75,7697.25
1788881040,7697.25,7704,7697,7701
1788881160,7701.25,7702.5,7700.25,7700.5
1788881280,7700.75,7701.75,7698.5,7698.75
1788881400,7698.75,7701.25,7698.5,7699.25
1788881520,7699.5,7699.75,7696.75,7697.75
1788881640,7697.75,7699,7695.5,7695.75
1788881760,7695.75,7696,7694.25,7695.75
1788881880,7695.5,7695.75,7694,7695.5
1788882000,7695.75,7699.25,7694.5,7699.25
1788882120,7699.25,7701,7699,7699.75
1788882240,7700,7701,7699.25,7700.25
1788882360,7700,7700.25,7696.25,7696.75
1788882480,7696.75,7698,7695,7696
1788882600,7696,7698.25,7695.5,7696.5
1788882720,7696.5,7697.75,7696,7696.75
1788882840,7696.5,7697,7695.25,7696.25
1788882960,7696.5,7697.25,7695.75,7696.75
1788883080,7696.75,7697.5,7693.75,7694.25
1788883200,7694.25,7694.5,7692.25,7693.25
1788883320,7693.25,7694.5,7693,7694.5
1788883440,7694.5,7698.25,7694,7698.25
1788883560,7698.25,7698.25,7695,7697
1788883680,7696.75,7697.25,7693.5,7693.75
1788883800,7693.5,7694,7690.5,7691
1788883920,7691.25,7693.75,7691,7693.25
1788884040,7693.25,7693.5,7691,7691.5
1788884160,7691.5,7691.5,7688.25,7690.25
1788884280,7690.25,7691.25,7689.25,7689.75
1788884400,7689.75,7693.25,7688.5,7692.5
1788884520,7692.25,7694.5,7692,7694.5
1788884640,7694.5,7697,7693.25,7696.25
1788884760,7696.25,7696.25,7693.25,7693.5
1788884880,7693.5,7693.75,7691.25,7691.75
1788885000,7691.5,7692.5,7690.5,7692.5
1788885120,7692.25,7693.75,7691,7693.75
1788885240,7693.5,7693.75,7691.25,7692.25
1788885360,7692.25,7692.5,7691,7691.5
1788885480,7691.25,7691.5,7689.75,7690.5
1788885600,7690.5,7692,7689.5,7690.75
1788885720,7690.5,7691,7688.5,7690.5
1788885840,7690.5,7691.75,7689.5,7690.25
1788885960,7690.25,7693.25,7690.25,7692.5
1788886080,7692.25,7693.75,7691.5,7692.75
1788886200,7693,7697,7691.75,7692.25
1788886320,7692.25,7694.25,7691.5,7694.25
1788886440,7694.25,7694.75,7692.25,7693
1788886560,7693,7693.25,7687,7690
1788886680,7690,7690.75,7685.75,7690
1788886800,7689.75,7699,7689.75,7698.25
1788886920,7698.25,7699.25,7697.25,7698.25
1788887040,7698.25,7699.75,7697.75,7699.75
1788887160,7699.5,7701.75,7698.5,7698.75
1788887280,7698.75,7698.75,7696,7696
1788887400,7696.25,7697.75,7696.25,7697
1788887520,7697,7697.5,7695.5,7697
1788887640,7697.25,7697.5,7695.75,7696.75
1788887760,7696.5,7697.75,7696.5,7697.25
1788887880,7697.25,7697.5,7696.25,7696.75
1788888000,7696.75,7697.25,7694.75,7696
1788888120,7696,7696.75,7695,7696.25
1788888240,7696,7697.75,7693.5,7694
1788888360,7694,7694,7692.5,7693.5
1788888480,7693.5,7695.5,7693.5,7695.25
1788888600,7695.5,7697,7695,7696.25
1788888720,7696.25,7698.25,7695.5,7698
1788888840,7697.75,7699,7696.75,7698.25
1788888960,7698.25,7699,7697.25,7698.75
1788889080,7698.75,7699.5,7697.5,7697.5
1788889200,7697.5,7697.5,7694.75,7695.5
1788889320,7695.75,7696.5,7694.75,7694.75
1788889440,7694.5,7695.5,7693.75,7694.25
1788889560,7694.25,7695.75,7694,7695.75
1788889680,7695.75,7697,7695.25,7696.5
1788889800,7696.5,7697,7695.25,7696.75
1788889920,7697,7699,7697,7698.75
1788890040,7698.75,7698.75,7696.75,7697
1788890160,7697,7697.25,7695.25,7696
1788890280,7696.25,7696.5,7695,7695.25
1788890400,7695.25,7697,7695,7695.75
1788890520,7695.75,7696.5,7695.25,7695.25
1788890640,7695.25,7697.75,7695.25,7697.75
1788890760,7697.75,7698.75,7697,7697.25
1788890880,7697.5,7698.75,7697.25,7698.25
1788891000,7698.25,7699.25,7698,7699
1788891120,7698.75,7699.25,7697.25,7697.25
1788891240,7697.25,7699,7697.25,7698.5
1788891360,7698.25,7699.25,7697.5,7698.25
1788891480,7698,7698.5,7697.25,7698.5
1788891600,7698.5,7699.5,7697.5,7698
1788891720,7697.75,7698.25,7696.5,7696.75
1788891840,7696.75,7697,7695.5,7697
1788891960,7696.75,7697.75,7696.5,7697
1788892080,7697.25,7698.5,7696.75,7698.25
1788892200,7698.25,7698.5,7696,7696.75
1788892320,7696.5,7697.5,7696.25,7696.5
1788892440,7696.5,7696.75,7693.5,7693.75
1788892560,7693.5,7694.5,7693,7694
1788892680,7694,7694.75,7691.75,7692.5
1788892800,7692.5,7692.5,7691,7692
1788892920,7692,7695,7691.75,7695
1788893040,7695,7696.75,7694.5,7695.5
1788893160,7695.5,7696.75,7690.25,7690.5
1788893280,7690.75,7691.25,7676.75,7683
1788893400,7683.25,7690,7683.25,7686.25
1788893520,7686.25,7689.25,7682.25,7689.25
1788893640,7689,7691,7688.5,7690
1788893760,7690.25,7691.5,7689,7689.75
1788893880,7689.75,7690.5,7687.75,7688
1788894000,7688.25,7689.75,7686.25,7688.5
1788894120,7688.5,7689,7687,7687.5
1788894240,7687.5,7687.75,7685.25,7687.5
1788894360,7687.5,7690.25,7687,7690
1788894480,7689.75,7690.25,7688.5,7688.75
1788894600,7688.75,7691.5,7688.5,7690.5
1788894720,7690.5,7691,7689.5,7690
1788894840,7690,7690.5,7688.75,7689.75
1788894960,7689.75,7690.75,7687.75,7688.75
1788895080,7689,7689,7686.5,7687.5
1788895200,7687.25,7689.25,7686.5,7689
1788895320,7688.75,7689,7686.5,7687.25
1788895440,7687.25,7687.5,7685.5,7686.75
1788895560,7686.75,7689.75,7686,7689
1788895680,7689,7691.25,7687.5,7690.75
1788895800,7690.5,7690.5,7687.75,7690
1788895920,7690.25,7691.75,7689.75,7691.25
1788896040,7691,7692.25,7689,7689.25
1788896160,7689,7690,7688.25,7689.5
1788896280,7689.25,7690.75,7688.75,7690.5
1788896400,7690.25,7691.5,7688.5,7689.25
1788896520,7689.25,7689.5,7687.5,7688.5
1788896640,7688.25,7689.75,7685.25,7685.5
1788896760,7685.75,7686.25,7684.5,7685.25
1788896880,7685.25,7686.5,7683.75,7686
1788897000,7686,7687,7678.75,7681.25
1788897120,7681.25,7682,7677.75,7678.75
1788897240,7678.75,7681.5,7675.75,7681
1788897360,7681.25,7681.25,7677.75,7678.25
1788897480,7678,7682.75,7672.25,7681
1788897600,7681,7683,7679.5,7680
1788897720,7680,7680.5,7676,7676.25
1788897840,7676.25,7677.5,7673.75,7675
1788897960,7674.75,7677.5,7674.75,7677.25
1788898080,7677.25,7678.25,7677.25,7677.5
1788898200,7677.5,7679.5,7676.75,7678.25
1788898320,7678.25,7678.75,7677.25,7677.75
1788898440,7677.5,7679.25,7677.25,7678.25
1788898560,7678.25,7679,7677,7678.75
1788898680,7678.75,7679,7678.25,7678.75
1788898800,7678.75,7679.75,7678.25,7678.5
1788898920,7678.5,7679.5,7678.5,7678.75
1788899040,7679,7679.5,7677.25,7679
1788899160,7679.25,7679.25,7678.75,7679
1788899280,7679,7679.25,7674.5,7675.5
1788899400,7675.75,7675.75,7674,7675
1788899520,7675.25,7675.75,7674.75,7675.25
1788899640,7675,7676.25,7675,7676.25
1788899760,7676,7677.75,7676,7677.5
1788899880,7677.25,7677.5,7676.75,7676.75
1788900000,7676.75,7677,7676.5,7677
1788900120,7677.25,7677.25,7676.25,7677.25
1788900240,7677.25,7678,7677,7677.5
1788900360,7677.5,7677.75,7677,7677
1788900480,7677,7677.5,7676.75,7676.75
1788900600,7676.75,7678,7676.75,7677.5
1788900720,7677.75,7678.25,7677.5,7678.25
1788900840,7678.25,7678.25,7677.5,7677.75
1788900960,7677.5,7679,7677.5,7678.75
1788901080,7679,7679.25,7678,7678.25
1788904800,7681,7681,7676.5,7678.25
1788904920,7677.75,7680.5,7677.75,7680.25
1788905040,7680.25,7680.5,7679,7679.5
1788905160,7679.75,7680,7678.25,7679.75
1788905280,7679.75,7679.75,7679,7679.25
1788905400,7679.25,7679.5,7678.75,7679.25
1788905520,7679.25,7679.25,7678.75,7678.75
1788905640,7678.5,7679,7678.25,7678.75
1788905760,7678.75,7679.5,7678.75,7679.5
1788905880,7679.5,7679.75,7679,7679.25
1788906000,7679.25,7679.5,7678.5,7679.25
1788906120,7679.25,7679.25,7677.75,7678.75
1788906240,7678.75,7679.25,7678.5,7679.25
1788906360,7679.5,7680.25,7679.5,7679.75
1788906480,7679.75,7680,7679.5,7679.5
1788906600,7679.5,7679.75,7678.75,7679
1788906720,7678.75,7679.5,7678.25,7679.5
1788906840,7679.5,7679.75,7679,7679.5
1788906960,7679.5,7680,7679.5,7679.5
1788907080,7679.5,7679.75,7679.25,7679.5
1788907200,7679.5,7680,7679.5,7680
1788907320,7679.75,7680,7679.25,7679.25
1788907440,7679.5,7679.5,7679.25,7679.25
1788907560,7679.5,7680,7679.5,7679.5
1788907680,7679.75,7680.5,7679.75,7680.25
1788907800,7680.25,7680.75,7679.5,7680.75
1788907920,7681,7681,7680.5,7680.5
1788908040,7680.5,7680.75,7680.5,7680.75
1788908160,7680.75,7682.75,7680.5,7682.5
1788908280,7682.25,7682.75,7682.25,7682.5
1788908400,7682.5,7682.75,7681.75,7681.75
1788908520,7681.5,7682,7681.25,7681.5
1788908640,7681.5,7681.5,7680.25,7681
1788908760,7681,7681.25,7681,7681
1788908880,7681,7681.5,7681,7681
1788909000,7681,7681,7680,7680.25
1788909120,7680.25,7680.75,7680.25,7680.5
1788909240,7680.25,7680.5,7679.75,7679.75
1788909360,7679.75,7680,7679.5,7680
1788909480,7679.5,7679.5,7678.5,7679.25
1788909600,7679,7679.25,7678.75,7678.75
1788909720,7678.75,7679,7678.25,7678.75
1788909840,7679,7679.5,7678.25,7678.25
1788909960,7678.25,7678.5,7677.75,7677.75
1788910080,7678,7678,7677.75,7678
1788910200,7678,7678.5,7677.75,7678
1788910320,7677.75,7677.75,7677,7677.5
1788910440,7677.25,7677.5,7676.5,7676.5
1788910560,7676.75,7677,7676.5,7676.5
1788910680,7676.25,7676.5,7675.5,7676.25
1788910800,7676.25,7677,7675.5,7676.75
1788910920,7676.75,7677,7676.25,7676.5
1788911040,7676.5,7676.75,7676,7676.25
1788911160,7676,7676,7675.25,7676
1788911280,7676,7676.25,7674.25,7675
1788911400,7675.25,7675.75,7674.75,7674.75
1788911520,7674.75,7674.75,7673.5,7674.25
1788911640,7674,7674.75,7673,7674.25
1788911760,7674,7674.5,7672.75,7673
1788911880,7673,7674.75,7673,7674.5
1788912000,7674.75,7678.25,7674.5,7678
1788912120,7678,7682,7678,7681.75
1788912240,7681.5,7683.25,7680.75,7683.25
1788912360,7683.25,7684.25,7682.75,7683
1788912480,7683,7683.5,7681,7681.25
1788912600,7681,7683,7680.25,7682.75
1788912720,7682.75,7683,7681.5,7682.5
1788912840,7682.5,7682.5,7677.25,7677.75
1788912960,7677.5,7678.25,7676.25,7677.25
1788913080,7677.5,7678.75,7677,7678.25
1788913200,7678.25,7679.25,7677.5,7679
1788913320,7679,7679.5,7677.75,7678.5
1788913440,7678.25,7678.75,7677.25,7677.25
1788913560,7677.75,7678.25,7676.25,7677.5
1788913680,7677.5,7678.75,7677.25,7678.25
1788913800,7678,7678.5,7675.5,7675.5
1788913920,7675.5,7678,7675.25,7677.75
1788914040,7677.75,7677.75,7676.5,7676.75
1788914160,7677,7677,7675.5,7675.75
1788914280,7676,7679,7676,7678
1788914400,7678.25,7678.25,7676.25,7677.5
1788914520,7677.75,7679,7677.25,7679
1788914640,7678.75,7680,7678.75,7680
1788914760,7679.75,7679.75,7678.75,7679
1788914880,7679.25,7679.5,7678.5,7679.5
1788915000,7679.75,7681.5,7679.75,7681
1788915120,7681,7682.25,7680.75,7682
1788915240,7682,7682.5,7681.75,7682
1788915360,7682,7682,7681,7681.25
1788915480,7681,7682.25,7681,7682.25
1788915600,7682.25,7683.75,7681.75,7682
1788915720,7682,7683.25,7681.5,7682
1788915840,7682,7682.5,7681.25,7681.25
1788915960,7681.5,7683.75,7681.5,7683.5
1788916080,7683.25,7683.75,7683.25,7683.75
1788916200,7683.5,7684.25,7683.5,7683.75
1788916320,7683.5,7683.75,7683.25,7683.75
1788916440,7683.75,7684,7683,7683.25
1788916560,7683.25,7684,7682.75,7683.25
1788916680,7683.5,7684.75,7683.25,7684.75
1788916800,7684.5,7685.25,7684.25,7684.75
1788916920,7684.5,7685.25,7684.5,7685
1788917040,7685,7686.5,7685,7686
1788917160,7686.25,7687,7685.75,7686.75
1788917280,7686.5,7686.75,7685.75,7685.75
1788917400,7685.75,7686,7684.75,7685
1788917520,7684.75,7687.25,7684.75,7687
1788917640,7686.75,7687.75,7686.5,7687.5
1788917760,7687.5,7687.75,7686.75,7687.5
1788917880,7687.25,7687.5,7686,7686.75
1788918000,7686.75,7686.75,7684.75,7685
1788918120,7684.75,7685.25,7684.75,7685.25
1788918240,7685.25,7686.5,7684.75,7686.25
1788918360,7686.25,7686.75,7686,7686.25
1788918480,7686.25,7686.25,7685.5,7686.25
1788918600,7686,7686,7684,7684
1788918720,7684,7685,7683.75,7684.75
1788918840,7684.75,7685,7684.5,7685
1788918960,7685,7685.5,7684.25,7684.25
1788919080,7684.25,7685.25,7684.25,7685.25
1788919200,7685.25,7686.5,7684.5,7686.25
1788919320,7686.25,7686.5,7685.75,7686.25
1788919440,7686.25,7687,7685.5,7685.5
1788919560,7685.75,7686.75,7685.5,7686.25
1788919680,7686.5,7687,7686,7686.75
1788919800,7686.75,7687,7686.5,7686.5
1788919920,7686.25,7687,7684.25,7684.25
1788920040,7684,7684.75,7684,7684
1788920160,7684,7684,7682.75,7683.5
1788920280,7683.5,7684.25,7683.25,7684.25
1788920400,7684.25,7685.25,7684.25,7685
1788920520,7684.75,7685.5,7684.25,7685.25
1788920640,7685.25,7685.75,7685.25,7685.5
1788920760,7685.75,7686,7685.5,7685.5
1788920880,7685.5,7685.75,7684.75,7685.25
1788921000,7685.25,7686,7684.75,7685.5
1788921120,7685.25,7685.75,7685.25,7685.75
1788921240,7685.75,7685.75,7684.75,7685.5
1788921360,7685.25,7685.25,7684.75,7685
1788921480,7685,7685.5,7684.5,7685.5
1788921600,7685.5,7686.75,7685.5,7686
1788921720,7686,7687,7686,7686.75
1788921840,7686.75,7687,7685.75,7686.25
1788921960,7686.25,7686.75,7686,7686.5
1788922080,7686.5,7686.75,7686.25,7686.5
1788922200,7686.5,7687,7686.5,7686.75
1788922320,7686.5,7687.25,7686.5,7686.75
1788922440,7686.5,7686.75,7686,7686
1788922560,7686,7686.25,7685.75,7685.75
1788922680,7686,7686.25,7686,7686
1788922800,7686,7686.5,7685.75,7685.75
1788922920,7685.75,7685.75,7684.5,7685
1788923040,7685,7685,7683.75,7684.25
1788923160,7684.25,7684.5,7683.75,7684
1788923280,7684,7684,7682.75,7683.5
1788923400,7683.5,7684.75,7683.5,7684.75
1788923520,7685,7685,7683.5,7684
1788923640,7684,7684.5,7683.25,7684.25
1788923760,7684,7685,7684,7684.75
1788923880,7685,7685,7684.25,7684.25
1788924000,7684.5,7685.25,7684.25,7684.5
1788924120,7684.75,7685,7684.25,7684.75
1788924240,7684.75,7685.25,7684.5,7684.75
1788924360,7684.75,7685.75,7684.75,7685.5
1788924480,7685.5,7686,7684.75,7685
1788924600,7684.75,7685.25,7683.75,7685
1788924720,7684.75,7684.75,7684,7684.25
1788924840,7684.5,7685.25,7684.25,7685.25
1788924960,7685.25,7685.75,7685,7685.5
1788925080,7685.75,7685.75,7684.75,7685.75
1788925200,7685.5,7685.75,7685.25,7685.5
1788925320,7685.75,7685.75,7684.5,7684.5
1788925440,7684.75,7685.25,7684.25,7684.25
1788925560,7684.25,7685,7683.25,7684.75
1788925680,7684.5,7684.5,7683.5,7683.75
1788925800,7683.5,7684,7682.75,7683.25
1788925920,7683.25,7683.25,7682.5,7682.75
1788926040,7682.75,7683.5,7682,7683.5
1788926160,7683.5,7683.5,7682.75,7683.25
1788926280,7683.25,7683.75,7682.5,7682.5
1788926400,7682.5,7684.5,7682.25,7684.25
1788926520,7684,7684.25,7683,7683.5
1788926640,7683.5,7685,7683.5,7684.75
1788926760,7684.75,7684.75,7684,7684.25
1788926880,7684.25,7684.25,7683,7683
1788927000,7683,7683.25,7680.5,7682.25
1788927120,7682.25,7682.5,7681,7682
1788927240,7682,7682,7681.25,7681.75
1788927360,7681.5,7682.25,7681.25,7682
1788927480,7682,7682.25,7681.5,7682
1788927600,7682,7684.5,7682,7684.25
1788927720,7684,7685.25,7683.25,7685.25
1788927840,7685.5,7686.25,7685.25,7685.25
1788927960,7685,7686,7685,7686
1788928080,7686.25,7686.75,7685.25,7685.5
1788928200,7685.5,7685.5,7684.25,7685.25
1788928320,7685.25,7686.75,7685,7686.75
1788928440,7686.5,7687.25,7686.25,7687.25
1788928560,7687.25,7687.75,7687.25,7687.5
1788928680,7687.5,7688,7687.25,7687.5
1788928800,7687.25,7687.25,7686.5,7687
1788928920,7687.25,7688.25,7687.25,7688.25
1788929040,7688,7688.25,7687.5,7688
1788929160,7688,7688.5,7687.75,7688.25
1788929280,7688.25,7688.5,7688,7688.25
1788929400,7688.5,7688.5,7688,7688.25
1788929520,7688.25,7689,7688,7688.75
1788929640,7688.5,7689.5,7688.5,7689
1788929760,7689.25,7689.75,7688.75,7689.5
1788929880,7689.25,7689.25,7688.5,7688.75
1788930000,7688.75,7689,7687.75,7687.75
1788930120,7687.5,7688,7687.25,7688
1788930240,7688,7688,7686.75,7686.75
1788930360,7687,7688.25,7687,7688
1788930480,7688,7688.5,7687.75,7688.25
1788930600,7688.5,7689,7688,7688.25
1788930720,7688.5,7688.75,7688,7688.5
1788930840,7688.5,7688.5,7687.5,7687.5
1788930960,7687.5,7687.75,7686.75,7686.75
1788931080,7686.5,7686.5,7685.75,7685.75
1788931200,7686,7686,7683.75,7684
1788931320,7684.25,7685,7683.75,7684.5
1788931440,7684.5,7686,7684.5,7685.75
1788931560,7686,7687,7685.5,7686.25
1788931680,7686.25,7687,7685.5,7686
1788931800,7686.25,7687.5,7684.25,7684.75
1788931920,7684.5,7685.75,7684,7685
1788932040,7685,7686,7685,7685.25
1788932160,7686,7687.25,7685.75,7686.75
1788932280,7686.25,7686.75,7685.5,7686.75
1788932400,7686.5,7687.25,7686,7687.25
1788932520,7687.25,7687.5,7686.5,7686.75
1788932640,7686.75,7687.25,7686,7686.75
1788932760,7686.75,7687,7685.75,7686
1788932880,7686,7687.75,7686,7687.5
1788933000,7687.5,7689.25,7687.5,7689.25
1788933120,7689.25,7690.25,7689,7689.25
1788933240,7689.25,7690.75,7689.25,7690.5
1788933360,7690.75,7690.75,7689.25,7689.25
1788933480,7689.25,7691,7689.25,7691
1788933600,7691,7691.25,7690.25,7691
1788933720,7691.25,7691.25,7690.5,7690.75
1788933840,7690.75,7691.25,7690.5,7690.75
1788933960,7690.75,7691,7688.5,7688.75
1788934080,7688.75,7689,7687.75,7688
1788934200,7688,7689.75,7687.5,7689.5
1788934320,7689.25,7689.5,7688.5,7689.25
1788934440,7689.5,7690.75,7689.5,7690.25
1788934560,7690.25,7690.75,7690.25,7690.25
1788934680,7690.25,7690.75,7689.75,7689.75
1788934800,7689.75,7689.75,7688,7688
1788934920,7688,7689.5,7687.5,7689.5
1788935040,7689.5,7689.75,7687.25,7687.75
1788935160,7688,7688,7686,7686
1788935280,7686,7686,7684.5,7685.25
1788935400,7685.25,7686.75,7685.25,7686.5
1788935520,7686.5,7686.5,7684.5,7686.5
1788935640,7686.75,7688.5,7686.75,7688.25
1788935760,7688,7688,7686.75,7687.5
1788935880,7687.75,7688,7687.25,7687.75
1788936000,7688,7688,7687,7687.5
1788936120,7687.75,7688,7687.5,7688
1788936240,7688,7688.5,7687.75,7688
1788936360,7687.75,7687.75,7686.5,7687.5
1788936480,7687.5,7688,7686,7686.75
1788936600,7687,7687.75,7686.75,7687.5
1788936720,7687.5,7687.75,7686,7686
1788936840,7686,7686.25,7684.75,7685.25
1788936960,7685.25,7685.75,7685,7685.25
1788937080,7685,7685.25,7684.75,7685.25
1788937200,7685.25,7685.25,7683,7684
1788937320,7684,7687,7684,7686.75
1788937440,7686.75,7688.5,7686.5,7688
1788937560,7688.25,7688.75,7687.75,7688.5
1788937680,7688.5,7688.75,7687.75,7688.25
1788937800,7688.25,7691,7688.25,7690.5
1788937920,7690.5,7691.25,7688,7688.5
1788938040,7688.5,7688.75,7684,7684.5
1788938160,7684.5,7685,7683.5,7684.5
1788938280,7684.5,7686,7683.75,7684.75
1788938400,7685,7687.75,7684.75,7687
1788938520,7687,7689.5,7687,7688.75
1788938640,7689,7689,7687,7687.75
1788938760,7687.5,7690.5,7687.25,7690
1788938880,7690,7691,7689.75,7691
1788939000,7690.75,7691,7689,7689
1788939120,7689.25,7689.75,7688.75,7688.75
1788939240,7688.5,7690.25,7688.5,7689.75
1788939360,7689.75,7690.25,7689.25,7689.5
1788939480,7689.5,7689.5,7687,7687.75
1788939600,7687.75,7687.75,7687.25,7687.25
1788939720,7687.25,7688.25,7687,7687
1788939840,7687,7687.25,7685.5,7685.75
1788939960,7685.75,7686.75,7685.25,7685.5
1788940080,7685.5,7686,7683,7683.25
1788940200,7683,7683,7681.5,7682.5
1788940320,7682.75,7683,7681.75,7682
1788940440,7682.25,7684,7682.25,7683.75
1788940560,7683.75,7685.25,7683.75,7684.75
1788940680,7684.25,7685.25,7684,7685.25
1788940800,7685.25,7686.75,7683.5,7686.5
1788940920,7686.5,7687.75,7684,7684.75
1788941040,7684.75,7687.5,7684,7685.5
1788941160,7685.5,7686.25,7684.5,7685.75
1788941280,7685.75,7686.5,7684.75,7685.25
1788941400,7685,7686,7684.5,7685.5
1788941520,7685.5,7686.25,7685,7685.75
1788941640,7685.75,7685.75,7683.25,7684.5
1788941760,7684.75,7685.25,7684,7684.25
1788941880,7684,7685.25,7683.5,7685
1788942000,7684.75,7685.25,7684.25,7684.75
1788942120,7684.75,7684.75,7681.75,7681.75
1788942240,7681.75,7682.5,7681,7681.75
1788942360,7681.75,7682.25,7681.25,7681.25
1788942480,7681.25,7685.75,7681.25,7684.75
1788942600,7684.75,7685,7683.75,7685
1788942720,7685.25,7686,7685,7685.25
1788942840,7685.25,7685.5,7682.75,7683.25
1788942960,7683.25,7683.5,7681.75,7682.75
1788943080,7682.75,7682.75,7679.75,7680
1788943200,7680,7682.25,7679.5,7681.75
1788943320,7681.75,7682.75,7678.5,7678.5
1788943440,7678.75,7679.75,7678.5,7679
1788943560,7679,7680.25,7677.75,7680
1788943680,7679.75,7680,7679,7679.75
1788943800,7679.75,7683.25,7679.5,7682.75
1788943920,7682.75,7682.75,7681.25,7682.5
1788944040,7682.5,7683.25,7681.5,7682.75
1788944160,7682.75,7683,7682,7682.5
1788944280,7682.25,7683.25,7681.75,7682
1788944400,7682,7682.75,7680.5,7681.25
1788944520,7681.5,7683.75,7681.5,7683.5
1788944640,7683.5,7683.5,7679.5,7680.25
1788944760,7680,7680,7679.25,7679.25
1788944880,7679.25,7679.75,7678.75,7679.25
1788945000,7679,7679.25,7677.75,7679
1788945120,7679,7681.25,7679,7679.75
1788945240,7679.5,7681.75,7679.25,7680.75
1788945360,7680.75,7681.25,7680.25,7680.25
1788945480,7680.25,7680.5,7679.75,7680
1788945600,7680,7680,7678,7678.5
1788945720,7678.25,7679.25,7676.25,7677.25
1788945840,7677,7677,7675,7676.25
1788945960,7676.25,7677.25,7676,7677.25
1788946080,7677.25,7678,7676.75,7677.25
1788946200,7677.25,7679.5,7675.5,7675.75
1788946320,7675.75,7676.25,7674.25,7674.5
1788946440,7674.5,7674.75,7672.75,7672.75
1788946560,7672.5,7673.75,7672.25,7672.75
1788946680,7673,7674,7672.25,7673
1788946800,7673,7673.5,7670.25,7670.5
1788946920,7670.75,7671.75,7670,7670.75
1788947040,7670.75,7670.75,7669.5,7669.75
1788947160,7669.75,7671.75,7669.25,7669.25
1788947280,7669.25,7669.75,7667.75,7668.5
1788947400,7668.25,7669,7666.75,7667.75
1788947520,7667.5,7667.75,7663.75,7664.25
1788947640,7664.25,7664.5,7658.75,7659
1788947760,7658.75,7661.5,7657.25,7657.75
1788947880,7657.5,7659.75,7657,7659.25
1788948000,7659.5,7661.75,7655.75,7656
1788948120,7656,7662.75,7656,7662
1788948240,7661.75,7664.5,7661.5,7663.75
1788948360,7663.75,7664,7661.25,7663.75
1788948480,7663.5,7663.75,7660.75,7661
1788948600,7660.75,7662.75,7660.25,7662.5
1788948720,7662.75,7663.25,7660.5,7661
1788948840,7660.75,7661.75,7657.5,7657.75
1788948960,7657.5,7662,7657.5,7661.75
1788949080,7661.5,7664,7661.5,7663.75
1788949200,7663.75,7665,7663,7664.75
1788949320,7664.5,7664.75,7660.5,7660.75
1788949440,7661,7661.25,7659.75,7661.25
1788949560,7661.25,7661.5,7659.75,7660.25
1788949680,7660.25,7662,7660,7661
1788949800,7661,7661.25,7659.5,7660
1788949920,7659.75,7660.25,7659,7659.75
1788950040,7660,7660.5,7658.75,7659.5
1788950160,7659.25,7660.5,7658.25,7660
1788950280,7660.25,7661,7658.75,7659
1788950400,7659,7659.5,7655.75,7656
1788950520,7655.75,7656.75,7654.75,7656
1788950640,7656,7656.25,7654,7654.5
1788950760,7654.25,7654.5,7652.25,7653.5
1788950880,7653.5,7654.75,7651.75,7652.75
1788951000,7652.75,7654,7651,7651.5
1788951120,7651.5,7651.75,7647.25,7648.5
1788951240,7648.75,7652.5,7648.25,7651.5
1788951360,7651.5,7651.75,7649,7650.25
1788951480,7650.25,7651.5,7649.5,7650
1788951600,7650,7652,7649,7650.75
1788951720,7651,7652.25,7649,7652
1788951840,7652,7653.5,7651,7651
1788951960,7650.75,7653.75,7650,7653.75
1788952080,7654,7655.25,7653,7655.25
1788952200,7655.25,7657.25,7654.75,7656.5
1788952320,7656.75,7657.5,7655.5,7655.5
1788952440,7655.5,7656,7651.25,7651.5
1788952560,7651.25,7653,7651.25,7652
1788952680,7651.75,7652.5,7650,7652
1788952800,7652,7653.25,7649.75,7652.75
1788952920,7652.75,7655.75,7651.5,7655.75
1788953040,7655.75,7658.25,7655.75,7657.5
1788953160,7657.25,7658.5,7656.25,7656.25
1788953280,7656,7656.75,7655,7656
1788953400,7656,7656,7652.25,7652.75
1788953520,7652.75,7653,7651.5,7652
1788953640,7652,7652,7650.5,7651
1788953760,7651,7652.5,7650.5,7652
1788953880,7652,7654.5,7651.5,7654.25
1788954000,7654.25,7655,7652.75,7652.75
1788954120,7652.75,7654.75,7651.5,7652.75
1788954240,7652.75,7653.75,7650.75,7651.5
1788954360,7651.75,7653.25,7651.5,7653.25
1788954480,7653.25,7662,7653,7660.5
1788954600,7660.25,7663.5,7657.5,7658
1788954720,7657.75,7658.25,7655.75,7657
1788954840,7657,7657.5,7654.5,7655
1788954960,7655,7656.5,7654,7654.5
1788955080,7654.25,7654.25,7651.75,7652.75
1788955200,7652.75,7653.5,7650,7650.5
1788955320,7650.25,7653.25,7650.25,7651.25
1788955440,7651.25,7651.5,7648.25,7648.75
1788955560,7648.75,7650,7648,7649.25
1788955680,7649.25,7649.75,7648.5,7649.25
1788955800,7649.5,7649.5,7648,7648
1788955920,7648.25,7648.25,7645.25,7645.5
1788956040,7645.5,7646.25,7644.5,7646
1788956160,7646.25,7647.75,7645,7645.75
1788956280,7646,7647.25,7645,7646
1788956400,7646.25,7649.75,7645.75,7649.5
1788956520,7649.75,7649.75,7648.25,7648.75
1788956640,7648.75,7649.25,7647.5,7647.75
1788956760,7648,7648.75,7646.75,7647.5
1788956880,7647.5,7649,7647,7647
1788957000,7646.75,7648,7645.75,7648
1788957120,7648.25,7650.5,7647.25,7650
1788957240,7650,7653.25,7649.5,7653
1788957360,7653,7654,7651.75,7652.25
1788957480,7652.5,7653.75,7651.75,7653
1788957600,7653,7653.25,7651.25,7651.25
1788957720,7651.25,7652.5,7650.75,7652.25
1788957840,7652.25,7654.5,7652,7654.5
1788957960,7654.5,7655.25,7653.5,7654.5
1788958080,7654.5,7656.75,7654.25,7655.75
1788958200,7655.75,7656.5,7655,7655
1788958320,7655,7656.25,7653.75,7654.25
1788958440,7654,7655.75,7653.75,7655.5
1788958560,7655.5,7656.5,7655,7656
1788958680,7656,7657,7655.25,7655.5
1788958800,7655.5,7658.75,7654,7658.25
1788958920,7658.5,7659.25,7657.25,7657.5
1788959040,7657.5,7658.25,7656.75,7657
1788959160,7657.25,7657.5,7656,7656
1788959280,7656.25,7657,7655.5,7656
1788959400,7656,7657,7655.25,7655.5
1788959520,7655.5,7656.75,7655,7656.25
1788959640,7656.5,7656.75,7655,7655.25
1788959760,7655.5,7657.25,7655.25,7655.25
1788959880,7655.25,7657.5,7655.25,7657.25
1788960000,7657,7657.75,7656.5,7656.75
1788960120,7656.75,7657.25,7655.25,7656.25
1788960240,7656,7659.75,7656,7658.75
1788960360,7658.75,7662,7658.25,7661.75
1788960480,7661.75,7662.25,7659,7660.5
1788960600,7660.75,7661.5,7651.75,7658.25
1788960720,7658,7658.75,7653.5,7656.5
1788960840,7656.5,7663.75,7656.5,7659
1788960960,7659,7660.75,7656.25,7657.5
1788961080,7657.5,7659,7655.75,7658
1788961200,7657.75,7660.25,7656,7659.25
1788961320,7659.25,7659.5,7653.75,7655
1788961440,7655,7659.25,7654.5,7654.75
1788961560,7655,7659.5,7654,7656.5
1788961680,7656.75,7661.75,7654.75,7658.5
1788961800,7658.5,7659.25,7654.5,7654.5
1788961920,7654.75,7659.25,7654.25,7658.75
1788962040,7658.75,7659.75,7656.25,7659.75
1788962160,7659.5,7660.25,7657,7658.25
1788962280,7658.5,7662,7657,7661
1788962400,7660.75,7662,7655,7655.75
1788962520,7655.75,7658.5,7653.5,7658.25
1788962640,7658.25,7660.25,7657,7659
1788962760,7658.75,7660.25,7657.25,7660
1788962880,7660,7661.25,7658.75,7660.5
1788963000,7660.5,7661.25,7656,7656.75
1788963120,7656.5,7659,7656.25,7659
1788963240,7658.75,7660,7655.5,7656.25
1788963360,7656.25,7656.25,7650.75,7652.25
1788963480,7652.25,7652.25,7647.5,7650
1788963600,7650.25,7651.25,7648,7648.5
1788963720,7648.5,7649.25,7647,7647.75
1788963840,7647.75,7651,7644.5,7650.75
1788963960,7650.75,7655,7649.5,7654.25
1788964080,7654,7660.75,7654,7659.5
1788964200,7659.5,7660,7656.25,7658
1788964320,7658,7659.75,7654.25,7655.25
1788964440,7655.25,7657.5,7654,7656
1788964560,7656,7658,7652.25,7653.25
1788964680,7653.25,7656.25,7652.25,7656
1788964800,7655.75,7658,7654.5,7657.25
1788964920,7657,7657.25,7654.75,7656.25
1788965040,7656.25,7659,7654,7656.5
1788965160,7656.25,7656.75,7654.5,7655.75
1788965280,7655.75,7657.5,7654.75,7657.25
1788965400,7657.25,7658.25,7655.5,7657
1788965520,7657,7659.25,7655.5,7655.75
1788965640,7655.75,7659,7655.5,7656.25
1788965760,7656.25,7657.25,7654.25,7656.5
1788965880,7656.5,7659,7655.75,7657.75
1788966000,7658,7665,7651,7653.25
1788966120,7653.25,7655.5,7647.75,7649
1788966240,7649,7650.5,7646.25,7646.75
1788966360,7646.75,7648.75,7645.5,7647
1788966480,7647,7648.25,7641,7642.25
1788966600,7642.25,7642.75,7633.75,7634.75
1788966720,7634.5,7637.5,7633.5,7635.75
1788966840,7635.75,7638,7634.5,7637
1788966960,7636.75,7640,7635.25,7638.75
1788967080,7638.75,7641.5,7638,7640
1788967200,7640,7641,7636.25,7637.25
1788967320,7637.25,7637.5,7630.75,7631.75
1788967440,7631.5,7632.5,7628.75,7632
1788967560,7632.25,7634,7630.75,7633
1788967680,7633,7635.5,7632.25,7635.25
1788967800,7635.25,7638,7634.5,7635.75
1788967920,7636,7639.5,7635.25,7639.5
1788968040,7639.5,7642.5,7639,7640.75
1788968160,7641,7643,7640.25,7640.5
1788968280,7640.25,7649.5,7637.25,7648.5
1788968400,7648.75,7650.75,7640.75,7641.25
1788968520,7641.25,7643,7641,7642.25
1788968640,7642,7642.5,7640.25,7640.5
1788968760,7640.25,7641.75,7640,7640.5
1788968880,7640.5,7643.5,7640.25,7642.5
1788969000,7642.5,7646.25,7642.5,7644.75
1788969120,7645,7645.25,7643.75,7644.75
1788969240,7645,7645.5,7640.75,7641
1788969360,7641,7641.5,7638.25,7638.5
1788969480,7638.25,7642.25,7638.25,7641.5
1788969600,7641.5,7642.5,7640.25,7641.75
1788969720,7641.75,7643.75,7641,7642.25
1788969840,7642.25,7643.75,7642.25,7643.5
1788969960,7643.25,7643.25,7639,7639
1788970080,7639.25,7639.25,7634.75,7634.75
1788970200,7634.75,7636.75,7633.75,7636
1788970320,7636,7638.75,7635.75,7637.5
1788970440,7637.25,7637.75,7634.25,7634.25
1788970560,7634.25,7635.75,7633.25,7633.5
1788970680,7633.75,7634.5,7633.5,7634
1788970800,7634,7635.5,7632.75,7634.5
1788970920,7634.75,7635,7633.25,7634.75
1788971040,7634.75,7638,7634.5,7636
1788971160,7636,7637,7634.75,7635.5
1788971280,7635.75,7636,7634,7635.75
1788971400,7635.75,7638.75,7635.5,7638.75
1788971520,7638.75,7640.75,7637.75,7640.25
1788971640,7640.5,7642.25,7640.25,7640.75
1788971760,7640.75,7641,7639,7639.75
1788971880,7639.75,7642.5,7639.25,7642.25
1788972000,7642.5,7643.75,7641.5,7643
1788972120,7643,7643.25,7640.75,7643
1788972240,7643,7644.75,7642,7643
1788972360,7643.25,7644.25,7641.5,7644.25
1788972480,7644.5,7645.25,7644,7644.75
1788972600,7644.75,7648.75,7644.75,7648
1788972720,7648,7648.5,7646.25,7646.25
1788972840,7646.5,7647.5,7645,7646.25
1788972960,7646,7647.75,7645.5,7646.75
1788973080,7647,7647,7645.25,7645.75
1788973200,7645.75,7646.25,7644.25,7645.5
1788973320,7645.25,7650.25,7644.5,7645.75
1788973440,7645.75,7646.5,7643.5,7646.5
1788973560,7646.25,7647.75,7646,7647
1788973680,7647,7647.25,7645.5,7645.5
1788973800,7645.5,7648.5,7645.25,7648.5
1788973920,7648.25,7650,7646.75,7649.25
1788974040,7649.5,7653,7649.25,7652.5
1788974160,7652.5,7653,7649.5,7651
1788974280,7650.75,7651.25,7648.5,7648.5
1788974400,7648.5,7650.5,7647.5,7649.75
1788974520,7649.75,7651.25,7649.5,7650.5
1788974640,7650.5,7652,7649.75,7651.25
1788974760,7651.5,7652,7650,7650.75
1788974880,7650.75,7651,7648.5,7649
1788975000,7649.25,7650.5,7647,7647.25
1788975120,7647.5,7649.25,7646.75,7649.25
1788975240,7649.25,7649.75,7647,7647.75
1788975360,7647.75,7648.5,7646.75,7646.75
1788975480,7646.5,7646.75,7643.5,7644.25
1788975600,7644.5,7647.25,7644.25,7646.75
1788975720,7646.75,7648,7646.25,7647.75
1788975840,7647.5,7649.75,7647.5,7649.25
1788975960,7649,7651.5,7648.75,7650.5
1788976080,7650.25,7650.75,7649,7650.5
1788976200,7650.75,7650.75,7649.25,7649.5
1788976320,7649.5,7653,7649.25,7653
1788976440,7653,7653.25,7651.5,7653
1788976560,7653,7653,7651,7651.25
1788976680,7651.5,7651.75,7650,7650.25
1788976800,7650.25,7651.5,7649.5,7650.75
1788976920,7650.5,7652,7650.25,7651.25
1788977040,7651.5,7651.5,7649.5,7649.5
1788977160,7649.75,7650,7647.75,7647.75
1788977280,7647.75,7648.25,7647,7647.5
1788977400,7647.5,7647.75,7646,7646
1788977520,7646.25,7646.75,7645.25,7645.25
1788977640,7645.25,7646,7642.75,7643.75
1788977760,7643.75,7646,7642.75,7646
1788977880,7645.75,7646.75,7644.75,7645.5
1788978000,7645.5,7648,7645.5,7647.75
1788978120,7647.75,7650.25,7646.5,7650
1788978240,7649.75,7650,7648.5,7648.75
1788978360,7648.5,7650.5,7648.25,7650.25
1788978480,7650.25,7650.5,7647.25,7648.5
1788978600,7648.25,7648.5,7646.25,7647
1788978720,7647,7648.75,7645.75,7648.75
1788978840,7648.75,7648.75,7647,7648.5
1788978960,7648.5,7648.75,7647.5,7648
1788979080,7648,7650.25,7647.75,7650
1788979200,7650,7652.5,7650,7652.25
1788979320,7652.25,7653,7651,7651.75
1788979440,7651.75,7652,7651,7651.5
1788979560,7651.5,7651.5,7650.25,7650.5
1788979680,7650.75,7651,7649.25,7650
1788979800,7650.25,7651.5,7650,7651.25
1788979920,7651.25,7653.5,7650.75,7653
1788980040,7653.25,7653.75,7652.25,7653
1788980160,7653.25,7653.5,7650,7650.5
1788980280,7650.5,7650.5,7648.75,7648.75
1788980400,7648.75,7650.75,7648,7648.25
1788980520,7648.5,7648.5,7646.5,7647
1788980640,7647,7647.75,7646.25,7646.75
1788980760,7646.5,7650.75,7646.25,7650.5
1788980880,7650.5,7651,7649.75,7650.5
1788981000,7650.75,7651.5,7650,7651
1788981120,7651.25,7651.25,7649.75,7650.75
1788981240,7651,7652,7649.5,7651.75
1788981360,7651.75,7652,7651,7651.5
1788981480,7651.25,7653.5,7651.25,7652.75
1788981600,7652.75,7653.5,7651.25,7652.75
1788981720,7652.75,7653.25,7651.25,7653.25
1788981840,7653.25,7654.5,7652.25,7654
1788981960,7653.75,7654,7651.5,7652
1788982080,7651.75,7652.25,7651,7651.25
1788982200,7651.25,7652.25,7650,7650.5
1788982320,7650.75,7651,7649.75,7650
1788982440,7650,7650.5,7649,7650.25
1788982560,7650,7651,7648.5,7648.5
1788982680,7648.75,7649.5,7647.75,7648
1788982800,7647.75,7648.25,7647,7647.25
1788982920,7647.5,7648,7646,7647.25
1788983040,7647.5,7649,7646.5,7646.5
1788983160,7646.5,7648,7646.5,7647.25
1788983280,7647.25,7649.75,7647.25,7648.75
1788983400,7648.75,7649,7642.25,7643.25
1788983520,7643,7644.75,7642.75,7644.25
1788983640,7644,7646.5,7641.25,7644.25
1788983760,7644.5,7645.75,7643.5,7643.5
1788983880,7643.5,7645.5,7641.5,7644.75
1788984000,7644.5,7646.25,7643.5,7645
1788984120,7645,7645.25,7642.5,7643
1788984240,7642.75,7644.5,7642.5,7644.5
1788984360,7644.5,7645.5,7644.25,7645.5
1788984480,7645.25,7646.25,7645.25,7645.75
1788984600,7645.75,7646.25,7644.75,7646.25
1788984720,7646.25,7647.25,7645.75,7646.75
1788984840,7646.75,7646.75,7645.75,7646
1788984960,7646,7646.25,7645,7646
1788985080,7646,7646.25,7645,7645.5
1788985200,7645.5,7645.75,7644.75,7645.5
1788985320,7645.5,7646.25,7645.25,7645.75
1788985440,7645.75,7646,7645.25,7646
1788985560,7646,7646.25,7645.5,7646
1788985680,7646,7646,7645.25,7645.25
1788985800,7645.25,7645.5,7645,7645.5
1788985920,7645.25,7645.75,7645,7645.5
1788986040,7645.75,7647.25,7645.5,7647
1788986160,7646.75,7647.5,7646.5,7647.5
1788986280,7647.25,7647.75,7647,7647.25
1788986400,7647.25,7647.25,7646.5,7647
1788986520,7647.25,7647.25,7646.75,7646.75
1788986640,7646.75,7647,7646.5,7646.5
1788986760,7646.5,7646.75,7646.5,7646.5
1788986880,7646.75,7647,7646.5,7646.75
1788987000,7646.75,7647,7645.75,7646.25
1788987120,7646.5,7646.75,7646.25,7646.5
1788987240,7646.75,7647.5,7646.75,7647.25
1788987360,7647.25,7647.75,7647,7647.5
1788987480,7647.25,7648.25,7647.25,7648
1788991200,7646.5,7651,7646.5,7649.25
1788991320,7649.25,7649.5,7647,7648.5
1788991440,7648.5,7648.75,7646.25,7646.25
1788991560,7646.75,7648,7646.25,7646.5
1788991680,7646.5,7647.75,7646.25,7647.25
1788991800,7647.5,7647.75,7647,7647.25
1788991920,7647.5,7648.25,7647,7647.25
1788992040,7647.25,7647.25,7646.75,7647.25
1788992160,7647.25,7647.25,7646.5,7646.75
1788992280,7646.75,7646.75,7646.5,7646.5
1788992400,7646.75,7647,7646.25,7646.75
1788992520,7646.75,7647.25,7646.5,7646.75
1788992640,7646.75,7647,7646.5,7646.75
1788992760,7647,7647,7646.25,7646.75
1788992880,7646.75,7646.75,7645.75,7646
1788993000,7646,7647.5,7646,7646.25
1788993120,7646.25,7647,7646.25,7646.75
1788993240,7646.75,7647.5,7646.5,7647
1788993360,7646.75,7647.75,7646.75,7647
1788993480,7647,7647,7646.75,7647
1788993600,7647.25,7647.5,7646.75,7647
1788993720,7647,7647.5,7647,7647.5
1788993840,7647.5,7648,7647.5,7647.75
1788993960,7647.75,7647.75,7647.75,7647.75
1788994080,7647.75,7647.75,7647.25,7647.5
1788994200,7647.5,7647.5,7646.75,7647
1788994320,7647,7647,7646.75,7646.75
1788994440,7646.75,7647,7646.5,7646.5
1788994560,7646.5,7646.5,7646.5,7646.5
1788994680,7646.5,7647,7646.25,7647
1788994800,7647,7647.25,7646.5,7646.5
1788994920,7646.5,7647,7646.25,7647
1788995040,7647,7647,7646.25,7646.5
1788995160,7646.5,7646.75,7646.25,7646.25
1788995280,7646.5,7646.5,7646.25,7646.25
1788995400,7646.5,7646.5,7646.25,7646.5
1788995520,7646.25,7646.5,7646.25,7646.25
1788995640,7646.25,7646.5,7645.75,7646.25
1788995760,7646,7647.25,7645.75,7647
1788995880,7647,7648,7647,7647.5
1788996000,7647.5,7647.75,7647,7647.75
1788996120,7647.5,7647.5,7646.75,7647
1788996240,7647,7647.25,7647,7647.25
1788996360,7647.25,7647.25,7646.75,7647
1788996480,7647.25,7647.5,7646.25,7647.25
1788996600,7647.5,7647.75,7647.5,7647.5
1788996720,7647.5,7647.5,7647.25,7647.5
1788996840,7647.25,7647.5,7647.25,7647.5
1788996960,7647.5,7648.25,7647.25,7647.25
1788997080,7647.5,7647.5,7647.25,7647.5
1788997200,7647.75,7647.75,7647.5,7647.5
1788997320,7647.25,7648,7647.25,7648
1788997440,7648,7648.75,7647.75,7648.5
1788997560,7648.25,7648.75,7647.25,7648.75
1788997680,7648.25,7648.75,7648.25,7648.75
1788997800,7648.75,7649.5,7648.25,7649.25
1788997920,7649.25,7650.75,7649.25,7650.75
1788998040,7650.5,7653,7650.5,7651.25
1788998160,7651.25,7651.5,7650.5,7651
1788998280,7651,7652.25,7650.5,7652
1788998400,7652.25,7652.75,7651,7651.5
1788998520,7651.5,7652,7650.5,7651.25
1788998640,7651.5,7653.5,7651.5,7653
1788998760,7653,7654.5,7653,7654.25
1788998880,7654.25,7654.25,7653,7653.75
1788999000,7653.75,7654.75,7653,7653.75
1788999120,7653.75,7653.75,7651.5,7652
1788999240,7652,7654,7650.75,7653.75
1788999360,7653.75,7654,7652.75,7653.75
1788999480,7654,7655,7653.5,7654.25
1788999600,7654,7654.5,7653.5,7654.5
1788999720,7654.5,7655.25,7654.25,7654.5
1788999840,7654.5,7654.75,7653.25,7653.5
1788999960,7653.5,7655.5,7653.25,7655.25
1789000080,7655,7656.5,7655,7656.25
1789000200,7656,7656.25,7655.25,7655.5
1789000320,7655.5,7655.75,7654,7654
1789000440,7654,7654.25,7653.25,7653.5
1789000560,7653.5,7654.5,7653.5,7653.5
1789000680,7653.25,7654,7653.25,7653.5
1789000800,7653.75,7653.75,7652.25,7652.75
1789000920,7652.75,7653.5,7652.25,7653.5
1789001040,7653.5,7654.25,7652.5,7652.5
1789001160,7652.5,7652.75,7651,7652.25
1789001280,7652.25,7652.75,7651.25,7651.5
1789001400,7651.5,7651.5,7648.75,7649.75
1789001520,7649.5,7650.75,7649.5,7650.25
1789001640,7650.25,7650.75,7648.75,7649.25
1789001760,7649,7649.5,7647.25,7648.25
1789001880,7648.25,7648.75,7647.25,7647.5
1789002000,7647.5,7650,7647,7647.75
1789002120,7647.75,7648.75,7647.25,7648.5
1789002240,7648.75,7650.5,7648,7649
1789002360,7648.75,7649.25,7647.75,7649.25
1789002480,7649.25,7650,7649,7649
1789002600,7648.75,7649.25,7648,7648
1789002720,7647.75,7648.75,7646.25,7647.5
1789002840,7647.75,7649,7647.5,7647.5
1789002960,7647.75,7648,7646.75,7648
1789003080,7648,7650.5,7647.75,7650.25
1789003200,7650.25,7650.5,7647.25,7647.75
1789003320,7647.75,7648.75,7647,7647.5
1789003440,7647.5,7647.75,7646.5,7647
1789003560,7647.25,7647.25,7646,7646
1789003680,7646.25,7646.5,7644.75,7645.5
1789003800,7645.5,7646.25,7645.25,7645.5
1789003920,7645.25,7646.25,7644.75,7644.75
1789004040,7644.75,7644.75,7644,7644.5
1789004160,7644.5,7645.25,7644,7645
1789004280,7645.25,7646.25,7644.5,7646.25
1789004400,7646.25,7648.5,7646.25,7648.5
1789004520,7648.5,7648.5,7647.5,7648.25
1789004640,7648.25,7649.75,7648,7649.25
1789004760,7649.5,7651.75,7649.5,7651.75
1789004880,7651.5,7652,7651.25,7651.25
1789005000,7651.5,7652,7650.25,7650.5
1789005120,7650.25,7651.25,7648.75,7649
1789005240,7648.75,7650.5,7648.25,7649.75
1789005360,7649.75,7651.25,7649.5,7651
1789005480,7650.75,7651.5,7650.75,7651.5
1789005600,7651.5,7652,7650.25,7651.25
1789005720,7651.25,7651.5,7650.5,7651
1789005840,7650.75,7652.25,7650.75,7652
1789005960,7652,7652.25,7651,7651.5
1789006080,7651.5,7651.75,7650.5,7650.75
1789006200,7650.5,7651,7648.5,7649.25
1789006320,7649.25,7649.75,7648.75,7649.75
1789006440,7649.75,7651.25,7649.5,7650.5
1789006560,7650.5,7650.5,7648.25,7649
1789006680,7649,7649.25,7648.5,7648.75
1789006800,7649,7650.25,7649,7649.5
1789006920,7649.5,7650.75,7649.5,7650
1789007040,7650.25,7650.5,7649.25,7649.5
1789007160,7649.5,7649.75,7648.5,7649.5
1789007280,7649.5,7650,7649,7649
1789007400,7649,7650,7648.75,7649.75
1789007520,7649.75,7650.5,7649.5,7650
1789007640,7649.75,7652.5,7649.75,7652.25
1789007760,7652.25,7652.25,7651.5,7652
1789007880,7652,7654,7651.75,7653.5
1789008000,7653.75,7654.5,7653.25,7653.5
1789008120,7653.75,7655.5,7653.75,7655.25
1789008240,7655.25,7655.25,7653.75,7654.5
1789008360,7654.5,7654.5,7653.75,7653.75
1789008480,7654,7654.25,7653,7653.5
1789008600,7653.25,7653.75,7653.25,7653.75
1789008720,7653.75,7655,7653.75,7655
1789008840,7654.75,7655,7654,7654
1789008960,7654,7654.25,7653.5,7654
1789009080,7654,7654.5,7653.75,7654.5
1789009200,7654.5,7655.75,7654.5,7655.75
1789009320,7655.75,7656.25,7655,7656
1789009440,7656,7656.5,7655.5,7655.5
1789009560,7655.5,7655.5,7654.75,7655.5
1789009680,7655.5,7655.75,7655.25,7655.5
1789009800,7655.5,7656.75,7655.5,7655.75
1789009920,7655.5,7655.5,7654.5,7655
1789010040,7654.75,7655,7654.25,7654.5
1789010160,7654.5,7654.75,7654.25,7654.5
1789010280,7654.75,7655,7654.5,7655
1789010400,7655,7656,7654.5,7654.75
1789010520,7654.75,7655,7653.25,7653.5
1789010640,7653.75,7654,7653.25,7653.5
1789010760,7653.25,7653.5,7652,7652.75
1789010880,7652.75,7654.25,7652.5,7654.25
1789011000,7654,7654.75,7653.25,7654.25
1789011120,7654,7654.25,7653.75,7654.25
1789011240,7654,7654.75,7653.5,7653.75
1789011360,7653.75,7654.5,7653.5,7654.25
1789011480,7654.5,7654.5,7653.25,7654
1789011600,7653.75,7654.5,7653.75,7654.25
1789011720,7654.5,7655,7654.25,7654.25
1789011840,7654.25,7655,7654.25,7654.75
1789011960,7655,7656.5,7655,7655.75
1789012080,7655.75,7656,7655.5,7656
1789012200,7655.75,7655.75,7654.75,7655.5
1789012320,7655.75,7655.75,7654.75,7655.5
1789012440,7655.25,7656,7655.25,7655.75
1789012560,7655.75,7656.25,7655.5,7656
1789012680,7655.75,7656.75,7655.5,7656.5
1789012800,7656.5,7656.5,7655.5,7655.75
1789012920,7655.75,7656.5,7655.5,7656.25
1789013040,7656.5,7657,7656,7657
1789013160,7657,7657.5,7656,7657.25
1789013280,7657,7657,7656,7656.25
1789013400,7656.5,7657.25,7656.5,7656.75
1789013520,7656.75,7657,7656.5,7656.5
1789013640,7656.75,7657,7656.5,7656.75
1789013760,7657,7657,7656,7656.25
1789013880,7656.25,7656.25,7655.5,7656
1789014000,7655.75,7656,7655,7655.5
1789014120,7655.5,7656.5,7655.5,7656.25
1789014240,7656.25,7656.75,7656,7656
1789014360,7656,7656.5,7655.75,7656.25
1789014480,7656.25,7657.25,7656,7656.25
1789014600,7656.25,7656.5,7656,7656.5
1789014720,7656.5,7656.75,7656,7656
1789014840,7655.75,7656.5,7655.75,7656.25
1789014960,7656.25,7656.75,7656,7656.75
1789015080,7656.5,7657.5,7656.5,7657.25
1789015200,7657.25,7657.75,7657.25,7657.5
1789015320,7657.5,7657.5,7656.25,7656.25
1789015440,7656,7656.5,7655.75,7656.25
1789015560,7656.5,7658,7656.5,7658
1789015680,7658.25,7658.5,7657.5,7658
1789015800,7658,7659.25,7658,7659
1789015920,7659,7659.5,7658.75,7659.5
1789016040,7659.25,7660,7658.25,7658.5
1789016160,7658.75,7659,7658.25,7659
1789016280,7659,7659.5,7658.75,7659
1789016400,7659,7660.5,7659,7660
1789016520,7659.75,7660,7659.5,7659.5
1789016640,7659.5,7659.5,7658.25,7658.75
1789016760,7658.75,7658.75,7657.75,7658.5
1789016880,7658.25,7659,7658.25,7658.25
1789017000,7658.25,7658.75,7658,7658.75
1789017120,7658.5,7659,7658.25,7658.5
1789017240,7658.5,7660,7658.25,7659.5
1789017360,7659.5,7660,7659.5,7659.75
1789017480,7659.75,7660,7659.5,7660
1789017600,7659.75,7660.5,7659.25,7660.25
1789017720,7660.25,7660.5,7660,7660.25
1789017840,7660.25,7660.75,7660,7660
1789017960,7660.25,7660.75,7660.25,7660.75
1789018080,7660.75,7663,7660.5,7662.75
1789018200,7663,7663.5,7661.25,7663.25
1789018320,7663.25,7664.5,7662.5,7663.75
1789018440,7663.75,7664.75,7663.25,7664.25
1789018560,7664.25,7664.75,7664.25,7664.5
1789018680,7664.5,7664.5,7662.75,7662.75
1789018800,7662.75,7664,7662.75,7663.75
1789018920,7663.5,7663.75,7662.75,7663
1789019040,7663,7664.5,7662.75,7664.25
1789019160,7664.5,7665.75,7664,7664.25
1789019280,7664.25,7664.25,7663.25,7663.25
1789019400,7663.25,7663.5,7662.25,7662.5
1789019520,7662.25,7663,7662,7662.75
1789019640,7662.5,7662.5,7661.25,7661.75
1789019760,7661.5,7661.5,7661,7661.25
1789019880,7661.25,7663.75,7661.25,7663.5
1789020000,7663.5,7664.75,7662.5,7664.5
1789020120,7664.5,7664.5,7663.75,7664.25
1789020240,7664,7664,7662.5,7662.75
1789020360,7662.5,7662.5,7661,7662
1789020480,7661.75,7662.5,7661.5,7661.5
1789020600,7661.5,7662.5,7661.5,7662.25
1789020720,7662.5,7662.75,7661.5,7661.5
1789020840,7661.5,7662,7661.25,7661.75
1789020960,7661.5,7661.75,7661,7661
1789021080,7661,7661.25,7659.5,7660.25
1789021200,7660.25,7660.75,7659.25,7660
1789021320,7660,7661,7660,7660.25
1789021440,7660.25,7661,7660.25,7660.5
1789021560,7660.25,7662.25,7660,7662.25
1789021680,7662.25,7663.5,7661.75,7663.5
1789021800,7663.75,7664.25,7662.75,7663.5
1789021920,7663.5,7665.25,7663.5,7664.25
1789022040,7664.25,7664.25,7663.5,7663.75
1789022160,7663.5,7664,7663,7663.5
1789022280,7663.75,7665.75,7663.5,7665.75
1789022400,7665.75,7666.25,7665.25,7665.75
1789022520,7665.5,7665.75,7665,7665
1789022640,7664.75,7665.75,7664.5,7665.5
1789022760,7665.5,7665.75,7665.25,7665.75
1789022880,7665.75,7666,7665.5,7665.75
1789023000,7666,7666.25,7665.5,7666
1789023120,7666,7666.25,7664,7664.5
1789023240,7664.25,7664.25,7663,7663.5
1789023360,7663.5,7664.25,7663,7663.5
1789023480,7663.5,7664.25,7663.25,7664
1789023600,7664,7664,7662.5,7663
1789023720,7663,7663,7660.75,7661.25
1789023840,7661.25,7661.5,7660.25,7661
1789023960,7661,7661.75,7660,7660.25
1789024080,7660.5,7662.25,7660.25,7661.75
1789024200,7661.5,7663.25,7661.25,7663
1789024320,7663,7663.5,7661.5,7661.75
1789024440,7661.75,7663.25,7661.5,7663.25
1789024560,7663,7663.25,7661.5,7662
1789024680,7662,7663.75,7662,7663.5
1789024800,7663.75,7664,7662.75,7663.75
1789024920,7663.75,7663.75,7662.5,7663.25
1789025040,7663.25,7663.25,7661.5,7661.5
1789025160,7661.75,7661.75,7660.25,7660.75
1789025280,7660.75,7660.75,7657.5,7657.75
1789025400,7657.75,7659,7657.5,7657.5
1789025520,7657.5,7659.25,7656.25,7656.5
1789025640,7656.25,7658.25,7656.25,7657.75
1789025760,7658,7660,7657.75,7659.75
1789025880,7659.5,7660,7657.5,7657.75
1789026000,7658,7658.75,7657.5,7658.5
1789026120,7658.75,7659.25,7658.25,7659.25
1789026240,7659.25,7661,7659,7661
1789026360,7661,7661,7659.75,7660.5
1789026480,7660.5,7660.75,7658.5,7659.5
1789026600,7659.75,7661.25,7659.5,7661.25
1789026720,7661.25,7661.25,7659,7659.75
1789026840,7659.75,7661,7659.5,7660.5
1789026960,7660.25,7660.5,7659.75,7660
1789027080,7659.75,7660,7659.25,7659.25
1789027200,7659.5,7662.5,7659.25,7660.75
1789027320,7660.75,7662,7660.25,7660.25
1789027440,7660.5,7661.25,7659,7660
1789027560,7660,7660,7658,7658.75
1789027680,7659,7661.25,7659,7659
1789027800,7659.25,7661,7658.75,7659.5
1789027920,7659.75,7660,7658.25,7658.75
1789028040,7658.75,7658.75,7657.5,7657.5
1789028160,7657.5,7658,7657,7657.25
1789028280,7657.25,7657.75,7656.5,7657.5
1789028400,7657.25,7659.75,7657.25,7659.5
1789028520,7659.5,7659.5,7658.75,7658.75
1789028640,7658.75,7659.75,7658.5,7659.5
1789028760,7659.5,7660,7658.25,7658.25
1789028880,7658.5,7660.75,7658.25,7660
1789029000,7660.25,7661,7659.5,7659.75
1789029120,7659.5,7659.5,7656,7656.25
1789029240,7656.5,7657.5,7656,7657.5
1789029360,7657.5,7659.25,7657,7657.75
1789029480,7657.5,7657.75,7656.25,7657.5
1789029600,7657.25,7657.75,7656,7656.25
1789029720,7656,7656,7653.25,7653.5
1789029840,7653.5,7654.75,7652.75,7653.75
1789029960,7653.75,7655.25,7653.75,7655
1789030080,7655,7655,7652.25,7652.25
1789030200,7652.5,7653.25,7651.25,7652.5
1789030320,7652.25,7652.75,7651.5,7651.75
1789030440,7652,7653,7652,7652.5
1789030560,7652.25,7652.5,7651.5,7652
1789030680,7652,7652.75,7651.25,7652.5
1789030800,7652.5,7652.75,7651.5,7652.25
1789030920,7652.5,7654.75,7652,7654.25
1789031040,7654.5,7655.5,7653.75,7654
1789031160,7653.75,7654.25,7653.25,7654
1789031280,7654.25,7654.75,7651.25,7652
1789031400,7652.25,7653,7652,7652.75
1789031520,7652.75,7653.75,7652,7652
1789031640,7652,7653.25,7651.75,7652.25
1789031760,7652.25,7652.75,7652,7652
1789031880,7652.25,7653.75,7652.25,7653.5
1789032000,7653.75,7654.25,7652.75,7653.25
1789032120,7653,7653.5,7652.5,7653
1789032240,7653,7653,7650.5,7650.75
1789032360,7650.5,7652.25,7650,7651.5
1789032480,7651.25,7651.5,7649.75,7650.5
1789032600,7650.25,7650.25,7647.75,7647.75
1789032720,7647.75,7648.5,7647.25,7648.25
1789032840,7648.25,7650,7647.75,7649.25
1789032960,7649.25,7649.75,7648.5,7649.25
1789033080,7649.25,7649.5,7647.25,7647.75
1789033200,7647.5,7647.75,7646.25,7646.5
1789033320,7646.75,7649.5,7646,7649.5
1789033440,7649.5,7652.25,7649,7650.5
1789033560,7650.75,7652.25,7650.25,7651.75
1789033680,7651.75,7652.25,7651.5,7652
1789033800,7651.75,7652.75,7650.75,7652.75
1789033920,7653,7653.5,7652.25,7653
1789034040,7653,7654.75,7652.25,7652.5
1789034160,7652.5,7652.75,7651.5,7651.5
1789034280,7651.5,7652.25,7651.5,7652
1789034400,7652,7652.5,7650.5,7651.5
1789034520,7651.25,7654,7650.75,7653.25
1789034640,7653.25,7653.5,7652.25,7653.5
1789034760,7653.25,7653.25,7651,7651
1789034880,7651,7651.5,7649.75,7650.5
1789035000,7650.5,7652,7649.75,7651.25
1789035120,7651,7651.5,7650.75,7651.25
1789035240,7651.5,7651.5,7650.25,7651
1789035360,7650.75,7651.75,7650.75,7651.25
1789035480,7651.25,7652,7651,7651.75
1789035600,7651.75,7652.5,7650.75,7651.75
1789035720,7652,7652.25,7650.5,7651.25
1789035840,7651.25,7653.25,7651,7653
1789035960,7653,7653.5,7650.5,7650.5
1789036080,7650.5,7651.5,7650.5,7651
1789036200,7651.25,7651.5,7648.75,7648.75
1789036320,7648.75,7649.5,7648,7648.25
1789036440,7648.25,7648.5,7647.25,7648.25
1789036560,7648.5,7652.25,7648.5,7652
1789036680,7652.25,7652.25,7651.5,7652
1789036800,7652,7653.25,7651.5,7652.75
1789036920,7652.75,7653,7651.5,7651.75
1789037040,7651.75,7652.25,7650.25,7650.75
1789037160,7651,7651.25,7649.25,7651
1789037280,7650.75,7651.5,7650.5,7650.75
1789037400,7650.75,7651,7649.75,7649.75
1789037520,7649.75,7649.75,7648.25,7648.5
1789037640,7648.25,7649,7646.25,7648
1789037760,7648,7657,7648,7651.75
1789037880,7651.75,7651.75,7648,7648.25
1789038000,7648,7648.75,7646.5,7647.75
1789038120,7647.5,7647.5,7644.5,7646.5
1789038240,7646.75,7647.5,7645.5,7645.75
1789038360,7645.75,7645.75,7643.5,7645
1789038480,7645.25,7646.25,7644,7644.75
1789038600,7644.75,7646,7642.75,7643.75
1789038720,7643.75,7646,7643,7645.25
1789038840,7645.5,7645.75,7644.75,7645.75
1789038960,7645.5,7645.5,7644,7644.75
1789039080,7644.5,7644.75,7644,7644.25
1789039200,7644.25,7644.75,7643.25,7643.25
1789039320,7643,7644.75,7642.5,7644.75
1789039440,7644.5,7644.75,7643.75,7644
1789039560,7643.75,7644.25,7643.25,7644
1789039680,7644,7644,7643,7643
1789039800,7643.25,7645,7643,7644.75
1789039920,7644.75,7647,7644.25,7647
1789040040,7647,7648.5,7646.75,7648
1789040160,7648,7648,7646.25,7647.5
1789040280,7647.25,7647.25,7646,7647.25
1789040400,7647,7647,7645,7645
1789040520,7645,7646.5,7643.5,7644.5
1789040640,7644.75,7645.75,7644,7644.5
1789040760,7644.5,7644.75,7641.75,7642
1789040880,7642,7642.5,7641.5,7641.5
1789041000,7641.5,7641.75,7638.25,7638.5
1789041120,7638.5,7639.25,7636.75,7637.25
1789041240,7637,7638.25,7634.25,7634.75
1789041360,7634.75,7636.5,7633,7635.25
1789041480,7635.5,7636.25,7632,7632
1789041600,7632,7635,7629.5,7630.75
1789041720,7630.75,7634,7630.25,7631
1789041840,7630.75,7631.75,7629.5,7631.5
1789041960,7631.75,7632,7629.25,7631
1789042080,7631.25,7631.25,7629,7629.25
1789042200,7629.25,7630.5,7628.75,7629.75
1789042320,7629.5,7633.25,7629.5,7633
1789042440,7633.25,7634.25,7629.75,7631
1789042560,7630.75,7631.5,7628,7629
1789042680,7629,7631.25,7627.75,7628
1789042800,7628.25,7628.25,7626,7626.5
1789042920,7626.75,7628.25,7626,7627.5
1789043040,7627.5,7627.75,7625.25,7627
1789043160,7627.25,7627.25,7624.25,7624.25
1789043280,7624.25,7630,7623.75,7625.75
1789043400,7627,7630,7617,7618.25
1789043520,7618.25,7618.75,7611.25,7611.25
1789043640,7611.25,7611.5,7605.25,7610
1789043760,7609.75,7613.5,7608.25,7609.25
1789043880,7609,7611.25,7606.75,7608.75
1789044000,7609,7609.25,7603.75,7604
1789044120,7604,7605.25,7598.75,7600
1789044240,7600,7603.5,7599.25,7599.75
1789044360,7599.75,7603.25,7598.25,7599.75
1789044480,7599.5,7605,7597.75,7604.5
1789044600,7604.5,7606.75,7604,7605.75
1789044720,7606,7606,7603,7604
1789044840,7604,7606.75,7603,7603.25
1789044960,7603.25,7604,7600.25,7601.5
1789045080,7601.25,7602.5,7600,7601.5
1789045200,7601.5,7605,7601,7603.5
1789045320,7603.5,7607.5,7603.25,7606
1789045440,7606.25,7609,7605.75,7605.75
1789045560,7605.75,7607.25,7602,7602.25
1789045680,7602.25,7605,7601.75,7603.5
1789045800,7603.25,7605.75,7603,7604.5
1789045920,7604.5,7604.75,7602.25,7603
1789046040,7603.25,7604.25,7600,7602.5
1789046160,7602.5,7603,7599,7599.25
1789046280,7599.5,7602,7599.25,7601.5
1789046400,7601.25,7602.5,7599.5,7601.25
1789046520,7601.5,7603,7601.25,7602.5
1789046640,7602.5,7602.5,7595,7596.75
1789046760,7596.75,7599.5,7596.25,7599.5
1789046880,7599.25,7600.75,7596.25,7598.75
1789047000,7599,7603,7595.25,7598.25
1789047120,7598,7600.25,7595,7599
1789047240,7599.25,7601.25,7593.75,7599
1789047360,7599,7604.5,7597.25,7599.5
1789047480,7599.5,7604.5,7599,7603.5
1789047600,7603.25,7606.75,7601.25,7603.75
1789047720,7603.75,7606.25,7600.25,7604
1789047840,7604,7605,7599.5,7603.75
1789047960,7603.75,7607.25,7603,7606.25
1789048080,7606,7609,7601.25,7605.5
1789048200,7605.75,7605.75,7591.25,7593.25
1789048320,7593.5,7595.25,7591.5,7594
1789048440,7594,7596.25,7588.5,7589.5
1789048560,7589.5,7592.5,7587,7589.75
1789048680,7589.5,7590.25,7586,7586.75
1789048800,7586.75,7594.75,7586.5,7594.5
1789048920,7594.75,7596.75,7591.75,7595
1789049040,7595,7595.25,7590.25,7590.75
1789049160,7590.75,7593,7587.75,7587.75
1789049280,7587.75,7588.5,7585.5,7587.5
1789049400,7587.5,7592.25,7586.5,7592
1789049520,7592.25,7597,7592,7595.5
1789049640,7595.5,7596,7590.5,7594
1789049760,7593.75,7597,7591.75,7592.5
1789049880,7592.5,7600,7592.25,7599.25
1789050000,7599.25,7603,7598.5,7603
1789050120,7602.75,7605.75,7601.25,7603
1789050240,7602.75,7620,7601.5,7613.75
1789050360,7613.75,7615.75,7607.5,7607.75
1789050480,7607.75,7610,7604.75,7606.25
1789050600,7606.25,7611,7605.5,7609.75
1789050720,7609.5,7610,7607,7608.25
1789050840,7608.25,7613.25,7608,7611.75
1789050960,7612,7615,7610.75,7614.5
1789051080,7614.5,7615.5,7612,7612.5
1789051200,7612.25,7613.5,7610.25,7611.75
1789051320,7611.75,7613.5,7606.75,7607
1789051440,7607.25,7608,7605.25,7605.75
1789051560,7605.75,7609.75,7603.75,7604
1789051680,7604.25,7608.5,7603.75,7607.25
1789051800,7607.25,7609.5,7604.5,7609.25
1789051920,7609.5,7611.25,7608.25,7610
1789052040,7610,7612,7608.5,7608.5
1789052160,7608.5,7614.5,7608.25,7613.75
1789052280,7613.75,7614.25,7611.5,7613.5
1789052400,7613.25,7614,7607.25,7608.25
1789052520,7608,7608.25,7604.75,7607.75
1789052640,7607.75,7613,7607,7612.25
1789052760,7612.25,7613.5,7610.5,7612.25
1789052880,7612,7614,7609.25,7609.5
1789053000,7609.5,7614,7609.5,7611.75
1789053120,7611.75,7613.5,7608.75,7611.25
1789053240,7611,7611.5,7608,7609.5
1789053360,7609.5,7611.75,7608.5,7610.75
1789053480,7610.75,7611,7608.25,7610.25
1789053600,7610.25,7611.5,7605.75,7607.25
1789053720,7607.25,7610.75,7606.75,7609.25
1789053840,7609.25,7613.5,7609,7612.75
1789053960,7612.75,7615,7611.25,7614.25
1789054080,7614.25,7615,7611,7611.25
1789054200,7611.5,7613.5,7611,7611.75
1789054320,7611.5,7614.5,7609.25,7613.75
1789054440,7613.5,7615.5,7613,7615.25
1789054560,7615.25,7619.25,7615,7618.5
1789054680,7618.25,7618.5,7610,7612
1789054800,7611.75,7613.25,7610.25,7612
1789054920,7612,7613.25,7610.5,7613.25
1789055040,7613.25,7614.75,7611,7611
1789055160,7611,7611.25,7606.75,7607.5
1789055280,7607.5,7611.75,7607.25,7610.5
1789055400,7610.5,7610.75,7608.25,7609.25
1789055520,7609,7613,7607,7607.25
1789055640,7607.5,7607.75,7602.5,7603.75
1789055760,7603.75,7604,7601.25,7602.25
1789055880,7602.25,7606.5,7601.75,7604.75
1789056000,7605,7610.25,7604.25,7607.25
1789056120,7607.25,7608,7603.5,7604.75
1789056240,7604.5,7606.75,7604.25,7604.75
1789056360,7604.75,7605.75,7600.75,7601.5
1789056480,7601.25,7602.25,7599.75,7600.25
1789056600,7600,7601,7597.5,7599
1789056720,7598.75,7602,7598,7601.25
1789056840,7601.25,7603,7600,7603
1789056960,7602.75,7603.75,7598,7598.75
1789057080,7598.5,7601,7598.5,7599.75
1789057200,7599.75,7602.5,7599.75,7600
1789057320,7600,7601.5,7599.75,7600.25
1789057440,7600.5,7600.75,7597.75,7598.25
1789057560,7598,7598.75,7597,7598.25
1789057680,7598,7600.25,7597.75,7600.25
1789057800,7600,7602,7599.5,7601
1789057920,7601.25,7603.5,7600,7601.25
1789058040,7601,7601.5,7591.5,7593.75
1789058160,7594,7600.5,7593.75,7599.25
1789058280,7599.25,7601.75,7598.75,7601
1789058400,7601,7604.75,7600.5,7604.25
1789058520,7604.5,7606.25,7603,7606.25
1789058640,7606,7610.25,7605.5,7609.75
1789058760,7610,7613,7609,7611.25
1789058880,7611.25,7611.75,7607.25,7607.5
1789059000,7607.5,7609,7606.75,7606.75
1789059120,7606.75,7610.5,7606.25,7610.5
1789059240,7610.5,7613,7610.25,7612
1789059360,7612,7612.25,7609.75,7610
1789059480,7610,7612,7609.75,7611.5
1789059600,7611.25,7611.75,7609,7610.75
1789059720,7611,7617.75,7607.25,7607.5
1789059840,7607.75,7612,7607,7610.75
1789059960,7610.5,7610.75,7607.5,7609.75
1789060080,7609.75,7610.75,7608.25,7609
1789060200,7608.75,7613.75,7608.75,7612.5
1789060320,7612.75,7613.75,7610.25,7610.5
1789060440,7610.5,7611,7609,7609.75
1789060560,7609.75,7611.25,7609.25,7610
1789060680,7610,7610.75,7607.75,7609
1789060800,7609.25,7610.25,7607.75,7607.75
1789060920,7607.75,7609,7605.75,7605.75
1789061040,7605.75,7606.5,7604.25,7604.75
1789061160,7604.75,7606.5,7604.5,7605.5
1789061280,7605.5,7606.5,7604.5,7605.25
1789061400,7605,7605.5,7602.75,7605
1789061520,7605.25,7606.25,7603.25,7604.25
1789061640,7604.25,7607.25,7604.25,7606.25
1789061760,7606.25,7607.25,7602.25,7602.5
1789061880,7602.25,7603.25,7599.5,7600
1789062000,7600,7602,7599.5,7602
1789062120,7601.75,7603,7600.75,7602.75
1789062240,7602.5,7604.25,7602,7603
1789062360,7603,7603.5,7601.25,7601.75
1789062480,7602,7603,7601.25,7602
1789062600,7602.25,7604.25,7601.75,7603.5
1789062720,7603.75,7605,7601.25,7603.25
1789062840,7603.25,7603.75,7601.25,7602
1789062960,7602,7604.75,7601.5,7602.5
1789063080,7602.5,7603.25,7602,7602.25
1789063200,7602.25,7605.25,7600.75,7600.75
1789063320,7601,7601.5,7597.75,7598.25
1789063440,7598.25,7600,7596.75,7598.25
1789063560,7598,7601.25,7597.75,7600.5
1789063680,7600.5,7601.25,7596,7597
1789063800,7596.75,7596.75,7594.25,7596
1789063920,7595.75,7597.25,7594.75,7597
1789064040,7597,7598.5,7594,7596
1789064160,7595.75,7597,7594.25,7595
1789064280,7594.75,7596.5,7594,7596.25
1789064400,7596.25,7598.75,7596,7598.25
1789064520,7598,7600,7598,7598.5
1789064640,7598.5,7599,7596.25,7596.25
1789064760,7596.25,7597.25,7595.25,7596
1789064880,7596,7598.5,7596,7596.75
1789065000,7596.5,7596.5,7594.25,7595.25
1789065120,7595.25,7595.5,7592.25,7592.5
1789065240,7592.5,7596.75,7591.75,7596.5
1789065360,7596.5,7597,7595.25,7596
1789065480,7596,7598.25,7595,7597.75
1789065600,7598,7598.75,7597,7597.75
1789065720,7597.75,7598.25,7596.25,7597
1789065840,7597,7598.25,7595.5,7596
1789065960,7596,7597.25,7595.5,7596
1789066080,7596,7600.5,7593.5,7597
1789066200,7597,7603.5,7595,7601.5
1789066320,7601.25,7603.5,7599.5,7601.25
1789066440,7601.25,7602.25,7598.25,7600
1789066560,7599.75,7600.75,7597,7598
1789066680,7597.75,7598,7596,7597
1789066800,7597,7597,7594,7594.25
1789066920,7594.25,7595.25,7593,7594.75
1789067040,7594.5,7595,7592.5,7593.75
1789067160,7593.5,7596,7593.5,7593.75
1789067280,7594,7599.5,7593.75,7599.25
1789067400,7599.25,7599.25,7595,7595.25
1789067520,7595.25,7599,7594.75,7598
1789067640,7598,7599.25,7596,7596.5
1789067760,7596.5,7597.5,7594.25,7594.25
1789067880,7594.5,7595.5,7593,7594.75
1789068000,7594.75,7596.75,7594.25,7595
1789068120,7595,7595.5,7593,7593.25
1789068240,7593.25,7597.5,7593.25,7595.25
1789068360,7595.5,7596.5,7595.25,7595.75
1789068480,7595.75,7596.25,7594.75,7595.75
1789068600,7595.75,7596.75,7594.25,7596.5
1789068720,7596.75,7598,7595.75,7597.5
1789068840,7597.5,7599.75,7597.5,7597.5
1789068960,7597.75,7598.75,7596.25,7597
1789069080,7597,7601,7596.75,7599.75
1789069200,7599.75,7601.5,7599.5,7600.25
1789069320,7600.5,7602.75,7600.25,7602.25
1789069440,7602.5,7602.5,7599.5,7602
1789069560,7602,7602,7597.75,7599.25
1789069680,7599.25,7601.25,7597.5,7600.75
1789069800,7600.75,7602.75,7597.5,7598.5
1789069920,7598.25,7598.5,7595.75,7598.25
1789070040,7598.25,7600,7596.5,7598.75
1789070160,7599,7599.5,7597.25,7598.5
1789070280,7598.25,7600.5,7596,7598.75
1789070400,7598.5,7599.5,7596.75,7597.5
1789070520,7597.5,7598.75,7596.5,7597
1789070640,7597,7599.25,7595.75,7599
1789070760,7599,7601.25,7599,7600.5
1789070880,7600.5,7602,7600,7601.5
1789071000,7601.25,7606,7599.75,7604.75
1789071120,7604.75,7606,7604,7605
1789071240,7605,7606.25,7604.75,7606
1789071360,7606,7606.5,7603.75,7604.25
1789071480,7604,7605,7603.75,7604.75
1789071600,7604.75,7605.5,7604.5,7605
1789071720,7605.25,7605.25,7604.5,7604.75
1789071840,7604.75,7606.25,7604.75,7605.75
1789071960,7605.75,7605.75,7604.75,7604.75
1789072080,7604.75,7605.25,7603.25,7603.5
1789072200,7603.75,7604,7603.25,7603.5
1789072320,7603.75,7604.5,7603.75,7604.5
1789072440,7604.5,7604.75,7603.75,7604.25
1789072560,7604.25,7604.75,7603.75,7604.5
1789072680,7604.5,7605,7604.25,7604.75
1789072800,7604.75,7605,7604,7604.75
1789072920,7604.75,7605,7604,7604.75
1789073040,7604.5,7604.75,7603.75,7604.75
1789073160,7604.5,7605,7603.75,7604.25
1789073280,7604.25,7605,7604,7604.5
1789073400,7604.25,7605.25,7604,7605
1789073520,7605,7605.5,7604.75,7605.25
1789073640,7605.25,7605.25,7604.5,7604.75
1789073760,7605,7605,7602.75,7602.75
1789073880,7602.75,7603,7599.25,7602
1789077600,7599.5,7603.25,7599.5,7602.5
1789077720,7602.25,7602.75,7600.25,7601.5
1789077840,7601.5,7602.75,7601.5,7602.25
1789077960,7602.25,7603,7600.25,7600.75
1789078080,7601,7602.75,7600.75,7602.5
1789078200,7602.5,7603.75,7602.25,7602.75
1789078320,7603,7603.25,7602,7602.5
1789078440,7602.5,7603.25,7602.25,7602.5
1789078560,7602.5,7603.5,7602.5,7603.5
1789078680,7603.25,7605.25,7603.25,7605
1789078800,7604.75,7607.25,7604.75,7607
1789078920,7607,7607.25,7605.5,7605.75
1789079040,7605.5,7605.5,7603.5,7604
1789079160,7603.75,7603.75,7601.75,7602
1789079280,7601.75,7602.75,7601,7601
1789079400,7601,7602,7600.75,7600.75
1789079520,7601,7601,7600,7600.75
1789079640,7600.75,7601.75,7600.5,7601
1789079760,7600.75,7601.25,7600.5,7601.25
1789079880,7601,7601.25,7600.5,7600.5
1789080000,7600.5,7600.75,7599.25,7600.5
1789080120,7600.75,7600.75,7599,7599.25
1789080240,7599.25,7599.25,7598.75,7599.25
1789080360,7599,7600.25,7598.25,7599.75
1789080480,7599.75,7602,7599.75,7601.25
1789080600,7601.5,7601.5,7600.5,7600.75
1789080720,7600.75,7600.75,7599.5,7599.5
1789080840,7599.5,7600,7599,7599.75
1789080960,7600,7600.25,7598.75,7599
1789081080,7599,7599.75,7599,7599.75
1789081200,7599.5,7601.25,7599.5,7601.25
1789081320,7601.25,7601.25,7599.25,7599.5
1789081440,7599.5,7600.5,7599.25,7600
1789081560,7600.25,7600.5,7600,7600
1789081680,7600,7600.75,7600,7600.75
1789081800,7600.75,7601,7600.25,7600.5
1789081920,7600.25,7600.75,7600.25,7600.75
1789082040,7601,7601.5,7600.75,7601
1789082160,7600.75,7601.75,7600.75,7601.5
1789082280,7601.5,7601.75,7600.75,7601
1789082400,7601.25,7601.5,7600.75,7600.75
1789082520,7600.75,7600.75,7600,7600.25
1789082640,7600.25,7600.25,7599.5,7600
1789082760,7600,7601.5,7600,7600.25
1789082880,7600.25,7600.5,7600,7600.25
1789083000,7600.25,7601.25,7600.25,7600.25
1789083120,7600.5,7601.75,7600.5,7601.75
1789083240,7601.5,7601.5,7600,7600.25
1789083360,7600.5,7601.25,7600.5,7600.5
1789083480,7600.5,7601.25,7600.5,7600.75
1789083600,7600.75,7601,7599.75,7600
1789083720,7600,7601,7600,7600.25
1789083840,7600.25,7601.25,7600.25,7600.5
1789083960,7600.5,7601,7600,7600
1789084080,7600,7600.25,7599.25,7599.25
1789084200,7599.5,7599.5,7598.5,7598.5
1789084320,7598.5,7599.75,7598.25,7598.5
1789084440,7598.5,7598.5,7595.25,7595.5
1789084560,7595.25,7595.75,7595,7595.25
1789084680,7595.25,7595.75,7594.5,7595
1789084800,7595,7599.25,7594.25,7598.25
1789084920,7598.25,7601.25,7597.25,7600.75
1789085040,7600.75,7601.5,7599.5,7601
1789085160,7601,7605.5,7600.5,7605.25
1789085280,7605.25,7606,7603.5,7603.75
1789085400,7603.5,7604.5,7603.25,7603.5
1789085520,7603.75,7606.25,7603.5,7604.5
1789085640,7604.25,7605.75,7603.75,7604.5
1789085760,7604.5,7606,7604.25,7605.75
1789085880,7605.75,7605.75,7603.5,7604.25
1789086000,7604.25,7604.5,7603,7603.75
1789086120,7603.75,7606.25,7603.5,7606.25
1789086240,7606.25,7606.25,7604.75,7605.5
1789086360,7605.25,7608.5,7605.25,7607.75
1789086480,7607.5,7609,7606.75,7608.5
1789086600,7608.5,7608.5,7605.25,7606.25
1789086720,7606.25,7606.25,7605.25,7605.5
1789086840,7605.75,7608.25,7605.75,7608.25
1789086960,7608.5,7611.25,7608,7611
1789087080,7611,7612.25,7610.5,7610.75
1789087200,7610.75,7611,7607.75,7608
1789087320,7608,7608.75,7606.5,7606.75
1789087440,7607,7608.5,7606.5,7608.25
1789087560,7608.25,7609,7607.75,7608.75
1789087680,7608.5,7609.25,7608,7608.5
1789087800,7608.75,7610.75,7608.5,7610
1789087920,7610.25,7611.25,7610.25,7611.25
1789088040,7611.25,7611.75,7610.75,7611
1789088160,7611,7612.5,7611,7612.25
1789088280,7612,7613.75,7612,7613.25
1789088400,7613.25,7614.25,7612.5,7612.75
1789088520,7613,7616.25,7613,7616
1789088640,7615.75,7615.75,7614.5,7614.75
1789088760,7614.75,7614.75,7613.5,7614
1789088880,7613.75,7614.5,7613,7614.25
1789089000,7614.25,7615,7613.75,7615
1789089120,7615,7615.5,7614,7614.5
1789089240,7614.5,7614.5,7612,7612.75
1789089360,7612.75,7612.75,7611.75,7612.25
1789089480,7612.25,7612.75,7611.5,7611.5
1789089600,7611.75,7612,7609.5,7609.75
1789089720,7609.5,7610.25,7609,7609.75
1789089840,7609.5,7610.25,7609.25,7610
1789089960,7609.75,7610.5,7609.25,7610.25
1789090080,7610.25,7611,7609,7609.25
1789090200,7609.25,7610.75,7609,7610.75
1789090320,7610.5,7611.25,7610,7610.25
1789090440,7610.25,7611.25,7609.75,7611
1789090560,7611,7611.5,7609.5,7609.5
1789090680,7609.75,7610.25,7607.75,7608
1789090800,7608,7608,7606.75,7607.5
1789090920,7607.75,7608.25,7607.5,7608
1789091040,7608.25,7608.75,7607,7607.25
1789091160,7607.25,7607.5,7606.75,7607
1789091280,7607.25,7608.25,7607.25,7608
1789091400,7607.75,7608,7607,7607.5
1789091520,7607.5,7608.5,7607.5,7607.75
1789091640,7607.75,7608.25,7607.75,7608
1789091760,7607.75,7609.5,7607.75,7609
1789091880,7609.25,7610,7608.75,7610
1789092000,7610,7611.25,7609.75,7610.75
1789092120,7610.5,7610.5,7608.5,7608.75
1789092240,7608.75,7610.5,7608.75,7609
1789092360,7609,7609.5,7608.5,7608.5
1789092480,7608.75,7610,7608.75,7609
1789092600,7609.25,7610,7609.25,7609.25
1789092720,7609.5,7610.75,7609.25,7610.75
1789092840,7610.5,7610.75,7609,7609.25
1789092960,7609.25,7610,7607.5,7607.75
1789093080,7608,7608.25,7607.5,7608.25
1789093200,7608,7609,7608,7609
1789093320,7608.75,7609,7607.5,7607.5
1789093440,7607.75,7607.75,7606.75,7607
1789093560,7606.75,7607.25,7605,7605.75
1789093680,7605.75,7606.5,7605.5,7606.25
1789093800,7606.25,7606.75,7604.25,7604.25
1789093920,7604,7604.25,7603.25,7603.75
1789094040,7603.75,7604,7603.25,7604
1789094160,7604,7605.25,7604,7604
1789094280,7604,7606,7603.75,7605.5
1789094400,7605.5,7606.5,7605.5,7605.75
1789094520,7605.75,7605.75,7602.25,7603
1789094640,7603.25,7605,7602.5,7602.75
1789094760,7602.75,7604.75,7602.75,7604.25
1789094880,7604.25,7607.5,7603.75,7607.5
1789095000,7607.25,7608,7606.25,7606.5
1789095120,7606.5,7606.75,7604.5,7604.5
1789095240,7604.5,7604.5,7602.75,7603.5
1789095360,7603.75,7604.5,7603.75,7604
1789095480,7604,7604,7603.25,7603.75
1789095600,7603.5,7604,7602,7603.5
1789095720,7603.5,7604.25,7603.5,7603.75
1789095840,7603.5,7603.75,7601.25,7601.5
1789095960,7601.5,7602,7601,7601
1789096080,7601,7602.25,7601,7602
1789096200,7602,7602.5,7600.25,7600.25
1789096320,7600.5,7600.75,7599.75,7600.5
1789096440,7600.75,7602.75,7600.75,7602.25
1789096560,7602.25,7603.5,7601,7602
1789096680,7602,7602.75,7601.5,7602.75
1789096800,7602.75,7603,7600,7600.25
1789096920,7600.25,7600.75,7600,7600.25
1789097040,7600.25,7601,7600.25,7601
1789097160,7601,7602,7600.75,7601.75
1789097280,7601.75,7602.5,7601.25,7601.25
1789097400,7601.25,7601.5,7599.5,7599.75
1789097520,7599.75,7599.75,7597.75,7598.75
1789097640,7598.25,7599.5,7598.25,7599.25
1789097760,7599.25,7601.25,7599.25,7600.75
1789097880,7600.5,7601.75,7600.25,7600.5
1789098000,7600.25,7603.25,7600.25,7602.25
1789098120,7602.25,7604.25,7602.25,7603.75
1789098240,7603.75,7604,7601.75,7602
1789098360,7602.25,7602.25,7600,7600
1789098480,7600.25,7600.75,7599.75,7600.25
1789098600,7600,7600,7599.25,7599.75
1789098720,7599.5,7601.75,7599.25,7601.75
1789098840,7601.5,7602,7600.5,7601.5
1789098960,7601.5,7602.75,7601.5,7602
1789099080,7602,7602.75,7600.75,7601
1789099200,7600.75,7602.25,7599,7599.75
1789099320,7600,7601.25,7598.5,7601.25
1789099440,7601.25,7604.25,7601.25,7603.75
1789099560,7603.75,7604.5,7602.75,7603.5
1789099680,7603.5,7605.75,7603.25,7604.25
1789099800,7604,7605.75,7601.25,7601.5
1789099920,7601.5,7606.25,7601.5,7606.25
1789100040,7606.25,7607.25,7605.75,7606.25
1789100160,7606.25,7606.25,7604.75,7604.75
1789100280,7604.75,7605.75,7604.75,7605.25
1789100400,7605,7608,7605,7607
1789100520,7607,7607.25,7605.5,7606
1789100640,7606,7609.75,7606,7609.5
1789100760,7609.25,7611,7608.75,7610.25
1789100880,7610.5,7611,7610,7610.75
1789101000,7610.75,7612.25,7610.5,7611.75
1789101120,7611.5,7612,7610.25,7610.75
1789101240,7610.75,7611.25,7610,7610.75
1789101360,7610.75,7611.5,7610.5,7611
1789101480,7611,7611.25,7610.5,7610.75
1789101600,7610.75,7611.75,7610.5,7611.5
1789101720,7611.25,7612.25,7611.25,7611.75
1789101840,7612,7612.5,7611.5,7611.75
1789101960,7611.75,7612.5,7611.5,7611.75
1789102080,7611.5,7613,7611.5,7612.75
1789102200,7612.5,7614.5,7612.5,7614.25
1789102320,7613.75,7613.75,7612.25,7612.5
1789102440,7612.5,7613.25,7612,7613.25
1789102560,7613.25,7613.5,7612.75,7612.75
1789102680,7612.75,7612.75,7611,7611.25
1789102800,7611,7611.75,7610.75,7611.75
1789102920,7611.75,7611.75,7610.75,7610.75
1789103040,7610.75,7614.5,7610.75,7614
1789103160,7614,7615,7613.5,7614
1789103280,7614.25,7614.75,7613.5,7614.75
1789103400,7614.75,7616.25,7614.25,7615.75
1789103520,7616,7616,7613.5,7614.25
1789103640,7614,7617,7614,7615.25
1789103760,7615.25,7615.25,7614.25,7614.25
1789103880,7614,7615.25,7613.5,7614.25
1789104000,7614.25,7614.75,7612.75,7613.25
1789104120,7613.25,7615,7613.25,7614.5
1789104240,7614.25,7614.5,7613,7613.25
1789104360,7613.25,7613.25,7612.5,7612.75
1789104480,7612.75,7613.25,7611.5,7612
1789104600,7612,7614.25,7612,7613.5
1789104720,7613.5,7615.5,7613.5,7615.25
1789104840,7615.25,7615.75,7615,7615.75
1789104960,7615.75,7616.25,7614.75,7615.5
1789105080,7615.5,7617.5,7615.25,7617
1789105200,7617,7617.5,7616.75,7617.5
1789105320,7617.5,7619.5,7617.5,7619
1789105440,7619.25,7620.75,7617.5,7618.5
1789105560,7618.75,7622,7618.75,7621.5
1789105680,7621.75,7623,7621.25,7622.75
1789105800,7622.75,7622.75,7621,7622.25
1789105920,7622.25,7624.5,7622.25,7624.5
1789106040,7624.5,7625.75,7624.25,7625.75
1789106160,7625.75,7627,7624.5,7626.5
1789106280,7626.5,7627.5,7625.75,7626
1789106400,7626,7626,7624.75,7625
1789106520,7625.25,7626.5,7625,7625.5
1789106640,7625.5,7625.5,7622.5,7623.25
1789106760,7623.25,7627.75,7623.25,7627.75
1789106880,7628,7629,7625.75,7626
1789107000,7626,7627,7625.75,7626.25
1789107120,7626.25,7626.75,7624.75,7626.5
1789107240,7626.5,7629.5,7625.75,7628.5
1789107360,7628.25,7629,7627.5,7628.5
1789107480,7628.5,7628.5,7626.5,7628
1789107600,7628.25,7628.5,7626.75,7627
1789107720,7626.75,7627.5,7626,7626.5
1789107840,7626.5,7627.5,7625.25,7627
1789107960,7626.75,7627.75,7626.5,7626.75
1789108080,7626.5,7627.5,7626,7627
1789108200,7627,7628.25,7626.25,7627.5
1789108320,7627.5,7629,7624.5,7624.75
1789108440,7624.5,7625.75,7623.75,7625.5
1789108560,7625.25,7627.5,7625,7627
1789108680,7627,7628,7626.75,7627.25
1789108800,7627.25,7627.25,7626,7626.5
1789108920,7626.5,7626.75,7625.25,7625.5
1789109040,7625.25,7628,7625,7627.25
1789109160,7627.5,7631.25,7627.25,7631
1789109280,7631,7632.25,7630.25,7630.5
1789109400,7630.5,7631,7629.5,7630.25
1789109520,7630.5,7631.5,7630.25,7630.75
1789109640,7630.5,7630.75,7629.75,7630.25
1789109760,7630.25,7631.5,7629.75,7631
1789109880,7631,7632,7630.75,7631
1789110000,7631,7632.5,7630,7632.25
1789110120,7632,7632.5,7630.25,7631.5
1789110240,7631.75,7633,7630.75,7632.25
1789110360,7632.5,7632.75,7631.25,7632.5
1789110480,7632.25,7632.25,7630.5,7631.25
1789110600,7631.25,7632.75,7629.75,7631
1789110720,7631,7632.25,7630.25,7630.25
1789110840,7630.25,7630.75,7628.75,7630
1789110960,7630,7631.25,7629.5,7631.25
1789111080,7631.25,7631.5,7629.25,7630
1789111200,7630.25,7631.25,7629.75,7630.5
1789111320,7630.5,7631,7628.75,7630.75
1789111440,7631,7631,7629,7629
1789111560,7629,7629.5,7628,7629
1789111680,7629,7629,7627,7627
1789111800,7627,7629,7627,7627.75
1789111920,7627.75,7628,7626.25,7626.75
1789112040,7626.75,7627,7625.5,7626.25
1789112160,7626.25,7628,7626,7627.5
1789112280,7627.5,7628,7626.75,7627.25
1789112400,7627.25,7627.5,7625.25,7627.25
1789112520,7627,7627.25,7626.5,7627
1789112640,7627,7627,7625.5,7626
1789112760,7626,7626.5,7625.5,7626.25
1789112880,7626,7626.25,7624.5,7625
1789113000,7624.75,7625.75,7624.75,7624.75
1789113120,7624.75,7626.25,7624.75,7625.75
1789113240,7625.75,7626.75,7625.25,7625.75
1789113360,7625.75,7627.5,7625.75,7626.5
1789113480,7626.5,7626.75,7626,7626.75
1789113600,7626.75,7630,7626.75,7629.5
1789113720,7629.25,7630.25,7625.75,7625.75
1789113840,7626,7626.5,7625,7625.5
1789113960,7625.5,7626.5,7625.25,7625.75
1789114080,7625.5,7626.5,7623.5,7624.25
1789114200,7624.25,7627,7623.25,7624
1789114320,7624,7628,7624,7628
1789114440,7628,7628.5,7626.25,7626.75
1789114560,7626.75,7630,7626,7629.25
1789114680,7629.5,7631,7628.25,7628.5
1789114800,7628.5,7629.5,7628.25,7629
1789114920,7629,7630.75,7628.5,7630.5
1789115040,7630.5,7644.25,7630.5,7634.25
1789115160,7634.25,7634.25,7631.5,7632
1789115280,7632,7632.25,7630.5,7631.25
1789115400,7631.25,7637.5,7631.25,7637
1789115520,7637,7638,7636.5,7637.25
1789115640,7637.25,7637.5,7635,7635.75
1789115760,7635.75,7636.5,7635.5,7635.75
1789115880,7636,7636.75,7634.5,7634.75
1789116000,7635,7635.75,7634.5,7635.5
1789116120,7635.5,7636,7634.75,7635.25
1789116240,7635,7636,7633.5,7635.25
1789116360,7635.25,7637.5,7635,7636
1789116480,7635.75,7637.5,7635.75,7636.5
1789116600,7636.5,7640.5,7636.5,7640
1789116720,7640,7642.25,7639.5,7642.25
1789116840,7642.25,7642.25,7640,7640.75
1789116960,7640.75,7643,7640.75,7642.25
1789117080,7642.25,7643.75,7642,7643.75
1789117200,7643.75,7647.75,7643.25,7646.25
1789117320,7646.5,7646.75,7643,7643
1789117440,7643,7643.5,7641.75,7641.75
1789117560,7641.75,7642.75,7641.25,7642
1789117680,7642,7642,7639.25,7639.25
1789117800,7639.25,7639.25,7638,7639
1789117920,7639.25,7640,7638.5,7639
1789118040,7639.25,7639.25,7636.5,7637.25
1789118160,7637.25,7638.75,7637.25,7638.25
1789118280,7638,7639.75,7638,7639.25
1789118400,7639.25,7640.25,7638.5,7639.25
1789118520,7639.25,7639.75,7638.75,7639.25
1789118640,7639.5,7639.75,7638.75,7639
1789118760,7639,7639.75,7639,7639.25
1789118880,7639.25,7639.5,7638.5,7638.75
1789119000,7638.75,7640,7638.5,7639
1789119120,7639,7640.25,7639,7639.25
1789119240,7639.25,7640,7639.25,7639.75
1789119360,7639.75,7640.25,7639,7639.25
1789119480,7639.25,7640.25,7639,7640
1789119600,7639.75,7640.75,7639.25,7639.5
1789119720,7639.5,7640.5,7639.25,7639.5
1789119840,7639.25,7639.75,7639,7639
1789119960,7639,7641,7638.75,7640
1789120080,7639.75,7640.25,7639.25,7640
1789120200,7640,7640.5,7639.5,7639.5
1789120320,7639.25,7640.25,7639.25,7639.5
1789120440,7639.5,7640.25,7639.5,7640
1789120560,7640,7641.25,7639.75,7641
1789120680,7641.25,7642.25,7640.75,7641
1789120800,7640.75,7642.75,7640.5,7642.5
1789120920,7642.5,7644,7635.5,7644
1789121040,7644.25,7645.25,7643,7643
1789121160,7643,7643.75,7643,7643.5
1789121280,7643.5,7644.25,7643.25,7643.75
1789121400,7643.75,7644,7642,7642.5
1789121520,7642.5,7642.75,7641.5,7641.5
1789121640,7641.5,7642.5,7641.25,7641.75
1789121760,7641.75,7643.5,7641.5,7642.5
1789121880,7642.5,7643,7642.25,7642.5
1789122000,7642.25,7642.5,7640.5,7641.25
1789122120,7641.25,7643.25,7640.25,7641
1789122240,7641.25,7642.25,7641,7642
1789122360,7642,7642,7639.75,7640
1789122480,7640,7641,7640,7640.75
1789122600,7640.75,7641.75,7640.25,7641.25
1789122720,7641.25,7642,7641,7641.5
1789122840,7641.25,7643.5,7641.25,7643
1789122960,7642.75,7643,7640.75,7640.75
1789123080,7640.75,7641.75,7640.5,7641.75
1789123200,7641.75,7641.75,7640.75,7641
1789123320,7641.25,7641.5,7640.25,7640.25
1789123440,7640.5,7640.75,7639.75,7639.75
1789123560,7640,7640,7638.25,7638.25
1789123680,7638.5,7639,7638,7638.75
1789123800,7638.75,7639.75,7638.5,7639.5
1789123920,7639.5,7639.5,7638.5,7638.75
1789124040,7638.75,7639,7638,7638.75
1789124160,7638.75,7639.5,7638,7638.5
1789124280,7638.5,7639.25,7638.25,7638.5
1789124400,7638.75,7639.25,7638,7638
1789124520,7638,7639.5,7637.75,7639.5
1789124640,7639.25,7639.5,7637.25,7637.75
1789124760,7637.5,7637.75,7636,7636.25
1789124880,7636.5,7636.75,7635.5,7636.5
1789125000,7636.25,7637.25,7635.75,7636.25
1789125120,7636.25,7637.25,7636.25,7636.75
1789125240,7636.75,7637,7635.5,7635.75
1789125360,7636,7637.25,7636,7637.25
1789125480,7637.25,7638.75,7636.75,7638.5
1789125600,7638.75,7638.75,7637.25,7638.25
1789125720,7638,7638,7636,7637.25
1789125840,7637.5,7641.25,7637.25,7640
1789125960,7640,7640.75,7639.5,7639.5
1789126080,7639.75,7639.75,7638.25,7639.5
1789126200,7639.5,7640.5,7639,7639.5
1789126320,7639.25,7640.5,7638.5,7638.5
1789126440,7638.75,7639,7635.75,7636.5
1789126560,7636.25,7638,7635.75,7638
1789126680,7638,7638.5,7637.25,7638
1789126800,7637.75,7639.25,7637.5,7639
1789126920,7638.75,7640,7638.75,7639.75
1789127040,7639.75,7641.5,7639.75,7641.25
1789127160,7641.25,7641.25,7638,7638
1789127280,7638,7641.25,7637.75,7641
1789127400,7641,7641,7639.75,7640.5
1789127520,7640.5,7640.5,7639,7639.75
1789127640,7640,7640.5,7639.5,7640.25
1789127760,7640,7642.5,7640,7641.75
1789127880,7641.75,7642,7640.5,7640.75
1789128000,7640.75,7641.25,7639.75,7640.25
1789128120,7640.5,7640.5,7637.5,7640
1789128240,7640,7640.25,7639,7640
1789128360,7640,7640.25,7638.25,7638.5
1789128480,7638.75,7640.25,7638.5,7640.25
1789128600,7640.5,7642.25,7639.25,7642
1789128720,7642,7644,7639.25,7640
1789128840,7640.25,7642.25,7640.25,7642
1789128960,7642.25,7644.25,7642,7644.25
1789129080,7644.25,7645.75,7644,7644.5
1789129200,7644.75,7646,7644.25,7645
1789129320,7644.75,7646.75,7644.5,7645.75
1789129440,7645.75,7646,7642.75,7644.5
1789129560,7644.5,7650.25,7644,7649.25
1789129680,7649.5,7657.5,7648.75,7653.75
1789129800,7653.5,7655.25,7620.5,7635.25
1789129920,7635.25,7645.5,7631.75,7644.5
1789130040,7644.75,7645.5,7640.25,7643.25
1789130160,7643.25,7650,7642.5,7646.25
1789130280,7646.5,7650.5,7645.75,7647.75
1789130400,7647.5,7650,7646,7648.5
1789130520,7648.25,7649,7645.5,7646.75
1789130640,7647,7647.5,7644.75,7646
1789130760,7646,7654.25,7646,7653.5
1789130880,7653.5,7658.25,7653.25,7656
1789131000,7656,7661.75,7655.5,7661
1789131120,7661,7668,7660.5,7666.75
1789131240,7666.5,7671,7666.25,7670.5
1789131360,7670.25,7673,7669.25,7672.5
1789131480,7672.75,7677.5,7671.25,7676.25
1789131600,7676.25,7683.5,7675.75,7680.75
1789131720,7680.75,7680.75,7676.5,7677.25
1789131840,7677.5,7679,7675.5,7678.75
1789131960,7679,7680.25,7674.5,7674.5
1789132080,7674.75,7674.75,7671.25,7673.5
1789132200,7673.25,7674.5,7671,7671.25
1789132320,7671.5,7672.25,7666.25,7666.5
1789132440,7666.25,7669,7665.5,7666
1789132560,7666,7668.75,7665.75,7666.5
1789132680,7666.5,7669,7665.25,7665.75
1789132800,7665.75,7668.25,7665.75,7667.25
1789132920,7667,7668,7666,7666.75
1789133040,7666.75,7667.5,7664.5,7666
1789133160,7666,7668.25,7664.75,7664.75
1789133280,7665,7673,7665,7665
1789133400,7665,7666,7659.75,7663.25
1789133520,7663.25,7673,7662.75,7672.25
1789133640,7672.25,7677.75,7670.75,7677
1789133760,7677.25,7677.75,7672.75,7675.75
1789133880,7675.75,7676.25,7671.5,7673.5
1789134000,7673.25,7676.5,7664.25,7671.75
1789134120,7672,7672,7668.25,7670.75
1789134240,7670.5,7673,7667,7670.5
1789134360,7670.5,7677,7667.5,7669.5
1789134480,7669.25,7670.75,7665.75,7667.75
1789134600,7667.5,7670.75,7666,7668.5
1789134720,7668.5,7670,7664.75,7669
1789134840,7669,7672.25,7666.25,7672
1789134960,7672,7676.75,7671.75,7675.75
1789135080,7675.5,7682,7674.25,7681
1789135200,7681,7681.25,7674,7674
1789135320,7674.25,7676.25,7672,7673.75
1789135440,7674,7674.5,7668.75,7668.75
1789135560,7669,7671,7667,7669
1789135680,7669.25,7672,7668,7672
1789135800,7672,7674.75,7667.5,7670.25
1789135920,7670.25,7672,7664.5,7670.25
1789136040,7670.25,7670.75,7665,7667.75
1789136160,7667.75,7669,7664,7666
1789136280,7666,7675.5,7665.75,7674.75
1789136400,7675,7677.25,7673.5,7676.25
1789136520,7676.25,7678.25,7675.25,7676
1789136640,7676,7677,7673.75,7674.5
1789136760,7674.75,7678.25,7673.5,7676.75
1789136880,7676.75,7678.75,7674.75,7675
1789137000,7675,7676,7668.25,7668.25
1789137120,7668.25,7670.25,7665.25,7668.25
1789137240,7668,7669,7662.5,7663.75
1789137360,7663.5,7664.75,7661.75,7663.25
1789137480,7663.5,7664,7657.75,7660.5
1789137600,7660.5,7665,7660.5,7661.75
1789137720,7661.75,7662.75,7656.5,7656.5
1789137840,7656.5,7659.25,7656,7659.25
1789137960,7659.25,7659.5,7653.25,7654.75
1789138080,7654.5,7665.5,7654.25,7664.5
1789138200,7664.5,7665,7659.75,7662
1789138320,7662,7662.75,7658.25,7659.25
1789138440,7659,7659,7654.25,7655.25
1789138560,7655.25,7658.5,7654.5,7658
1789138680,7658.25,7659.5,7655,7657.25
1789138800,7657.25,7660.5,7655.25,7660.25
1789138920,7660.25,7663.5,7658.25,7663.5
1789139040,7663.25,7667.5,7660.25,7667
1789139160,7667,7670.25,7667,7669.75
1789139280,7669.5,7669.5,7665.5,7666.5
1789139400,7666.5,7667.25,7663,7664.25
1789139520,7664.25,7665,7658.5,7661.25
1789139640,7661.25,7669.5,7661,7669.5
1789139760,7669.25,7672,7668.25,7671.25
1789139880,7671.25,7673.25,7670.25,7671.5
1789140000,7671.5,7673.5,7670.75,7672.75
1789140120,7672.75,7674.5,7671.5,7673
1789140240,7673.25,7676.75,7673.25,7674.5
1789140360,7674.75,7680.25,7674.5,7680
1789140480,7679.75,7680,7676.75,7677.5
1789140600,7677.5,7678.25,7675,7676.25
1789140720,7676,7679.25,7676,7677.25
1789140840,7677.5,7677.5,7674,7675.25
1789140960,7675.25,7676.75,7673.75,7674.25
1789141080,7674.25,7678.25,7673.75,7677
1789141200,7677.25,7679,7676.25,7678.5
1789141320,7678.25,7680.5,7677.5,7678.75
1789141440,7679,7679.75,7677.25,7678
1789141560,7678,7678,7676,7676.5
1789141680,7676.5,7678.25,7675.25,7676.75
1789141800,7676.75,7677.5,7675.5,7676.25
1789141920,7676,7676,7672.75,7672.75
1789142040,7672.75,7673.75,7671.75,7671.75
1789142160,7671.75,7676,7671.5,7674
1789142280,7674,7675.75,7673.75,7675
1789142400,7674.75,7678.25,7674.75,7677.5
1789142520,7677.75,7679.75,7676.75,7676.75
1789142640,7677,7680,7677,7679
1789142760,7679,7679.5,7675.75,7676
1789142880,7675.75,7677,7675.25,7676.75
1789143000,7677,7678,7676,7676.25
1789143120,7676.5,7676.5,7673.25,7673.25
1789143240,7673.25,7674.25,7672.5,7673
1789143360,7673,7673.5,7671.5,7672.25
1789143480,7672.25,7673.5,7671.75,7672.75
1789143600,7672.75,7674,7671.5,7671.5
1789143720,7671.75,7672,7670.25,7671.25
1789143840,7671.25,7672.75,7670.5,7671.25
1789143960,7671,7673.75,7670.25,7672
1789144080,7671.75,7673,7666.25,7667
1789144200,7667,7670.5,7665.75,7668.25
1789144320,7668.5,7674.75,7666.75,7674.75
1789144440,7674.75,7675.5,7671.5,7671.5
1789144560,7671.5,7672,7669.25,7670.25
1789144680,7670.25,7670.5,7666.75,7667
1789144800,7667,7669.75,7666.25,7669.75
1789144920,7669.75,7670.75,7667.25,7670.25
1789145040,7670.25,7672.5,7670,7672.25
1789145160,7672.25,7673.75,7672,7673.25
1789145280,7673.25,7673.5,7670.75,7671
1789145400,7670.75,7673.5,7670.75,7671
1789145520,7671,7672.25,7670.5,7671.5
1789145640,7671.5,7673.75,7671.5,7671.75
1789145760,7671.75,7673.25,7671.75,7672.25
1789145880,7672.5,7674.5,7672.25,7674.25
1789146000,7674.25,7676.5,7673.25,7673.5
1789146120,7673.75,7676,7673.25,7675.75
1789146240,7675.75,7676,7673.75,7674.25
1789146360,7674.5,7678.75,7673.75,7674.25
1789146480,7674.5,7675.75,7674.25,7675
1789146600,7675,7676.75,7673.75,7674.25
1789146720,7674,7675.5,7673.25,7673.75
1789146840,7673.75,7674.75,7673,7674
1789146960,7674,7676,7673.5,7676
1789147080,7675.75,7677,7675,7676.75
1789147200,7677,7678.25,7676.5,7676.5
1789147320,7676.5,7679.75,7676.5,7679.25
1789147440,7679.5,7681,7678.75,7679.5
1789147560,7679.5,7680,7678.75,7678.75
1789147680,7678.75,7679.25,7677,7677.5
1789147800,7677.75,7680,7676.75,7679.75
1789147920,7679.75,7680.25,7677.75,7678.5
1789148040,7678.5,7679.25,7676.25,7676.5
1789148160,7676.5,7677.75,7676.5,7677.25
1789148280,7677,7677.25,7675.5,7676
1789148400,7675.75,7677.75,7675.5,7676.25
1789148520,7676.25,7677.5,7675.5,7677.25
1789148640,7677.25,7677.25,7675.5,7676.25
1789148760,7676,7676.5,7675,7676.25
1789148880,7676,7677.25,7675,7676.75
1789149000,7676.75,7677,7676,7676.75
1789149120,7676.5,7677.5,7676.5,7676.75
1789149240,7676.5,7677,7675.25,7676
1789149360,7676,7676.25,7675,7675.25
1789149480,7675,7676,7674,7674.75
1789149600,7675,7676.5,7674.5,7676
1789149720,7676.25,7677.5,7676,7677
1789149840,7676.75,7677.75,7674.75,7675
1789149960,7675.25,7676,7674.75,7675
1789150080,7674.75,7675,7673.5,7674.5
1789150200,7674.75,7675,7673.5,7674.25
1789150320,7674.25,7674.5,7673,7673.25
1789150440,7673.25,7674,7672.75,7673.25
1789150560,7673.5,7674.25,7673.25,7673.75
1789150680,7674,7675,7673,7673.75
1789150800,7673.5,7673.75,7668.75,7671
1789150920,7670.75,7672,7670.25,7670.5
1789151040,7670.5,7672,7670.25,7670.5
1789151160,7670.75,7671.75,7669.75,7671
1789151280,7671,7673.25,7670.75,7672
1789151400,7672,7673.5,7669,7669.25
1789151520,7669.5,7671.5,7669.25,7671.25
1789151640,7671.25,7672.5,7670.75,7671.75
1789151760,7671.5,7673.25,7671.25,7671.25
1789151880,7671.25,7671.25,7670,7670.5
1789152000,7670.5,7671.75,7670.5,7671
1789152120,7671.25,7671.25,7668.75,7669
1789152240,7669,7669.75,7668.5,7668.75
1789152360,7668.5,7671.5,7668.25,7670.25
1789152480,7670.25,7671.25,7667.5,7668.25
1789152600,7668,7669.5,7668,7668.75
1789152720,7669,7669.25,7668,7668.75
1789152840,7668.75,7669.75,7667.75,7669.25
1789152960,7669,7670.25,7668.5,7668.75
1789153080,7668.5,7669.25,7667,7668
1789153200,7668,7669,7667.5,7668.75
1789153320,7668.75,7669,7668,7668.75
1789153440,7668.5,7669.5,7668.25,7668.75
1789153560,7668.75,7669,7666,7666.5
1789153680,7666.5,7666.75,7664.75,7665.25
1789153800,7665.25,7665.25,7663,7665.25
1789153920,7665.25,7666.25,7664.75,7665.75
1789154040,7666,7667.75,7665.5,7666.75
1789154160,7666.5,7668.25,7666.25,7667.5
1789154280,7667.5,7668.5,7667,7667.5
1789154400,7667.5,7668,7666.5,7667.75
1789154520,7667.75,7669,7667.25,7668.5
1789154640,7668.5,7669.75,7668.5,7669
1789154760,7669,7670.5,7668.25,7668.5
1789154880,7668.75,7669.25,7667.5,7667.75
1789155000,7667.75,7668.75,7666.75,7667.25
1789155120,7667.5,7667.75,7666.5,7666.75
1789155240,7667,7667.75,7666,7666.5
1789155360,7666.75,7667.25,7666,7667
1789155480,7666.75,7667.25,7666,7666.5
1789155600,7666.75,7667,7666.25,7666.5
1789155720,7666.75,7668,7666.5,7667
1789155840,7667,7668,7666.5,7667
1789155960,7667,7667.25,7664.5,7665.5
1789156080,7665.25,7665.75,7664.5,7664.5
1789156200,7664.75,7664.75,7661.75,7662.5
1789156320,7662.5,7665.5,7661.75,7662.5
1789156440,7662.75,7665.5,7662.25,7663.5
1789156560,7663.25,7663.25,7662,7662.75
1789156680,7662.5,7664.5,7657.5,7659
1789156800,7658.75,7661.25,7658.5,7660.5
1789156920,7660.5,7660.75,7659.5,7660.75
1789157040,7660.5,7661.5,7660,7660.5
1789157160,7660.75,7661.75,7660.5,7661
1789157280,7661.25,7661.25,7660.75,7661.25
1789157400,7661.25,7662,7659.75,7660.5
1789157520,7660.25,7660.5,7659.5,7659.75
1789157640,7659.75,7661.25,7659.75,7660.25
1789157760,7660.25,7660.5,7659.75,7660.25
1789157880,7660.25,7660.25,7659.75,7660
1789158000,7660,7661.5,7660,7661.5
1789158120,7661.25,7661.75,7661,7661.5
1789158240,7661.5,7661.75,7661,7661.5
1789158360,7661.25,7661.5,7660.5,7660.75
1789158480,7660.75,7661.25,7660.75,7661
1789158600,7661,7661.75,7660.75,7661.75
1789158720,7661.75,7663.5,7661.75,7663.5
1789158840,7663.25,7663.25,7662.25,7662.25
1789158960,7662.25,7662.75,7662,7662
1789159080,7662,7662.75,7661.75,7661.75
1789159200,7662,7662.25,7661.75,7661.75
1789159320,7661.75,7662,7660,7660.75
1789159440,7660.5,7661.25,7660.25,7660.5
1789159560,7660.75,7661,7660,7660.25
1789159680,7660.25,7660.5,7659.75,7660.25
1789159800,7660.25,7660.75,7660,7660.5
1789159920,7660.75,7661,7660.25,7661
1789160040,7661.25,7661.5,7660.75,7661
1789160160,7660.75,7661,7660.25,7660.75
1789160280,7660.5,7661.25,7660,7660.75
1789336800,7609.25,7623,7604.25,7621
1789336920,7620.75,7625.75,7618.25,7618.5
1789337040,7618.75,7620.75,7615.5,7615.5
1789337160,7615.5,7617.75,7612,7616.75
1789337280,7616.75,7617,7608,7609.5
1789337400,7609.5,7611.5,7607.75,7608.75
1789337520,7608.75,7611,7607.75,7609
1789337640,7609.25,7613.75,7609.25,7612
1789337760,7612,7612.75,7610.25,7611.5
1789337880,7611.25,7613.5,7609.25,7613.5
1789338000,7613.25,7615.75,7612.5,7614.25
1789338120,7614.25,7615.25,7612.5,7613
1789338240,7612.75,7615.5,7612.25,7615.5
1789338360,7615.5,7618.25,7614.75,7617.25
1789338480,7617,7619,7617,7619
1789338600,7618.5,7621.25,7618.5,7619.5
1789338720,7619.5,7621.75,7618.25,7621.5
1789338840,7621.25,7622.75,7620.25,7620.75
1789338960,7620.5,7622,7619.5,7621.5
1789339080,7621,7621,7619,7620.75
1789339200,7620.5,7620.5,7618.5,7619.5
1789339320,7619.5,7619.75,7617.25,7618.75
1789339440,7618.5,7619.25,7616.75,7619.25
1789339560,7619.25,7619.25,7617.75,7618.5
1789339680,7618.25,7618.75,7617.75,7618.25
1789339800,7618.25,7619.75,7618,7619.25
1789339920,7619.25,7619.75,7619,7619.75
1789340040,7619.5,7620,7618.75,7620
1789340160,7619.5,7620.75,7618.5,7620.25
1789340280,7619.75,7620.25,7618,7618.5
1789340400,7618.75,7619.75,7618.25,7619
1789340520,7619,7619,7617.5,7618
1789340640,7618,7618.25,7617.5,7618
1789340760,7617.75,7618.5,7617.5,7618
1789340880,7618,7619.25,7618,7619
1789341000,7619,7619.75,7619,7619.5
1789341120,7619.25,7619.5,7619,7619.5
1789341240,7619.5,7620.25,7619.5,7619.75
1789341360,7619.75,7620,7619.25,7619.25
1789341480,7619.25,7619.5,7619,7619.25
1789341600,7619.25,7619.25,7619,7619
1789341720,7619.25,7622.25,7619.25,7622
1789341840,7622,7624.75,7622,7624
1789341960,7624,7624.25,7623,7623.5
1789342080,7623.25,7624.75,7622.75,7624.75
1789342200,7624.5,7625.5,7624.25,7624.75
1789342320,7624.75,7624.75,7624,7624.5
1789342440,7624.75,7625,7621,7621.5
1789342560,7621.5,7621.5,7618.25,7619.25
1789342680,7619.25,7621.5,7619,7619.75
1789342800,7620,7620.75,7619.5,7620
1789342920,7619.75,7620.5,7617.75,7618.75
1789343040,7619,7619.25,7616.75,7617.25
1789343160,7617.25,7617.25,7616.25,7616.75
1789343280,7617,7617.5,7616.25,7616.75
1789343400,7616.75,7617.5,7616.25,7617
1789343520,7617.25,7619.25,7617,7619.25
1789343640,7619,7619.5,7616.25,7616.75
1789343760,7616.5,7616.5,7614.75,7615.5
1789343880,7615.5,7617,7615,7615.5
1789344000,7615.25,7618.25,7614.5,7617.75
1789344120,7617.75,7620,7617.25,7619.25
1789344240,7619,7620.25,7617.75,7620
1789344360,7619.75,7622.25,7619.75,7621.75
1789344480,7622,7623,7621.5,7622.5
1789344600,7622,7622.25,7619.75,7620.5
1789344720,7621,7623.25,7620.5,7622
1789344840,7621.75,7622.5,7620,7621.75
1789344960,7621.75,7622,7620,7622
1789345080,7622.25,7623,7621.25,7621.25
1789345200,7621.5,7621.5,7619.5,7619.5
1789345320,7619.5,7621,7619.25,7620.75
1789345440,7620.5,7621,7618.5,7618.75
1789345560,7618.5,7620,7617.75,7619.25
1789345680,7619,7620,7618,7620
1789345800,7620,7622,7619.75,7622
1789345920,7622.25,7622.5,7621,7621.5
1789346040,7621.5,7621.75,7620.25,7620.5
1789346160,7620.5,7621.5,7619.75,7620
1789346280,7620,7620,7619.25,7619.75
1789346400,7620,7620.25,7619.25,7619.75
1789346520,7619.75,7621.25,7619.5,7621.25
1789346640,7621.25,7624,7621.25,7622.25
1789346760,7622.25,7623.25,7622,7623
1789346880,7622.75,7624.25,7622.75,7623.25
1789347000,7623,7624.25,7622.75,7623.75
1789347120,7623.75,7624,7622.5,7623.75
1789347240,7624,7624.25,7623.5,7623.75
1789347360,7624.25,7624.5,7623.25,7623.25
1789347480,7623,7623,7621,7621.5
1789347600,7621.75,7622.75,7620.5,7622.5
1789347720,7622.5,7624.25,7622.25,7623.5
1789347840,7623.25,7623.75,7622.25,7623
1789347960,7623,7623.5,7622.25,7623.25
1789348080,7623.25,7624.5,7622.75,7624.5
1789348200,7624.25,7625.75,7624.25,7624.25
1789348320,7624.25,7624.25,7622,7622
1789348440,7622,7623.25,7621.75,7622.25
1789348560,7622.25,7622.25,7620.75,7621.75
1789348680,7621.5,7622.25,7621,7621.25
1789348800,7621.25,7621.5,7620.5,7620.75
1789348920,7620.75,7621.25,7620,7620.25
1789349040,7620.5,7622.75,7620.25,7621.5
1789349160,7621.75,7623.5,7621.25,7623.25
1789349280,7623.25,7624,7622.5,7623.5
1789349400,7623.5,7624,7623,7623.5
1789349520,7623.25,7623.5,7622,7622
1789349640,7622,7624,7621.5,7624
1789349760,7624.25,7625,7624.25,7624.25
1789349880,7624.25,7627,7624.25,7626.75
1789350000,7626.75,7627.75,7626,7627.5
1789350120,7627.25,7627.25,7626,7626.25
1789350240,7626.75,7627.25,7626.25,7627
1789350360,7627,7630,7627,7630
1789350480,7629.75,7630.5,7629.5,7630.25
1789350600,7630.25,7631,7630,7630.75
1789350720,7630.75,7632,7630.25,7631.75
1789350840,7631.75,7632.25,7631.75,7632
1789350960,7632.25,7634.5,7632,7633.75
1789351080,7634,7634.5,7632.75,7632.75
1789351200,7633,7634,7632.75,7633.5
1789351320,7633.5,7633.5,7631.75,7632
1789351440,7631.75,7632.5,7631.5,7632.5
1789351560,7632.5,7633.75,7631.75,7633.75
1789351680,7633.5,7633.5,7632.75,7633.25
1789351800,7632.75,7633.75,7632.5,7633
1789351920,7633.25,7633.5,7632.5,7632.75
1789352040,7632.75,7633,7632,7632.5
1789352160,7632.25,7633,7632.25,7632.25
1789352280,7632.25,7632.5,7631.5,7632.25
1789352400,7632.5,7633.25,7632.25,7632.5
1789352520,7632.5,7633,7632.5,7632.75
1789352640,7632.5,7632.75,7631.75,7632.5
1789352760,7632.5,7632.75,7632,7632
1789352880,7632.25,7632.5,7632,7632
1789353000,7632,7633,7631.5,7632.75
1789353120,7632.75,7632.75,7632.25,7632.25
1789353240,7632.5,7632.5,7631,7631.25
1789353360,7631.25,7632.75,7631,7631.75
1789353480,7632,7632,7631.25,7631.25
1789353600,7631.25,7631.5,7629.5,7629.75
1789353720,7629.75,7630.5,7629,7630.25
1789353840,7630.25,7631.25,7629,7631.25
1789353960,7631.25,7631.75,7630.75,7631.5
1789354080,7631.25,7631.5,7631,7631.25
1789354200,7631.5,7632,7631.5,7631.75
1789354320,7631.5,7632,7630.75,7631.25
1789354440,7631.25,7631.75,7629.75,7629.75
1789354560,7629.75,7630.25,7629.5,7630
1789354680,7630,7630,7629.25,7629.5
1789354800,7629.5,7629.5,7628,7628
1789354920,7628.25,7628.5,7627.5,7627.75
1789355040,7627.75,7628,7626.75,7627.25
1789355160,7627.25,7627.75,7626.75,7627.75
1789355280,7628,7628.25,7627.25,7627.5
1789355400,7627.75,7627.75,7625.75,7626
1789355520,7626.25,7626.25,7625.25,7625.75
1789355640,7625.75,7626.5,7625.25,7625.75
1789355760,7625.75,7625.75,7624,7624.25
1789355880,7624.5,7625,7624.5,7625
1789356000,7625,7625.25,7624.75,7625
1789356120,7625,7625.5,7624.25,7625
1789356240,7624.75,7625.25,7624.75,7625
1789356360,7624.75,7625.25,7624.5,7625
1789356480,7625.25,7626.5,7625.25,7626.5
1789356600,7626.25,7626.25,7624,7624.25
1789356720,7624.25,7624.75,7623.25,7624
1789356840,7623.75,7624.75,7623.75,7624
1789356960,7623.75,7624.25,7623.5,7624.25
1789357080,7624,7624.25,7623.5,7623.75
1789357200,7624,7624.25,7623,7623
1789357320,7623,7623,7622.25,7622.75
1789357440,7623,7623,7622.25,7623
1789357560,7623,7623.25,7621.75,7622.5
1789357680,7622,7623.75,7622,7622.75
1789357800,7622.5,7623.25,7622,7622.75
1789357920,7622.75,7624,7622.75,7623.25
1789358040,7623.5,7623.75,7623.25,7623.25
1789358160,7623.25,7623.25,7622.5,7622.5
1789358280,7622.75,7622.75,7622,7622.25
1789358400,7622.5,7623.75,7622.25,7623.5
1789358520,7623.5,7624,7622.75,7624
1789358640,7624,7624.25,7623.25,7623.5
1789358760,7623.75,7624.25,7623.5,7623.75
1789358880,7623.75,7623.75,7622.5,7623
1789359000,7623,7623,7620.75,7622
1789359120,7622,7622,7621.25,7621.75
1789359240,7621.75,7621.75,7621,7621.5
1789359360,7621.5,7621.75,7620.75,7621.5
1789359480,7621.5,7622.25,7621.25,7622
1789359600,7622.25,7622.25,7621.25,7621.75
1789359720,7621.75,7621.75,7621.25,7621.5
1789359840,7621.5,7622.75,7621.5,7622.25
1789359960,7622.5,7622.75,7622.25,7622.5
1789360080,7622.5,7622.75,7621.75,7622
1789360200,7622,7622,7620,7620.25
1789360320,7620.5,7620.75,7619.5,7620
1789360440,7619.75,7620.5,7619.25,7620.5
1789360560,7620.5,7620.5,7619.25,7619.75
1789360680,7619.5,7622,7619.25,7622
1789360800,7622.25,7622.75,7621.75,7622
1789360920,7622,7622,7620.5,7620.5
1789361040,7620.25,7621,7619.5,7621
1789361160,7620.5,7621.5,7620.5,7621
1789361280,7620.75,7622.5,7620.75,7622
1789361400,7622.25,7623.25,7621.5,7621.75
1789361520,7622,7622.5,7620.5,7620.5
1789361640,7620.5,7621,7620.25,7621
1789361760,7620.75,7621.25,7619.5,7619.75
1789361880,7620,7620.25,7620,7620.25
1789362000,7620.25,7620.75,7620,7620.25
1789362120,7620.25,7620.5,7619.5,7620.5
1789362240,7620.75,7621,7620.25,7620.5
1789362360,7620.75,7621.25,7620,7621
1789362480,7621.25,7621.25,7620.25,7620.25
1789362600,7620,7620.25,7618.75,7619.25
1789362720,7619.25,7620,7618.5,7619.5
1789362840,7619.75,7620.5,7619.75,7620
1789362960,7620,7620,7618.75,7619
1789363080,7618.75,7619,7618.5,7618.75
1789363200,7618.75,7618.75,7617.25,7617.25
1789363320,7617.5,7617.75,7616.5,7616.5
1789363440,7616.5,7617.5,7616,7617.5
1789363560,7617.5,7619.5,7617.25,7619.5
1789363680,7619.5,7619.75,7618.25,7618.75
1789363800,7618.75,7619.25,7617.75,7618
1789363920,7618.25,7619.75,7618.25,7619.25
1789364040,7619.5,7619.5,7618.25,7619.25
1789364160,7619.25,7619.5,7618,7619.25
1789364280,7619.5,7620.25,7619,7619
1789364400,7619,7619.25,7616.75,7616.75
1789364520,7617,7617,7615.25,7616
1789364640,7616,7617.75,7615.75,7616.75
1789364760,7616.5,7617.5,7616.25,7616.75
1789364880,7616.75,7616.75,7615.5,7616
1789365000,7615.75,7616.5,7615.5,7616
1789365120,7616,7617.25,7616,7617.25
1789365240,7617.25,7619.75,7617,7619
1789365360,7618.75,7619.25,7617.75,7618.5
1789365480,7618.25,7620.25,7618.25,7620
1789365600,7620,7622.5,7619.75,7622.5
1789365720,7622.5,7623.25,7621.5,7621.75
1789365840,7622,7623,7622,7622
1789365960,7622,7623.5,7621.5,7623.5
1789366080,7623.25,7623.5,7622.25,7622.75
1789366200,7622.5,7624.75,7622,7623.75
1789366320,7623.75,7624,7622.5,7623
1789366440,7623,7623.75,7622.5,7623.25
1789366560,7623.5,7624.25,7623.25,7623.5
1789366680,7623.25,7623.75,7622.75,7623.5
1789366800,7623.25,7624,7621.75,7622.25
1789366920,7622,7622.25,7621,7622
1789367040,7622.25,7623.5,7622.25,7622.75
1789367160,7622.75,7623.75,7622,7622.25
1789367280,7622.5,7622.75,7621,7621
1789367400,7621,7621,7618.25,7618.25
1789367520,7618.25,7618.5,7617,7617.5
1789367640,7617.5,7617.75,7616.25,7616.25
1789367760,7616.25,7617.5,7616,7616.25
1789367880,7616,7617.25,7616,7616.75
1789368000,7616.5,7617.25,7615.75,7616.5
1789368120,7616.5,7616.5,7612.25,7612.5
1789368240,7612.5,7615.5,7612.25,7614.75
1789368360,7614.75,7615.25,7614.25,7614.75
1789368480,7614.75,7615.25,7612,7612
1789368600,7612.25,7612.75,7611.5,7612
1789368720,7611.75,7614.25,7611.75,7613
1789368840,7613,7613.75,7612.25,7612.75
1789368960,7612.75,7612.75,7606.25,7608.5
1789369080,7608.75,7610.75,7608.75,7609.5
1789369200,7609.75,7610.75,7607.25,7608.5
1789369320,7608.25,7611,7608,7608.75
1789369440,7608.75,7615.25,7608.5,7614.25
1789369560,7614,7615,7611.5,7612.25
1789369680,7612.25,7613.25,7611.5,7613.25
1789369800,7613.25,7613.5,7611.25,7613.25
1789369920,7613,7614,7611.75,7613.75
1789370040,7613.75,7615.5,7613.5,7613.5
1789370160,7614,7615.25,7613.5,7614.5
1789370280,7614.5,7614.5,7612,7612.75
1789370400,7612.5,7612.75,7610.75,7612.75
1789370520,7612.75,7614.5,7612.5,7614.5
1789370640,7614.5,7615.25,7612,7612.25
1789370760,7612,7613.5,7611,7612
1789370880,7612,7612.75,7610.75,7611.25
1789371000,7611.25,7613,7610.75,7612.5
1789371120,7612,7612,7610.5,7611.5
1789371240,7611.5,7612,7610.5,7611.25
1789371360,7611,7611.5,7610,7610.5
1789371480,7610.75,7611,7609.5,7610.25
1789371600,7610.25,7611.25,7608.75,7609.25
1789371720,7609.25,7609.25,7606.5,7607
1789371840,7606.75,7607.5,7605.25,7606
1789371960,7605.75,7606.5,7604.5,7606.25
1789372080,7606.25,7608.25,7606.25,7607.75
1789372200,7608,7608.25,7605.75,7606
1789372320,7605.75,7605.75,7604,7604.75
1789372440,7605,7606.5,7604.75,7606.5
1789372560,7606.25,7607.75,7606.25,7607.5
1789372680,7607.5,7609,7606.75,7608.5
1789372800,7608.75,7609.75,7607.5,7607.75
1789372920,7608,7611.25,7607.25,7611
1789373040,7611.25,7613.25,7610,7612.25
1789373160,7612.25,7613.5,7610.5,7611.5
1789373280,7611.25,7613,7611.25,7613
1789373400,7613.25,7613.25,7610.5,7610.75
1789373520,7610.75,7610.75,7608.25,7608.25
1789373640,7608.25,7610.75,7608.25,7608.75
1789373760,7608.75,7609.75,7608.75,7609.25
1789373880,7609,7609,7606.25,7607.5
1789374000,7607.25,7609,7607.25,7608.5
1789374120,7608.5,7608.75,7606.75,7607.25
1789374240,7607.5,7607.5,7606.25,7607
1789374360,7606.75,7607,7605.75,7606.5
1789374480,7606.5,7606.75,7603.5,7603.75
1789374600,7603.75,7606.75,7603.75,7605.75
1789374720,7605.5,7606.75,7605,7605.5
1789374840,7605.75,7608,7604.75,7608
1789374960,7607.75,7609.25,7606.5,7608.5
1789375080,7608.5,7609,7607.75,7609
1789375200,7609.5,7610.75,7607,7609.5
1789375320,7609.5,7610.25,7607.75,7608
1789375440,7608,7609,7606.5,7607
1789375560,7606.75,7607,7604.75,7605
1789375680,7605,7605.25,7600,7604.75
1789375800,7604.75,7605.25,7604,7605
1789375920,7605.25,7606.5,7603.25,7603.5
1789376040,7603.5,7604.5,7602,7604
1789376160,7603.75,7604,7602,7603
1789376280,7603.25,7608.25,7603.25,7608.25
1789376400,7608,7609.75,7607,7609.25
1789376520,7609.25,7609.5,7607.25,7608
1789376640,7608,7608.25,7606.25,7606.5
1789376760,7606.5,7607,7606,7606.25
1789376880,7606.25,7607.75,7605.5,7606.25
1789377000,7606.25,7607.5,7602.5,7603
1789377120,7603,7603.25,7599.25,7600.5
1789377240,7600.5,7601.25,7598,7599.25
1789377360,7599.5,7600,7598.5,7599.75
1789377480,7599.5,7600.25,7597.5,7598.25
1789377600,7598.25,7599,7596.5,7597.25
1789377720,7597.25,7597.5,7596.25,7596.5
1789377840,7596.5,7597,7593.75,7594.75
1789377960,7594.75,7597.5,7594.5,7597.5
1789378080,7597.5,7600.5,7597.5,7599.25
1789378200,7599,7601,7599,7599.5
1789378320,7599.5,7601.25,7598.5,7600.25
1789378440,7600.75,7600.75,7597.25,7597.75
1789378560,7597.75,7598.5,7597.5,7598.25
1789378680,7598.25,7598.75,7595.25,7596
1789378800,7596,7599.25,7595,7596.25
1789378920,7596.25,7597.75,7595.5,7595.75
1789379040,7595.75,7595.75,7594.25,7595.5
1789379160,7595.5,7596,7594.75,7595.75
1789379280,7595.75,7597.75,7595,7595.5
1789379400,7595.5,7596.25,7594.5,7595.5
1789379520,7595.5,7598,7595.5,7598
1789379640,7597.75,7598.75,7596.75,7597
1789379760,7596.75,7597.5,7595.5,7596.75
1789379880,7596.75,7596.75,7594.75,7596.5
1789380000,7596.5,7598,7596.25,7596.75
1789380120,7596.75,7598.75,7596.25,7597
1789380240,7597.25,7598.5,7597,7598.5
1789380360,7598.75,7599.25,7597.25,7597.75
1789380480,7597.75,7598.5,7597,7598.25
1789380600,7598.25,7599,7597.5,7599
1789380720,7599,7600.75,7599,7600
1789380840,7600,7600,7598.5,7598.75
1789380960,7599,7599,7596.25,7596.75
1789381080,7596.75,7597.75,7596.5,7597.75
1789381200,7598,7602.25,7597.75,7601.75
1789381320,7601.75,7602.5,7601.25,7601.75
1789381440,7601.75,7603.25,7601.75,7603
1789381560,7603.25,7603.25,7602.5,7602.75
1789381680,7603,7604.5,7602.75,7604
1789381800,7604,7605,7603.25,7604
1789381920,7604,7605.5,7603.25,7605
1789382040,7604.5,7605.75,7604.5,7605.75
1789382160,7605.5,7607.25,7605.5,7606.5
1789382280,7606.5,7607,7605.25,7605.25
1789382400,7605.5,7607.75,7605.25,7607.75
1789382520,7608,7609,7607.5,7607.5
1789382640,7607.25,7608.75,7606.75,7608.25
1789382760,7608.5,7608.75,7607.5,7608.75
1789382880,7608.75,7609.75,7608.5,7608.75
1789383000,7609,7609.5,7608.75,7609.25
1789383120,7609,7609,7607.5,7607.5
1789383240,7607.25,7608.25,7606,7608.25
1789383360,7608.5,7610.25,7608.25,7609
1789383480,7609,7610.75,7609,7609.25
1789383600,7609.25,7610,7607,7609.5
1789383720,7609.5,7611.25,7608,7609.75
1789383840,7610,7612.75,7609.25,7611.25
1789383960,7611,7613,7611,7612
1789384080,7612.25,7613,7611.5,7612.25
1789384200,7612.5,7613.5,7609.75,7613
1789384320,7612.75,7613.75,7612.75,7613
1789384440,7613,7613.5,7611.75,7612.75
1789384560,7612.75,7613.75,7612.5,7613.75
1789384680,7613.5,7613.75,7613,7613.5
1789384800,7613.25,7614.75,7612.5,7613
1789384920,7613,7615,7612.75,7614.25
1789385040,7614.5,7615.25,7614.25,7614.75
1789385160,7614.75,7616.25,7614.75,7615.75
1789385280,7615.75,7617.5,7615.75,7616.5
1789385400,7616.75,7617.75,7616.25,7616.5
1789385520,7616.5,7617.25,7614.75,7615.5
1789385640,7615.25,7615.25,7612.75,7612.75
1789385760,7612.75,7613,7610.5,7612.75
1789385880,7612.5,7614.75,7612.25,7614
1789386000,7614.25,7615.5,7613.5,7614
1789386120,7614,7617.5,7613.75,7616.25
1789386240,7616.25,7617.25,7613.75,7616.25
1789386360,7616,7616.5,7615.25,7616
1789386480,7615.75,7616.75,7613.75,7616
1789386600,7615.75,7616,7612.75,7614.5
1789386720,7614.25,7614.25,7611.75,7612.25
1789386840,7612.25,7614.5,7612,7613.75
1789386960,7613.75,7614,7611.25,7612.25
1789387080,7612.25,7612.25,7611.25,7611.5
1789387200,7611.5,7611.75,7608.75,7609.5
1789387320,7609.75,7610.25,7608.5,7608.5
1789387440,7608.5,7608.5,7606.75,7607.5
1789387560,7607.5,7610.25,7606.75,7609.5
1789387680,7609.25,7610.25,7608.5,7610
1789387800,7609.75,7612,7609.75,7611.5
1789387920,7611.25,7612,7608.5,7608.5
1789388040,7608.75,7611.75,7608.25,7611.5
1789388160,7611.5,7615,7609.75,7614.25
1789388280,7614.25,7614.25,7610,7610.75
1789388400,7611,7612.5,7609.5,7610
1789388520,7610,7611.5,7609,7611.25
1789388640,7611.25,7611.25,7608.5,7608.75
1789388760,7608.75,7609.25,7607.5,7608.75
1789388880,7608.5,7610.75,7608.5,7610
1789389000,7610,7612.5,7608.25,7611.75
1789389120,7611.75,7611.75,7606.75,7607
1789389240,7607.25,7607.5,7600,7600.75
1789389360,7601,7602.75,7599.25,7599.5
1789389480,7599.5,7602.5,7596.5,7601.25
1789389600,7601.25,7603.5,7597,7601.5
1789389720,7601.75,7607.25,7601.5,7606.25
1789389840,7606.5,7609.5,7606.5,7607
1789389960,7606.5,7606.75,7603.75,7606.25
1789390080,7606.25,7606.25,7604.25,7606
1789390200,7606,7607.75,7605.25,7605.5
1789390320,7605.5,7605.75,7604,7605.25
1789390440,7605,7605.25,7602,7602
1789390560,7601.75,7603.5,7601.25,7603.25
1789390680,7603.5,7607,7602.75,7606.5
1789390800,7606.5,7606.75,7602,7602.25
1789390920,7602.5,7604,7598.75,7599.25
1789391040,7599.25,7602,7597.75,7601.25
1789391160,7601.25,7601.25,7596.75,7597
1789391280,7597,7599,7596.5,7599
1789391400,7599,7604.5,7598.5,7604
1789391520,7604,7604.75,7602.25,7604.75
1789391640,7604.5,7607,7604.5,7606
1789391760,7606,7608.5,7605.25,7607.75
1789391880,7608,7608.75,7606.5,7607.75
1789392000,7607.5,7609.25,7607,7608.5
1789392120,7608.5,7609.25,7607.75,7608.25
1789392240,7608.25,7609,7606.5,7607.25
1789392360,7607,7609,7606,7607
1789392480,7606.75,7608.75,7605.75,7606.5
1789392600,7606.5,7608.5,7602.25,7604.75
1789392720,7604.5,7607.75,7604,7604.25
1789392840,7604.25,7605.25,7602.25,7604
1789392960,7604,7604.25,7601.25,7602.25
1789393080,7602.25,7603.5,7601,7602
1789393200,7602,7607.25,7601,7607
1789393320,7606.75,7610.25,7606.5,7608.75
1789393440,7608.75,7613.5,7608.75,7611.25
1789393560,7611.25,7615.75,7611.25,7615.75
1789393680,7616,7622.25,7614.75,7619.25
1789393800,7619.25,7622.25,7617,7617.25
1789393920,7617.25,7622.25,7617,7620.75
1789394040,7620.75,7620.75,7615.25,7616.25
1789394160,7616.25,7617,7614,7616.5
1789394280,7616.5,7618.25,7613.5,7615.75
1789394400,7615.75,7622,7615.25,7621.5
1789394520,7621.25,7621.5,7617.5,7618.75
1789394640,7618.5,7621.25,7618.5,7619.5
1789394760,7619.5,7625.5,7619.25,7625.25
1789394880,7625.25,7627,7624.25,7624.75
1789395000,7624.5,7626.25,7622.5,7623
1789395120,7623,7623.25,7620,7622.25
1789395240,7622.25,7623.5,7620.25,7620.25
1789395360,7620.25,7620.75,7616.5,7616.75
1789395480,7616.75,7617.25,7613.75,7614.5
1789395600,7614.5,7614.5,7608.5,7609
1789395720,7609.25,7609.75,7607.25,7608.25
1789395840,7608.25,7608.25,7601.5,7601.75
1789395960,7602,7602.25,7597.75,7601
1789396080,7601.25,7604.25,7600.25,7604
1789396200,7604,7605.25,7601,7603
1789396320,7603,7605,7601.75,7605
1789396440,7605,7607,7602,7602.5
1789396560,7602.5,7603.75,7599.25,7600.75
1789396680,7600.75,7601,7598.75,7600.75
1789396800,7600.5,7600.5,7596.75,7597.75
1789396920,7597.75,7601,7597.25,7598.75
1789397040,7598.5,7605,7598.25,7605
1789397160,7605,7606.5,7600.5,7601.75
1789397280,7601.75,7603.75,7600.75,7602.5
1789397400,7602.25,7602.75,7599,7600.5
1789397520,7600.5,7600.5,7597,7597.25
1789397640,7597,7598.75,7595.25,7597
1789397760,7596.75,7599.25,7595.25,7599
1789397880,7599,7601.75,7598,7601.5
1789398000,7601.5,7601.75,7597.75,7600.25
1789398120,7600.25,7602.25,7598.5,7601.25
1789398240,7601,7612.25,7597.5,7606.75
1789398360,7606.75,7615,7605.5,7608.75
1789398480,7608.5,7609.5,7605.5,7607.25
1789398600,7607.5,7608.25,7603.75,7604
1789398720,7604,7606,7603.75,7605.5
1789398840,7605.5,7606.5,7601,7603.75
1789398960,7603.5,7608.5,7601.25,7606.5
1789399080,7606.25,7608,7605.75,7606.75
1789399200,7606.75,7608.25,7605.75,7607.25
1789399320,7607.25,7610,7606.75,7609.25
1789399440,7609,7612.5,7608.75,7610
1789399560,7610,7615,7609.5,7612.25
1789399680,7612.25,7613.75,7611.75,7612
1789399800,7612,7613.75,7610.25,7611.25
1789399920,7611.5,7622,7610.75,7621.5
1789400040,7621.5,7626.75,7620.75,7623
1789400160,7623,7627.75,7620.5,7627
1789400280,7627.25,7629.5,7625.5,7628.5
1789400400,7628.5,7633,7626.5,7632.75
1789400520,7632.5,7636.5,7630.25,7636.25
1789400640,7636,7638.75,7634.75,7635
1789400760,7635,7635.25,7632,7632.75
1789400880,7633,7634.25,7630.75,7631
1789401000,7631,7632.25,7629.25,7632
1789401120,7632,7635.25,7631.5,7634.75
1789401240,7634.75,7635,7632.75,7634
1789401360,7634,7635.5,7633.25,7635
1789401480,7635,7636.75,7633.75,7634.25
1789401600,7634.25,7635.75,7630.75,7631
1789401720,7631,7632.25,7629.75,7631.75
1789401840,7631.75,7631.75,7628.5,7629.75
1789401960,7629.75,7631.5,7629.5,7630.5
1789402080,7630.5,7630.75,7628.5,7630.5
1789402200,7630.25,7632.75,7630,7631.5
1789402320,7631.25,7633,7631,7631.25
1789402440,7631.25,7638,7630.5,7637.25
1789402560,7637.25,7639.75,7636.75,7639.5
1789402680,7639.5,7641,7639,7640.25
1789402800,7640.25,7640.25,7636.75,7637.5
1789402920,7637.5,7641,7636.75,7641
1789403040,7641,7642.75,7638.25,7638.5
1789403160,7638.5,7639,7635.25,7637.5
1789403280,7637.25,7637.25,7635.5,7636.75
1789403400,7636.5,7640.75,7636,7637.25
1789403520,7637.25,7639.75,7636.25,7638.5
1789403640,7638.5,7639.25,7634.75,7635.25
1789403760,7635.5,7637.5,7635.25,7636.5
1789403880,7636.25,7638,7635.75,7637
1789404000,7637,7638,7635.5,7637.75
1789404120,7637.5,7638.75,7636,7638.25
1789404240,7638,7639.5,7636.75,7637.75
1789404360,7637.75,7645.75,7637.25,7643
1789404480,7643,7651.5,7643,7649.25
1789404600,7649.25,7650.25,7647.5,7650
1789404720,7650,7652,7648.75,7649
1789404840,7649.25,7649.25,7646,7646.5
1789404960,7646.5,7647,7643,7643.5
1789405080,7643.5,7645,7642,7645
1789405200,7645.25,7646.75,7643.5,7644
1789405320,7643.75,7645,7641.5,7642.5
1789405440,7642.5,7643.75,7642,7642.75
1789405560,7642.75,7644.25,7641,7641.25
1789405680,7641.5,7641.5,7639.5,7640.75
1789405800,7641,7643.5,7640.25,7642.25
1789405920,7642.5,7645,7640,7640
1789406040,7640,7640.5,7637,7638.25
1789406160,7638.25,7639,7637,7637.5
1789406280,7637.5,7637.75,7635.25,7636.75
1789406400,7636.75,7640,7636.5,7638
1789406520,7638,7640.5,7637.75,7639.5
1789406640,7639.25,7641,7638.5,7639
1789406760,7638.75,7640.25,7638,7640.25
1789406880,7640.25,7643.5,7639.5,7643.5
1789407000,7643.5,7644.5,7641.5,7643
1789407120,7643,7645,7641.25,7642.25
1789407240,7642.25,7643.5,7641.5,7641.75
1789407360,7641.75,7643.5,7641.75,7643.5
1789407480,7643.5,7644.75,7643.5,7644.5
1789407600,7644.5,7644.5,7642,7642.25
1789407720,7642,7643.25,7641.5,7643.25
1789407840,7643.25,7644,7641.75,7642.25
1789407960,7642.25,7644,7642,7643.75
1789408080,7643.75,7644.5,7642.5,7642.5
1789408200,7642.75,7643.75,7642.25,7642.75
1789408320,7643,7644.75,7643,7643.5
1789408440,7643.5,7644.75,7643.5,7644
1789408560,7644.25,7644.75,7642.25,7642.75
1789408680,7642.75,7643.25,7639.75,7639.75
1789408800,7640,7644.5,7639.75,7641.25
1789408920,7641.25,7641.5,7638,7638.5
1789409040,7638.75,7639.5,7637.25,7638.75
1789409160,7639,7640.5,7638.5,7640.25
1789409280,7640.25,7642.25,7640.25,7640.75
1789409400,7640.5,7641,7639.25,7639.25
1789409520,7639.25,7639.25,7638,7638.25
1789409640,7638.25,7641.25,7638.25,7640.5
1789409760,7640.5,7640.5,7638.25,7639
1789409880,7639,7639.5,7638,7639
1789410000,7639,7639.75,7638.25,7638.25
1789410120,7638.25,7638.5,7637.5,7637.75
1789410240,7637.75,7638.5,7637.25,7638
1789410360,7638,7638.25,7636.25,7636.5
1789410480,7636.5,7637,7635.5,7636.75
1789410600,7636.5,7638,7636,7636.5
1789410720,7636.5,7639.5,7636.5,7639
1789410840,7639,7640,7638.25,7639.5
1789410960,7639.25,7641.25,7639.25,7640.5
1789411080,7640.5,7640.75,7639.5,7639.75
1789411200,7639.75,7641.25,7639,7641
1789411320,7640.75,7641.75,7639.75,7641.25
1789411440,7641,7641.25,7640,7640.5
1789411560,7640.5,7640.75,7637.25,7639.5
1789411680,7639.5,7642,7639.25,7641.75
1789411800,7641.5,7641.75,7640,7640.25
1789411920,7640.25,7641.25,7640,7640.75
1789412040,7640.5,7640.5,7639,7640.25
1789412160,7640.5,7641,7639.25,7639.25
1789412280,7639.25,7639.25,7637.5,7638
1789412400,7638,7638.75,7635.5,7636.25
1789412520,7636.25,7636.75,7635.75,7636.5
1789412640,7636.5,7637.25,7634.5,7634.75
1789412760,7634.75,7635.25,7634,7634.25
1789412880,7634,7636.5,7632.5,7635
1789413000,7635,7636,7635,7635.5
1789413120,7635.75,7637,7635.75,7636
1789413240,7636,7637.75,7634.75,7635.5
1789413360,7635.25,7636,7634.75,7635.5
1789413480,7635.75,7636.25,7634.5,7635.5
1789413600,7635.5,7636,7634,7634
1789413720,7634.25,7634.25,7633,7633.75
1789413840,7633.75,7635.25,7633.5,7633.75
1789413960,7634,7635,7633.75,7634
1789414080,7634.25,7635.25,7634,7634
1789414200,7634,7636,7633.75,7635.5
1789414320,7635.5,7636,7634,7634.5
1789414440,7634.5,7634.75,7632.5,7633
1789414560,7633,7634,7632.5,7633.25
1789414680,7633.25,7633.75,7633,7633
1789414800,7633,7634.25,7632.75,7633.25
1789414920,7633.25,7633.75,7632.5,7632.75
1789415040,7632.75,7634,7632.5,7634
1789415160,7634,7635.25,7633.5,7634.25
1789415280,7634,7634.5,7632.75,7634
1789415400,7634,7635.5,7630.25,7630.75
1789415520,7630.75,7632,7628,7629.25
1789415640,7629.25,7630,7625,7626.75
1789415760,7626.75,7629,7625.75,7628.75
1789415880,7628.5,7630.5,7623.5,7624.75
1789416000,7624.75,7626.75,7623,7623.75
1789416120,7623.75,7624,7622.75,7623.5
1789416240,7623.5,7624.75,7623,7623.75
1789416360,7623.75,7624.5,7623,7624.5
1789416480,7624.25,7624.5,7623.25,7623.5
1789416600,7623.5,7624.25,7623,7624.25
1789416720,7624.25,7625.25,7623.75,7624.75
1789416840,7624.75,7625.25,7623.5,7623.5
1789416960,7623.5,7623.75,7622,7623
1789417080,7623,7624.5,7623,7624.5
1789417200,7624.5,7626.25,7624.5,7625.5
1789417320,7625.5,7626.25,7625.25,7626.25
1789417440,7626,7627.25,7625.75,7627
1789417560,7627,7627,7626.5,7627
1789417680,7627.25,7627.75,7627,7627.75
1789417800,7627.75,7628,7626.5,7626.5
1789417920,7626.5,7627,7626,7626.75
1789418040,7626.75,7627.5,7626.5,7627.25
1789418160,7627.25,7627.25,7626.75,7627.25
1789418280,7627.25,7627.5,7627,7627.25
1789418400,7627.25,7627.75,7626.75,7627.25
1789418520,7627.25,7627.25,7626.75,7627.25
1789418640,7627.5,7628.25,7627,7627.75
1789418760,7627.75,7629.5,7627.75,7629.25
1789418880,7629.25,7630.5,7629.25,7630.25
1789419000,7630.25,7631.5,7630,7631
1789419120,7631,7631.25,7630.5,7631
1789419240,7631,7631.5,7630.75,7631.25
1789419360,7631.25,7632.25,7630.5,7632
1789419480,7631.75,7632.5,7631.25,7632.25
1789423200,7699.25,7700.25,7696,7697
1789423320,7697.25,7698,7696.75,7697.5
1789423440,7697.75,7698,7695.5,7695.75
1789423560,7696,7697.5,7695.75,7696
1789423680,7696.25,7697,7695.75,7696
1789423800,7696.25,7696.75,7696,7696
1789423920,7696,7697,7696,7696.75
1789424040,7696.5,7697.5,7696.5,7697
1789424160,7696.75,7696.75,7695,7696
1789424280,7696,7696.75,7695.5,7696.25
1789424400,7696.5,7696.75,7696,7696.5
1789424520,7696.5,7696.5,7696.25,7696.25
1789424640,7696,7696.25,7695.75,7696
1789424760,7696,7696,7695,7695.25
1789424880,7695.25,7696.5,7695,7696.25
1789425000,7696.5,7697,7696.25,7697
1789425120,7697,7697.25,7696.75,7697
1789425240,7697,7697.25,7697,7697
1789425360,7697,7697.25,7696.5,7697
1789425480,7696.75,7696.75,7696.25,7696.25
1789425600,7696.25,7696.25,7695.75,7695.75
1789425720,7695.5,7696.25,7695.5,7696
1789425840,7696,7696.5,7695.5,7696.5
1789425960,7696.75,7697.25,7696.5,7697
1789426080,7696.75,7697.5,7696.75,7697.5
1789426200,7697.5,7698.5,7697.5,7698.25
1789426320,7698.5,7698.5,7697.5,7698
1789426440,7698,7698.25,7697.5,7697.5
1789426560,7697.5,7697.75,7697.25,7697.5
1789426680,7697.5,7697.5,7696.75,7696.75
1789426800,7696.75,7697,7695.75,7696
1789426920,7696,7696.25,7694.75,7696
1789427040,7695.75,7696,7695.5,7695.75
1789427160,7695.75,7695.75,7695.25,7695.75
1789427280,7695.75,7696.25,7695.75,7696.25
1789427400,7696.25,7696.5,7696,7696.25
1789427520,7696.5,7697.5,7696.5,7697.25
1789427640,7697,7697.25,7697,7697
1789427760,7697,7697,7695.75,7695.75
1789427880,7695.5,7696.25,7694.75,7695
1789428000,7695,7695.5,7694.5,7695.5
1789428120,7695.5,7696.5,7695.5,7696.5
1789428240,7696.25,7696.25,7696,7696
1789428360,7696,7696.75,7696,7696
1789428480,7696.25,7696.25,7695,7695
1789428600,7695,7696,7694.75,7695.75
1789428720,7696,7696.25,7695.5,7695.5
1789428840,7695.5,7696,7694.75,7696
1789428960,7696,7696,7695.5,7695.5
1789429080,7695.5,7696.75,7695.5,7696.5
1789429200,7696.5,7697,7696,7696.5
1789429320,7696.25,7696.75,7695.25,7695.75
1789429440,7696,7696.25,7694.75,7695.5
1789429560,7695.75,7696.75,7695,7695.5
1789429680,7695.25,7695.75,7695.25,7695.5
1789429800,7695.5,7695.5,7695.25,7695.5
1789429920,7695.25,7695.25,7694,7694.5
1789430040,7694.5,7695.25,7694.25,7695
1789430160,7695,7696.25,7694.75,7695
1789430280,7695,7696.5,7695,7696
1789430400,7696,7697.5,7694.75,7694.75
1789430520,7694.75,7695.25,7693.25,7694
1789430640,7693.75,7694.75,7692,7693.25
1789430760,7693.25,7695,7692,7694.75
1789430880,7695,7696.75,7695,7696.25
1789431000,7696.25,7696.25,7694,7695
1789431120,7694.75,7696.5,7694.75,7696
1789431240,7696,7696.5,7694.75,7695.25
1789431360,7695,7695.25,7692.75,7693.25
1789431480,7693.5,7694.5,7692.75,7694
1789431600,7693.75,7695.25,7692.75,7694.75
1789431720,7694.75,7695.5,7694.75,7695.25
1789431840,7695,7696.5,7694.75,7696.25
1789431960,7696.25,7696.5,7694.5,7694.5
1789432080,7694.5,7695.5,7694.5,7694.75
1789432200,7695,7695.75,7694.75,7695.25
1789432320,7695.5,7695.5,7694.5,7695.25
1789432440,7695,7695,7694,7695
1789432560,7695.25,7696.75,7695.25,7696
1789432680,7696,7697.5,7696,7697.25
1789432800,7697.5,7699,7697.5,7698.75
1789432920,7698.75,7700.25,7698.75,7699.75
1789433040,7699.75,7700,7698.75,7698.75
1789433160,7698.75,7698.75,7697.25,7697.25
1789433280,7697.5,7699,7697.25,7698.75
1789433400,7698.5,7699.75,7698.5,7699
1789433520,7699,7700.5,7699,7700
1789433640,7700,7700,7699,7700
1789433760,7700,7700,7698.75,7699
1789433880,7699,7699,7697.25,7697.75
1789434000,7697.5,7698.25,7696.25,7697.75
1789434120,7697.75,7699.5,7696.25,7699.5
1789434240,7699.5,7700.75,7698.75,7698.75
1789434360,7698.75,7699.25,7697.25,7697.75
1789434480,7698,7699.75,7698,7698.75
1789434600,7698.5,7699.75,7698.5,7699.5
1789434720,7699.75,7700.5,7699.5,7699.75
1789434840,7699.75,7700.5,7699.5,7700.25
1789434960,7700.5,7701,7700.25,7700.5
1789435080,7700.5,7700.75,7699.75,7700.25
1789435200,7700,7700.5,7699.75,7700
1789435320,7700.25,7700.25,7699.5,7699.5
1789435440,7699.5,7700,7699.5,7699.75
1789435560,7699.75,7699.75,7698.5,7698.5
1789435680,7698.5,7698.75,7697.75,7698
1789435800,7698.25,7698.25,7697,7698.25
1789435920,7698,7698.25,7697,7697.5
1789436040,7697.25,7697.25,7694.25,7694.25
1789436160,7694.25,7694.75,7693,7693.5
1789436280,7693.5,7695,7693.25,7694.25
1789436400,7694.25,7694.25,7690.75,7690.75
1789436520,7690.75,7692.25,7690,7692
1789436640,7692,7692.5,7690.75,7691.5
1789436760,7691.75,7692.25,7691,7691.75
1789436880,7691.75,7693.5,7691.75,7693.5
1789437000,7693.5,7693.5,7690.75,7691.25
1789437120,7691,7695,7690.5,7695
1789437240,7695,7695,7693.25,7694.75
1789437360,7694.75,7694.75,7693.25,7693.25
1789437480,7693.25,7693.5,7692.75,7693.5
1789437600,7693.25,7695,7692.75,7694.75
1789437720,7694.75,7695.25,7693.5,7693.75
1789437840,7693.75,7694.75,7693.5,7693.75
1789437960,7693.75,7694,7692.75,7693.25
1789438080,7693.25,7694.25,7693,7694
1789438200,7694,7694.25,7693.25,7693.75
1789438320,7693.75,7694.5,7693.25,7693.5
1789438440,7693.5,7693.75,7692.25,7693.25
1789438560,7693.5,7693.5,7692.75,7692.75
1789438680,7693,7693,7692,7692
1789438800,7692.25,7692.75,7691.5,7691.5
1789438920,7691.5,7692.5,7691.5,7692
1789439040,7692,7693.25,7692,7693
1789439160,7693.25,7693.5,7692.5,7692.75
1789439280,7692.5,7692.75,7692.25,7692.5
1789439400,7692.5,7693.5,7692,7692.5
1789439520,7692.5,7692.5,7691.75,7691.75
1789439640,7692,7692.75,7691.75,7692
1789439760,7692,7692.75,7690.75,7691
1789439880,7691,7691.5,7690.5,7691.5
1789440000,7691.5,7692,7691.25,7691.25
1789440120,7691.25,7691.75,7690,7691.75
1789440240,7691.75,7692,7690.5,7691
1789440360,7690.5,7690.75,7690,7690.5
1789440480,7690.5,7691.75,7690.5,7691.5
1789440600,7691.5,7691.75,7689.75,7690.25
1789440720,7690.5,7691.5,7690.25,7691.25
1789440840,7691.75,7691.75,7690.5,7691.5
1789440960,7691.5,7692,7691,7691.25
1789441080,7691.25,7691.25,7690.25,7690.5
1789441200,7690.25,7691.75,7690,7691.25
1789441320,7691.25,7691.5,7690.5,7690.5
1789441440,7690.25,7690.5,7689.25,7689.5
1789441560,7689.5,7689.5,7688.5,7688.75
1789441680,7689,7689,7688.5,7688.5
1789441800,7688.25,7688.5,7687.75,7688
1789441920,7688.25,7689,7688,7689
1789442040,7688.75,7689.25,7688.25,7689
1789442160,7689,7689,7688,7688.25
1789442280,7688.25,7688.75,7688,7688
1789442400,7688,7688.5,7687.75,7688.25
1789442520,7688.25,7688.5,7687.75,7688
1789442640,7688,7688,7687.75,7687.75
1789442760,7687.75,7688.25,7687.25,7688
1789442880,7688,7688.25,7687.5,7688
1789443000,7688,7688,7687,7687.5
1789443120,7687.5,7688.5,7687.5,7688
1789443240,7688,7688.75,7687.75,7688.75
1789443360,7688.5,7688.75,7687.25,7687.5
1789443480,7687.5,7688,7687.25,7687.5
1789443600,7687.5,7687.75,7687.25,7687.25
1789443720,7687.5,7687.75,7687.25,7687.5
1789443840,7687.25,7688.5,7687,7687.5
1789443960,7687.5,7687.5,7686.5,7686.5
1789444080,7686.5,7686.5,7685.75,7686.5
1789444200,7686.5,7686.5,7685.75,7686
1789444320,7685.75,7686.25,7685.5,7686
1789444440,7686,7686,7682.5,7683
1789444560,7683,7683.25,7681.75,7682.25
1789444680,7682.25,7682.5,7681.75,7682.25
1789444800,7682,7682.25,7681,7681.75
1789444920,7681.75,7681.75,7680.5,7681.25
1789445040,7681.25,7683.5,7681.25,7683.5
1789445160,7683.5,7684.5,7682.25,7682.5
1789445280,7682.5,7682.5,7681.5,7682
1789445400,7682,7682.75,7681,7681.25
1789445520,7681,7681.5,7680.5,7680.5
1789445640,7680.5,7681,7679.5,7680.5
1789445760,7680.5,7680.5,7679.75,7680.25
1789445880,7680.25,7680.5,7679.5,7679.75
1789446000,7680,7680.25,7678.25,7678.25
1789446120,7678.25,7678.5,7677.5,7677.5
1789446240,7677.5,7677.5,7676.25,7676.5
1789446360,7676.5,7676.5,7675.5,7675.5
1789446480,7675.5,7675.75,7674.25,7675.5
1789446600,7675.75,7676.75,7675.25,7676.25
1789446720,7676.5,7676.5,7674.75,7674.75
1789446840,7675,7675.75,7675,7675
1789446960,7675,7675,7671.75,7672
1789447080,7672,7674,7672,7673.25
1789447200,7673.5,7675.75,7673,7675.5
1789447320,7675.5,7677,7675.5,7676.25
1789447440,7676.25,7676.25,7674.25,7675
1789447560,7674.75,7675.5,7674.25,7675.5
1789447680,7675.25,7676.75,7674.75,7675
1789447800,7674.75,7675,7672,7672
1789447920,7672.25,7672.25,7670.75,7671.5
1789448040,7671.75,7672.75,7671.25,7671.75
1789448160,7671.75,7671.75,7670,7670.5
1789448280,7670.25,7670.75,7668.75,7669
1789448400,7668.75,7671.25,7668.75,7670.25
1789448520,7670,7670.5,7668.75,7669
1789448640,7669,7670,7668.75,7669.25
1789448760,7669.25,7669.5,7667.75,7668
1789448880,7668.25,7668.25,7666,7666
1789449000,7666,7666.75,7665.5,7665.5
1789449120,7665.75,7666.5,7664.75,7665.75
1789449240,7665.75,7666,7664,7664.25
1789449360,7664.25,7665,7663.5,7663.75
1789449480,7664,7665.5,7663,7664.25
1789449600,7664,7666,7663.75,7664.5
1789449720,7664.25,7665.25,7663.75,7665
1789449840,7665.25,7665.75,7664.5,7664.75
1789449960,7665,7667,7664.75,7667
1789450080,7667,7669,7666.5,7668.25
1789450200,7668,7668.5,7667,7668
1789450320,7668,7670,7667.75,7669
1789450440,7669.25,7669.25,7667.25,7668
1789450560,7667.75,7668.5,7667,7667.25
1789450680,7667,7668.75,7665.75,7668.25
1789450800,7668.5,7672.75,7668.25,7672.5
1789450920,7672.75,7673.5,7672.25,7672.75
1789451040,7673,7675.75,7673,7675.25
1789451160,7675,7675,7673.25,7674
1789451280,7674.25,7677,7674.25,7674.5
1789451400,7674.75,7677.75,7673.75,7676.75
1789451520,7677,7679.25,7676.75,7678
1789451640,7678,7679.25,7677.25,7677.25
1789451760,7677,7677.25,7674.5,7675.5
1789451880,7675.25,7675.25,7674.5,7674.75
1789452000,7675,7677,7674.75,7676.5
1789452120,7676.5,7677.75,7675.75,7677.5
1789452240,7677.25,7677.75,7675,7675
1789452360,7674.75,7676,7673.5,7675.75
1789452480,7675.75,7675.75,7674.25,7674.5
1789452600,7674.5,7675,7673,7673.25
1789452720,7673.5,7675.75,7673.25,7675.25
1789452840,7675.25,7676,7673.75,7674.25
1789452960,7674.25,7675.25,7673.75,7675.25
1789453080,7675.25,7675.25,7674.5,7675
1789453200,7674.75,7675,7673.75,7674.5
1789453320,7674.25,7675.75,7673.5,7675
1789453440,7674.75,7675,7672.75,7673.25
1789453560,7673.25,7673.5,7672,7672
1789453680,7672.25,7673,7671.5,7672
1789453800,7672,7672.25,7669.75,7670.75
1789453920,7670.75,7671.5,7669.75,7669.75
1789454040,7669.5,7671.75,7669.5,7669.5
1789454160,7669.25,7669.5,7668,7668.25
1789454280,7668.5,7669.5,7668.25,7669.25
1789454400,7669.25,7670.5,7669.25,7670.25
1789454520,7670.5,7671,7668.5,7668.5
1789454640,7668.5,7669.75,7667.5,7669.5
1789454760,7669.5,7669.75,7668.75,7668.75
1789454880,7668.75,7669.25,7668.25,7668.25
1789455000,7668.25,7668.75,7667.5,7668
1789455120,7668.25,7668.25,7666.25,7666.25
1789455240,7666.25,7667.25,7665.5,7666
1789455360,7666,7668.5,7664.75,7668
1789455480,7668.25,7668.75,7667.5,7667.5
1789455600,7667.5,7668.25,7664.75,7665
1789455720,7665,7668,7664.25,7667.5
1789455840,7667.5,7670,7665.75,7666
1789455960,7666,7667.25,7664,7665.25
1789456080,7665.5,7666.25,7664.25,7666.25
1789456200,7666.5,7667.25,7662.5,7663
1789456320,7663,7664.25,7660.5,7662
1789456440,7662,7662,7660.25,7661.5
1789456560,7661.5,7663.5,7661,7661.5
1789456680,7661.5,7664.25,7660.75,7664.25
1789456800,7664.25,7666.25,7663.75,7664.5
1789456920,7664.75,7667.5,7663.25,7667.25
1789457040,7667,7668.75,7665.75,7666.5
1789457160,7666.5,7667,7663.5,7664
1789457280,7664,7665.25,7662.75,7665.25
1789457400,7665.25,7666.25,7663.75,7666.25
1789457520,7666.5,7666.75,7664.75,7665.25
1789457640,7665.25,7665.5,7663,7664
1789457760,7664,7664,7661.25,7661.75
1789457880,7662,7662.5,7660.25,7660.5
1789458000,7660.5,7661,7656.75,7657.25
1789458120,7657.25,7659.25,7656.25,7657.5
1789458240,7657.75,7657.75,7656,7656.75
1789458360,7657,7659.75,7656.5,7656.75
1789458480,7657,7658.25,7656.5,7657.75
1789458600,7658,7658.75,7655.5,7655.5
1789458720,7655.5,7656.5,7653.5,7656.5
1789458840,7656.5,7657.75,7654.5,7655
1789458960,7655,7658.5,7654.75,7657.75
1789459080,7657.75,7659,7656.75,7658.5
1789459200,7658.75,7658.75,7653,7654.75
1789459320,7654.75,7655.75,7653.25,7654.25
1789459440,7654,7655,7653,7654
1789459560,7654,7654.5,7651,7651.25
1789459680,7651,7651,7647.25,7647.25
1789459800,7647,7649.5,7645,7649.25
1789459920,7649,7651.75,7648.5,7651.25
1789460040,7651.25,7655.75,7650.5,7655.75
1789460160,7655.75,7656,7652.75,7654.75
1789460280,7654.75,7658.25,7654.75,7658.25
1789460400,7658.25,7660,7657.5,7658.25
1789460520,7658,7659,7657,7657.25
1789460640,7657,7657.25,7654.75,7655.25
1789460760,7655.5,7657,7653.5,7653.75
1789460880,7653.75,7656.5,7651.25,7654
1789461000,7654,7655,7652.75,7653.75
1789461120,7653.75,7654.25,7651.75,7652.75
1789461240,7652.75,7653.75,7651,7652.75
1789461360,7652.75,7654.25,7651.25,7652.5
1789461480,7652.5,7654.75,7650.75,7652.5
1789461600,7652.5,7652.5,7651,7652
1789461720,7651.75,7652.5,7650.25,7652
1789461840,7652.25,7652.25,7649.5,7649.75
1789461960,7649.5,7650.5,7649.25,7650.25
1789462080,7650.25,7650.5,7649.5,7650.5
1789462200,7650,7651.25,7650,7650.75
1789462320,7650.75,7652,7650.5,7650.75
1789462440,7650.75,7651.5,7650,7650.75
1789462560,7650.75,7653.75,7649,7651.25
1789462680,7651.25,7652.5,7650.75,7651
1789462800,7651.25,7651.5,7649.5,7650.5
1789462920,7650.25,7651,7648.25,7650
1789463040,7650,7653,7649.25,7653
1789463160,7652.75,7653.25,7649.5,7649.5
1789463280,7649.75,7650.75,7649.25,7649.5
1789463400,7649.25,7651.75,7648.75,7651.75
1789463520,7651.5,7651.5,7648.5,7649
1789463640,7648.75,7651.25,7648.25,7650.25
1789463760,7650,7651,7646.75,7647
1789463880,7647,7647.5,7645.75,7646.75
1789464000,7647,7648.25,7647,7647
1789464120,7647.25,7652,7646.5,7648.75
1789464240,7648.5,7649.25,7646.75,7647.5
1789464360,7647.75,7651.25,7647.75,7650.25
1789464480,7650.25,7652.25,7650.25,7652
1789464600,7652,7653.75,7651.25,7652
1789464720,7652,7653,7650.75,7651.75
1789464840,7651.75,7656.25,7651.25,7656
1789464960,7655.75,7657.75,7655.75,7657.75
1789465080,7657.75,7658.75,7657.5,7658.25
1789465200,7658.25,7658.5,7657,7658
1789465320,7658.25,7659,7657.5,7658.25
1789465440,7658,7658.25,7657,7658
1789465560,7658,7661.25,7658,7661.25
1789465680,7661.25,7664,7661.25,7663.25
1789465800,7663.25,7664.75,7663,7664.5
1789465920,7664.75,7666.25,7663,7663.75
1789466040,7664,7666.5,7663.75,7666
1789466160,7666,7666,7664.75,7665
1789466280,7665,7666,7663.75,7666
1789466400,7666.25,7667.5,7665.25,7666.25
1789466520,7666.25,7667.5,7666.25,7667.25
1789466640,7667,7667.25,7664.25,7665.75
1789466760,7665.75,7666.5,7665.25,7665.75
1789466880,7665.75,7667,7665.75,7666.75
1789467000,7666.75,7672,7666.75,7668.5
1789467120,7668.5,7669,7666.75,7667.25
1789467240,7667.25,7668,7665.75,7666.75
1789467360,7666.75,7666.75,7665.25,7666
1789467480,7666,7666.5,7665,7666
1789467600,7666.25,7668.25,7666,7666.75
1789467720,7666.75,7668.5,7666.25,7668
1789467840,7668.25,7669.25,7668,7668.5
1789467960,7668.25,7668.5,7667.5,7667.75
1789468080,7667.75,7668.5,7667.25,7668.25
1789468200,7668.5,7668.5,7667,7667.5
1789468320,7667.75,7669.75,7667.75,7669.75
1789468440,7669.75,7670,7669,7670
1789468560,7670,7670.75,7668.75,7670
1789468680,7670.25,7671.5,7669,7671.25
1789468800,7671,7671.75,7670.5,7670.75
1789468920,7671,7676.25,7671,7671.75
1789469040,7671.75,7672.75,7671.25,7672
1789469160,7671.75,7672,7670.25,7670.5
1789469280,7670.75,7673.5,7670.75,7673
1789469400,7673,7674.75,7672.75,7674.5
1789469520,7674.5,7675.75,7674,7675.75
1789469640,7675.75,7680.5,7675.25,7678
1789469760,7677.75,7677.75,7675.75,7676
1789469880,7676,7676.5,7675.25,7676.25
1789470000,7676,7678,7675.5,7677.5
1789470120,7677.75,7678.25,7676,7676.25
1789470240,7676.25,7677.25,7675.25,7676.5
1789470360,7676.5,7677.5,7675.75,7677.5
1789470480,7677.5,7680,7677,7679.75
1789470600,7679.5,7680.25,7679,7679
1789470720,7679,7679.5,7678.25,7679
1789470840,7679.25,7679.25,7678,7678.25
1789470960,7678.25,7679.5,7678.25,7679.25
1789471080,7679.5,7681.5,7679.5,7680
1789471200,7680.25,7680.75,7679.5,7679.5
1789471320,7679.5,7680.75,7678.75,7679.5
1789471440,7679.75,7679.75,7678.25,7678.5
1789471560,7678.5,7679,7677.25,7678
1789471680,7678,7679.25,7677.5,7678.25
1789471800,7678.25,7678.25,7676.5,7676.5
1789471920,7676.5,7676.75,7675.5,7676.5
1789472040,7676.5,7680,7676.25,7678.75
1789472160,7678.75,7679.5,7678,7679.25
1789472280,7679.25,7679.5,7677,7677.25
1789472400,7677.25,7678.75,7676.75,7677
1789472520,7677.25,7678.75,7677,7678.5
1789472640,7678.5,7679,7677.75,7678.75
1789472760,7678.75,7679.75,7677.75,7678.5
1789472880,7678.25,7679,7677.75,7678
1789473000,7678.25,7681.25,7678.25,7680.75
1789473120,7680.5,7680.75,7678.25,7678.5
1789473240,7678.5,7679,7677.5,7678.25
1789473360,7678.25,7681.5,7678.25,7681.25
1789473480,7681.25,7682.25,7680.5,7681.75
1789473600,7681.75,7683.25,7681,7682.75
1789473720,7682.75,7682.75,7679.25,7680.25
1789473840,7680.25,7682,7679.75,7680.25
1789473960,7680.5,7682,7680,7681.75
1789474080,7681.5,7681.75,7679.75,7680.75
1789474200,7681,7684.25,7680.5,7684.25
1789474320,7684,7684.25,7682.25,7682.75
1789474440,7682.75,7684,7682.5,7682.5
1789474560,7682.5,7684,7681.5,7684
1789474680,7684,7685.25,7681.75,7683.5
1789474800,7683.5,7683.75,7681.5,7682.25
1789474920,7682.25,7682.75,7679.5,7679.5
1789475040,7679.5,7681.25,7678.5,7681
1789475160,7680.75,7683.75,7680.25,7683.25
1789475280,7683.5,7683.5,7681.5,7683
1789475400,7683,7683.25,7681.25,7681.25
1789475520,7681.5,7681.5,7679.75,7680.5
1789475640,7680.75,7686,7680.75,7685
1789475760,7685.25,7686.25,7684,7684.75
1789475880,7684.75,7686.25,7684.5,7685.25
1789476000,7685.25,7685.5,7683.25,7683.5
1789476120,7683.25,7684.25,7681.75,7683.75
1789476240,7683.75,7686.25,7683,7685.75
1789476360,7685.75,7689.5,7685.5,7688
1789476480,7688.25,7695,7687.25,7692.5
1789476600,7692.5,7693.75,7690.75,7692.5
1789476720,7692.5,7695,7691.5,7694.75
1789476840,7694.75,7697.5,7687.75,7693
1789476960,7693,7694,7689.5,7690.5
1789477080,7690.5,7690.5,7688.5,7689.25
1789477200,7689,7690.25,7688,7688.5
1789477320,7688.25,7690.25,7688.25,7690.25
1789477440,7690.25,7692.5,7690,7691.25
1789477560,7691.25,7691.75,7690.25,7691.25
1789477680,7691.25,7691.75,7689.25,7689.75
1789477800,7690,7691.25,7689.5,7690
1789477920,7690,7690,7689,7689
1789478040,7689.25,7689.25,7688,7688.5
1789478160,7688.5,7692.5,7688.25,7690.5
1789478280,7690.75,7690.75,7687.75,7689.25
1789478400,7689,7690.25,7688,7690.25
1789478520,7690,7690.75,7687.5,7690.25
1789478640,7690,7693.5,7689.25,7692
1789478760,7691.75,7691.75,7688.5,7689
1789478880,7689,7689,7684.25,7684.25
1789479000,7684.5,7687,7674.25,7674.75
1789479120,7674.75,7676.75,7671,7671.25
1789479240,7671,7677.5,7670.25,7676.75
1789479360,7677,7680,7676.25,7677.5
1789479480,7677.5,7681.75,7677.5,7681
1789479600,7681,7681.5,7678,7679.5
1789479720,7679.5,7680.25,7677,7679.5
1789479840,7679.5,7684.75,7679.5,7680.75
1789479960,7680.75,7681.5,7677.25,7678.25
1789480080,7678.25,7678.25,7675,7676.25
1789480200,7676.25,7678.25,7674.5,7677.75
1789480320,7677.5,7680.5,7677,7680
1789480440,7680,7680.5,7677.5,7678.5
1789480560,7678.75,7679.25,7676.75,7678.25
1789480680,7678.5,7679,7676.5,7678.25
1789480800,7678.5,7678.5,7673.25,7674.75
1789480920,7674.75,7675,7672,7672
1789481040,7672.25,7674,7671,7672
1789481160,7671.75,7672.75,7668,7670
1789481280,7670.25,7670.5,7667.5,7668
1789481400,7667.75,7667.75,7663,7664.25
1789481520,7664.25,7665,7661.75,7662
1789481640,7661.75,7664,7661.5,7663.25
1789481760,7663.25,7665.25,7661.75,7665.25
1789481880,7665,7667,7664,7664.75
1789482000,7665,7666.25,7658.75,7658.75
1789482120,7659,7659.5,7654,7654.25
1789482240,7654.25,7659.75,7654,7658
1789482360,7658,7659.25,7657,7657.5
1789482480,7657.75,7659.75,7657,7657
1789482600,7657.25,7658.75,7654.25,7658
1789482720,7658,7658.75,7654.75,7655.75
1789482840,7655.75,7658.5,7652,7656.75
1789482960,7656.5,7658.25,7654,7654.75
1789483080,7654.75,7655,7652.5,7653.5
1789483200,7653.5,7653.75,7650.75,7652.75
1789483320,7652.75,7654.75,7652,7652.25
1789483440,7652.5,7656,7652.25,7654.75
1789483560,7654.75,7655.5,7653,7655
1789483680,7655,7655,7651.5,7651.5
1789483800,7651.25,7652,7644.75,7645.25
1789483920,7645,7647,7643.5,7645.25
1789484040,7645.5,7648.25,7645.25,7646.75
1789484160,7646.5,7650.75,7645.5,7650.5
1789484280,7650.5,7650.75,7646.25,7646.25
1789484400,7646.5,7651.75,7646.25,7651.5
1789484520,7651.5,7653,7647.75,7652.5
1789484640,7652.5,7655,7652.25,7653
1789484760,7653,7654.25,7651.5,7652.5
1789484880,7652.5,7652.5,7650,7650.75
1789485000,7651,7652,7649,7651.75
1789485120,7651.75,7653,7649.5,7649.75
1789485240,7650,7652.5,7649.75,7651
1789485360,7651.25,7654.5,7650,7654
1789485480,7654.25,7655.75,7653.75,7654.5
1789485600,7654.5,7655.5,7651.75,7652.5
1789485720,7652.75,7656.75,7651.75,7656
1789485840,7656.25,7657.25,7655.25,7655.5
1789485960,7655.5,7657,7653.75,7656.75
1789486080,7656.75,7657,7655,7656.75
1789486200,7657,7657.75,7653.75,7654.25
1789486320,7654.25,7654.75,7651.25,7652.25
1789486440,7652.5,7656.25,7651.75,7654.25
1789486560,7654.25,7657.25,7653.5,7654.5
1789486680,7654.5,7656.5,7654.5,7655
1789486800,7655,7659.5,7655,7657.75
1789486920,7657.75,7659.75,7657.5,7659.25
1789487040,7659.25,7659.5,7656,7657
1789487160,7657,7657.25,7654.5,7654.75
1789487280,7654.75,7655.5,7651,7651.75
1789487400,7651.75,7657.75,7651.5,7653.25
1789487520,7653.5,7654.25,7652.75,7653.5
1789487640,7653.75,7658,7651.5,7657.25
1789487760,7657.25,7657.25,7653.25,7654.5
1789487880,7654.5,7655,7652.75,7653
1789488000,7653,7655,7651.75,7654.25
1789488120,7654.25,7654.75,7653.25,7654
1789488240,7654.25,7655.25,7652.75,7654
1789488360,7653.75,7654.25,7650,7650.75
1789488480,7651,7651,7648,7649.25
1789488600,7649.25,7650.25,7648.5,7650
1789488720,7650,7650.25,7648.5,7650
1789488840,7650,7650.25,7649,7649.75
1789488960,7649.5,7651.5,7649.25,7651.25
1789489080,7651.25,7653,7650.5,7653
1789489200,7652.75,7654.75,7652.75,7654.25
1789489320,7654.25,7658.25,7654.25,7657.75
1789489440,7657.75,7659.5,7657.25,7658.5
1789489560,7658.5,7660.25,7658,7659.75
1789489680,7659.5,7661,7657,7658
1789489800,7657.75,7658,7655,7658
1789489920,7657.75,7660,7657.25,7659
1789490040,7659,7659.75,7657,7658
1789490160,7657.75,7659.5,7657.5,7658.75
1789490280,7658.5,7658.75,7656.5,7657.25
1789490400,7657.25,7658.5,7656.5,7658.5
1789490520,7658.25,7658.75,7657.25,7658.25
1789490640,7658,7659.5,7657,7658.25
1789490760,7658.25,7659.25,7657.25,7657.75
1789490880,7657.75,7657.75,7655,7656.5
1789491000,7656.5,7658,7656.25,7657.25
1789491120,7657.25,7661.75,7657,7661.5
1789491240,7661.5,7662.75,7661.25,7661.75
1789491360,7661.75,7662,7658.25,7658.75
1789491480,7658.75,7659.5,7657.5,7659.25
1789491600,7659.5,7660.25,7658.5,7660.25
1789491720,7660.25,7660.25,7654.5,7655
1789491840,7655,7655.75,7652.75,7653
1789491960,7652.75,7656.25,7652.25,7655.25
1789492080,7655.25,7655.5,7654,7654
1789492200,7654,7657.5,7654,7656.25
1789492320,7656.5,7656.5,7654,7654.75
1789492440,7655,7655.25,7652,7652.5
1789492560,7652.25,7652.75,7650.75,7651.25
1789492680,7651.25,7652.25,7650.5,7652.25
1789492800,7652,7652.75,7651.25,7651.5
1789492920,7651.25,7651.5,7649,7650
1789493040,7649.75,7650,7648,7649.5
1789493160,7649.25,7651.25,7649.25,7650.5
1789493280,7650.5,7650.75,7648.75,7650.75
1789493400,7650.75,7652.75,7650.25,7652.75
1789493520,7652.5,7654,7652.5,7653.75
1789493640,7653.5,7654,7651.75,7653.5
1789493760,7653.25,7653.75,7651.25,7653.75
1789493880,7653.5,7653.5,7651.75,7653.25
1789494000,7653.25,7654.75,7652.5,7653
1789494120,7653,7653.5,7651,7653.25
1789494240,7653.25,7654.5,7653.25,7654.25
1789494360,7654.5,7655,7652.75,7652.75
1789494480,7652.75,7653.25,7651.5,7652
1789494600,7651.75,7653.5,7651.75,7653.25
1789494720,7653,7654.75,7652.75,7654.75
1789494840,7654.5,7655,7653.25,7655
1789494960,7655,7656.25,7654.75,7655.75
1789495080,7655.75,7656,7654.75,7655.25
1789495200,7655.5,7656.5,7653.5,7656.25
1789495320,7656,7657.5,7655.5,7657.5
1789495440,7657.5,7657.5,7656.5,7657
1789495560,7657.25,7658.25,7657,7658
1789495680,7658,7659.25,7657.5,7659.25
1789495800,7659.25,7660.5,7658,7659.75
1789495920,7660,7662,7659.75,7661
1789496040,7661.25,7661.5,7658.75,7659
1789496160,7659.25,7659.25,7657,7657.5
1789496280,7657.75,7658,7657,7657.5
1789496400,7657.5,7658.75,7657.5,7657.75
1789496520,7657.75,7658.25,7656.5,7656.5
1789496640,7656.5,7657.75,7656.25,7657.5
1789496760,7657.5,7657.5,7655.75,7656.25
1789496880,7656.5,7659.25,7656.5,7659.25
1789497000,7659.25,7659.25,7655,7655.75
1789497120,7655.75,7655.75,7653.5,7654.25
1789497240,7654,7655.25,7653.5,7654.75
1789497360,7655,7655.25,7653.75,7654.75
1789497480,7654.5,7655.5,7654.25,7655
1789497600,7654.75,7658.5,7653.5,7657.5
1789497720,7657.5,7657.5,7654.5,7654.75
1789497840,7654.75,7655.25,7652.75,7653.5
1789497960,7653.5,7654,7651.5,7651.5
1789498080,7651.5,7652,7649.5,7650.75
1789498200,7650.75,7653,7650.75,7652.25
1789498320,7652,7653.5,7652,7652.75
1789498440,7653,7654,7652.5,7653.25
1789498560,7653.25,7655.75,7653.25,7654.75
1789498680,7654.75,7657.25,7654.75,7657
1789498800,7657.25,7658.75,7656,7656.5
1789498920,7656.5,7656.5,7655,7656.25
1789499040,7656.5,7657,7655.25,7655.75
1789499160,7655.5,7656,7654.5,7655.75
1789499280,7655.75,7656.25,7655.25,7655.75
1789499400,7655.75,7656,7654.5,7654.5
1789499520,7654.75,7655,7653,7653.25
1789499640,7653.5,7654.5,7653,7653.5
1789499760,7653.5,7654.25,7653,7654
1789499880,7654,7655.25,7653.5,7654.5
1789500000,7654.25,7654.5,7653.25,7654
1789500120,7653.75,7654.5,7653.5,7654.25
1789500240,7654.25,7654.5,7651.75,7652.25
1789500360,7652,7654,7651.75,7653.75
1789500480,7653.5,7653.75,7652.25,7652.5
1789500600,7652.5,7652.75,7651.75,7652.25
1789500720,7652.25,7653.5,7652,7652.75
1789500840,7652.5,7652.5,7650.75,7651.25
1789500960,7651.25,7651.75,7650,7650.75
1789501080,7651,7651,7648.5,7649.25
1789501200,7649.5,7650.25,7648.25,7649.5
1789501320,7649.75,7650.25,7648,7649.5
1789501440,7649.75,7651,7649.25,7649.5
1789501560,7649.75,7652.75,7649.75,7651.25
1789501680,7651.25,7653.25,7651,7652.75
1789501800,7652.75,7653.5,7649.5,7650
1789501920,7650,7650.5,7648.75,7649.75
1789502040,7649.75,7653.5,7649.5,7652.5
1789502160,7652.5,7653.5,7652,7652.75
1789502280,7652.75,7657.75,7651.5,7657
1789502400,7656.75,7661.25,7656.5,7661.25
1789502520,7661,7661.75,7660.25,7661.25
1789502640,7661.25,7662.25,7661,7661.75
1789502760,7661.5,7662.5,7661,7662.5
1789502880,7662.5,7662.75,7661.5,7662
1789503000,7661.75,7665,7661.5,7664.5
1789503120,7664.5,7664.75,7664,7664.5
1789503240,7664.25,7664.75,7664,7664.5
1789503360,7664.5,7664.5,7663,7664
1789503480,7663.75,7664.5,7663.5,7663.75
1789503600,7663.75,7664.25,7663.5,7663.5
1789503720,7663.5,7663.75,7663,7663.5
1789503840,7663.5,7664,7663.5,7664
1789503960,7664,7664.25,7663,7663.5
1789504080,7663.5,7664,7663,7663.5
1789504200,7663.25,7664,7663,7663.25
1789504320,7663.25,7665.25,7663.25,7663.25
1789504440,7663.5,7664,7663.25,7663.75
1789504560,7663.5,7663.5,7663,7663.5
1789504680,7663.25,7663.75,7663,7663.25
1789504800,7663,7664,7663,7664
1789504920,7663.75,7664.25,7663.25,7663.25
1789505040,7663.25,7664,7663.25,7663.75
1789505160,7663.5,7663.75,7663,7663.75
1789505280,7663.5,7664.5,7663.5,7664.5
1789505400,7664.25,7664.5,7663.25,7663.5
1789505520,7663.5,7664,7663.5,7663.75
1789505640,7663.75,7664,7663.25,7663.75
1789505760,7664,7664,7663.25,7663.75
1789505880,7663.75,7664,7663.5,7663.75
1789509600,7663.25,7665,7661.75,7664
1789509720,7663.5,7664,7662.75,7663.5
1789509840,7663.75,7663.75,7662.25,7663
1789509960,7663,7663.25,7662.25,7663.25
1789510080,7663.25,7663.25,7661.75,7662.75
1789510200,7662.75,7662.75,7662,7662
1789510320,7662,7662.25,7661.5,7661.75
1789510440,7661.75,7663,7661.5,7662.5
1789510560,7662.75,7663,7661.75,7661.75
1789510680,7661.75,7662.25,7661.75,7661.75
1789510800,7661.75,7663.75,7661.5,7663.25
1789510920,7663,7663.5,7662.75,7663.5
1789511040,7663.5,7663.5,7662.75,7662.75
1789511160,7662.75,7663.75,7662.75,7663.5
1789511280,7663.25,7663.5,7662.75,7663.25
1789511400,7663,7664.25,7663,7663.75
1789511520,7663.75,7664.5,7663.75,7664.5
1789511640,7664.25,7665,7664,7664.75
1789511760,7665,7666,7664.5,7666
1789511880,7666,7666.75,7665.75,7666.5
1789512000,7666.25,7666.25,7665,7665.75
1789512120,7666,7666,7665.25,7665.5
1789512240,7665.5,7665.75,7665.25,7665.5
1789512360,7665.5,7665.75,7665.25,7665.5
1789512480,7665.75,7666.75,7665.75,7666.5
1789512600,7666.5,7666.75,7666.25,7666.5
1789512720,7666.75,7667,7666.25,7666.75
1789512840,7666.75,7667.25,7666.75,7666.75
1789512960,7667,7667,7666.75,7666.75
1789513080,7667,7667,7666.5,7666.5
1789513200,7666.5,7666.75,7665.5,7665.75
1789513320,7665.75,7666,7665,7665.25
1789513440,7665,7665,7664.75,7665
1789513560,7665,7665.25,7664.5,7664.75
1789513680,7664.75,7665,7664.75,7664.75
1789513800,7665,7665,7664.75,7664.75
1789513920,7665,7665.25,7664.25,7664.5
1789514040,7664.5,7664.5,7664.25,7664.5
1789514160,7664.75,7664.75,7664.5,7664.5
1789514280,7664.25,7664.25,7663.5,7663.75
1789514400,7663.75,7664,7663.25,7663.75
1789514520,7664,7664,7663.25,7663.5
1789514640,7663.5,7663.75,7663.25,7663.5
1789514760,7663.25,7663.75,7662.75,7663
1789514880,7662.75,7663,7662.5,7663
1789515000,7662.75,7663.5,7662.75,7663
1789515120,7663,7663,7663,7663
1789515240,7663.25,7663.5,7662.75,7663
1789515360,7663,7663.25,7662.5,7663.25
1789515480,7663.25,7664.25,7663.25,7664.25
1789515600,7664.25,7665.75,7664,7665.5
1789515720,7665.25,7666.25,7665,7665.75
1789515840,7665.75,7666,7665.25,7665.75
1789515960,7665.75,7666.25,7665,7665
1789516080,7665.25,7665.25,7664.75,7665
1789516200,7665,7666,7664.75,7665.25
1789516320,7665.25,7666.5,7665.25,7666.25
1789516440,7666,7666.5,7665.5,7665.75
1789516560,7665.5,7665.5,7665,7665.25
1789516680,7665.25,7665.5,7665,7665.5
1789516800,7665.5,7667,7664.75,7665
1789516920,7664.75,7665.75,7663,7665
1789517040,7665,7665.75,7664,7665
1789517160,7665.5,7665.75,7664.5,7665
1789517280,7665,7665.25,7664,7664
1789517400,7664.25,7666.5,7663.5,7666.25
1789517520,7666.25,7667.25,7666,7666.25
1789517640,7666.25,7666.75,7665,7665.25
1789517760,7665.5,7667,7665.5,7666.75
1789517880,7666.75,7667,7665.75,7666.5
1789518000,7666.25,7666.5,7666,7666.25
1789518120,7666.25,7666.25,7665.5,7665.5
1789518240,7665.25,7665.75,7664.5,7664.5
1789518360,7664.75,7665.75,7664.5,7665.25
1789518480,7665.5,7666.25,7665.25,7666.25
1789518600,7666.25,7667.25,7665.5,7666
1789518720,7666,7666.25,7665.25,7665.25
1789518840,7665.25,7665.5,7663.75,7664.5
1789518960,7664.5,7665.75,7664.5,7665.5
1789519080,7665.5,7665.75,7664.75,7665.5
1789519200,7665.5,7665.75,7664.75,7665.25
1789519320,7665.25,7665.25,7664.5,7664.5
1789519440,7664.5,7665.25,7664,7664.5
1789519560,7664.75,7664.75,7663.75,7664.5
1789519680,7664.5,7666.25,7664.5,7665.5
1789519800,7665.75,7666,7665.25,7665.25
1789519920,7665.5,7666.25,7665.5,7665.75
1789520040,7665.5,7665.75,7664.25,7664.25
1789520160,7664.25,7665.75,7664.25,7665.25
1789520280,7665.5,7665.75,7665,7665
1789520400,7665,7665.75,7664.5,7664.5
1789520520,7664.75,7665.25,7664,7664.5
1789520640,7664.25,7664.25,7662.25,7663.25
1789520760,7663.25,7663.5,7661,7661.25
1789520880,7661.5,7661.75,7660,7661
1789521000,7661,7662.75,7660,7662.5
1789521120,7662.25,7665.75,7662,7665.5
1789521240,7665.5,7666.75,7665.25,7666.5
1789521360,7666.25,7666.25,7665.25,7665.75
1789521480,7665.75,7666,7665,7666
1789521600,7666,7666,7665.5,7666
1789521720,7666,7667,7666,7666.75
1789521840,7667,7667.75,7666.75,7667.5
1789521960,7667.75,7667.75,7666,7666.5
1789522080,7666.5,7666.5,7666,7666
1789522200,7666,7666,7663.5,7663.5
1789522320,7663.75,7665.5,7663.75,7664.75
1789522440,7664.75,7665.75,7664.75,7664.75
1789522560,7664.5,7664.5,7662.5,7662.5
1789522680,7662.25,7662.5,7661.75,7662.5
1789522800,7662.25,7663.5,7662.25,7663
1789522920,7663,7663,7662.25,7662.25
1789523040,7662.25,7664.25,7662.25,7663.5
1789523160,7663.5,7663.75,7662.25,7662.75
1789523280,7662.75,7662.75,7661.75,7661.75
1789523400,7661.75,7662,7660,7660.75
1789523520,7660.75,7660.75,7659.25,7660
1789523640,7659.75,7660.25,7659,7659.75
1789523760,7659.75,7659.75,7659,7659
1789523880,7659.25,7659.75,7658.75,7659
1789524000,7659,7662,7659,7662
1789524120,7661.75,7664.25,7661.75,7663
1789524240,7663,7663.5,7661.75,7662.25
1789524360,7662.25,7662.5,7660.5,7661.25
1789524480,7661.25,7662.5,7661,7662.25
1789524600,7662.25,7663.5,7661,7661.25
1789524720,7661,7661.5,7659.75,7661
1789524840,7660.75,7661.75,7660.25,7661.75
1789524960,7661.5,7662.5,7660.75,7662
1789525080,7662.25,7662.5,7661.5,7662.25
1789525200,7662,7662.25,7661.25,7662.25
1789525320,7662.25,7662.75,7661.75,7662.25
1789525440,7662,7664,7662,7663.75
1789525560,7664,7665.5,7663.75,7665.25
1789525680,7665.25,7666.25,7665,7666
1789525800,7666,7668,7665.5,7667.75
1789525920,7667.75,7668,7665.5,7665.75
1789526040,7665.75,7668,7665.75,7667.75
1789526160,7667.75,7668.25,7667.5,7667.5
1789526280,7667.5,7667.5,7666.25,7666.75
1789526400,7666.75,7666.75,7665.75,7666
1789526520,7666,7666.25,7664.75,7665
1789526640,7665,7665.5,7664.25,7665.5
1789526760,7665.5,7666,7665,7665.5
1789526880,7665.5,7666.5,7665.5,7666
1789527000,7665.75,7667,7665.25,7666.5
1789527120,7666.75,7667.25,7666.25,7667.25
1789527240,7667.25,7667.25,7666.25,7666.75
1789527360,7667,7667.75,7667,7667.25
1789527480,7667.25,7668.25,7667,7668
1789527600,7668,7669.5,7668,7669.5
1789527720,7669.25,7671,7669,7671
1789527840,7671,7671,7669.75,7670.25
1789527960,7670.25,7671.5,7670,7670.5
1789528080,7670.25,7671,7670,7670.25
1789528200,7670.5,7671,7669.5,7670
1789528320,7670,7671.5,7669.75,7671.25
1789528440,7671.5,7673.5,7671.5,7672.75
1789528560,7673,7676,7672.75,7675.75
1789528680,7675.75,7675.75,7674.75,7675.5
1789528800,7675.75,7678,7674.75,7678
1789528920,7678,7678,7676.75,7677.25
1789529040,7677,7677,7676,7676.75
1789529160,7676.75,7677.25,7675.25,7675.5
1789529280,7675.75,7675.75,7674,7674
1789529400,7673.75,7674,7672.5,7672.5
1789529520,7672.5,7672.75,7671.75,7672.25
1789529640,7672,7672,7671.25,7671.5
1789529760,7671.5,7671.5,7670,7670.25
1789529880,7670.5,7671.75,7670.25,7671.5
1789530000,7671.75,7672.25,7671.25,7671.5
1789530120,7671.5,7672.25,7671,7672.25
1789530240,7672.25,7673.25,7671.75,7673
1789530360,7673,7674,7672.75,7673.5
1789530480,7673.5,7674,7672.75,7672.75
1789530600,7672.5,7673,7672.5,7672.75
1789530720,7673,7673.75,7672.75,7673.5
1789530840,7673.25,7673.25,7672,7673
1789530960,7672.75,7673.5,7672.25,7672.75
1789531080,7672.75,7672.75,7672.5,7672.75
1789531200,7672.75,7673.5,7672.5,7673.25
1789531320,7673.5,7673.5,7673.25,7673.5
1789531440,7673.75,7674.5,7672.5,7672.75
1789531560,7672.75,7673.5,7672.75,7673
1789531680,7673,7673,7672.75,7672.75
1789531800,7672.75,7673.25,7672.75,7672.75
1789531920,7672.75,7673,7672.25,7672.75
1789532040,7672.5,7672.5,7671.75,7672
1789532160,7672,7672.75,7671.75,7672
1789532280,7671.75,7672,7671.25,7671.25
1789532400,7671.5,7673.25,7671.5,7672.75
1789532520,7672.5,7673.25,7672.5,7673.25
1789532640,7673.25,7673.25,7672,7672
1789532760,7672,7672,7671.25,7671.5
1789532880,7671.5,7671.5,7670.25,7670.75
1789533000,7670.5,7671,7670,7670.5
1789533120,7670.25,7670.25,7667.5,7668
1789533240,7667.75,7668.25,7667.5,7667.5
1789533360,7667.5,7669,7667.25,7669
1789533480,7669,7669,7668,7668.5
1789533600,7668.5,7669.75,7668.25,7669.25
1789533720,7669.25,7669.25,7667.25,7667.5
1789533840,7667.5,7668.75,7667.5,7668.5
1789533960,7668.5,7669.75,7668.5,7669.75
1789534080,7670,7670,7669.25,7669.75
1789534200,7669.75,7670.25,7668.75,7669.25
1789534320,7669,7670.5,7668.75,7669.5
1789534440,7669.5,7669.5,7668,7669
1789534560,7669,7669.25,7668.25,7669.25
1789534680,7669.25,7669.5,7668,7668
1789534800,7668,7668.5,7666.25,7666.25
1789534920,7666,7667.25,7665.5,7667
1789535040,7666.75,7668.5,7666.75,7668
1789535160,7668,7668.5,7667.25,7668.5
1789535280,7668.5,7669.25,7667.75,7669
1789535400,7669,7669.5,7668,7668.75
1789535520,7668.5,7670,7668.5,7669.75
1789535640,7670,7670.25,7669.25,7670.25
1789535760,7670.25,7671,7670,7670.75
1789535880,7670.5,7671.25,7670,7670.5
1789536000,7670.25,7670.75,7669.75,7670.5
1789536120,7670.5,7670.5,7668.75,7669.5
1789536240,7669.5,7670.75,7669.25,7670.25
1789536360,7670.25,7670.25,7669.5,7670.25
1789536480,7670.25,7671.5,7668.75,7671.25
1789536600,7671.25,7671.25,7669.5,7670.5
1789536720,7670.5,7671,7670.25,7670.5
1789536840,7671,7671.25,7670.5,7671
1789536960,7671,7672,7670.5,7670.75
1789537080,7670.75,7671.5,7670.75,7671.25
1789537200,7671.25,7672.5,7671.25,7672
1789537320,7672,7672.25,7671.5,7671.75
1789537440,7672,7673.75,7672,7673.5
1789537560,7673.5,7674,7672,7672.25
1789537680,7672.25,7672.5,7670.25,7670.25
1789537800,7670.25,7671,7670,7671
1789537920,7670.75,7670.75,7670,7670.5
1789538040,7670.5,7672,7670.5,7671.75
1789538160,7671.75,7672,7671,7671.75
1789538280,7671.75,7671.75,7670.5,7670.75
1789538400,7670.5,7674.5,7670.5,7673.75
1789538520,7673.75,7674.25,7669.5,7670
1789538640,7670,7671.25,7669.75,7671.25
1789538760,7671,7673.25,7670.75,7673
1789538880,7673.25,7674,7672,7673
1789539000,7673,7674,7672.75,7674
1789539120,7674.25,7675.25,7673.75,7674.75
1789539240,7674.75,7674.75,7672.25,7672.25
1789539360,7672.5,7673.25,7672.25,7672.5
1789539480,7672.25,7674.25,7672.25,7674
1789539600,7674,7674.25,7673,7673.5
1789539720,7673.5,7673.75,7671,7671.75
1789539840,7671.5,7672.25,7671.25,7672.25
1789539960,7672.5,7672.75,7669.75,7670.25
1789540080,7670.25,7671.75,7669.75,7671.5
1789540200,7671.5,7672.25,7670.25,7670.5
1789540320,7670.25,7671,7669.75,7670.5
1789540440,7670.75,7671.75,7670.5,7670.75
1789540560,7671,7671.25,7670,7670.5
1789540680,7670.5,7671.75,7670.25,7670.75
1789540800,7670.75,7671,7669.75,7669.75
1789540920,7669.5,7670.5,7669.25,7670
1789541040,7670.25,7671.5,7670.25,7671.5
1789541160,7671.25,7671.25,7670,7670.5
1789541280,7670.5,7671.5,7669.5,7671
1789541400,7670.75,7673.5,7670.75,7673.5
1789541520,7673.5,7674.5,7672.25,7672.5
1789541640,7672.5,7673,7672.25,7673
1789541760,7673,7673,7672,7672.75
1789541880,7672.75,7674.5,7672.25,7673.75
1789542000,7673.75,7676.5,7672.5,7675.75
1789542120,7675.5,7677.75,7674.5,7677.75
1789542240,7677.75,7678,7677,7677.25
1789542360,7677.25,7677.25,7674.25,7676
1789542480,7676,7676.5,7675,7676
1789542600,7676.25,7677,7675,7675.5
1789542720,7675.75,7677.25,7675.5,7676.25
1789542840,7676.25,7676.75,7675.5,7676
1789542960,7676,7676.25,7674.75,7675.75
1789543080,7675.75,7675.75,7672.25,7672.25
1789543200,7672.25,7673.75,7671.75,7673.75
1789543320,7673.5,7675.5,7673.5,7674.5
1789543440,7674,7675.5,7673.75,7674.75
1789543560,7674.75,7675.5,7674.5,7675
1789543680,7675,7675.5,7674.5,7674.5
1789543800,7674.5,7676.75,7674.5,7675
1789543920,7675.25,7675.75,7674.5,7674.5
1789544040,7674.5,7675.25,7674.5,7674.75
1789544160,7674.5,7675,7673.75,7674.25
1789544280,7674.25,7674.25,7672.75,7673
1789544400,7673,7673.75,7672.25,7672.25
1789544520,7672.5,7673,7672,7672.75
1789544640,7672.75,7673,7671.75,7671.75
1789544760,7671.75,7673,7671.75,7672.75
1789544880,7672.5,7672.5,7671.75,7672
1789545000,7672,7672.25,7670.75,7671.25
1789545120,7671.5,7672,7671,7671
1789545240,7671,7672,7669.75,7672
1789545360,7672,7672.75,7671.75,7672.75
1789545480,7672.5,7672.5,7670.5,7670.75
1789545600,7670.75,7671.25,7669.5,7670
1789545720,7670,7670.25,7669,7669.25
1789545840,7669.5,7669.5,7666.75,7667.25
1789545960,7667.25,7667.5,7665.5,7665.5
1789546080,7665.5,7666.75,7664.75,7666.25
1789546200,7666,7666,7663.5,7665
1789546320,7665.25,7666.25,7664.75,7666.25
1789546440,7666.25,7667.75,7665.75,7667
1789546560,7666.75,7669.75,7666.5,7669.75
1789546680,7669.75,7672.25,7667,7668.5
1789546800,7668.5,7671.25,7666.5,7669.75
1789546920,7669.5,7671,7667.25,7667.5
1789547040,7667.5,7667.75,7666,7666.75
1789547160,7666.75,7667.5,7665.25,7667.5
1789547280,7667.5,7669,7666,7668.5
1789547400,7668.5,7671,7667.5,7670.5
1789547520,7670.5,7670.5,7666.75,7667
1789547640,7667,7668.5,7666,7667.75
1789547760,7668,7668.25,7667.25,7667.5
1789547880,7667.5,7667.5,7665.75,7665.75
1789548000,7666,7667.75,7665.75,7667.75
1789548120,7667.75,7670.5,7666.5,7669.25
1789548240,7669.25,7670.75,7669,7670.5
1789548360,7670.5,7670.75,7669.25,7669.75
1789548480,7669.75,7671,7668.75,7669.25
1789548600,7669,7669.5,7669,7669.25
1789548720,7669.25,7671.25,7669.25,7671.25
1789548840,7671,7672.5,7671,7671.75
1789548960,7672,7673.5,7671.75,7673
1789549080,7673,7673,7671.5,7672.75
1789549200,7672.5,7673,7671.5,7672.25
1789549320,7672.25,7673.25,7670.75,7672.5
1789549440,7672.5,7673.75,7671.75,7672.75
1789549560,7672.5,7672.75,7671.25,7671.75
1789549680,7671.75,7672.5,7671,7672.25
1789549800,7672,7672.5,7671,7671
1789549920,7671,7671.25,7669.25,7669.75
1789550040,7669.75,7669.75,7669,7669.25
1789550160,7669.25,7669.25,7668,7668.25
1789550280,7668.25,7668.25,7665.5,7666
1789550400,7665.75,7667.75,7665.75,7667.5
1789550520,7667.75,7667.75,7666.5,7666.5
1789550640,7666.5,7669,7665.5,7668.25
1789550760,7668.25,7670.75,7668,7669.75
1789550880,7669.5,7669.5,7667.25,7667.5
1789551000,7667.5,7668.5,7667,7667.75
1789551120,7667.5,7669.5,7667.5,7669.25
1789551240,7669.25,7669.5,7668.5,7669
1789551360,7668.75,7670.75,7668.5,7669.5
1789551480,7669.5,7671.75,7669.5,7671.75
1789551600,7671.75,7673.5,7671.25,7673
1789551720,7672.75,7674.75,7672.5,7674.5
1789551840,7674.5,7674.5,7671,7671.25
1789551960,7671,7671.75,7670.75,7671.25
1789552080,7671.5,7672,7671.25,7671.75
1789552200,7671.75,7673.5,7671.75,7673.25
1789552320,7673,7674.25,7673,7673.75
1789552440,7673.75,7674.25,7673.5,7674
1789552560,7673.75,7674.75,7673.75,7674.5
1789552680,7674.75,7675,7673,7673
1789552800,7673.25,7674,7672.75,7673.25
1789552920,7673.25,7673.25,7672.25,7673.25
1789553040,7673.25,7673.25,7670.25,7670.75
1789553160,7670.5,7672.5,7670.25,7672.25
1789553280,7672.25,7673.5,7671.75,7673
1789553400,7673,7673.5,7672,7673
1789553520,7673.25,7673.5,7669.5,7671.25
1789553640,7671.25,7672.75,7671,7671.75
1789553760,7671.5,7671.5,7670.5,7671
1789553880,7670.75,7672.25,7670.75,7672.25
1789554000,7672,7673,7671.5,7672.75
1789554120,7672.5,7672.5,7671.25,7671.75
1789554240,7671.75,7672.25,7671.5,7671.75
1789554360,7671.75,7673,7671.75,7672
1789554480,7672.25,7673,7672,7672.75
1789554600,7672.75,7673,7672.25,7672.75
1789554720,7672.75,7672.75,7672,7672.25
1789554840,7672.25,7672.75,7672,7672
1789554960,7671.75,7673,7671.75,7672.75
1789555080,7673,7673,7672.25,7673
1789555200,7673.25,7673.5,7672.75,7673.25
1789555320,7673.25,7673.25,7673,7673
1789555440,7673.25,7673.5,7672.75,7673.25
1789555560,7673.25,7673.25,7672,7673
1789555680,7672.75,7673.25,7672.75,7673
1789555800,7673,7673.25,7672.25,7672.75
1789555920,7672.5,7672.5,7672,7672.25
1789556040,7672.25,7672.25,7671.75,7672.25
1789556160,7672.25,7672.75,7672.25,7672.25
1789556280,7672.25,7677,7671.75,7676.5
1789556400,7676.5,7681.5,7675.75,7676
1789556520,7676,7676.75,7674.5,7675.5
1789556640,7675.75,7676.5,7674.75,7675.25
1789556760,7675,7675.25,7673.75,7674.5
1789556880,7674.75,7678,7673.5,7676.25
1789557000,7676.25,7677.25,7674.5,7675
1789557120,7675,7675.5,7674.25,7674.25
1789557240,7674.25,7674.5,7672,7672.25
1789557360,7672.25,7674,7672.25,7673.25
1789557480,7673.25,7674.25,7672.5,7674.25
1789557600,7674,7674.5,7672.75,7673.25
1789557720,7673.25,7674.75,7672.75,7674.5
1789557840,7674.5,7676,7674.5,7676
1789557960,7675.75,7676.25,7675.5,7676.25
1789558080,7676,7676,7675,7675
1789558200,7675.25,7675.75,7675,7675.75
1789558320,7675.5,7677.75,7675,7677.5
1789558440,7677.25,7677.75,7676.75,7677.25
1789558560,7677.25,7679.5,7677.25,7678
1789558680,7678,7678.75,7677.5,7678.75
1789558800,7678.75,7680.5,7675.5,7678.5
1789558920,7678.5,7681.25,7677.25,7680.5
1789559040,7680.5,7680.5,7679.5,7680.25
1789559160,7680.25,7681,7679.75,7680.75
1789559280,7680.75,7681,7680,7680.75
1789559400,7681,7682,7680.75,7681.5
1789559520,7681.5,7682.5,7681.25,7681.75
1789559640,7681.75,7683,7681.75,7682.5
1789559760,7682.25,7683.5,7682,7682.25
1789559880,7682.25,7683.25,7681.75,7683.25
1789560000,7683,7689.25,7682.75,7684.5
1789560120,7684.75,7684.75,7682.5,7683.5
1789560240,7683.5,7684,7682.75,7683
1789560360,7683.25,7686,7683,7685.25
1789560480,7685.25,7686.25,7684.75,7685.5
1789560600,7685.5,7685.5,7684.25,7684.5
1789560720,7684.75,7685.25,7683.75,7684
1789560840,7684,7684,7683,7683.75
1789560960,7683.5,7684,7682.5,7683
1789561080,7683,7684,7682,7683
1789561200,7683,7683.25,7681,7682.25
1789561320,7682,7682.75,7681.25,7681.5
1789561440,7681.25,7681.5,7679.5,7680.75
1789561560,7681,7682.25,7680.5,7681.25
1789561680,7681,7684,7681,7683.75
1789561800,7683.5,7684,7680.75,7682
1789561920,7682,7682.25,7679.25,7681.5
1789562040,7681.5,7681.75,7680.25,7680.25
1789562160,7680.25,7680.5,7678,7678.25
1789562280,7678.5,7678.75,7675.5,7676.5
1789562400,7676.25,7676.75,7675.75,7676.25
1789562520,7676.5,7677.5,7675,7675.75
1789562640,7675.75,7676.25,7674,7674.75
1789562760,7674.75,7675.75,7674.25,7675.25
1789562880,7675.25,7679,7675.25,7679
1789563000,7679,7680.75,7678.75,7679.5
1789563120,7679.5,7679.5,7676,7677.5
1789563240,7677.75,7678,7675.5,7676.75
1789563360,7676.75,7679.25,7676,7678.5
1789563480,7678.75,7680.75,7677.5,7679.75
1789563600,7679.75,7681,7674.75,7676
1789563720,7675.75,7676.5,7674,7674
1789563840,7674,7675,7673,7674
1789563960,7674,7675.5,7673.25,7675.25
1789564080,7675,7677.25,7675,7677
1789564200,7677,7677.75,7676.25,7677.25
1789564320,7677.25,7680,7677.25,7680
1789564440,7680,7680.5,7678.75,7679.25
1789564560,7679.25,7681.25,7678.75,7679.25
1789564680,7679.25,7680.5,7677.5,7678
1789564800,7677.75,7682.25,7677.25,7681.5
1789564920,7681.5,7682,7679.5,7680
1789565040,7680,7681,7678.5,7679
1789565160,7679,7680.75,7678.5,7680.5
1789565280,7680.5,7680.5,7676.25,7676.5
1789565400,7676.5,7679,7673.5,7675.25
1789565520,7675,7677.5,7673.75,7676
1789565640,7676.25,7677.25,7673.25,7675.25
1789565760,7675,7675,7672.5,7673
1789565880,7673,7673.25,7669.25,7670.25
1789566000,7670,7673.25,7669,7670
1789566120,7670.25,7671,7669,7670
1789566240,7670,7678,7669.25,7676
1789566360,7676.25,7681.25,7675.25,7681
1789566480,7681,7681.5,7677.5,7681.25
1789566600,7681.25,7684.75,7680.75,7684.75
1789566720,7684.5,7686.5,7682.5,7686.25
1789566840,7686.25,7686.25,7683,7684.25
1789566960,7684.25,7685,7682.75,7684.25
1789567080,7684.25,7685,7681.75,7684.25
1789567200,7684.5,7686.5,7682,7683
1789567320,7682.75,7682.75,7679,7679.75
1789567440,7679.5,7680,7676.75,7677
1789567560,7677.25,7678.25,7675.25,7678.25
1789567680,7678.5,7680.5,7677.75,7679
1789567800,7679,7680,7677,7678.25
1789567920,7678.5,7678.5,7673,7675
1789568040,7675.25,7679.25,7675,7678.5
1789568160,7678.5,7679.25,7676,7677.75
1789568280,7677.75,7678,7674,7675
1789568400,7674.75,7675.5,7673.75,7674.5
1789568520,7674.25,7674.5,7671.25,7673
1789568640,7672.75,7673,7671,7671.5
1789568760,7671.25,7672,7669.5,7670.5
1789568880,7670.25,7672.25,7670,7671.75
1789569000,7671.75,7673.5,7670.75,7672.25
1789569120,7672,7674.25,7670,7674
1789569240,7674,7674.75,7672.5,7673.5
1789569360,7673.5,7676,7671.25,7675.75
1789569480,7675.75,7677.25,7675,7676
1789569600,7676,7679.25,7675.5,7678.25
1789569720,7678,7680.75,7677.25,7680.5
1789569840,7680.25,7681.75,7679.25,7680.75
1789569960,7680.75,7682,7679.5,7680.5
1789570080,7680.75,7681,7678,7678.25
1789570200,7678.25,7680,7678.25,7678.75
1789570320,7678.75,7681.25,7678,7680
1789570440,7680.25,7680.5,7678.75,7680
1789570560,7679.75,7681,7679.5,7680.5
1789570680,7680.25,7685,7679.5,7684.25
1789570800,7684.5,7688.5,7684.5,7686.75
1789570920,7686.75,7687,7683.75,7687
1789571040,7687,7688.25,7686,7686.75
1789571160,7686.75,7692.5,7684.5,7689.75
1789571280,7689.5,7692.75,7688.5,7691.25
1789571400,7691.25,7692.5,7688.25,7688.5
1789571520,7688.5,7689.5,7687.25,7689.25
1789571640,7689.25,7690.25,7687,7687.75
1789571760,7687.75,7687.75,7686,7687
1789571880,7687,7688.75,7685.75,7688.5
1789572000,7688.5,7688.5,7686.25,7686.75
1789572120,7686.5,7687.75,7686.5,7687.25
1789572240,7687,7690.5,7686.75,7690.5
1789572360,7690.25,7690.5,7687.5,7687.75
1789572480,7688,7688.25,7685.25,7686
1789572600,7685.75,7687,7683.25,7684.25
1789572720,7684,7684,7682,7682.75
1789572840,7682.75,7684.75,7682.25,7684.75
1789572960,7684.75,7685.75,7683.75,7684.5
1789573080,7684.25,7688,7684.25,7686.25
1789573200,7686.25,7688,7685.75,7686
1789573320,7686.25,7687.5,7685.5,7687
1789573440,7687,7688.5,7686.75,7687.75
1789573560,7687.75,7699,7687.5,7694.25
1789573680,7694,7694.25,7691.25,7692.5
1789573800,7692.75,7693,7689.5,7690.25
1789573920,7690.25,7692.5,7688.75,7691
1789574040,7691.25,7691.75,7688.5,7690.25
1789574160,7690.25,7690.75,7688.5,7689.75
1789574280,7689.75,7690.75,7688.25,7689
1789574400,7689,7689.75,7687,7687
1789574520,7687.25,7687.75,7685.25,7685.75
1789574640,7685.75,7686.25,7685.25,7685.75
1789574760,7685.75,7686.5,7685,7685.5
1789574880,7685.25,7687.25,7685,7686.75
1789575000,7686.75,7687.25,7685,7685
1789575120,7685,7685.75,7683.75,7685.75
1789575240,7686,7686.75,7685,7686.75
1789575360,7686.5,7686.75,7684.75,7686.25
1789575480,7686.25,7686.75,7685.25,7685.5
1789575600,7685.25,7685.25,7682,7682.75
1789575720,7682.5,7682.75,7681.5,7682.5
1789575840,7682.5,7683,7681.25,7682.25
1789575960,7682,7683,7681.25,7681.25
1789576080,7681,7683.5,7680.25,7683.25
1789576200,7683.25,7684,7681,7681.25
1789576320,7681,7681.25,7678.25,7678.5
1789576440,7678.5,7680.25,7678.5,7679.75
1789576560,7679.75,7680.5,7679.25,7680
1789576680,7680,7681.25,7680,7680.75
1789576800,7680.75,7681.25,7679.75,7680.25
1789576920,7680.5,7681.25,7679.75,7681.25
1789577040,7681.25,7682.75,7680.75,7682.25
1789577160,7682.25,7683.25,7681.75,7683.25
1789577280,7683,7683.5,7682.5,7682.5
1789577400,7682.5,7683,7679.75,7679.75
1789577520,7679.75,7680.25,7678.75,7679.75
1789577640,7679.75,7681.75,7679.5,7681.25
1789577760,7681.5,7681.75,7680,7681
1789577880,7681,7681,7679.25,7679.25
1789578000,7679.5,7679.75,7675.5,7675.75
1789578120,7675.75,7676.5,7674,7674.5
1789578240,7674.5,7676.5,7674.25,7675.75
1789578360,7675.5,7676.5,7675.5,7676
1789578480,7676,7677.75,7676,7677.5
1789578600,7677.5,7678,7676,7676.25
1789578720,7676.25,7677.75,7675.75,7677.5
1789578840,7677.5,7679.75,7677.25,7678.5
1789578960,7678.5,7680,7678.25,7679
1789579080,7678.75,7680,7678.75,7679.25
1789579200,7679.25,7680.75,7678.75,7680
1789579320,7680,7680.25,7677,7677
1789579440,7677,7680,7676.75,7679.75
1789579560,7679.5,7680.5,7678.75,7680.25
1789579680,7680.25,7681,7679.75,7680.75
1789579800,7681,7682.25,7678,7678.5
1789579920,7678.5,7679.5,7678,7679
1789580040,7679,7680,7678.75,7680
1789580160,7679.75,7680.5,7679.5,7679.5
1789580280,7679.75,7680,7677.75,7677.75
1789580400,7677.75,7678,7676,7676.75
1789580520,7677,7677,7674.75,7674.75
1789580640,7674.75,7676.75,7674.5,7676.75
1789580760,7676.75,7678.75,7676.5,7678.5
1789580880,7678.5,7678.75,7676.75,7677
1789581000,7677.25,7678.5,7676.25,7678.25
1789581120,7678.25,7680,7677.75,7680
1789581240,7679.75,7680,7678.25,7678.25
1789581360,7678.25,7681,7677.75,7680.75
1789581480,7680.5,7684.75,7680.25,7683.5
1789581600,7684.5,7691,7669,7671.25
1789581720,7671.5,7682,7668.75,7678
1789581840,7677.75,7687.5,7676.25,7686.25
1789581960,7686.5,7690.5,7683.5,7689.75
1789582080,7689.75,7694.25,7687.75,7688.5
1789582200,7688.25,7690.25,7682.75,7683.75
1789582320,7683.5,7685.5,7679.5,7684.5
1789582440,7684.75,7686.75,7679.75,7680.5
1789582560,7680.5,7682.5,7679,7680.5
1789582680,7680.5,7685,7678,7681
1789582800,7681,7683.25,7677.5,7681.25
1789582920,7681.25,7684.5,7679.5,7682.75
1789583040,7682.75,7683.25,7677,7677.5
1789583160,7677.5,7679,7670.25,7671.25
1789583280,7671.5,7679.5,7669.25,7678
1789583400,7678.25,7680.75,7667.75,7669.25
1789583520,7669,7670.25,7658,7659.5
1789583640,7659.5,7662.75,7648.25,7650.5
1789583760,7650.75,7652.5,7641,7644.25
1789583880,7644.25,7661.25,7644.25,7660
1789584000,7659.75,7671.25,7658.75,7671
1789584120,7670.75,7683.25,7670.75,7680.25
1789584240,7680.25,7681.25,7669,7672
1789584360,7672.25,7673.25,7661.25,7662
1789584480,7662,7663,7655.25,7656.5
1789584600,7656.25,7659.25,7648,7653
1789584720,7653,7653,7635.5,7636
1789584840,7636,7638,7630.25,7632.75
1789584960,7633,7633,7618.5,7622.75
1789585080,7622.75,7627.5,7617.5,7618.75
1789585200,7618.75,7631.5,7617,7623.75
1789585320,7623.75,7631.5,7620.75,7630.5
1789585440,7630.75,7633.75,7619.25,7624.25
1789585560,7624.25,7627.5,7617.25,7620
1789585680,7620,7621.5,7609.75,7611.75
1789585800,7611.75,7613.5,7598,7598.5
1789585920,7598.75,7601.25,7591.75,7593.25
1789586040,7593.25,7600.75,7591,7594.75
1789586160,7594.75,7596,7590,7591.5
1789586280,7591.5,7593.5,7584,7588.75
1789586400,7589,7593,7582.75,7585.5
1789586520,7585.5,7587.5,7581.25,7581.75
1789586640,7581.75,7588.25,7577.25,7577.25
1789586760,7577,7584,7575,7582.5
1789586880,7582.5,7592.75,7579.75,7591.75
1789587000,7591.75,7598,7590.5,7595.75
1789587120,7595.75,7602.5,7595.25,7600.25
1789587240,7600,7606.25,7599.75,7603
1789587360,7603,7603.25,7594,7601.25
1789587480,7601.5,7605.5,7598.5,7604
1789587600,7604,7608,7599.5,7599.75
1789587720,7599.5,7603.75,7597.25,7602.5
1789587840,7602.5,7609,7599.75,7609
1789587960,7609,7613.25,7607.5,7613
1789588080,7612.75,7616.75,7611.25,7615
1789588200,7615,7621.25,7614,7616.25
1789588320,7616.25,7620.75,7615,7618
1789588440,7618,7623.25,7616.25,7622.25
1789588560,7622.25,7625,7620.25,7621
1789588680,7621.25,7624.75,7619.25,7622
1789588800,7622.5,7624.5,7620,7622.25
1789588920,7622.25,7626,7622,7625.5
1789589040,7625.5,7625.5,7622,7622.5
1789589160,7622.75,7624,7620.75,7621
1789589280,7621.25,7622.5,7620.5,7622
1789589400,7621.75,7622.75,7621,7621.25
1789589520,7621.25,7622,7620.75,7621.25
1789589640,7621.5,7622.5,7621,7622.5
1789589760,7622.5,7623,7620,7622.75
1789589880,7623,7623,7621,7621.25
1789590000,7621.25,7621.5,7620.5,7621.25
1789590120,7621.25,7621.5,7620.25,7620.25
1789590240,7620.5,7621,7618.75,7619.25
1789590360,7619,7619.25,7617.25,7617.75
1789590480,7618,7620.5,7618,7620.25
1789590600,7620.25,7621.75,7619,7621.5
1789590720,7621.25,7621.5,7619.75,7621
1789590840,7621,7622.75,7621,7621.25
1789590960,7621.5,7621.75,7620.5,7621.75
1789591080,7621.75,7622.5,7620.75,7622.5
1789591200,7622.5,7623,7622,7622
1789591320,7622.25,7622.25,7619.75,7620.25
1789591440,7620.5,7621.75,7620.25,7620.75
1789591560,7620.75,7622,7620.75,7621.75
1789591680,7622,7622.5,7621.5,7622.25
1789591800,7622.25,7623,7621.75,7622
1789591920,7621.75,7622,7620.5,7621.5
1789592040,7621.5,7622,7621,7621.25
1789592160,7621.25,7621.5,7618.5,7621.25
1789592280,7621,7622.75,7620.75,7622
1789596000,7624,7625,7620,7620.5
1789596120,7620.25,7620.5,7618.25,7619
1789596240,7619,7624.75,7617.5,7624.75
1789596360,7624.5,7625.5,7623.25,7624.75
1789596480,7624.75,7625.75,7624,7625.25
1789596600,7625.25,7625.5,7624.75,7624.75
1789596720,7624.75,7628.25,7624.75,7626.5
1789596840,7626.5,7626.75,7625.75,7626
1789596960,7626,7627,7625.5,7627
1789597080,7627.25,7627.75,7627,7627.5
1789597200,7627.75,7629.5,7627.75,7629.25
1789597320,7629,7629.5,7627.25,7628.25
1789597440,7628.5,7631.75,7628.5,7631.5
1789597560,7631.5,7632.5,7631.25,7631.75
1789597680,7631.75,7632.5,7631,7632.25
1789597800,7632.25,7633.75,7632,7633
1789597920,7633,7634.75,7632.25,7634
1789598040,7634,7635,7633.75,7634.75
1789598160,7634.5,7636.25,7634,7635.75
1789598280,7636,7637.5,7636,7637
1789598400,7637,7639.5,7637,7639
1789598520,7639.25,7639.75,7638,7639.25
1789598640,7639.25,7639.25,7638,7638.5
1789598760,7638.75,7639.25,7638.75,7638.75
1789598880,7639,7639,7635.75,7636
1789599000,7636,7636.5,7635.5,7635.75
1789599120,7635.75,7636.25,7635,7635.25
1789599240,7635,7635.5,7634.75,7635
1789599360,7635.25,7635.5,7634.75,7635.25
1789599480,7635.25,7636.75,7635,7636.75
1789599600,7636.5,7638.25,7636,7638.25
1789599720,7638,7638,7635.75,7636.25
1789599840,7636.5,7637.5,7636.5,7637.25
1789599960,7637,7637.25,7636.5,7636.75
1789600080,7637,7640,7637,7639.5
1789600200,7639.5,7640,7639.25,7639.5
1789600320,7639.25,7639.25,7638.75,7639
1789600440,7638.75,7639.25,7638,7639
1789600560,7639.25,7642.75,7639.25,7642.5
1789600680,7642.25,7643.25,7641,7641.25
1789600800,7641.5,7644,7641.5,7643.75
1789600920,7644,7644.75,7643.5,7644.5
1789601040,7644.25,7644.75,7643.75,7644.25
1789601160,7644,7646.25,7643,7646
1789601280,7646.25,7647.75,7645,7645
1789601400,7645.25,7647.5,7645.25,7647.25
1789601520,7647,7648,7646.5,7647.5
1789601640,7647.75,7648.25,7647.25,7647.5
1789601760,7647.25,7647.25,7646,7646.25
1789601880,7646.25,7646.75,7645,7646.5
1789602000,7646.5,7654,7645.5,7648.25
1789602120,7648.5,7651.25,7648.25,7650
1789602240,7650,7653.5,7650,7652
1789602360,7652.25,7656.25,7652.25,7655.5
1789602480,7655.25,7656.25,7654.5,7655.25
1789602600,7655,7655.25,7653.75,7655
1789602720,7655,7657,7655,7655.75
1789602840,7655.75,7656.75,7655,7655.25
1789602960,7655.25,7656.5,7654.75,7656.25
1789603080,7656.25,7657.5,7655.75,7657.25
1789603200,7657.5,7659.5,7656,7657.25
1789603320,7657.25,7659,7656.5,7659
1789603440,7658.75,7660,7657.5,7658.75
1789603560,7658.75,7662.25,7658.75,7661.5
1789603680,7661.25,7662.25,7660.25,7661.25
1789603800,7661.5,7662,7659.5,7661.75
1789603920,7661.5,7662,7656.5,7657
1789604040,7657,7657.5,7654,7656.5
1789604160,7656.5,7658.25,7655,7657.75
1789604280,7658,7660.25,7657.75,7659.5
1789604400,7659.25,7660,7657.5,7658.5
1789604520,7658.25,7658.25,7655.75,7656.5
1789604640,7656.5,7657.5,7656,7657
1789604760,7657.25,7658.75,7657.25,7658
1789604880,7658,7658.25,7656.75,7656.75
1789605000,7656.75,7660.75,7656.75,7660.5
1789605120,7660.5,7663.5,7660,7663
1789605240,7663.25,7664,7661.75,7663.75
1789605360,7663.75,7664,7661.75,7663
1789605480,7663.25,7664.75,7663.25,7664.5
1789605600,7664.25,7665.75,7664,7665.5
1789605720,7665.5,7667.75,7665,7667.5
1789605840,7667.5,7667.5,7664.25,7664.5
1789605960,7664.5,7664.75,7662,7664.5
1789606080,7664.5,7665.5,7663,7663.75
1789606200,7663.75,7664,7662.25,7662.25
1789606320,7662.25,7662.75,7660,7660.75
1789606440,7660.75,7662.75,7659.75,7662.25
1789606560,7662.25,7665,7662,7664.75
1789606680,7664.5,7666,7664,7664
1789606800,7664,7665,7662,7663
1789606920,7663,7663.5,7662.25,7663.5
1789607040,7663.5,7666,7663.25,7666
1789607160,7666,7668,7665.25,7667.5
1789607280,7667.5,7667.5,7664,7664.25
1789607400,7664.25,7664.25,7661.75,7661.75
1789607520,7661.75,7662.25,7660.75,7661.75
1789607640,7661.75,7664,7661.75,7663.75
1789607760,7663.75,7664,7662.75,7662.75
1789607880,7662.75,7663.5,7662,7663.25
1789608000,7663,7664.5,7662.75,7663.75
1789608120,7663.75,7664.5,7663.25,7663.25
1789608240,7663.25,7664.25,7662.75,7663.75
1789608360,7663.5,7663.75,7662.5,7663.25
1789608480,7663.5,7663.75,7662.75,7663.25
1789608600,7663.25,7665,7663.25,7664.75
1789608720,7665,7666.75,7665,7665
1789608840,7665,7665,7664,7664.75
1789608960,7664.75,7666.25,7663.75,7663.75
1789609080,7663.75,7664.25,7662,7662.25
1789609200,7662,7662.25,7659.5,7659.75
1789609320,7660,7663.75,7660,7663
1789609440,7663.25,7664,7662.75,7663.5
1789609560,7663.5,7664,7663.25,7663.5
1789609680,7663.25,7664.25,7663,7663.5
1789609800,7663.25,7663.75,7662.25,7662.75
1789609920,7663,7663,7660.5,7661.75
1789610040,7662,7663,7660.5,7660.5
1789610160,7660.5,7661.5,7658.25,7661
1789610280,7660.75,7661,7659.5,7660
1789610400,7660,7662,7660,7661.25
1789610520,7661.25,7663,7659.75,7662.75
1789610640,7663,7664.75,7662.25,7662.5
1789610760,7662.5,7662.5,7660.75,7662.25
1789610880,7662.25,7663,7661,7661.5
1789611000,7661.5,7662.75,7661.25,7662
1789611120,7662.25,7662.5,7661,7661.75
1789611240,7662,7662.5,7661.25,7662.25
1789611360,7662,7663.5,7662,7662.75
1789611480,7662.75,7663.75,7661.75,7663.25
1789611600,7663.25,7664,7662.5,7663
1789611720,7663.25,7664.25,7662.25,7663.75
1789611840,7664,7664,7662.5,7663.75
1789611960,7664,7665.25,7664,7664
1789612080,7663.75,7664.25,7662.75,7663.75
1789612200,7664,7666.25,7663.75,7666.25
1789612320,7666,7667.25,7665.75,7666.75
1789612440,7666.5,7667.25,7665.75,7667
1789612560,7667,7667.5,7666.75,7667.25
1789612680,7667,7668.75,7667,7668
1789612800,7667.75,7668.5,7667.5,7668.5
1789612920,7668.75,7669.75,7668.75,7669
1789613040,7669,7669.25,7667.25,7667.75
1789613160,7667.75,7668.25,7666.75,7668
1789613280,7668,7668.25,7666.75,7667.75
1789613400,7667.5,7668.25,7667.5,7668.25
1789613520,7668.25,7668.5,7666.5,7666.5
1789613640,7666.25,7666.5,7664.75,7665.5
1789613760,7665.5,7666.5,7665.5,7666.5
1789613880,7666.5,7666.5,7665,7665.25
1789614000,7665.25,7666,7664.75,7665.25
1789614120,7665,7665.5,7664.75,7665.25
1789614240,7665.5,7666.75,7665.5,7666.5
1789614360,7666.75,7666.75,7666,7666.25
1789614480,7666.25,7667.5,7666.25,7666.25
1789614600,7666.5,7667,7664.75,7665.75
1789614720,7666,7667,7666,7666.75
1789614840,7667,7667.75,7666.75,7667
1789614960,7667.25,7667.5,7666.75,7666.75
1789615080,7666.5,7666.5,7665.75,7666.25
1789615200,7666,7666.5,7664.75,7666.25
1789615320,7666.5,7667,7666,7667
1789615440,7667,7668,7667,7667.75
1789615560,7667.5,7668.25,7667.5,7668
1789615680,7668,7668,7667.5,7668
1789615800,7667.75,7667.75,7667,7667.25
1789615920,7667.25,7667.5,7666.75,7667.25
1789616040,7667,7668.5,7667,7667.5
1789616160,7667.75,7668,7667,7667.75
1789616280,7667.75,7668.75,7667.75,7668.75
1789616400,7668.75,7669.75,7668.5,7669.75
1789616520,7669.75,7670.25,7669.5,7669.5
1789616640,7669.75,7669.75,7668.5,7668.5
1789616760,7668.75,7668.75,7666.75,7667.5
1789616880,7667.75,7669.5,7667.75,7669.25
1789617000,7669.25,7669.25,7667.75,7668
1789617120,7668,7668.25,7667.75,7668
1789617240,7668,7669,7667.75,7668.25
1789617360,7668.25,7670,7668.25,7670
1789617480,7669.75,7669.75,7669,7669
1789617600,7668.75,7670,7668.75,7670
1789617720,7670,7670.25,7669.25,7669.75
1789617840,7669.5,7669.75,7669,7669
1789617960,7669,7669.5,7668.25,7669.5
1789618080,7669.5,7669.5,7668.75,7668.75
1789618200,7668.75,7669,7668.25,7668.5
1789618320,7668.5,7668.5,7667.25,7668
1789618440,7667.75,7668.25,7667.5,7667.75
1789618560,7667.75,7668.25,7667.5,7667.5
1789618680,7667.75,7667.75,7666.75,7666.75
1789618800,7666.75,7667,7666.25,7667
1789618920,7666.75,7666.75,7666.25,7666.5
1789619040,7666.5,7666.75,7666,7666.25
1789619160,7666.25,7667.25,7665.75,7667.25
1789619280,7667.25,7668,7667,7667.25
1789619400,7667.25,7667.5,7666,7667.25
1789619520,7667.5,7667.75,7666.25,7666.5
1789619640,7666.5,7667.5,7666.5,7667.5
1789619760,7667.25,7668.25,7666.75,7667.75
1789619880,7668,7669.25,7668,7669
1789620000,7669,7669.5,7669,7669.5
1789620120,7669.25,7670.25,7668.5,7669.5
1789620240,7669.25,7669.75,7668.75,7669.25
1789620360,7669.25,7670,7669.25,7669.25
1789620480,7669.5,7670.25,7668.75,7668.75
1789620600,7668.75,7668.75,7668,7668.25
1789620720,7668,7668.75,7667.5,7667.75
1789620840,7667.5,7667.75,7666.5,7667.5
1789620960,7667.5,7668,7667.25,7667.25
1789621080,7667.25,7667.5,7667.25,7667.25
1789621200,7667.25,7667.75,7666.5,7667
1789621320,7666.75,7667.25,7666.5,7666.75
1789621440,7666.75,7667.5,7666,7666.5
1789621560,7666.5,7667,7666.5,7666.5
1789621680,7666.5,7667,7666,7666
1789621800,7666,7666.25,7664.75,7664.75
1789621920,7665,7665.75,7664.5,7664.5
1789622040,7664.5,7664.75,7664,7664.5
1789622160,7664.25,7664.5,7663.75,7664.5
1789622280,7664.25,7664.25,7663.5,7663.75
1789622400,7663.75,7663.75,7662.5,7663.25
1789622520,7663,7663.5,7663,7663
1789622640,7662.75,7665.25,7662.5,7665.25
1789622760,7665,7665,7663.75,7664
1789622880,7664,7664.25,7663.5,7663.5
1789623000,7663.5,7664,7661.25,7662.25
1789623120,7662.25,7663,7661.75,7662.25
1789623240,7662.5,7663,7661.75,7662
1789623360,7662,7662.25,7660,7660.5
1789623480,7660.5,7661.5,7660,7661.25
1789623600,7661.25,7661.5,7659.25,7659.25
1789623720,7659.25,7660.25,7659.25,7659.5
1789623840,7659.25,7660,7659,7659.5
1789623960,7659.75,7660,7659.25,7659.25
1789624080,7659.25,7659.5,7658.75,7659.25
1789624200,7659.25,7660.25,7657.75,7658.25
1789624320,7658.5,7658.75,7658,7658
1789624440,7658.25,7658.25,7657.5,7657.75
1789624560,7657.75,7658,7656.5,7656.5
1789624680,7656.5,7657.5,7656.25,7657.25
1789624800,7657,7659.25,7656.75,7658.5
1789624920,7658.25,7663,7658.25,7663
1789625040,7663,7663.25,7660.25,7662.75
1789625160,7662.75,7664.5,7662,7662.5
1789625280,7662.75,7662.75,7661.25,7661.5
1789625400,7661.5,7661.5,7659.75,7660.75
1789625520,7661,7662.25,7660.75,7661.25
1789625640,7661.25,7662,7659,7659
1789625760,7659.25,7661.75,7658.5,7661.5
1789625880,7661.5,7662,7660.5,7661.5
1789626000,7661.5,7662.5,7660.75,7662.5
1789626120,7662.5,7663.5,7662.5,7663.25
1789626240,7663.25,7666.5,7663.25,7666.25
1789626360,7666.25,7669.25,7666.25,7669
1789626480,7668.75,7671.5,7668.25,7671.25
1789626600,7671.25,7673.25,7671,7672
1789626720,7672,7674,7671.25,7672.75
1789626840,7672.75,7673.25,7671.75,7672.75
1789626960,7672.5,7675,7672.5,7674
1789627080,7673.75,7673.75,7671.75,7672
1789627200,7672.25,7674,7672.25,7673.25
1789627320,7673.25,7676.75,7673,7676.75
1789627440,7676.5,7677,7675.75,7676.75
1789627560,7677,7677.5,7675.75,7676
1789627680,7676.25,7676.75,7675,7676
1789627800,7676,7676.5,7675.5,7676.5
1789627920,7676.5,7676.75,7675.75,7676.75
1789628040,7676.75,7677,7675,7675
1789628160,7675.25,7675.75,7674.25,7675.25
1789628280,7675.25,7675.5,7674.25,7675.25
1789628400,7675.25,7676,7673.5,7675.75
1789628520,7675.75,7677.5,7675.5,7677.25
1789628640,7677.25,7680,7677,7679.25
1789628760,7679.5,7681.5,7679.5,7681.25
1789628880,7681.25,7683.25,7681.25,7682.5
1789629000,7682.75,7684,7682.25,7682.5
1789629120,7682.5,7682.75,7679.75,7680.25
1789629240,7680.25,7680.5,7679.5,7679.5
1789629360,7679.75,7683.75,7679.75,7683
1789629480,7683,7683.5,7680.5,7680.75
1789629600,7680.5,7681.25,7679.25,7679.5
1789629720,7679.5,7682.25,7678.75,7682
1789629840,7682,7683,7682,7682.75
1789629960,7682.5,7683.75,7682.25,7683.5
1789630080,7683.75,7687,7683.75,7686.75
1789630200,7686.5,7689.25,7686.5,7686.5
1789630320,7686.5,7687,7685.75,7686.75
1789630440,7686.75,7687.5,7685,7685.25
1789630560,7685.25,7686.75,7685.25,7686.25
1789630680,7686.25,7686.5,7685.25,7686.5
1789630800,7686.25,7686.75,7685.5,7685.5
1789630920,7685.5,7686.25,7684.75,7685.75
1789631040,7686,7686.25,7684.25,7685
1789631160,7685,7686.25,7684.5,7685.75
1789631280,7686,7686.25,7683,7683
1789631400,7683,7683.5,7681.5,7683.25
1789631520,7683.25,7683.5,7681.5,7682.25
1789631640,7682.5,7682.5,7679.75,7679.75
1789631760,7679.75,7680,7679,7679.5
1789631880,7679.5,7680.5,7679.25,7680.25
1789632000,7680,7681.75,7679.5,7681
1789632120,7681,7681.75,7678.25,7678.5
1789632240,7678.5,7681,7678.5,7680
1789632360,7680.25,7680.5,7679,7679.75
1789632480,7679.75,7680,7679.25,7679.5
1789632600,7679.25,7680.25,7677.5,7677.75
1789632720,7677.75,7677.75,7673.5,7674
1789632840,7674.25,7675.25,7673.75,7674.75
1789632960,7674.5,7675.25,7672.75,7672.75
1789633080,7672.5,7673,7671.25,7672.75
1789633200,7672.75,7673.5,7672.25,7673
1789633320,7673,7674.5,7672.75,7673
1789633440,7673,7676.75,7672.75,7676.25
1789633560,7676.5,7677,7675.75,7677
1789633680,7677.25,7678.25,7675.5,7677.75
1789633800,7677.75,7679,7676.5,7677
1789633920,7677.25,7678,7676.25,7677.75
1789634040,7677.75,7680.5,7677.75,7679.25
1789634160,7679.25,7680.25,7678.5,7680.25
1789634280,7680,7680.5,7679,7680.25
1789634400,7680.5,7680.75,7678.5,7678.75
1789634520,7678.75,7679.5,7678,7678.5
1789634640,7678.75,7679.5,7678.5,7679.5
1789634760,7679.5,7680.75,7678.75,7680.25
1789634880,7680.25,7680.75,7680,7680.25
1789635000,7680.5,7681.5,7680.25,7681
1789635120,7681.25,7682.75,7680.25,7682.75
1789635240,7682.75,7684,7682.75,7683
1789635360,7683.25,7684.25,7682.5,7684.25
1789635480,7684.25,7684.5,7683,7683.25
1789635600,7683.25,7685.75,7683,7685.75
1789635720,7685.75,7686.5,7684,7685.5
1789635840,7685.25,7685.5,7684.5,7685.25
1789635960,7685.25,7687,7685.25,7686.75
1789636080,7687,7687,7685.75,7686.25
1789636200,7686.5,7689.25,7686.5,7688.75
1789636320,7688.75,7689,7687.25,7687.25
1789636440,7687.25,7687.75,7686.5,7686.75
1789636560,7686.75,7686.75,7685,7685.5
1789636680,7685.5,7686.25,7684.5,7684.5
1789636800,7684.5,7686,7684.25,7685.75
1789636920,7685.75,7685.75,7685,7685.5
1789637040,7685.25,7685.25,7684.25,7684.5
1789637160,7684.5,7684.5,7683.5,7684.5
1789637280,7684.5,7684.75,7683.5,7683.75
1789637400,7683.5,7686,7683.5,7685.5
1789637520,7685.25,7686.5,7685.25,7686.25
1789637640,7686.25,7686.75,7686,7686.5
1789637760,7686.5,7686.75,7685.5,7686.5
1789637880,7686.25,7687,7685,7685.25
1789638000,7685,7686,7685,7685.25
1789638120,7685.25,7686,7685.25,7686
1789638240,7686.25,7686.5,7684.75,7684.75
1789638360,7684.75,7684.75,7682.5,7682.75
1789638480,7682.75,7682.75,7681.25,7682
1789638600,7682.25,7683.5,7682.25,7682.5
1789638720,7682.75,7683.75,7682.5,7683.25
1789638840,7683.25,7685,7683.25,7683.75
1789638960,7683.75,7683.75,7683,7683
1789639080,7683,7683,7682.25,7682.75
1789639200,7682.5,7683.5,7682.5,7683.25
1789639320,7683.5,7684.75,7682.75,7684.25
1789639440,7684.25,7685,7684,7684.5
1789639560,7684.5,7687,7684,7686.5
1789639680,7686.25,7687,7685.75,7685.75
1789639800,7685.75,7686.75,7685.25,7686.75
1789639920,7686.75,7686.75,7685.75,7685.75
1789640040,7686,7686.25,7684.75,7685.25
1789640160,7685.25,7686,7685,7685.25
1789640280,7685.25,7686,7683.5,7683.5
1789640400,7683.5,7684.5,7683.5,7684
1789640520,7684.25,7687,7684,7687
1789640640,7687,7688.5,7686.75,7688
1789640760,7688.25,7689.25,7688,7688.75
1789640880,7688.75,7689.5,7687.25,7687.5
1789641000,7687.75,7689.5,7686.75,7687
1789641120,7687,7687.25,7686,7686.25
1789641240,7686.25,7687,7685.5,7687
1789641360,7686.75,7688.25,7686.5,7687.75
1789641480,7687.75,7688,7687,7687.25
1789641600,7687.25,7687.75,7684.5,7684.75
1789641720,7684.75,7685.25,7684.25,7685
1789641840,7685,7685.25,7684.25,7685
1789641960,7684.75,7685.5,7684.5,7685
1789642080,7685,7685.25,7684.5,7685
1789642200,7685,7687,7685,7686.25
1789642320,7686,7687,7685.75,7686.5
1789642440,7686.5,7686.75,7686,7686.5
1789642560,7686.5,7688,7686.5,7687.75
1789642680,7687.5,7688.75,7687.5,7687.5
1789642800,7687.75,7690.75,7687.75,7689
1789642920,7688.75,7689.75,7687.75,7688
1789643040,7687.75,7688.5,7687.5,7688.5
1789643160,7688.5,7688.75,7687.5,7688.25
1789643280,7688.25,7688.25,7687,7687
1789643400,7687,7687.25,7685.75,7686
1789643520,7686,7688.5,7686,7688.5
1789643640,7688.5,7688.75,7687,7687.25
1789643760,7687.25,7687.5,7684.75,7685
1789643880,7684.75,7686.5,7684.75,7686
1789644000,7686.25,7688.25,7686,7687.5
1789644120,7687.25,7687.5,7685.75,7686.75
1789644240,7686.75,7687.25,7685.25,7685.5
1789644360,7685.5,7687.25,7685,7686.5
1789644480,7686.5,7686.75,7685.5,7686.25
1789644600,7686,7686.5,7685.25,7686.5
1789644720,7686.25,7687.5,7685.25,7686
1789644840,7686,7686.5,7685.25,7686.5
1789644960,7686.25,7687.25,7684.5,7685.25
1789645080,7685.25,7686.75,7685.25,7686.5
1789645200,7686.25,7686.25,7684,7684
1789645320,7684,7684.75,7683.75,7684.5
1789645440,7684.75,7684.75,7682.5,7683.25
1789645560,7683,7684.25,7683,7684.25
1789645680,7684.5,7685,7683.5,7683.5
1789645800,7683.75,7684,7682.25,7684
1789645920,7684,7685.25,7683.5,7685.25
1789646040,7685.25,7688.25,7685,7687.5
1789646160,7687.5,7687.75,7685.5,7687.75
1789646280,7687.75,7695.5,7687.5,7695.25
1789646400,7695,7695.5,7692,7692.25
1789646520,7692,7692.75,7690,7691.25
1789646640,7691.25,7697.75,7691.25,7696.75
1789646760,7696.75,7697,7694.25,7695.5
1789646880,7695.75,7701.75,7695.75,7701.5
1789647000,7701.5,7703.5,7700.75,7702
1789647120,7702,7702.5,7700.75,7701.75
1789647240,7701.25,7703.25,7700.75,7703.25
1789647360,7703.25,7706,7702.75,7705.5
1789647480,7705.25,7708.25,7704.25,7708
1789647600,7708.25,7710.75,7708,7710
1789647720,7710.25,7711.5,7709.5,7711.5
1789647840,7711.5,7712.75,7710,7712.5
1789647960,7712.25,7714.75,7711.5,7714.5
1789648080,7714.75,7716.75,7714.25,7716.5
1789648200,7716.25,7717.5,7713,7716.5
1789648320,7716.75,7721.25,7716.25,7721
1789648440,7721,7722.25,7719.75,7720.5
1789648560,7720.5,7720.75,7718,7718.75
1789648680,7718.5,7721,7717.5,7720.75
1789648800,7720.5,7721.5,7719.25,7719.25
1789648920,7719.5,7720.75,7718.75,7720.5
1789649040,7720.5,7720.5,7716.5,7717
1789649160,7717,7717.25,7715.75,7716
1789649280,7716,7717.25,7715.25,7716.25
1789649400,7716.5,7720,7716.25,7718.75
1789649520,7718.5,7718.5,7716.75,7717
1789649640,7717,7718.25,7716.5,7716.75
1789649760,7716.75,7719.25,7716.25,7718.75
1789649880,7718.5,7718.5,7717.25,7717.5
1789650000,7717.75,7722,7716.5,7720.25
1789650120,7720.25,7721,7719.5,7719.75
1789650240,7720,7720,7717,7718
1789650360,7717.75,7718.25,7716.5,7717.25
1789650480,7717.25,7719.5,7716.5,7716.5
1789650600,7716.5,7717.5,7714.75,7716.25
1789650720,7716,7717.5,7715.5,7716.5
1789650840,7716.5,7717,7715.5,7716.25
1789650960,7716.25,7718.5,7715.75,7717
1789651080,7717.25,7717.75,7715.75,7715.75
1789651200,7716,7717,7714.75,7715.25
1789651320,7715.25,7716,7714.75,7714.75
1789651440,7714.75,7715,7713.5,7714
1789651560,7714.25,7717,7714.25,7716
1789651680,7715.75,7716.75,7712.5,7713.5
1789651800,7713.5,7716.25,7703.25,7703.25
1789651920,7703.5,7706,7701.25,7701.75
1789652040,7701.5,7702.25,7693.5,7695
1789652160,7695,7697.75,7692.5,7694
1789652280,7693.75,7694.5,7691.75,7693
1789652400,7693,7694.25,7688.5,7689.75
1789652520,7689.75,7692.75,7688.25,7691.75
1789652640,7691.5,7693.5,7689,7689.25
1789652760,7689.25,7696,7688.25,7693.75
1789652880,7693.75,7695,7688.75,7694.75
1789653000,7695,7697.25,7691.5,7694.25
1789653120,7694,7695.25,7691.5,7693
1789653240,7692.75,7695.5,7690.5,7691.25
1789653360,7691.5,7692.5,7688.5,7690.25
1789653480,7690.25,7693.75,7689.75,7693.75
1789653600,7693.5,7693.75,7684.5,7687
1789653720,7687,7687.25,7683.75,7687.25
1789653840,7687.25,7688.25,7684,7685.25
1789653960,7685.25,7687.25,7681.75,7681.75
1789654080,7681.75,7684.5,7680.5,7683
1789654200,7683,7685.75,7681.75,7684.5
1789654320,7684.75,7689,7683.75,7689
1789654440,7689,7693.25,7688.75,7691.75
1789654560,7691.75,7695.25,7691.75,7693.25
1789654680,7693,7695.75,7692.5,7695.75
1789654800,7695.5,7698,7693.25,7697.5
1789654920,7697.5,7701.5,7697.5,7701
1789655040,7700.75,7702,7698.5,7700.5
1789655160,7700.25,7703.75,7699.75,7703.25
1789655280,7703.5,7703.75,7697,7697.5
1789655400,7697.5,7700.75,7697,7698.25
1789655520,7698.25,7699.75,7696.25,7697.75
1789655640,7697.5,7701.5,7697.25,7699.75
1789655760,7699.75,7701,7698.25,7700
1789655880,7700,7701,7697.25,7697.75
1789656000,7697.75,7702.75,7697.25,7702.75
1789656120,7702.5,7703.25,7701,7701
1789656240,7701,7701.75,7697.75,7697.75
1789656360,7697.75,7698.75,7691.75,7692.75
1789656480,7692.75,7694.5,7691.25,7693
1789656600,7693,7693.75,7691,7692.25
1789656720,7692.25,7692.25,7688.25,7688.75
1789656840,7688.75,7688.75,7684.75,7685.5
1789656960,7685.5,7690.25,7684.5,7688.5
1789657080,7688.5,7691.5,7686.5,7688.25
1789657200,7688,7689.5,7686.5,7686.75
1789657320,7686.75,7690.25,7686.25,7688.75
1789657440,7688.5,7688.75,7684.25,7684.25
1789657560,7684.25,7688.5,7683.75,7687.75
1789657680,7688,7689.25,7686.75,7688
1789657800,7688,7691,7686.75,7690.5
1789657920,7690.75,7692,7688.75,7692
1789658040,7691.75,7692.75,7689.75,7690.5
1789658160,7690.5,7694.75,7690,7694.5
1789658280,7694.25,7695.5,7693.25,7694.75
1789658400,7695,7695.25,7691.75,7692.5
1789658520,7692.5,7694,7691,7692
1789658640,7692,7697.25,7691,7697.25
1789658760,7697.25,7698,7695.25,7695.75
1789658880,7695.75,7697.25,7694.5,7696.25
1789659000,7696.25,7697.75,7695.5,7697.25
1789659120,7697.25,7697.75,7695.75,7696.5
1789659240,7696.25,7700,7695.25,7698.75
1789659360,7698.75,7701.25,7698.25,7700
1789659480,7700,7701,7699.5,7701
1789659600,7700.75,7704.5,7700.75,7703.75
1789659720,7703.75,7706.25,7703.5,7703.75
1789659840,7703.75,7704.5,7702.75,7703.25
1789659960,7703.25,7705,7703,7703.75
1789660080,7703.5,7705.5,7703.25,7704.25
1789660200,7704.5,7705.5,7701.75,7703.5
1789660320,7703.5,7705.5,7703,7703.75
1789660440,7703.75,7705.5,7703.75,7704
1789660560,7704,7704.25,7701.5,7702
1789660680,7702,7706.5,7701.75,7706.5
1789660800,7706.5,7707.25,7705,7705.75
1789660920,7705.75,7707,7704.75,7706.25
1789661040,7706.5,7706.75,7702.75,7703
1789661160,7703,7703.75,7701.5,7703.25
1789661280,7703.5,7706.25,7702.25,7705.75
1789661400,7705.75,7706.25,7703.5,7703.5
1789661520,7703.5,7704,7702.25,7702.75
1789661640,7703,7704.5,7702.5,7704
1789661760,7704.25,7704.75,7703.5,7704.5
1789661880,7704.5,7705,7703,7704
1789662000,7703.75,7705,7703.25,7704.75
1789662120,7705,7706,7704.5,7705.75
1789662240,7705.75,7707,7705.75,7706
1789662360,7706.25,7707.25,7705.5,7707
1789662480,7707.25,7707.5,7705,7706.25
1789662600,7706.25,7707.75,7704.5,7704.5
1789662720,7704.25,7705,7700.5,7701
1789662840,7700.75,7702.5,7700.75,7702.25
1789662960,7702,7704,7701,7704
1789663080,7703.75,7704.25,7702.25,7703
1789663200,7703,7705,7702,7704.5
1789663320,7704.5,7707,7704.5,7707
1789663440,7707,7707.75,7706.25,7706.5
1789663560,7706.25,7708,7705.75,7707
1789663680,7707,7707.5,7705.25,7705.75
1789663800,7706,7706.75,7705.25,7705.5
1789663920,7705.5,7706.75,7705.5,7706.25
1789664040,7706.25,7706.5,7699.25,7700
1789664160,7700,7701.25,7697,7700.5
1789664280,7700.75,7706,7700.25,7706
1789664400,7706,7708.75,7705,7708.75
1789664520,7708.75,7708.75,7704.25,7705.25
1789664640,7705.5,7708,7705,7707.75
1789664760,7707.75,7709.25,7707,7709
1789664880,7709,7709,7704.25,7705.25
1789665000,7705,7705.5,7703.5,7704
1789665120,7703.75,7705.25,7702.75,7704.5
1789665240,7704.5,7705.5,7703,7704
1789665360,7704,7704.5,7703,7703.75
1789665480,7703.5,7704,7702.25,7703.25
1789665600,7703,7703.75,7700.5,7701
1789665720,7701,7703,7701,7702
1789665840,7702,7703.5,7699.75,7701.75
1789665960,7701.5,7702.5,7699.5,7702.25
1789666080,7702,7702.25,7700.5,7702
1789666200,7702,7702.75,7700.25,7701
1789666320,7701.25,7703.5,7701,7703
1789666440,7703,7705.25,7703,7704.5
1789666560,7704.5,7705,7703,7703
1789666680,7703.25,7704.5,7703,7703.75
1789666800,7703.75,7706.5,7703.75,7705.75
1789666920,7705.75,7706.25,7704.5,7705.25
1789667040,7705,7706.25,7705,7706.25
1789667160,7706.25,7708,7706,7706.5
1789667280,7706.25,7706.5,7705.75,7706
1789667400,7706,7706,7704.5,7705.75
1789667520,7705.75,7705.75,7704.25,7705
1789667640,7705.25,7706,7704.75,7705.75
1789667760,7706,7707.75,7705.25,7706.75
1789667880,7707,7707.75,7706.25,7707.75
1789668000,7707.75,7708,7706.5,7707.75
1789668120,7707.75,7709.25,7707,7709
1789668240,7709.25,7710,7708.5,7709.25
1789668360,7709.5,7709.5,7706.5,7706.75
1789668480,7706.5,7707,7705.75,7706.75
1789668600,7706.5,7708.25,7705.75,7706.75
1789668720,7706.5,7708.5,7706.5,7708.25
1789668840,7708,7710.75,7708,7710.75
1789668960,7710.5,7711.25,7708.75,7708.75
1789669080,7708.75,7710.25,7707.75,7710.25
1789669200,7710.25,7710.75,7709,7709
1789669320,7709,7709,7708,7708.5
1789669440,7708.75,7708.75,7706.75,7707.75
1789669560,7708,7709.25,7707.75,7709.25
1789669680,7709.25,7709.75,7708.25,7708.5
1789669800,7708.75,7710.25,7707.75,7707.75
1789669920,7708,7709.25,7707.5,7707.75
1789670040,7707.75,7707.75,7705.75,7706
1789670160,7705.75,7706.25,7703.75,7704.75
1789670280,7704.5,7704.5,7703.25,7703.5
1789670400,7703.5,7705.25,7702.75,7704.75
1789670520,7704.5,7704.75,7703.25,7704.5
1789670640,7704.25,7706,7704,7705.5
1789670760,7705.5,7706,7705,7705.75
1789670880,7705.75,7708,7705.5,7706.25
1789671000,7706.25,7706.5,7705.25,7705.5
1789671120,7705.5,7706,7703.25,7704
1789671240,7704,7704.75,7703.5,7704.25
1789671360,7704,7705.75,7703.75,7705.5
1789671480,7705.5,7706,7704.75,7705.75
1789671600,7705.75,7708.75,7705.5,7708.75
1789671720,7708.5,7709.5,7707.75,7709.25
1789671840,7709.25,7711.5,7709,7711.25
1789671960,7711.25,7711.75,7709.5,7710.25
1789672080,7710.5,7710.75,7708.5,7709.25
1789672200,7709.25,7709.75,7708.5,7708.75
1789672320,7708.75,7710,7708,7709.75
1789672440,7710,7710.25,7708.5,7709.25
1789672560,7709.25,7709.5,7708,7708.5
1789672680,7708.5,7710.5,7708.5,7710.25
1789672800,7710.25,7710.25,7708.25,7708.75
1789672920,7708.75,7708.75,7707.75,7708
1789673040,7708.25,7708.75,7707,7708.75
1789673160,7708.75,7709,7706.25,7706.75
1789673280,7707,7707.5,7706.25,7706.75
1789673400,7706.75,7710.25,7706.75,7709.75
1789673520,7710,7710,7708.25,7709
1789673640,7709,7710.25,7708.5,7709.75
1789673760,7710,7711.25,7710,7710.75
1789673880,7711,7711.5,7710,7710.5
1789674000,7710.75,7710.75,7709,7709.25
1789674120,7709,7711,7708,7710.75
1789674240,7710.5,7712,7709.75,7710.25
1789674360,7710.5,7710.75,7708.25,7709.25
1789674480,7709.25,7710,7707.75,7708.25
1789674600,7708.5,7713.75,7707.75,7713.5
1789674720,7713.75,7715.5,7711.5,7714.5
1789674840,7714.5,7715.5,7709.75,7710.75
1789674960,7710.75,7712.75,7710.5,7710.75
1789675080,7710.75,7711.25,7705,7707.25
1789675200,7707.5,7708,7704.75,7706
1789675320,7706,7706.5,7705,7705.5
1789675440,7705.5,7707.75,7705,7707.5
1789675560,7707.75,7708.25,7706.5,7708
1789675680,7708,7708.5,7707.5,7708
1789675800,7707.75,7708,7706.75,7707.25
1789675920,7707.25,7707.25,7704.75,7704.75
1789676040,7705,7705.25,7704,7704.5
1789676160,7704.5,7704.75,7702,7703
1789676280,7703,7703.5,7702.25,7702.25
1789676400,7702,7703,7702,7702.25
1789676520,7702.5,7703,7702.25,7702.25
1789676640,7702.25,7702.75,7702,7702.5
1789676760,7702.75,7703,7702.25,7702.5
1789676880,7702.5,7702.5,7701.75,7702
1789677000,7701.75,7702.25,7701.5,7701.75
1789677120,7702,7702.25,7701.5,7702.25
1789677240,7702.25,7702.75,7701.5,7702.5
1789677360,7702.5,7703,7702.25,7702.75
1789677480,7702.5,7703,7702.5,7702.5
1789677600,7702.5,7703,7702.5,7703
1789677720,7702.75,7703,7701.5,7701.75
1789677840,7701.5,7702,7701,7701.25
1789677960,7701.25,7701.75,7701.25,7701.25
1789678080,7701.5,7702,7701.25,7701.5
1789678200,7701.5,7702.25,7701,7702.25
1789678320,7702.25,7702.75,7702,7702.5
1789678440,7702.5,7703.25,7702.5,7703.25
1789678560,7703,7704,7702.75,7703
1789678680,7702.75,7703.25,7701.75,7702.25
1789682400,7703.5,7704.25,7702.5,7703.5
1789682520,7703,7703,7701.25,7701.5
1789682640,7701.75,7702,7700.75,7701.5
1789682760,7701.5,7701.5,7700,7700.5
1789682880,7700.25,7700.5,7699.5,7700
1789683000,7700.25,7700.75,7700.25,7700.75
1789683120,7700.75,7701.25,7700.5,7700.75
1789683240,7701,7701.5,7701,7701
1789683360,7701.25,7701.25,7699.75,7700
1789683480,7700.25,7700.5,7700,7700.5
1789683600,7700.75,7701,7699.25,7700
1789683720,7700,7700,7698.5,7699.25
1789683840,7699,7700,7699,7699
1789683960,7699.5,7699.5,7698.25,7698.75
1789684080,7698.75,7698.75,7697.75,7698
1789684200,7697.75,7698.25,7697.5,7698.25
1789684320,7698.25,7698.5,7697.5,7697.5
1789684440,7697.5,7698,7697.5,7698
1789684560,7698,7699.25,7697.75,7698.75
1789684680,7698.75,7698.75,7698,7698.25
1789684800,7698.25,7698.25,7697.25,7697.75
1789684920,7697.5,7697.5,7697,7697.5
1789685040,7697.5,7698.25,7697,7698
1789685160,7698.25,7698.25,7697.25,7698
1789685280,7698,7698.25,7697.75,7698
1789685400,7698,7698.25,7697.25,7697.75
1789685520,7697.75,7698,7697.25,7697.75
1789685640,7697.5,7698,7697,7698
1789685760,7698,7698.5,7697.75,7698.25
1789685880,7698.25,7699.25,7698.25,7699
1789686000,7699.25,7700.25,7699.25,7700
1789686120,7700,7700.25,7699.75,7700.25
1789686240,7700.25,7701.5,7700.25,7701.5
1789686360,7701.5,7701.5,7701,7701.25
1789686480,7701.5,7701.75,7701.5,7701.75
1789686600,7701.75,7702,7700.75,7700.75
1789686720,7700.75,7701,7699.5,7700
1789686840,7699.75,7700.25,7699.75,7699.75
1789686960,7700,7700,7699,7700
1789687080,7699.75,7700.25,7699.75,7700.25
1789687200,7700,7700.75,7700,7700.25
1789687320,7700,7701.5,7700,7701
1789687440,7701,7701,7700.25,7700.25
1789687560,7700.5,7700.5,7699.25,7700.25
1789687680,7700.25,7700.25,7700,7700
1789687800,7700,7700.5,7699.5,7699.75
1789687920,7700,7701,7700,7701
1789688040,7701,7701,7700.5,7700.75
1789688160,7700.75,7701.5,7700.5,7701.25
1789688280,7701,7701.5,7700.5,7701
1789688400,7701,7702,7701,7701.75
1789688520,7701.5,7702.25,7701,7701
1789688640,7701.25,7701.75,7700.75,7701.5
1789688760,7701.25,7702.5,7701,7701.25
1789688880,7701.5,7701.5,7701,7701.5
1789689000,7701.5,7701.75,7700.5,7701
1789689120,7701,7701.5,7700.75,7701.25
1789689240,7701.25,7702,7701.25,7701.25
1789689360,7701.5,7701.75,7701,7701.5
1789689480,7701.25,7701.5,7700.75,7700.75
1789689600,7700.75,7701.5,7698.5,7701.25
1789689720,7701.25,7701.75,7699.25,7700
1789689840,7700,7700.75,7699.25,7700
1789689960,7700.25,7701,7698,7699
1789690080,7698.75,7700.25,7698.75,7700
1789690200,7700.25,7700.25,7698.75,7699.25
1789690320,7699.25,7699.5,7698,7699.5
1789690440,7699.5,7701.5,7699.5,7700.75
1789690560,7700.75,7701,7699.75,7700.5
1789690680,7700.5,7702,7700.5,7701.5
1789690800,7701.5,7701.5,7700.25,7700.75
1789690920,7700.75,7702,7700.75,7701.75
1789691040,7701.75,7702.5,7701.25,7702.5
1789691160,7702.5,7702.75,7701.5,7701.75
1789691280,7701.75,7701.75,7700.25,7701
1789691400,7701,7702.25,7701,7701.75
1789691520,7702,7702.25,7701.5,7701.5
1789691640,7701.75,7703,7701.5,7702.25
1789691760,7702.5,7702.5,7701.5,7701.75
1789691880,7702,7702,7699.75,7699.75
1789692000,7699.75,7700,7698.75,7699.25
1789692120,7699.5,7700.25,7698.75,7700.25
1789692240,7700.5,7701.75,7700,7700.25
1789692360,7700.25,7700.75,7699.5,7699.5
1789692480,7699.75,7699.75,7698.75,7699
1789692600,7699,7699.75,7698.25,7699
1789692720,7699,7699.75,7699,7699.25
1789692840,7699.5,7699.75,7699,7699.25
1789692960,7699.5,7699.5,7699,7699.5
1789693080,7699.5,7699.5,7699,7699.5
1789693200,7699.5,7701.25,7698.25,7698.75
1789693320,7698.75,7699.25,7698.25,7698.75
1789693440,7698.75,7699.5,7698,7698.75
1789693560,7698.75,7699.5,7698.25,7699.5
1789693680,7699.75,7699.75,7698.25,7698.5
1789693800,7698.5,7699,7698,7699
1789693920,7698.75,7698.75,7697.5,7697.75
1789694040,7698,7698.5,7697.25,7697.5
1789694160,7697.5,7697.75,7696,7697.25
1789694280,7697.25,7697.75,7696.75,7697.5
1789694400,7697.5,7698.5,7696.75,7698
1789694520,7698,7698,7696.75,7696.75
1789694640,7696.75,7697.75,7696.75,7697
1789694760,7697,7697.25,7696.75,7697
1789694880,7697,7697.5,7697,7697.25
1789695000,7697.5,7697.75,7696.5,7696.5
1789695120,7696.5,7697,7696.25,7696.5
1789695240,7696.5,7697.5,7696.5,7697.25
1789695360,7697.25,7698,7697.25,7697.75
1789695480,7697.75,7698.25,7697.5,7697.5
1789695600,7697.5,7699.25,7697.5,7699.25
1789695720,7699.25,7699.75,7698.5,7699
1789695840,7699,7699,7697.5,7699
1789695960,7698.75,7699.5,7698.5,7699.5
1789696080,7699.5,7700.75,7699.5,7700
1789696200,7700.25,7700.25,7698.5,7699.5
1789696320,7699,7700.5,7699,7700.25
1789696440,7700.25,7700.25,7699.25,7699.5
1789696560,7699.75,7701,7699.75,7700.75
1789696680,7700.75,7701.25,7700.5,7701
1789696800,7701,7701.75,7700.75,7701.75
1789696920,7701.75,7701.75,7701,7701
1789697040,7701,7701.5,7700.75,7701.25
1789697160,7701.25,7701.25,7700.25,7700.5
1789697280,7700.25,7700.5,7700,7700.25
1789697400,7700.25,7700.25,7699,7699.5
1789697520,7699.75,7700.25,7699.5,7700.25
1789697640,7700.5,7700.75,7700.25,7700.5
1789697760,7700.5,7701,7700.25,7700.5
1789697880,7700.75,7701.5,7700.75,7701.5
1789698000,7701.75,7702.25,7701.5,7701.75
1789698120,7701.75,7702.5,7701.25,7702.5
1789698240,7702.5,7703,7702.25,7702.75
1789698360,7702.5,7702.75,7701.75,7702.75
1789698480,7702.75,7703.25,7702.5,7703
1789698600,7703,7703.5,7702.5,7702.75
1789698720,7702.75,7703.5,7702.5,7703.5
1789698840,7703.75,7704,7703.25,7703.25
1789698960,7703.5,7703.75,7702.75,7703
1789699080,7702.75,7703.25,7702.25,7703
1789699200,7703,7703.25,7702.75,7703.25
1789699320,7703.25,7704.25,7703.25,7703.5
1789699440,7703.5,7704,7703,7703.5
1789699560,7703.25,7703.75,7703.25,7703.75
1789699680,7703.75,7704,7703.5,7703.75
1789699800,7704,7704.25,7703.75,7704
1789699920,7704,7704.25,7703.5,7703.5
1789700040,7703.5,7705,7702.75,7704.25
1789700160,7704.25,7704.5,7703,7703.25
1789700280,7703.25,7704,7703,7703.75
1789700400,7703.75,7704,7703.5,7703.75
1789700520,7703.75,7704.75,7703.75,7704.5
1789700640,7704.75,7706.25,7704.25,7706
1789700760,7706,7707,7706,7707
1789700880,7707,7708,7707,7707.5
1789701000,7707.5,7708.5,7707.5,7708.25
1789701120,7708.25,7709.5,7708.25,7708.75
1789701240,7708.75,7709.25,7708,7708.5
1789701360,7708.5,7708.75,7707.5,7707.75
1789701480,7708,7708,7707,7708
1789701600,7708,7709.5,7708,7709.25
1789701720,7709.25,7709.5,7708.75,7708.75
1789701840,7709,7709.25,7708.5,7709
1789701960,7708.75,7709.75,7708.75,7709.5
1789702080,7709.5,7709.75,7709,7709
1789702200,7709,7709.25,7708.5,7708.75
1789702320,7708.5,7710,7708.5,7709.75
1789702440,7710,7710.75,7709.5,7710.5
1789702560,7710.5,7711,7710.25,7710.75
1789702680,7710.5,7710.75,7710,7710.75
1789702800,7710.75,7711.5,7710.75,7711.25
1789702920,7711.5,7711.75,7711.25,7711.75
1789703040,7711.75,7713.75,7711.25,7713
1789703160,7713.25,7714.25,7713.25,7714
1789703280,7714,7714.25,7713.25,7713.75
1789703400,7713.75,7714.25,7713.5,7713.5
1789703520,7713.5,7713.5,7712.75,7713
1789703640,7713,7713.5,7712.75,7713.25
1789703760,7713.25,7713.5,7713,7713
1789703880,7712.75,7713.5,7712.5,7713.5
1789704000,7713.75,7714.25,7713.25,7713.5
1789704120,7713.75,7713.75,7713,7713.75
1789704240,7714,7715,7714,7714.75
1789704360,7714.75,7715.25,7714.25,7715
1789704480,7715,7715.25,7714.5,7715
1789704600,7715,7715.5,7715,7715.25
1789704720,7715.25,7715.75,7715.25,7715.25
1789704840,7715.25,7715.5,7714.5,7715
1789704960,7714.75,7715,7714.5,7714.75
1789705080,7715,7715,7713.75,7714.75
1789705200,7714.5,7714.75,7713.75,7714
1789705320,7714,7714.25,7714,7714.25
1789705440,7714.25,7714.25,7712.75,7713.5
1789705560,7713.5,7715,7713.5,7715
1789705680,7714.75,7715,7714.5,7715
1789705800,7715.25,7716.5,7715.25,7716.5
1789705920,7716.5,7717,7716.5,7716.75
1789706040,7716.75,7716.75,7715.75,7716
1789706160,7716,7716,7715.25,7715.75
1789706280,7715.75,7716,7715.5,7716
1789706400,7716,7716.5,7715.5,7716.5
1789706520,7716.5,7719.25,7716.5,7719
1789706640,7718.75,7719.5,7718.5,7719.25
1789706760,7719,7719.25,7718.5,7718.75
1789706880,7718.75,7719.5,7718.75,7719.25
1789707000,7719.5,7720.25,7719.5,7720.25
1789707120,7720,7721,7720,7721
1789707240,7721.25,7721.25,7720,7720.75
1789707360,7720.75,7721.75,7720.75,7721.5
1789707480,7721.5,7721.75,7721.25,7721.75
1789707600,7721.5,7721.75,7721.25,7721.5
1789707720,7721.75,7722,7721.5,7721.75
1789707840,7722,7722.5,7721.75,7722
1789707960,7722,7722.5,7721.75,7722.5
1789708080,7722.5,7722.5,7721.75,7722
1789708200,7722.25,7723,7722,7723
1789708320,7723,7723,7722.25,7722.25
1789708440,7722.5,7723.5,7722.5,7723.25
1789708560,7723.25,7723.5,7722.75,7722.75
1789708680,7723,7723,7722.5,7722.75
1789708800,7723,7723,7722.25,7722.75
1789708920,7723,7723.25,7722.5,7723.25
1789709040,7723.25,7724.5,7723,7724.25
1789709160,7724.25,7724.25,7722.25,7722.5
1789709280,7722.25,7724,7722.25,7723.25
1789709400,7723.5,7725.25,7723,7724.75
1789709520,7724.75,7725.5,7724.75,7725.25
1789709640,7725.25,7725.5,7725,7725.25
1789709760,7725.25,7726,7725,7725.75
1789709880,7726,7728,7725.75,7727.75
1789710000,7727.75,7728.5,7727.5,7727.75
1789710120,7728,7728.75,7727.25,7728.5
1789710240,7728.5,7730.25,7728.25,7729.25
1789710360,7729.25,7729.25,7727,7727.5
1789710480,7727.5,7728.5,7727,7727
1789710600,7727,7728.5,7727,7727.5
1789710720,7727.75,7728,7726.5,7727
1789710840,7727,7727.25,7726,7726.25
1789710960,7726.25,7726.5,7725.75,7726
1789711080,7726.25,7727,7726,7726.75
1789711200,7726.75,7728.75,7726.75,7728.75
1789711320,7728.75,7729.25,7727.5,7728.25
1789711440,7728.25,7728.25,7726.75,7727.5
1789711560,7727.5,7728.25,7727,7727.25
1789711680,7727.5,7727.75,7727,7727.25
1789711800,7727.5,7727.75,7727.25,7727.75
1789711920,7727.75,7728.25,7727.5,7727.75
1789712040,7727.75,7729,7727.5,7727.75
1789712160,7727.75,7728,7726.75,7727.25
1789712280,7727,7727.25,7725.75,7726.5
1789712400,7726.5,7728.25,7726.25,7728
1789712520,7728,7730.25,7728,7729.5
1789712640,7729.75,7730.75,7729.25,7730.25
1789712760,7730,7730,7729.25,7729.75
1789712880,7729.75,7730,7728.25,7728.75
1789713000,7728.75,7731.5,7728.75,7731.5
1789713120,7731.5,7733.5,7731.5,7732.75
1789713240,7733,7733.75,7732.5,7733.5
1789713360,7733.5,7733.5,7732.25,7732.5
1789713480,7732.75,7734.25,7732.75,7734.25
1789713600,7734,7734.5,7733.25,7734.25
1789713720,7734.25,7734.25,7732.5,7733.25
1789713840,7733.5,7733.75,7732.5,7733.75
1789713960,7733.75,7734.5,7733.25,7733.25
1789714080,7733.25,7734.25,7733.25,7734
1789714200,7734,7734.25,7733.5,7734
1789714320,7734,7734.5,7733.25,7733.5
1789714440,7733.5,7734,7733.5,7733.5
1789714560,7733.5,7734.5,7733.25,7734
1789714680,7734.25,7734.75,7733.75,7733.75
1789714800,7733.75,7734.25,7733.5,7733.75
1789714920,7733.75,7733.75,7732.25,7733.5
1789715040,7733.5,7734.75,7732.75,7732.75
1789715160,7733,7733.25,7732.25,7733
1789715280,7733.25,7734,7733,7733.75
1789715400,7733.75,7735.5,7733.5,7734.5
1789715520,7734.5,7736,7734.25,7734.5
1789715640,7734.5,7734.75,7733.25,7733.25
1789715760,7733.25,7735,7733,7734.5
1789715880,7734.5,7735.25,7734.25,7734.5
1789716000,7734.5,7735.25,7734,7734
1789716120,7733.75,7735.25,7733.75,7735
1789716240,7735,7736.25,7733.75,7736
1789716360,7736.25,7737.25,7736,7737
1789716480,7736.75,7738,7736.75,7737.75
1789716600,7737.75,7739.25,7737,7737.25
1789716720,7737,7737.25,7735.75,7735.75
1789716840,7735.75,7736.25,7735,7735.75
1789716960,7735.75,7736.5,7735.25,7736
1789717080,7735.75,7737,7734.5,7736.5
1789717200,7736.5,7736.5,7734,7734.75
1789717320,7735,7735,7733.25,7734.5
1789717440,7734.5,7735,7734,7734
1789717560,7734.25,7735.75,7733.75,7735.5
1789717680,7735.5,7735.5,7734.5,7735.25
1789717800,7735.5,7735.5,7734.25,7734.75
1789717920,7734.75,7736.5,7734.25,7736.25
1789718040,7736.25,7736.75,7735.5,7735.75
1789718160,7735.75,7735.75,7734.75,7735.25
1789718280,7735.25,7736,7733.75,7734.5
1789718400,7734.25,7735.5,7733,7733.5
1789718520,7733.5,7734.5,7733.5,7733.75
1789718640,7733.75,7734.25,7732,7733
1789718760,7733.25,7733.5,7732.5,7732.5
1789718880,7732.5,7733,7730.5,7730.5
1789719000,7730.75,7731.5,7729.5,7729.5
1789719120,7729.75,7730.5,7728.75,7729.75
1789719240,7729.75,7730,7728.5,7729
1789719360,7729,7730,7729,7729.75
1789719480,7729.75,7730.25,7729.25,7730.25
1789719600,7730.25,7732,7730.25,7731
1789719720,7731,7731,7728.75,7728.75
1789719840,7729,7729.75,7728.5,7729.5
1789719960,7729.25,7729.25,7728,7728.5
1789720080,7728.5,7728.5,7725,7725.25
1789720200,7725.5,7726.75,7724.5,7726.5
1789720320,7726.75,7727.75,7725.5,7727.5
1789720440,7727.5,7728.25,7727,7727.25
1789720560,7727.25,7727.5,7726.75,7727
1789720680,7727.25,7728,7726.25,7727.5
1789720800,7727.25,7728,7726.75,7727.75
1789720920,7727.75,7727.75,7727,7727.5
1789721040,7727.5,7730.25,7727.5,7728.75
1789721160,7728.75,7729,7728.25,7728.5
1789721280,7728.75,7729.25,7728.25,7728.5
1789721400,7728.75,7729.5,7728.75,7729.25
1789721520,7729,7729.5,7728.25,7728.75
1789721640,7729,7729.25,7727,7728.25
1789721760,7728.25,7729,7727.75,7728
1789721880,7728,7728,7727.25,7727.5
1789722000,7727.5,7727.5,7726,7726
1789722120,7726,7727,7725.5,7727
1789722240,7727,7727.25,7726.25,7727
1789722360,7727,7727.5,7727,7727.25
1789722480,7727,7728.5,7726.75,7726.75
1789722600,7726.75,7728.25,7726.25,7728.25
1789722720,7728,7728,7727.25,7727.25
1789722840,7727.25,7727.25,7726.5,7727
1789722960,7727,7728.25,7726.75,7727.75
1789723080,7727.75,7728.5,7727.25,7728.25
1789723200,7728.5,7728.5,7727.5,7727.75
1789723320,7727.5,7728.5,7727.5,7727.5
1789723440,7727.5,7727.75,7726,7726.25
1789723560,7726.25,7726.25,7723.75,7724
1789723680,7724,7724.25,7723.5,7723.75
1789723800,7723.75,7723.75,7722,7722
1789723920,7722.25,7723.75,7722,7722.25
1789724040,7722.25,7722.5,7721.5,7722
1789724160,7722.25,7723,7720.5,7720.5
1789724280,7720.75,7720.75,7718.75,7718.75
1789724400,7718.75,7720,7718.25,7718.75
1789724520,7718.75,7720,7718,7718.75
1789724640,7718.75,7719.25,7716.75,7718
1789724760,7718,7719,7718,7718.5
1789724880,7718.5,7718.75,7717.5,7718.25
1789725000,7718,7719.75,7717.5,7719.5
1789725120,7719.5,7719.5,7718.75,7718.75
1789725240,7718.75,7719.25,7718,7718.25
1789725360,7718.25,7718.75,7717.75,7718.5
1789725480,7718.5,7719.25,7716.75,7717
1789725600,7716.75,7718,7716.5,7717
1789725720,7717,7718,7717,7718
1789725840,7718,7718.25,7716,7716.75
1789725960,7716.75,7718.5,7716.5,7718.25
1789726080,7718,7718.25,7717.5,7717.5
1789726200,7717.75,7718.25,7716.75,7717.25
1789726320,7717.25,7718,7717,7717.75
1789726440,7717.75,7719.25,7717.5,7719.25
1789726560,7719,7719.5,7718.5,7719
1789726680,7719.25,7719.75,7718,7719
1789726800,7719,7720.25,7719,7719.25
1789726920,7719.5,7720.25,7719.25,7719.75
1789727040,7719.75,7720,7718.5,7718.5
1789727160,7718.5,7718.5,7717.25,7718.25
1789727280,7718,7719.25,7717.75,7719.25
1789727400,7719.25,7721.5,7719,7721.25
1789727520,7721.25,7722.75,7721,7722.5
1789727640,7722.5,7723.5,7722.25,7723.25
1789727760,7723,7725,7723,7724.75
1789727880,7724.5,7725.25,7723.75,7724.5
1789728000,7724.75,7725.25,7724.25,7725.25
1789728120,7725,7725.25,7724.25,7724.75
1789728240,7724.5,7725,7723,7723.25
1789728360,7723.25,7723.25,7722,7722.25
1789728480,7722.25,7722.75,7721.75,7722.5
1789728600,7722.75,7722.75,7721.75,7722
1789728720,7722,7722.25,7721.5,7721.75
1789728840,7722,7722.25,7720,7720.75
1789728960,7720.5,7721.75,7720.25,7720.75
1789729080,7720.75,7721,7719.75,7720.25
1789729200,7720.25,7720.5,7717.25,7719.75
1789729320,7719.75,7721.25,7719.75,7721.25
1789729440,7721.5,7724,7714.25,7714.75
1789729560,7714.75,7717.75,7713.75,7717.25
1789729680,7717.5,7718.25,7716.75,7717.75
1789729800,7718,7719.25,7717.5,7718.25
1789729920,7718.5,7719,7715.5,7715.5
1789730040,7715.25,7717.5,7714.75,7715.75
1789730160,7715.75,7715.75,7711.75,7712.75
1789730280,7713,7713.75,7712.25,7713.25
1789730400,7713.25,7713.5,7711.5,7712.5
1789730520,7712.75,7714.75,7712.5,7714.5
1789730640,7714.25,7714.5,7713,7713.25
1789730760,7713.25,7713.75,7712.5,7713
1789730880,7713,7713.5,7712.25,7713
1789731000,7712.75,7716.25,7712.75,7716.25
1789731120,7716,7716.5,7715.5,7715.5
1789731240,7715.25,7715.75,7714,7715.5
1789731360,7715.5,7717.75,7715.5,7717.75
1789731480,7717.75,7717.75,7715.75,7716.25
1789731600,7716.25,7716.5,7714.75,7716
1789731720,7716,7716.25,7713.25,7713.25
1789731840,7713.5,7713.75,7712.25,7712.5
1789731960,7712.5,7714,7712,7714
1789732080,7714,7714.25,7713.25,7713.75
1789732200,7713.5,7713.75,7712.75,7713
1789732320,7712.75,7714,7712.25,7714
1789732440,7713.75,7714,7712.5,7712.5
1789732560,7712.25,7712.75,7710.75,7711
1789732680,7711,7712.25,7710.25,7712
1789732800,7712.25,7712.5,7708.5,7709.5
1789732920,7709.75,7710.5,7708.25,7709.25
1789733040,7709.25,7715,7708.25,7709
1789733160,7708.75,7709,7706.25,7706.5
1789733280,7706.5,7707.5,7705.5,7705.5
1789733400,7705.75,7705.75,7703.75,7704
1789733520,7704,7704.25,7702.75,7703
1789733640,7703,7703.75,7702,7703
1789733760,7703,7703.5,7701.75,7702.25
1789733880,7702.5,7705.5,7701,7701
1789734000,7701,7701,7698.75,7700
1789734120,7700,7702.5,7698.5,7698.5
1789734240,7698.75,7699,7697.75,7698.75
1789734360,7698.75,7700.5,7698.75,7699.5
1789734480,7699.5,7700.5,7699,7699
1789734600,7699,7700.5,7698,7698
1789734720,7698,7703,7698,7701.75
1789734840,7702,7703.25,7700.75,7702.75
1789734960,7703,7703.25,7699.5,7700.25
1789735080,7700.5,7703,7700.5,7702
1789735200,7702,7702.5,7700.75,7702.5
1789735320,7702.5,7703.75,7701.75,7702.5
1789735440,7702.5,7703,7701.75,7702.5
1789735560,7702.25,7703.5,7701.75,7702.5
1789735680,7702.5,7702.5,7701,7701
1789735800,7701,7702.25,7700.5,7702
1789735920,7701.75,7701.75,7700.75,7701.5
1789736040,7701.25,7702,7701.25,7701.75
1789736160,7701.5,7701.5,7700,7700.75
1789736280,7700.75,7701,7699.25,7700.75
1789736400,7700.75,7702.25,7700,7700.75
1789736520,7700.75,7701.25,7699.25,7700.5
1789736640,7700.5,7701,7700,7701
1789736760,7701,7702.5,7700,7700.5
1789736880,7700.75,7702,7700.25,7701.75
1789737000,7701.75,7703,7701.5,7702.75
1789737120,7702.75,7703,7701.25,7701.75
1789737240,7701.75,7701.75,7701,7701.5
1789737360,7701.5,7703.25,7701.5,7702.5
1789737480,7702.5,7703,7701.5,7702.75
1789737600,7702.5,7702.75,7701.25,7702.25
1789737720,7702.25,7702.5,7700,7700.5
1789737840,7700.5,7700.75,7693.5,7695
1789737960,7695.25,7702.75,7692.25,7702
1789738080,7701.75,7710,7701.25,7710
1789738200,7710,7713.25,7706.25,7713.25
1789738320,7713,7714.5,7708.5,7708.75
1789738440,7709,7710.25,7702.75,7703.5
1789738560,7703.5,7706.5,7701.75,7706.5
1789738680,7706.5,7708,7704.75,7705
1789738800,7705.25,7710.25,7704.5,7708.75
1789738920,7708.75,7709,7703.75,7704.25
1789739040,7704.25,7706.5,7703.5,7706
1789739160,7706,7707.5,7703.25,7703.5
1789739280,7703.25,7704.25,7700.5,7701
1789739400,7700.75,7701.25,7697,7699
1789739520,7699.25,7701.25,7698,7698
1789739640,7698,7698.75,7693.75,7696
1789739760,7696.25,7697,7692.5,7694
1789739880,7694,7696,7691.25,7693
1789740000,7693,7695.25,7689.75,7690
1789740120,7690,7690,7685,7685.75
1789740240,7685.5,7687.5,7684,7686.5
1789740360,7686.5,7688.5,7684.75,7685.25
1789740480,7685.5,7690.5,7684.75,7690.25
1789740600,7690,7695,7690,7694.75
1789740720,7694.75,7695,7688.25,7690.5
1789740840,7690.75,7691,7686.5,7687.25
1789740960,7687.25,7687.75,7683.25,7685.75
1789741080,7685.75,7689.5,7685.75,7689.25
1789741200,7689.25,7689.75,7686.5,7688.5
1789741320,7688.5,7691.75,7688.5,7691
1789741440,7691,7691,7686.25,7687.25
1789741560,7687,7690,7686.75,7689.5
1789741680,7689.25,7692,7688.75,7689
1789741800,7688.75,7690,7687,7687.25
1789741920,7687.5,7689.75,7687,7688
1789742040,7688,7688.75,7686.25,7687.25
1789742160,7687.5,7688.5,7685.25,7687.75
1789742280,7687.75,7693.5,7687.75,7690.5
1789742400,7690.5,7690.75,7688,7689
1789742520,7689.25,7689.25,7684,7684.75
1789742640,7684.75,7686.25,7684,7685.25
1789742760,7685,7689,7685,7686.75
1789742880,7686.5,7690.75,7686.25,7690
1789743000,7690,7693.25,7688.75,7693
1789743120,7693.25,7695.25,7692.25,7694.5
1789743240,7694.5,7694.75,7692.5,7692.75
1789743360,7693,7693.75,7691.75,7692.75
1789743480,7692.75,7695.25,7692.25,7695
1789743600,7695,7695.5,7692,7692.25
1789743720,7692.25,7693.25,7689.5,7692.75
1789743840,7692.75,7695,7691.5,7695
1789743960,7695,7696,7693.25,7695.75
1789744080,7695.75,7695.75,7692.75,7693
1789744200,7692.75,7695,7691.75,7692
1789744320,7691.75,7693.25,7690.5,7692.5
1789744440,7692.5,7692.75,7690.5,7692
1789744560,7692,7692.25,7690,7690.5
1789744680,7690.75,7693.5,7690,7693.25
1789744800,7693.25,7694,7692,7692
1789744920,7692,7694.5,7692,7693.25
1789745040,7693.25,7695,7692.5,7694.75
1789745160,7694.75,7696.25,7694.5,7695
1789745280,7695.25,7696.25,7694,7695.5
1789745400,7695.5,7697,7691.25,7692
1789745520,7692,7693.75,7690.5,7693.25
1789745640,7693.25,7694.25,7691.5,7693.75
1789745760,7694,7694.75,7691.5,7691.75
1789745880,7691.5,7691.75,7687.75,7688.5
1789746000,7688.25,7688.5,7686.5,7687.75
1789746120,7687.75,7689.5,7687,7688.25
1789746240,7688.5,7689.5,7686.5,7686.5
1789746360,7686.5,7688.5,7686.5,7687
1789746480,7687,7688,7686.25,7687
1789746600,7687,7689,7686.25,7687.5
1789746720,7687.25,7687.5,7685,7685.25
1789746840,7685.25,7685.75,7684.25,7685
1789746960,7685.25,7687.5,7685.25,7685.5
1789747080,7685.25,7685.75,7683.75,7685.25
1789747200,7685.25,7685.5,7682.25,7683
1789747320,7682.75,7684.5,7682,7683.5
1789747440,7683.5,7684.75,7682.75,7684.25
1789747560,7684.25,7687.75,7684.25,7687.75
1789747680,7687.75,7687.75,7685,7687
1789747800,7687,7687.25,7685.75,7686.5
1789747920,7686.25,7687.5,7685.25,7685.25
1789748040,7685,7686.75,7684.5,7684.75
1789748160,7684.5,7686.25,7684.25,7685.5
1789748280,7685.5,7687.25,7685.5,7686.5
1789748400,7686.5,7686.5,7684.5,7685.5
1789748520,7685.25,7685.5,7678.25,7678.5
1789748640,7678.5,7678.75,7675,7677
1789748760,7677,7680,7676.25,7679.75
1789748880,7679.75,7684.75,7679.25,7683.25
1789749000,7683.25,7685.5,7681.25,7683.25
1789749120,7683.25,7687.75,7682.75,7687.25
1789749240,7687.25,7689,7686.5,7687
1789749360,7687.25,7688,7685.25,7685.25
1789749480,7685.25,7686.75,7684,7685.5
1789749600,7685.5,7686.25,7684.25,7684.25
1789749720,7684.5,7687.25,7684,7686
1789749840,7686.25,7688.75,7686,7686.75
1789749960,7686.75,7687.25,7683.5,7686
1789750080,7686,7687.75,7684.75,7687.5
1789750200,7687.5,7689.5,7687.5,7689
1789750320,7688.75,7691.5,7688.75,7691
1789750440,7691,7691,7689.75,7690.5
1789750560,7690.5,7690.75,7689.25,7690.25
1789750680,7690.25,7691.5,7689,7689.75
1789750800,7690,7690,7687.5,7689
1789750920,7688.75,7690.75,7688.75,7690
1789751040,7690,7691,7689.25,7690.75
1789751160,7690.5,7691.5,7690,7690.75
1789751280,7690.75,7691.5,7688.5,7689.25
1789751400,7689.25,7689.5,7687,7687.75
1789751520,7687.75,7689,7686.25,7688.5
1789751640,7688.5,7690.5,7688.25,7690.5
1789751760,7690.25,7691,7688.5,7690.5
1789751880,7690.75,7690.75,7688.5,7689.5
1789752000,7689.75,7690,7688.5,7689.75
1789752120,7689.75,7691,7689,7690.5
1789752240,7690.5,7692,7690.5,7691.5
1789752360,7691.5,7691.75,7690.75,7691.5
1789752480,7691.75,7692,7689.75,7690
1789752600,7690.25,7690.5,7688.75,7689.25
1789752720,7689.25,7689.75,7688.25,7689
1789752840,7689,7692.25,7689,7692.25
1789752960,7692,7693.5,7692,7692.5
1789753080,7692.75,7693.25,7692,7693
1789753200,7693,7693.25,7692,7692.5
1789753320,7692.25,7692.75,7691.5,7692.25
1789753440,7692.5,7694.25,7692.5,7693.5
1789753560,7693.5,7694.5,7693,7693.5
1789753680,7693.75,7694.25,7692.25,7692.75
1789753800,7692.5,7694.5,7692.5,7694.25
1789753920,7694,7695,7693.75,7694.5
1789754040,7694.5,7694.75,7693.5,7694.25
1789754160,7694,7695,7694,7694.5
1789754280,7694.25,7695,7693.75,7694.5
1789754400,7694.75,7696,7693,7695
1789754520,7695.25,7695.75,7694.75,7695.5
1789754640,7695.5,7696,7694.75,7695.25
1789754760,7695,7695.25,7694,7694.75
1789754880,7695,7695.25,7693.75,7694.25
1789755000,7694.5,7695,7693,7694
1789755120,7694.25,7695.25,7693,7695.25
1789755240,7695.25,7695.5,7694.25,7695.25
1789755360,7695.25,7696.5,7695,7695.75
1789755480,7695.75,7697.75,7695.75,7697.75
1789755600,7697.75,7700.5,7697.5,7700
1789755720,7699.75,7703.25,7699.75,7700.75
1789755840,7700.5,7700.75,7699.5,7699.75
1789755960,7699.5,7701,7699.25,7700.25
1789756080,7700,7701.75,7698.75,7701.75
1789756200,7701.75,7702,7699.5,7699.75
1789756320,7699.5,7701,7699.5,7701
1789756440,7701,7702.5,7700.5,7702.5
1789756560,7702.25,7702.25,7699.5,7700.5
1789756680,7700.25,7701,7699,7700.5
1789756800,7700.5,7700.5,7699.75,7700.25
1789756920,7700,7702.25,7700,7702
1789757040,7701.75,7705.5,7701.5,7705.5
1789757160,7705.25,7712.25,7705,7711.5
1789757280,7711.5,7711.5,7709.5,7709.75
1789757400,7709.75,7710.75,7709,7709.75
1789757520,7710,7714.75,7709.75,7714
1789757640,7714,7715.75,7710,7711
1789757760,7711,7711.75,7709.75,7711
1789757880,7711,7711.25,7708.75,7710
1789758000,7709.75,7710.75,7708,7708.5
1789758120,7708.5,7709.75,7708.25,7709
1789758240,7709,7711.75,7709,7711
1789758360,7711.25,7712,7708,7708.25
1789758480,7708.25,7709.5,7708,7709.25
1789758600,7709.5,7710.75,7708.75,7710.5
1789758720,7710.5,7711.25,7708,7708.5
1789758840,7708.25,7709.25,7707.75,7709
1789758960,7709,7709.75,7708.5,7709.25
1789759080,7709.25,7709.5,7707.5,7709.25
1789759200,7709.25,7710.5,7707.75,7709.25
1789759320,7709,7709.5,7708.25,7708.25
1789759440,7708.25,7708.75,7707.5,7707.75
1789759560,7707.75,7709,7707.5,7708.5
1789759680,7708.5,7708.5,7705.75,7706.25
1789759800,7706.25,7706.5,7704.25,7705
1789759920,7705,7705.75,7704.5,7705.25
1789760040,7705,7706,7704.25,7704.5
1789760160,7704.75,7708.75,7704.75,7708.25
1789760280,7708,7710,7707.75,7709.5
1789760400,7709.5,7709.75,7708.25,7709
1789760520,7709,7711.25,7709,7710.75
1789760640,7711,7712.5,7710.75,7711.5
1789760760,7711.5,7714.5,7711.25,7713.5
1789760880,7713.5,7715,7713.25,7715
1789761000,7714.75,7716.75,7711,7711
1789761120,7711,7712.75,7710.25,7712
1789761240,7712.25,7718.25,7711,7713.75
1789761360,7713.75,7717.5,7712.75,7717.25
1789761480,7717.5,7717.5,7710.25,7712.25
1789761600,7712.25,7721,7711.5,7721
1789761720,7720.75,7723.5,7719.75,7722
1789761840,7722.25,7724,7721.75,7723.75
1789761960,7723.75,7723.75,7722.5,7723.75
1789762080,7723.75,7723.75,7721.75,7722.5
1789762200,7722.75,7729.25,7722.5,7727.75
1789762320,7727.75,7728.75,7726.5,7726.75
1789762440,7726.5,7727,7724.75,7725.75
1789762560,7725.5,7725.5,7724.25,7725
1789762680,7725.25,7725.5,7723.75,7723.75
1789762800,7724,7725.25,7724,7724.5
1789762920,7724.75,7725.5,7724.25,7725
1789763040,7725,7726,7724.25,7725.75
1789763160,7725.5,7725.75,7725,7725.75
1789763280,7725.5,7726,7725.25,7726
1789763400,7726.25,7726.75,7725.25,7725.75
1789763520,7725.5,7725.75,7724.75,7725
1789763640,7725.25,7726.25,7724.75,7725
1789763760,7725,7726,7725,7725
1789763880,7725,7726,7724.5,7725.75
1789764000,7725.75,7727.25,7725.5,7727
1789764120,7727,7727.25,7726.5,7727.25
1789764240,7727,7728.5,7726.5,7728
1789764360,7728,7728.75,7727,7727
1789764480,7727,7727.25,7726,7726.75
1789764600,7726.75,7728,7726.75,7727
1789764720,7727,7727.5,7725.25,7725.25
1789764840,7725.25,7725.75,7724.75,7725.5
1789764960,7725.5,7725.75,7725,7725.25
1789765080,7725.25,7725.5,7724,7725
1789941600,7722,7724.25,7715,7715.25
1789941720,7715.25,7719,7713.75,7714
1789941840,7714,7719.75,7713.75,7719.5
1789941960,7719.5,7721.25,7719.25,7720.75
1789942080,7720.75,7721.75,7720,7721.75
1789942200,7721.75,7722.75,7721.25,7722.5
1789942320,7722.5,7725,7722.25,7723.75
1789942440,7723.75,7726.5,7723.5,7725.25
1789942560,7725.25,7727.75,7725.25,7725.75
1789942680,7726,7726.5,7725.25,7726
1789942800,7725.75,7726,7725.25,7725.5
1789942920,7725.5,7727,7725.5,7726
1789943040,7725.75,7726.75,7725.5,7726.75
1789943160,7726.75,7727,7726.5,7726.75
1789943280,7726.5,7728,7726,7727.75
1789943400,7727.75,7730,7727.25,7728.75
1789943520,7728.75,7730,7728.75,7729.75
1789943640,7729.5,7732.5,7729.5,7732.5
1789943760,7732.25,7733.75,7732.25,7732.5
1789943880,7732.25,7732.5,7730.75,7731.25
1789944000,7731,7732.75,7731,7732.25
1789944120,7732.5,7733,7731,7731.5
1789944240,7731.5,7731.5,7729.75,7731
1789944360,7730.75,7732.25,7730.75,7732.25
1789944480,7732.25,7732.25,7729.25,7730.25
1789944600,7730.25,7731,7730,7730.75
1789944720,7730.75,7731,7730.25,7730.5
1789944840,7730.75,7731.75,7730.75,7731.75
1789944960,7731.75,7734,7731.75,7734
1789945080,7734,7734.5,7733.75,7733.75
1789945200,7733.75,7734,7732.75,7732.75
1789945320,7732.5,7732.75,7731.75,7732.5
1789945440,7732.25,7732.5,7731.75,7732
1789945560,7732,7732.25,7731.5,7732
1789945680,7732,7732.25,7731.5,7732.25
1789945800,7732,7732,7731.5,7731.75
1789945920,7731.75,7732.75,7731.75,7732.25
1789946040,7732,7732.5,7731.25,7731.5
1789946160,7731.5,7732.25,7731.25,7732.25
1789946280,7732.25,7732.5,7731.75,7732
1789946400,7732.25,7732.25,7731.5,7732.25
1789946520,7732.25,7732.5,7731.25,7731.75
1789946640,7732,7732.5,7732,7732.25
1789946760,7732.25,7733,7732,7733
1789946880,7733,7733.5,7733,7733
1789947000,7733.25,7734,7733,7733.75
1789947120,7733.75,7734,7732.75,7733
1789947240,7733.25,7733.25,7733.25,7733.25
1789947360,7733.25,7734.5,7733.25,7734.25
1789947480,7734.25,7735.25,7733.75,7734.25
1789947600,7734,7734.25,7733.75,7734
1789947720,7734,7734.75,7734,7734.25
1789947840,7734.5,7734.75,7733,7733.5
1789947960,7733.5,7734,7733,7733
1789948080,7733,7734.5,7733,7733.5
1789948200,7733.5,7733.75,7732.5,7733.5
1789948320,7733.25,7733.75,7733.25,7733.5
1789948440,7733.75,7734.5,7733,7734.25
1789948560,7734.5,7735,7733.75,7734
1789948680,7734.25,7734.75,7734,7734.5
1789948800,7734.5,7735.75,7733.5,7733.75
1789948920,7734,7736.25,7733.25,7736
1789949040,7736,7737.75,7735.5,7737
1789949160,7737,7737.25,7735,7735
1789949280,7735.25,7736.5,7735.25,7735.75
1789949400,7735.75,7736,7733.5,7734.25
1789949520,7734,7735,7733.75,7734.5
1789949640,7734.25,7734.75,7733,7733.75
1789949760,7733.75,7734.5,7731,7731.5
1789949880,7731.5,7731.75,7730.75,7731.5
1789950000,7731.25,7733.75,7731,7733.25
1789950120,7733.25,7736.25,7733.25,7736
1789950240,7735.75,7736.75,7735.5,7735.75
1789950360,7736,7737.75,7735.75,7737.5
1789950480,7737.5,7737.5,7736.25,7736.5
1789950600,7736.5,7738.25,7736.5,7738
1789950720,7738.25,7740.25,7738,7739.25
1789950840,7739.25,7740,7739,7739.75
1789950960,7739.5,7740.5,7739.5,7739.75
1789951080,7739.75,7740.75,7738.75,7740.75
1789951200,7740.5,7741.25,7739.25,7739.75
1789951320,7740,7740,7738.75,7739
1789951440,7739.25,7739.25,7738,7738.75
1789951560,7738.75,7739,7737.75,7738.75
1789951680,7738.5,7739,7738.25,7738.25
1789951800,7738.25,7739.75,7738,7739.5
1789951920,7739.5,7740,7739.25,7739.75
1789952040,7739.75,7739.75,7738.5,7738.75
1789952160,7738.75,7738.75,7737.75,7738.5
1789952280,7738.75,7740.25,7738.5,7739.5
1789952400,7739.5,7741.5,7739.5,7741.5
1789952520,7741.5,7742.5,7741.25,7741.25
1789952640,7741.5,7742.75,7741,7742.5
1789952760,7742.5,7743,7742,7743
1789952880,7743,7743.75,7742.5,7743.25
1789953000,7743.25,7743.25,7742.25,7743
1789953120,7743,7743.5,7741,7742
1789953240,7742.25,7742.75,7741.25,7742.25
1789953360,7742.25,7743.25,7741.75,7742.75
1789953480,7742.75,7742.75,7741.5,7742.25
1789953600,7742,7742.5,7741.75,7742.25
1789953720,7742.25,7742.25,7741,7741.5
1789953840,7741.5,7742.75,7741.5,7742
1789953960,7742,7742.75,7741.75,7742.25
1789954080,7742.25,7743.5,7740.75,7741
1789954200,7741,7742.5,7740.75,7741.5
1789954320,7741.5,7742.75,7741.5,7742.5
1789954440,7742.5,7742.75,7742,7742
1789954560,7742,7742.25,7741,7741
1789954680,7741.25,7742,7741,7742
1789954800,7742.25,7743.25,7742,7742.5
1789954920,7742.5,7742.75,7741.75,7742
1789955040,7742,7742.25,7741.75,7741.75
1789955160,7741.75,7742,7740.5,7740.75
1789955280,7740.75,7740.75,7739.5,7740.25
1789955400,7740.25,7741.25,7739,7740
1789955520,7740.25,7741.5,7739.5,7741
1789955640,7741,7741.25,7740,7740
1789955760,7740.25,7740.75,7739.75,7740.5
1789955880,7740.5,7740.5,7738.25,7738.75
1789956000,7738.5,7739,7737.75,7738
1789956120,7738,7740,7737.75,7740
1789956240,7740,7741.5,7739.5,7739.75
1789956360,7739.75,7739.75,7738.75,7739.25
1789956480,7739.5,7740.25,7739.25,7740.25
1789956600,7740.25,7740.25,7739.25,7739.75
1789956720,7739.75,7740.5,7739.75,7740
1789956840,7739.75,7740,7739.25,7739.5
1789956960,7739.25,7740,7738.25,7738.5
1789957080,7738.5,7739.25,7738.5,7739
1789957200,7738.75,7739.25,7738.25,7738.75
1789957320,7739,7739.5,7738.75,7739.25
1789957440,7739.25,7740.25,7738.5,7739.75
1789957560,7740,7740.75,7739.5,7739.75
1789957680,7739.75,7740,7739.25,7739.75
1789957800,7739.5,7739.5,7737.75,7738.25
1789957920,7738.25,7738.5,7737.5,7738.5
1789958040,7738.25,7739.5,7738.25,7739
1789958160,7739,7739.5,7739,7739
1789958280,7739,7740,7739,7739.5
1789958400,7739.25,7739.75,7739.25,7739.5
1789958520,7739.75,7740.75,7739.75,7740.75
1789958640,7740.75,7742.25,7739.75,7742
1789958760,7742,7742.25,7741.75,7742
1789958880,7742.25,7742.5,7741.75,7742.5
1789959000,7742.5,7742.75,7741.25,7741.5
1789959120,7741.25,7741.75,7741.25,7741.5
1789959240,7741.25,7741.75,7740.75,7741
1789959360,7740.75,7741,7740,7740.75
1789959480,7740.75,7741.25,7739.75,7740.25
1789959600,7740.25,7741.75,7740.25,7741.75
1789959720,7741.75,7742.5,7741.25,7742.5
1789959840,7742.5,7743.5,7742.5,7743.5
1789959960,7743.25,7743.5,7742.5,7743
1789960080,7742.75,7743.5,7742.75,7742.75
1789960200,7743,7743.75,7742.75,7742.75
1789960320,7742.75,7743.25,7742.5,7743.25
1789960440,7743.25,7744,7743.25,7744
1789960560,7744,7745,7743.75,7744.75
1789960680,7744.75,7745.5,7744.75,7745
1789960800,7745,7745.25,7744.5,7744.75
1789960920,7745,7745.25,7744.75,7745
1789961040,7745.25,7745.5,7744.75,7745.5
1789961160,7745.25,7746,7745,7745.25
1789961280,7745.25,7745.25,7744,7744.25
1789961400,7744.25,7744.5,7743.75,7743.75
1789961520,7743.75,7744,7743,7744
1789961640,7744,7744.75,7744,7744
1789961760,7743.75,7744,7743.5,7743.5
1789961880,7743.5,7744.25,7743.5,7744.25
1789962000,7744,7744.25,7743.75,7743.75
1789962120,7744,7744.5,7744,7744.5
1789962240,7744.5,7746,7744.5,7746
1789962360,7746,7746.25,7745.75,7746.25
1789962480,7746,7746,7744.75,7744.75
1789962600,7744.75,7745,7744.5,7745
1789962720,7744.75,7745.5,7744.75,7745.5
1789962840,7745.25,7745.5,7744.25,7744.5
1789962960,7744.5,7744.75,7744.25,7744.5
1789963080,7744.5,7744.5,7744,7744.25
1789963200,7744,7745.5,7744,7745.5
1789963320,7745.5,7746,7745,7745.25
1789963440,7745.25,7745.25,7743.25,7743.75
1789963560,7743.75,7743.75,7742.5,7742.75
1789963680,7742.75,7744.5,7742.75,7743.75
1789963800,7744,7744,7742.5,7742.75
1789963920,7743,7744.25,7743,7744
1789964040,7744,7744.5,7743.75,7744.5
1789964160,7744.5,7745.5,7744.5,7745.25
1789964280,7745.25,7746.25,7745.25,7746
1789964400,7746,7746.5,7745.25,7745.5
1789964520,7745.5,7745.75,7744.75,7745
1789964640,7745,7745.75,7744.75,7745.75
1789964760,7745.75,7746.25,7745.75,7746.25
1789964880,7746,7746,7745.75,7745.75
1789965000,7745.5,7745.5,7743.75,7744.25
1789965120,7744.5,7745,7744.5,7745
1789965240,7744.75,7745,7744.25,7744.25
1789965360,7744.5,7745,7744.5,7744.75
1789965480,7744.75,7745,7744.5,7745
1789965600,7744.75,7746,7744.75,7745.75
1789965720,7745.5,7745.75,7745,7745.25
1789965840,7745,7745.5,7744.75,7745.25
1789965960,7745,7745.5,7745,7745.25
1789966080,7745.25,7746,7745.25,7745.25
1789966200,7745.5,7745.5,7745,7745.25
1789966320,7745.5,7745.5,7744.75,7745
1789966440,7744.75,7745.25,7744.5,7744.75
1789966560,7744.75,7745.5,7744.75,7745.25
1789966680,7745,7745.25,7744.5,7744.75
1789966800,7745,7745.25,7744.5,7745.25
1789966920,7745,7745.25,7744.5,7744.75
1789967040,7744.75,7745,7744,7744.25
1789967160,7744.5,7744.5,7744.25,7744.25
1789967280,7744.25,7744.75,7743.5,7744
1789967400,7744,7744.25,7743.75,7744
1789967520,7744.25,7744.25,7743.75,7744
1789967640,7744,7744.25,7743.75,7744
1789967760,7743.75,7744,7743.5,7743.5
1789967880,7743.5,7744.5,7743.25,7743.75
1789968000,7744,7744.25,7743.5,7743.75
1789968120,7743.75,7744.25,7743.75,7744.25
1789968240,7744.25,7744.75,7743.75,7744
1789968360,7744.25,7744.5,7744,7744
1789968480,7743.75,7744.5,7743.5,7744.5
1789968600,7744.25,7746,7744.25,7746
1789968720,7746,7746,7744,7744.75
1789968840,7744.75,7745.75,7744.75,7745.5
1789968960,7745.5,7747,7745.5,7746.5
1789969080,7746.75,7747.75,7746.5,7746.5
1789969200,7746.75,7748.5,7746.5,7746.75
1789969320,7746.5,7746.75,7746,7746
1789969440,7746,7746,7745.5,7745.5
1789969560,7745.75,7746,7745.5,7745.75
1789969680,7745.5,7745.75,7744,7744
1789969800,7744.25,7744.75,7743.75,7744.25
1789969920,7744.5,7745.75,7744,7745.75
1789970040,7745.75,7745.75,7745,7745.25
1789970160,7745.25,7746,7745,7745.5
1789970280,7745.5,7745.75,7745.5,7745.5
1789970400,7745.5,7748,7745.5,7747.75
1789970520,7747.75,7747.75,7747,7747.25
1789970640,7747.25,7748,7746.75,7747.5
1789970760,7747.5,7747.75,7746.75,7747.25
1789970880,7747.25,7748,7746.5,7748
1789971000,7747.75,7748.25,7747.75,7747.75
1789971120,7748,7749.25,7746.25,7746.75
1789971240,7746.75,7747.25,7746.25,7747
1789971360,7747,7748,7747,7747.5
1789971480,7747.75,7748.25,7747,7747
1789971600,7747.25,7747.25,7746.5,7747.25
1789971720,7747,7747,7745.5,7746.25
1789971840,7746.25,7747,7745.5,7747
1789971960,7746.75,7747,7746.25,7747
1789972080,7747,7747.5,7746.75,7747.5
1789972200,7747.25,7748.5,7747.25,7748
1789972320,7748,7748.5,7747.75,7748.5
1789972440,7748.5,7749.75,7748.5,7749
1789972560,7749.25,7749.5,7748.75,7749.5
1789972680,7749.25,7749.5,7748.75,7749
1789972800,7749,7749.75,7749,7749.25
1789972920,7749,7749.25,7748.75,7749
1789973040,7748.75,7749.5,7748.75,7749.5
1789973160,7749.5,7750.75,7749.25,7750.75
1789973280,7750.5,7750.75,7750.25,7750.5
1789973400,7750.5,7751,7749.75,7750.25
1789973520,7750.25,7750.75,7749.5,7749.5
1789973640,7749.5,7750,7748.5,7750
1789973760,7750,7750.75,7749.75,7750.75
1789973880,7750.75,7752.25,7750.5,7752
1789974000,7752,7756.25,7751.5,7752.5
1789974120,7752.5,7757,7752.5,7756.5
1789974240,7756.75,7757.25,7754.5,7756.25
1789974360,7756.25,7756.75,7754.75,7755.5
1789974480,7755.5,7756.75,7755,7756
1789974600,7756.25,7756.25,7752.25,7753
1789974720,7753,7754,7752,7753.5
1789974840,7753.5,7755.75,7753.5,7755
1789974960,7755.25,7756.5,7754.5,7756
1789975080,7756.25,7757,7755.75,7756
1789975200,7756,7756,7755,7755.5
1789975320,7755.25,7755.25,7753.25,7753.5
1789975440,7753.25,7754.5,7753,7753
1789975560,7753.25,7754.75,7752.75,7754.5
1789975680,7754.75,7755.75,7754.25,7755.75
1789975800,7755.75,7756.75,7755.75,7756.75
1789975920,7756.75,7756.75,7754.75,7756
1789976040,7756,7756.25,7755.5,7755.75
1789976160,7755.5,7756.75,7755.25,7756.5
1789976280,7756.75,7757,7755,7756
1789976400,7756,7756.25,7754.5,7754.75
1789976520,7754.75,7755.25,7753,7753.25
1789976640,7753.25,7755.25,7753.25,7754.75
1789976760,7754.75,7754.75,7752.5,7753.5
1789976880,7753.5,7754.75,7753.25,7754.5
1789977000,7754.5,7756.75,7754.25,7756.5
1789977120,7756.75,7757.5,7756.5,7757.25
1789977240,7757.25,7758.25,7757,7758
1789977360,7758,7758.5,7757.5,7758.5
1789977480,7758.75,7759,7757.25,7757.25
1789977600,7757.25,7760.5,7757,7760.25
1789977720,7760.25,7761.5,7759.5,7761
1789977840,7761.25,7761.25,7758.5,7758.5
1789977960,7758.75,7760.5,7758.25,7759.25
1789978080,7759.25,7760.75,7759.25,7760.5
1789978200,7760.5,7761,7760.25,7760.5
1789978320,7760.5,7761.25,7759.5,7759.75
1789978440,7760,7760.75,7759.75,7760
1789978560,7760.25,7760.5,7760,7760
1789978680,7760,7760.25,7759.5,7759.5
1789978800,7759.5,7760.25,7759,7760.25
1789978920,7760,7761.25,7759.75,7760.5
1789979040,7760.25,7760.75,7759.75,7759.75
1789979160,7760,7760.25,7759.25,7760.25
1789979280,7760.25,7760.75,7760,7760
1789979400,7759.75,7761.5,7759.5,7761.25
1789979520,7761.25,7763.25,7761.25,7763
1789979640,7763.25,7763.25,7761.75,7763
1789979760,7762.75,7763.5,7761.75,7761.75
1789979880,7761.75,7762.5,7761.5,7762
1789980000,7762,7763.75,7761.5,7763.5
1789980120,7763.5,7764,7762.75,7763.75
1789980240,7763.75,7763.75,7763,7763.5
1789980360,7763.5,7764.25,7762,7763
1789980480,7763.25,7763.75,7763,7763.25
1789980600,7763,7763,7761.5,7762.25
1789980720,7762,7762.5,7761.5,7762.5
1789980840,7762.5,7762.5,7760.5,7761.25
1789980960,7761.5,7761.5,7760.5,7761
1789981080,7760.75,7761.5,7760.75,7761
1789981200,7761.25,7761.25,7759.75,7760
1789981320,7760,7760.5,7759.75,7760.5
1789981440,7760.25,7760.25,7759.25,7760
1789981560,7760,7761.25,7760,7761.25
1789981680,7761.25,7762.25,7760.75,7760.75
1789981800,7761,7761.25,7760,7761
1789981920,7760.75,7761,7760.5,7761
1789982040,7760.75,7761.75,7760.5,7761.5
1789982160,7761.5,7761.5,7760,7760.5
1789982280,7760.5,7761,7760,7760.25
1789982400,7760.5,7760.75,7760,7760.75
1789982520,7760.75,7762.5,7760.75,7761.5
1789982640,7761.75,7761.75,7760.75,7761.25
1789982760,7761.25,7763.25,7761.25,7763
1789982880,7762.75,7763.25,7761,7761
1789983000,7760.75,7761.25,7760.5,7760.75
1789983120,7760.5,7761.5,7760.5,7761
1789983240,7761.25,7762,7761,7761.25
1789983360,7761.5,7761.75,7761.25,7761.75
1789983480,7761.5,7762.25,7761.25,7762
1789983600,7762,7762.75,7761.5,7762.25
1789983720,7762.25,7762.5,7761.75,7762.25
1789983840,7762,7762.5,7762,7762
1789983960,7762,7762.5,7761.75,7762.25
1789984080,7762.25,7762.75,7762,7762.25
1789984200,7762.25,7764.5,7762.25,7764
1789984320,7764,7764.5,7763.5,7763.75
1789984440,7763.75,7764.25,7763.5,7764.25
1789984560,7764.25,7764.25,7762.25,7762.5
1789984680,7762.25,7763.25,7762.25,7762.5
1789984800,7762.25,7763.75,7762.25,7763.5
1789984920,7763.5,7764.25,7763.25,7764
1789985040,7764,7764.75,7763.75,7764.25
1789985160,7764.5,7764.75,7764,7764.75
1789985280,7764.5,7765.5,7764.25,7764.75
1789985400,7765,7765.25,7764.75,7764.75
1789985520,7764.75,7765,7764.5,7764.5
1789985640,7764.5,7766.75,7764.5,7766.5
1789985760,7766.75,7766.75,7766,7766.25
1789985880,7766,7766.25,7765.25,7765.5
1789986000,7765.5,7766,7765.25,7765.75
1789986120,7765.75,7765.75,7764.75,7764.75
1789986240,7765,7765.5,7765,7765.25
1789986360,7765.25,7766.75,7765.25,7766.75
1789986480,7766.5,7767,7766,7766.25
1789986600,7766.25,7768.25,7765.25,7768
1789986720,7767.75,7768,7767.5,7768
1789986840,7768.25,7769,7766.25,7766.5
1789986960,7766.25,7767.25,7765.75,7767
1789987080,7767,7768.25,7767,7767.5
1789987200,7767.25,7767.25,7766.5,7766.75
1789987320,7766.75,7767.25,7766.5,7767
1789987440,7767.25,7767.5,7767.25,7767.25
1789987560,7767.5,7768.75,7767.25,7767.5
1789987680,7767.5,7767.5,7766.25,7766.75
1789987800,7766.75,7767,7766.5,7767
1789987920,7766.75,7767,7766.25,7767
1789988040,7767,7768,7766.5,7767.25
1789988160,7767.25,7768,7766.75,7767.25
1789988280,7767.25,7767.25,7765.75,7766
1789988400,7765.75,7766,7765,7766
1789988520,7766,7767,7765.25,7766.5
1789988640,7766.5,7766.5,7764.5,7765
1789988760,7765,7765,7763.5,7763.75
1789988880,7764,7764.25,7763.25,7764
1789989000,7763.75,7764,7763.25,7763.75
1789989120,7763.5,7764.25,7763.5,7764.25
1789989240,7764,7765.5,7764,7765.25
1789989360,7765.25,7765.25,7763.5,7764.75
1789989480,7764.75,7766,7764.5,7765.75
1789989600,7765.75,7765.75,7765,7765.75
1789989720,7765.5,7765.5,7763.25,7763.25
1789989840,7763.25,7764,7763,7763.5
1789989960,7763.75,7764.5,7763.25,7764.25
1789990080,7764.25,7764.5,7764,7764.25
1789990200,7764,7765,7763.75,7765
1789990320,7765,7766.25,7764.75,7766.25
1789990440,7766.5,7766.75,7766,7766.5
1789990560,7766.5,7766.5,7764.75,7765
1789990680,7765,7767.75,7764.5,7766.5
1789990800,7766.5,7767.25,7766.25,7766.75
1789990920,7766.75,7767.5,7766.5,7767
1789991040,7767,7768.5,7767,7768
1789991160,7768,7768.25,7767.25,7767.75
1789991280,7767.5,7768,7767,7768
1789991400,7768.25,7768.25,7767.25,7767.75
1789991520,7768,7769,7768,7768.5
1789991640,7768.75,7771.25,7768.75,7769.75
1789991760,7769.75,7770,7767.5,7768.25
1789991880,7768,7768.25,7767.5,7767.5
1789992000,7767.75,7768.5,7766.75,7766.75
1789992120,7767,7767.75,7764,7766.25
1789992240,7766.5,7770.5,7766.25,7769.75
1789992360,7769.75,7770.5,7768.25,7768.25
1789992480,7768.5,7769.5,7768.5,7768.75
1789992600,7768.75,7769,7767.75,7768.25
1789992720,7768.25,7768.25,7766.5,7767.25
1789992840,7767,7767.25,7765.25,7766
1789992960,7765.75,7766,7765,7765
1789993080,7765,7766.5,7765,7765.5
1789993200,7765.75,7767,7765.25,7765.25
1789993320,7765.25,7765.25,7763.25,7763.75
1789993440,7763.75,7764.75,7763.5,7764.75
1789993560,7764.75,7765,7763.75,7763.75
1789993680,7763.75,7763.75,7763.25,7763.5
1789993800,7763.5,7765,7763.25,7764.75
1789993920,7764.75,7765,7763.25,7763.75
1789994040,7764,7764.5,7763.25,7763.5
1789994160,7763.5,7764.25,7763,7764
1789994280,7763.75,7764.5,7763.25,7764
1789994400,7764,7764.5,7763.75,7764.5
1789994520,7764.25,7765.25,7764,7765
1789994640,7764.75,7768,7763.75,7765.75
1789994760,7766,7766.25,7764.25,7764.75
1789994880,7764.75,7764.75,7763,7763.75
1789995000,7763.75,7764,7763,7763.25
1789995120,7763,7763.5,7762.5,7763.25
1789995240,7763.25,7763.25,7761.75,7762
1789995360,7762,7762.5,7761.25,7761.75
1789995480,7761.5,7762.5,7761.25,7761.5
1789995600,7761.5,7762.25,7760.75,7761.75
1789995720,7761.75,7763.25,7761.75,7762.5
1789995840,7762.5,7763.5,7762.5,7762.75
1789995960,7762.75,7762.75,7762,7762.75
1789996080,7762.5,7764.25,7762.25,7764
1789996200,7764.25,7764.5,7762,7762.25
1789996320,7762,7762.75,7761.75,7762.5
1789996440,7762.25,7763.25,7762.25,7762.75
1789996560,7763,7763.25,7761.75,7761.75
1789996680,7761.75,7763.75,7761.5,7763.25
1789996800,7763.5,7763.5,7761.75,7762.25
1789996920,7762.25,7762.5,7760.25,7760.75
1789997040,7760.75,7761.5,7759,7760
1789997160,7760,7763.25,7759,7759.75
1789997280,7759.75,7760.75,7758.75,7760.5
1789997400,7760.5,7764.5,7758.25,7759.5
1789997520,7759.25,7764,7758.25,7761.5
1789997640,7761.5,7764.75,7761,7764.25
1789997760,7764.25,7765,7761.25,7764.5
1789997880,7764.5,7764.75,7762.75,7764.5
1789998000,7764.25,7765.5,7763,7763.5
1789998120,7763.75,7764.75,7762.25,7763.25
1789998240,7763.25,7768.75,7763,7768.25
1789998360,7768.25,7769.25,7766.75,7767.25
1789998480,7767.25,7768.25,7766,7767.75
1789998600,7767.75,7769,7767.25,7769
1789998720,7769,7772,7769,7771.5
1789998840,7771.5,7773.25,7771,7772
1789998960,7772,7773,7770.5,7773
1789999080,7772.75,7775,7771.5,7774.75
1789999200,7774.75,7776,7772.5,7773.5
1789999320,7773.5,7774,7772,7772.5
1789999440,7772.5,7773.25,7768.75,7769.5
1789999560,7769.5,7770.5,7767.75,7770
1789999680,7770,7772.5,7769.75,7771.5
1789999800,7771.25,7774.25,7771.25,7772.75
1789999920,7772.75,7776.75,7772.5,7776.25
1790000040,7776.5,7778.25,7774.75,7778.25
1790000160,7778.25,7781.75,7777.75,7781
1790000280,7781,7782.75,7780.75,7782
1790000400,7781.75,7786.5,7780.25,7786.25
1790000520,7786.5,7789,7786.25,7788.75
1790000640,7788.75,7789.75,7787.75,7789
1790000760,7789,7790.25,7788,7789
1790000880,7789.25,7791,7787.25,7788
1790001000,7788.25,7790.25,7786.5,7790
1790001120,7789.75,7791.5,7788.5,7790
1790001240,7790,7790.25,7788.5,7789.75
1790001360,7789.75,7793.5,7789.25,7792.75
1790001480,7792.5,7793,7789.75,7790.75
1790001600,7790.75,7793.25,7789.25,7790
1790001720,7790,7790.25,7786.75,7787
1790001840,7787.25,7788,7785,7785.5
1790001960,7785.25,7789.75,7785.25,7789.5
1790002080,7789.75,7790.75,7787.5,7787.75
1790002200,7787.5,7788,7786.25,7787.25
1790002320,7787,7788,7786.5,7786.75
1790002440,7786.75,7790,7786.5,7788.75
1790002560,7788.5,7791,7787.5,7791
1790002680,7790.75,7792.25,7789.5,7790
1790002800,7790,7791,7789.75,7790
1790002920,7790.25,7790.75,7789,7790.75
1790003040,7790.75,7794.5,7790.5,7792.75
1790003160,7793,7793.75,7791.5,7793
1790003280,7793,7794,7792.75,7793.25
1790003400,7793.5,7793.5,7791.5,7792.75
1790003520,7792.75,7796,7792.25,7795.75
1790003640,7795.5,7797.75,7795,7797.25
1790003760,7797.5,7798.5,7796.25,7797.75
1790003880,7798,7800,7797.75,7799.5
1790004000,7799.5,7799.75,7797.5,7798.5
1790004120,7798.5,7798.75,7796.75,7797.75
1790004240,7797.75,7798.75,7796.5,7798.25
1790004360,7798.25,7798.75,7797,7797.5
1790004480,7797.5,7797.75,7795.75,7796.25
1790004600,7796.25,7797.75,7796,7797.25
1790004720,7797.25,7798.25,7797,7797.25
1790004840,7797.25,7797.75,7795.75,7797
1790004960,7797,7801,7796.75,7800.75
1790005080,7800.75,7803.5,7800,7802.75
1790005200,7802.75,7803.5,7801.5,7802.75
1790005320,7802.75,7803.5,7801.25,7803.25
1790005440,7803.25,7807.5,7803.25,7806.75
1790005560,7806.5,7809.75,7806.5,7809.5
1790005680,7809.5,7809.75,7807.25,7807.5
1790005800,7807.25,7811.5,7806,7806.75
1790005920,7806.75,7807.5,7805.25,7806
1790006040,7806,7806.25,7804,7805.5
1790006160,7805.5,7805.75,7803,7804
1790006280,7804,7805.5,7803.25,7805.25
1790006400,7805.25,7805.25,7802.75,7804.25
1790006520,7804.25,7808.25,7804,7807.75
1790006640,7808,7808.75,7807.25,7808
1790006760,7808,7813.25,7806.25,7810.5
1790006880,7810.75,7815.25,7810.25,7814.5
1790007000,7814.5,7816.5,7814,7815.25
1790007120,7815.25,7815.25,7812.75,7812.75
1790007240,7812.75,7815.25,7812,7814.5
1790007360,7814.5,7815.75,7813,7813
1790007480,7813.25,7814,7812,7813.75
1790007600,7813.75,7814.25,7812,7813.25
1790007720,7813.25,7815,7813.25,7814.5
1790007840,7814.25,7815.5,7813,7815.25
1790007960,7815.25,7818,7815,7818
1790008080,7817.75,7818.25,7815.25,7816
1790008200,7816,7820.5,7815.75,7820.5
1790008320,7820.5,7824.75,7820,7823.25
1790008440,7823.25,7823.5,7821,7822.25
1790008560,7822,7822.75,7820.5,7820.5
1790008680,7820.75,7820.75,7816.25,7816.75
1790008800,7816.5,7818.25,7815.75,7818
1790008920,7818,7819.5,7817.5,7819
1790009040,7819,7820.5,7817,7820
1790009160,7820,7821.25,7819.5,7820.5
1790009280,7820.5,7820.5,7819,7820
1790009400,7820.25,7821,7818.5,7819.25
1790009520,7819,7819.25,7817.25,7818.5
1790009640,7818.75,7820.75,7818.5,7820.5
1790009760,7820.25,7820.25,7818,7819.25
1790009880,7819,7821.25,7819,7821
1790010000,7821.25,7822.75,7821,7821.25
1790010120,7821.5,7821.75,7820.5,7820.75
1790010240,7820.75,7823,7819.5,7822.5
1790010360,7822.25,7823,7821,7821
1790010480,7821.25,7821.75,7820.5,7821.5
1790010600,7821.75,7823,7821.25,7823
1790010720,7823.25,7825.75,7823,7825.25
1790010840,7825.25,7827,7824.75,7825
1790010960,7825.25,7825.5,7824,7824.75
1790011080,7824.75,7827.75,7824.5,7826.5
1790011200,7826.5,7828,7826.5,7827.5
1790011320,7827.5,7827.75,7823.75,7824.25
1790011440,7824,7824.25,7822.75,7823.75
1790011560,7823.5,7824.25,7822,7824
1790011680,7824,7826,7822.75,7826
1790011800,7826.25,7826.5,7823.25,7824.25
1790011920,7824.25,7824.25,7821.75,7822.25
1790012040,7822.25,7822.5,7820.75,7822
1790012160,7822.25,7823.5,7820.5,7820.75
1790012280,7820.75,7822.25,7820.5,7820.75
1790012400,7820.75,7822.5,7820,7821.75
1790012520,7821.5,7825.5,7821.5,7825.25
1790012640,7825.25,7829.25,7825.25,7829
1790012760,7829,7830,7825.75,7826.25
1790012880,7826.25,7826.75,7825.25,7826
1790013000,7825.75,7827.25,7825.5,7827.25
1790013120,7827.25,7828.5,7827,7828
1790013240,7828,7828.5,7826,7826.75
1790013360,7826.5,7827,7825.25,7826.5
1790013480,7826.5,7827.75,7826.5,7826.75
1790013600,7827,7829.25,7827,7829.25
1790013720,7829.25,7830.25,7828.5,7828.75
1790013840,7828.75,7831.5,7828.5,7831.25
1790013960,7831.25,7831.75,7830.5,7831
1790014080,7831.25,7831.75,7829.25,7830
1790014200,7830,7830.5,7828.75,7830.25
1790014320,7830.5,7830.75,7829.5,7830.5
1790014440,7830.5,7832.5,7830.5,7832.25
1790014560,7832.25,7832.25,7829.75,7831
1790014680,7830.75,7832.25,7830.25,7831.5
1790014800,7831.5,7833,7831,7833
1790014920,7833,7836.75,7832.75,7836.75
1790015040,7836.5,7837.25,7835.5,7836.75
1790015160,7836.75,7836.75,7835.5,7836.5
1790015280,7836.25,7838.25,7836.25,7837
1790015400,7837,7838.25,7835,7835.5
1790015520,7835.25,7835.75,7833.75,7835.5
1790015640,7835.5,7836.5,7834,7834.75
1790015760,7834.75,7836.75,7834.25,7836.75
1790015880,7836.5,7837.75,7836.5,7837.5
1790016000,7837.5,7838.5,7836.75,7838.25
1790016120,7838.25,7839,7837.25,7839
1790016240,7839,7842,7838.75,7840.5
1790016360,7840.5,7840.75,7839,7840
1790016480,7840,7842.25,7839.75,7842
1790016600,7841.75,7844.25,7841.75,7843.5
1790016720,7843.5,7844.5,7841.5,7844.5
1790016840,7844.5,7844.75,7842.25,7842.5
1790016960,7842.25,7843.5,7841.75,7841.75
1790017080,7842,7842.25,7840,7841.25
1790017200,7841.5,7843.5,7840.5,7841.5
1790017320,7841.5,7842.5,7840.75,7841
1790017440,7841.25,7841.75,7838.75,7838.75
1790017560,7839,7840.25,7838.25,7839
1790017680,7839,7840.5,7838.75,7840.25
1790017800,7840.5,7840.5,7837.75,7840.25
1790017920,7840.25,7842.5,7840.25,7842.25
1790018040,7842.25,7843,7840.75,7842.25
1790018160,7842.25,7843,7841.5,7842.25
1790018280,7842.25,7842.5,7841,7842
1790018400,7841.75,7842,7838.75,7840.75
1790018520,7840.5,7842,7840,7840.25
1790018640,7840.25,7840.25,7838.25,7838.75
1790018760,7838.5,7840.75,7838.5,7840.25
1790018880,7840,7841.25,7838.75,7839.25
1790019000,7839.25,7840.25,7838.75,7840
1790019120,7839.75,7842.5,7839.75,7842.25
1790019240,7842,7843.75,7842,7843.25
1790019360,7843.5,7845,7842.75,7844.75
1790019480,7844.75,7847.25,7844.75,7846
1790019600,7845.75,7846.5,7842,7842.25
1790019720,7842.25,7842.75,7840.75,7842.5
1790019840,7842.25,7843.5,7841.25,7843.25
1790019960,7843,7843.25,7840.5,7840.75
1790020080,7840.5,7841.75,7839,7839.75
1790020200,7839.75,7839.75,7834.75,7836.5
1790020320,7836.5,7838,7835.25,7835.75
1790020440,7835.5,7836.75,7834.5,7835
1790020560,7835,7837,7834.25,7835.25
1790020680,7835.25,7837.25,7832,7833.25
1790020800,7833.25,7835,7830.5,7831.25
1790020920,7831.5,7831.5,7829.5,7829.75
1790021040,7829.75,7830.25,7828.5,7830.25
1790021160,7830.25,7832.75,7830,7831.25
1790021280,7831.25,7832.25,7830.5,7831.75
1790021400,7831.75,7832,7830.25,7830.75
1790021520,7830.75,7831.25,7829.75,7831
1790021640,7831,7831.75,7830.25,7830.25
1790021760,7830.25,7830.25,7827.25,7827.5
1790021880,7827.5,7828.5,7827.25,7828.5
1790022000,7828.25,7829,7828,7828.25
1790022120,7828.5,7828.75,7828.25,7828.25
1790022240,7828.25,7829.75,7828,7829.5
1790022360,7829.75,7830.5,7829.25,7829.5
1790022480,7829.5,7830.75,7829.5,7830.25
1790022600,7830.25,7830.5,7828.75,7828.75
1790022720,7829,7829.25,7828.75,7829
1790022840,7828.75,7829.5,7828.75,7828.75
1790022960,7828.75,7828.75,7828,7828
1790023080,7828,7828.25,7827.5,7828
1790023200,7828,7828.25,7827.25,7827.5
1790023320,7827.25,7827.5,7826.75,7827.5
1790023440,7827.5,7827.75,7826.5,7826.75
1790023560,7826.75,7827.25,7826.5,7827.25
1790023680,7827.25,7828,7827,7827.25
1790023800,7827.25,7827.75,7827,7827.75
1790023920,7827.75,7828,7827.5,7827.5
1790024040,7827.75,7828.75,7827.5,7828.5
1790024160,7828.25,7829,7827.75,7829
1790024280,7829,7830.25,7828,7829.25
1790028000,7830,7831.75,7829.5,7829.75
1790028120,7829.75,7830.5,7829,7830.5
1790028240,7830.25,7833,7830.25,7832
1790028360,7832.25,7832.5,7831.25,7832.5
1790028480,7832.25,7833,7832.25,7833
1790028600,7832.75,7833.5,7830.5,7832
1790028720,7831.75,7832.75,7831.5,7832.75
1790028840,7832.75,7833,7832,7832.5
1790028960,7832.25,7833.75,7831.5,7833.5
1790029080,7833.25,7833.25,7832,7833
1790029200,7833,7833.25,7832.75,7832.75
1790029320,7833,7833,7831.75,7832.25
1790029440,7832.25,7833.25,7832.25,7833
1790029560,7832.75,7833.5,7832.75,7833.25
1790029680,7833.25,7835,7833.25,7834.75
1790029800,7834.5,7835.75,7834.25,7834.5
1790029920,7834.5,7834.5,7833.5,7834.25
1790030040,7834,7834.75,7834,7834.5
1790030160,7834.5,7834.75,7834.25,7834.75
1790030280,7834.75,7835,7834,7834.25
1790030400,7834.25,7834.5,7833.25,7833.25
1790030520,7833,7833.5,7832.75,7833.5
1790030640,7833.5,7834.5,7833,7833.75
1790030760,7833.5,7834.75,7833.5,7834.25
1790030880,7834.25,7835,7834.25,7834.75
1790031000,7835,7835.25,7834.25,7834.5
1790031120,7834.25,7835,7833.75,7835
1790031240,7835.25,7835.5,7834.75,7835.5
1790031360,7835.5,7835.75,7835,7835
1790031480,7835.25,7835.25,7834.5,7834.5
1790031600,7834.75,7835,7833.5,7833.75
1790031720,7833.75,7835.5,7833.75,7835.25
1790031840,7835,7835.5,7834.75,7835
1790031960,7835.25,7835.75,7835,7835.75
1790032080,7835.75,7836,7835.5,7836
1790032200,7836,7836,7835.5,7836
1790032320,7835.75,7837.75,7835.75,7837
1790032440,7837,7837.25,7836.25,7836.75
1790032560,7837,7837.25,7835,7835
1790032680,7835.25,7836.5,7835.25,7836
1790032800,7836.25,7836.25,7835.5,7835.75
1790032920,7835.75,7836.25,7835.25,7835.25
1790033040,7835.25,7835.75,7834.75,7835
1790033160,7835,7835.75,7835,7835.25
1790033280,7835,7835.25,7834,7835
1790033400,7835,7835.5,7834.5,7834.5
1790033520,7834.5,7835.75,7834,7835.75
1790033640,7835.75,7835.75,7835.25,7835.5
1790033760,7835.5,7836.25,7835,7835.25
1790033880,7835.25,7835.5,7834.75,7835.25
1790034000,7835.25,7836.75,7835.25,7836.5
1790034120,7836.5,7836.75,7835.75,7835.75
1790034240,7835.75,7836.25,7835.5,7835.75
1790034360,7835.75,7836.25,7835.5,7836
1790034480,7836.25,7836.25,7835,7835.5
1790034600,7835.75,7835.75,7834.75,7835.25
1790034720,7835,7835.75,7835,7835.5
1790034840,7835.75,7836,7835.5,7836
1790034960,7836,7836,7835,7836
1790035080,7836,7836.25,7835.25,7835.25
1790035200,7835.25,7837,7834.5,7836
1790035320,7836.25,7837.5,7836.25,7836.75
1790035440,7836.75,7837.75,7836.25,7837.75
1790035560,7837.5,7837.75,7837,7837.75
1790035680,7837.75,7839.75,7837.5,7839.75
1790035800,7840,7840,7838.25,7839.25
1790035920,7839.5,7839.75,7837.75,7838.5
1790036040,7838.5,7838.5,7835.25,7837
1790036160,7837.25,7837.25,7835.75,7835.75
1790036280,7835.75,7836,7835.25,7835.5
1790036400,7835.75,7836.5,7835,7836.5
1790036520,7836.5,7836.75,7836,7836.25
1790036640,7836,7836.5,7835.5,7835.75
1790036760,7835.75,7836.75,7835.5,7836.25
1790036880,7836.5,7837.5,7836.25,7837.25
1790037000,7837.25,7838.25,7837,7838
1790037120,7838,7838.5,7836,7836
1790037240,7836.25,7836.5,7832.5,7832.75
1790037360,7832.75,7833.5,7832.25,7832.75
1790037480,7833,7834.75,7833,7833.5
1790037600,7833.25,7834.25,7832.5,7834
1790037720,7834,7835.25,7834,7834.75
1790037840,7834.5,7836,7834.25,7835.5
1790037960,7835.5,7836.25,7834.75,7834.75
1790038080,7834.5,7835.75,7834.5,7835
1790038200,7835.5,7835.75,7834.75,7835.5
1790038320,7835.25,7836,7835.25,7836
1790038440,7835.75,7836,7835.5,7835.5
1790038560,7835.25,7835.75,7835.25,7835.75
1790038680,7835.75,7836,7834.75,7835.25
1790038800,7835.5,7835.5,7834.25,7834.75
1790038920,7834.75,7835,7834.25,7834.25
1790039040,7834,7835,7833.5,7834.5
1790039160,7834.25,7834.75,7834,7834.5
1790039280,7834.5,7835.25,7834.25,7834.25
1790039400,7834.5,7834.5,7832.5,7832.75
1790039520,7832.75,7834,7832.75,7833.25
1790039640,7833.25,7834.25,7833.25,7833.75
1790039760,7833.5,7833.5,7832,7832.5
1790039880,7832.5,7833,7832.5,7832.5
1790040000,7832.5,7833,7832.25,7832.75
1790040120,7832.5,7833.25,7831.75,7833
1790040240,7832.75,7833.5,7832.75,7832.75
1790040360,7832.75,7833.75,7832.5,7832.75
1790040480,7833,7834.25,7833,7833.5
1790040600,7833.75,7833.75,7832.25,7833.5
1790040720,7833.5,7834.75,7833.25,7834
1790040840,7834.25,7835.25,7834,7834.5
1790040960,7834.5,7836.25,7834.5,7836
1790041080,7836,7836.25,7834.75,7835.25
1790041200,7835.25,7836,7834.75,7835.5
1790041320,7835.75,7836,7834.75,7835.5
1790041440,7835.25,7835.75,7835,7835.25
1790041560,7835.25,7835.5,7834.5,7835.25
1790041680,7835,7836,7834.25,7834.5
1790041800,7834.25,7835.5,7834,7835.5
1790041920,7835.5,7835.5,7834.5,7835
1790042040,7835.25,7835.5,7834.75,7834.75
1790042160,7834.75,7835.5,7834.5,7835
1790042280,7835,7835,7833.5,7833.5
1790042400,7833.5,7836,7833.25,7836
1790042520,7836,7836.25,7835.75,7835.75
1790042640,7836,7836.5,7835.5,7835.5
1790042760,7835.5,7836.25,7835.25,7835.25
1790042880,7835.5,7835.75,7835,7835
1790043000,7835.25,7835.25,7833.75,7834.5
1790043120,7834.5,7834.5,7834,7834
1790043240,7834,7834.5,7833.75,7834.5
1790043360,7834.25,7834.75,7834,7834.25
1790043480,7834.25,7834.5,7833.5,7834.25
1790043600,7834.25,7834.75,7834.25,7834.5
1790043720,7834.75,7836,7834.75,7834.75
1790043840,7834.75,7835.25,7834.75,7835
1790043960,7835.25,7835.5,7835,7835.25
1790044080,7835.25,7835.75,7835.25,7835.25
1790044200,7835.5,7835.5,7833.5,7833.5
1790044320,7833.5,7834.25,7833.5,7833.75
1790044440,7833.75,7834.25,7833.5,7834.25
1790044560,7834.25,7834.75,7834,7834.5
1790044680,7834.25,7835.5,7834.25,7835.25
1790044800,7835.25,7836,7834.5,7835.5
1790044920,7835.5,7836,7835.25,7835.75
1790045040,7835.5,7835.5,7834.75,7834.75
1790045160,7834.75,7835,7834.75,7834.75
1790045280,7834.75,7835.5,7834.75,7835
1790045400,7834.75,7835.25,7834.75,7834.75
1790045520,7834.75,7835.25,7834.25,7835
1790045640,7835,7835.25,7834,7834
1790045760,7834.25,7835,7834.25,7835
1790045880,7834.75,7835.25,7834.75,7834.75
1790046000,7834.75,7834.75,7833.25,7833.5
1790046120,7833.75,7834.25,7833.5,7834.25
1790046240,7834,7834,7833.75,7833.75
1790046360,7833.75,7834,7833.25,7833.25
1790046480,7833.5,7833.75,7832.5,7833
1790046600,7833,7833.25,7832.75,7833.25
1790046720,7833.25,7833.5,7833,7833.25
1790046840,7833.25,7835,7833.25,7835
1790046960,7835,7835,7834,7834.5
1790047080,7834.5,7834.75,7833.75,7834.25
1790047200,7834.5,7834.75,7834,7834.5
1790047320,7834.25,7834.75,7834,7834.25
1790047440,7834.5,7834.5,7834,7834.25
1790047560,7834.25,7834.5,7834,7834.5
1790047680,7834.5,7834.5,7834,7834
1790047800,7834.25,7834.25,7833.5,7833.5
1790047920,7833.75,7834.25,7833.25,7834.25
1790048040,7834,7835,7834,7834.75
1790048160,7835,7835.5,7835,7835
1790048280,7835,7835.5,7834.5,7834.5
1790048400,7834.5,7834.75,7834,7834.5
1790048520,7834.5,7834.75,7833.75,7833.75
1790048640,7834,7834,7833,7833.5
1790048760,7833.25,7833.25,7832.75,7833
1790048880,7833.25,7833.75,7833.25,7833.75
1790049000,7833.75,7833.75,7833.25,7833.5
1790049120,7833.5,7833.75,7833,7833.5
1790049240,7833.5,7833.5,7832.5,7833
1790049360,7833,7833.25,7831,7833.25
1790049480,7833.25,7833.5,7833,7833
1790049600,7833,7833.5,7832.75,7833.5
1790049720,7833.5,7833.5,7833,7833.25
1790049840,7833.25,7834,7833,7833.25
1790049960,7833.25,7833.75,7832.75,7833.25
1790050080,7833.25,7833.25,7832.75,7833
1790050200,7832.75,7835,7832.5,7834.75
1790050320,7834.75,7835,7834,7834.25
1790050440,7834,7834.5,7834,7834
1790050560,7834,7834.25,7833.5,7833.5
1790050680,7833.25,7833.5,7833,7833.25
1790050800,7833.25,7833.5,7833,7833.25
1790050920,7833.25,7833.75,7833.25,7833.75
1790051040,7834,7834.25,7833.75,7834
1790051160,7834,7834.75,7834,7834.5
1790051280,7834.5,7835.5,7834.5,7834.5
1790051400,7834.75,7836,7834.75,7835.5
1790051520,7835.5,7835.5,7834.75,7835.25
1790051640,7835.25,7835.25,7834.75,7835
1790051760,7835,7835.75,7834.75,7835.75
1790051880,7835.75,7836,7835.25,7835.25
1790052000,7835.25,7835.5,7834.75,7835.5
1790052120,7835.5,7836.5,7835.5,7835.75
1790052240,7835.75,7835.75,7834.75,7835.25
1790052360,7835.25,7835.25,7834.5,7834.5
1790052480,7834.25,7834.5,7834.25,7834.25
1790052600,7834.5,7834.5,7833.5,7834.25
1790052720,7834.25,7834.25,7833.75,7834
1790052840,7833.75,7834.75,7833.75,7834.25
1790052960,7834.25,7834.5,7834,7834.25
1790053080,7834.25,7834.5,7834,7834.25
1790053200,7834.25,7834.25,7833.5,7833.75
1790053320,7833.75,7834.25,7832.75,7833.5
1790053440,7833.25,7834,7833.25,7833.5
1790053560,7833.75,7834.25,7833.75,7833.75
1790053680,7833.75,7833.75,7832.75,7833
1790053800,7833,7833.5,7832.75,7833.25
1790053920,7833.5,7834,7833.25,7834
1790054040,7834,7834.25,7833.5,7833.5
1790054160,7833.5,7833.75,7833,7833.25
1790054280,7833.5,7833.5,7832.5,7833
1790054400,7833,7834.5,7832.75,7834.25
1790054520,7834.25,7835,7834,7834
1790054640,7834,7834,7833,7833.25
1790054760,7833.25,7833.5,7832.75,7832.75
1790054880,7833,7834,7833,7833.5
1790055000,7833.75,7833.75,7832.25,7832.5
1790055120,7832.5,7834,7832.25,7834
1790055240,7834,7835.5,7833.75,7835
1790055360,7834.75,7835.75,7834.5,7835.5
1790055480,7835.5,7836.25,7835.25,7836.25
1790055600,7836.25,7837.25,7836,7836.25
1790055720,7836.5,7836.75,7836,7836.5
1790055840,7836.5,7838,7836.5,7837.75
1790055960,7837.75,7839.25,7837.75,7839.25
1790056080,7839.25,7839.5,7838,7839
1790056200,7839.25,7839.25,7837.75,7838.75
1790056320,7839,7839,7838,7838.5
1790056440,7838.5,7838.75,7837.75,7838.25
1790056560,7838.25,7839,7838.25,7838.75
1790056680,7838.75,7838.75,7838.25,7838.25
1790056800,7838.25,7838.25,7836.25,7836.5
1790056920,7836.5,7836.5,7834.25,7834.75
1790057040,7834.75,7836,7834.25,7835.75
1790057160,7835.75,7836.25,7835.5,7835.75
1790057280,7835.75,7837,7835.5,7837
1790057400,7836.75,7837.75,7836.25,7837
1790057520,7837,7837,7836,7836
1790057640,7835.75,7837.75,7835.75,7837.5
1790057760,7837.75,7837.75,7836.25,7836.5
1790057880,7836.75,7836.75,7835.25,7835.25
1790058000,7835.25,7835.75,7833.75,7834.75
1790058120,7835,7836.25,7835,7835.5
1790058240,7835.5,7835.5,7834.75,7835.25
1790058360,7835.5,7836,7834.75,7835.25
1790058480,7835.25,7836.75,7835,7836.75
1790058600,7836.5,7837,7836.25,7836.25
1790058720,7836.5,7837.25,7836.25,7836.75
1790058840,7836.5,7837.75,7836.5,7837.75
1790058960,7837.75,7838.5,7837.75,7838.25
1790059080,7838.25,7838.25,7836.75,7837.5
1790059200,7837.5,7838.25,7837.25,7838
1790059320,7838,7838.25,7836.25,7836.25
1790059440,7836.5,7837,7836.25,7837
1790059560,7837,7838.25,7837,7837.5
1790059680,7837.75,7838.25,7837.5,7837.5
1790059800,7837.5,7838.25,7837.5,7837.75
1790059920,7837.75,7838,7837,7837
1790060040,7837,7837,7836,7837
1790060160,7836.75,7837.75,7836.75,7837.25
1790060280,7837.25,7837.5,7836,7836.25
1790060400,7836.25,7837.75,7835.75,7836
1790060520,7836,7836.25,7834.75,7834.75
1790060640,7835,7837.5,7835,7835.75
1790060760,7835.75,7835.75,7834,7835.25
1790060880,7835.25,7836.25,7835,7836.25
1790061000,7835.75,7836.5,7835.25,7836
1790061120,7836.25,7837,7834.5,7834.75
1790061240,7835,7836.5,7833.75,7836.5
1790061360,7836.5,7837.5,7835.75,7836.5
1790061480,7836.25,7836.5,7834.25,7834.25
1790061600,7834.25,7835.75,7834.25,7835.75
1790061720,7835.75,7836.25,7834.75,7835.75
1790061840,7835.75,7836.5,7834.5,7834.75
1790061960,7835,7835.75,7834.5,7835.5
1790062080,7835.5,7835.75,7834.75,7835
1790062200,7835.25,7835.25,7834,7834.5
1790062320,7834.5,7835,7832.75,7833
1790062440,7833.25,7834.25,7832.5,7832.5
1790062560,7832.5,7833,7832.25,7832.75
1790062680,7833,7833,7831.75,7832.5
1790062800,7832.25,7832.75,7831.75,7832.75
1790062920,7832.5,7832.75,7831.5,7831.75
1790063040,7832,7832.75,7831.5,7831.75
1790063160,7831.75,7832.5,7829.75,7829.75
1790063280,7829.75,7831,7829.25,7829.75
1790063400,7829.75,7830.25,7828.25,7828.5
1790063520,7828.75,7829.5,7828.25,7828.75
1790063640,7828.75,7829,7827.5,7828.5
1790063760,7828.75,7829.25,7827.25,7827.25
1790063880,7827.25,7827.75,7826.5,7826.5
1790064000,7826.5,7826.75,7824,7824.75
1790064120,7824.75,7826,7823.5,7824
1790064240,7824.25,7825.5,7822.25,7824.75
1790064360,7824.5,7824.5,7822.25,7824
1790064480,7824,7824,7822,7823
1790064600,7823,7823.25,7821.75,7822.25
1790064720,7822.25,7823,7821,7821.25
1790064840,7821.5,7821.75,7818.25,7818.5
1790064960,7818.5,7818.5,7816.5,7816.75
1790065080,7816.5,7819,7816.25,7819
1790065200,7819,7819.25,7816.5,7817.25
1790065320,7817,7817.5,7815,7817.25
1790065440,7817,7821.75,7814.75,7814.75
1790065560,7815,7815.75,7813,7813.25
1790065680,7813.5,7813.75,7812.25,7813.5
1790065800,7813.5,7813.5,7810.75,7812.5
1790065920,7812.5,7816,7810.5,7812.25
1790066040,7812,7816.25,7811.75,7815.5
1790066160,7815.25,7819,7813.75,7818
1790066280,7818.25,7824.5,7818,7823.25
1790066400,7823.25,7826,7821.25,7826
1790066520,7825.75,7829,7825.5,7827.75
1790066640,7827.5,7829.25,7826.25,7828.25
1790066760,7828.25,7832,7827,7831.25
1790066880,7831,7833.75,7830.5,7833.5
1790067000,7833.5,7835,7832.75,7832.75
1790067120,7832.75,7836,7832.5,7835.75
1790067240,7835.75,7836,7833.5,7833.75
1790067360,7834,7836,7833.5,7835.5
1790067480,7835.5,7835.5,7832.5,7833.5
1790067600,7833.25,7834,7831,7831.5
1790067720,7831.5,7836.25,7830,7830
1790067840,7829.75,7830,7827,7827.5
1790067960,7827.5,7831,7827.5,7829.5
1790068080,7829.5,7830.75,7827.75,7829
1790068200,7829,7831.25,7827,7829.25
1790068320,7829.25,7829.25,7826,7827.5
1790068440,7827.5,7830.75,7826.5,7830
1790068560,7830,7830,7827.75,7828
1790068680,7828,7828.75,7827.25,7827.5
1790068800,7827.25,7828.25,7826.75,7827.5
1790068920,7827.5,7828,7825.5,7826.75
1790069040,7826.75,7827.5,7826.25,7827
1790069160,7827,7827.75,7826.5,7827.25
1790069280,7827.25,7827.5,7826.75,7827
1790069400,7827.25,7830,7827.25,7830
1790069520,7829.75,7830,7827.25,7828.25
1790069640,7828.25,7829.5,7827.25,7827.75
1790069760,7827.75,7828.75,7827.25,7828.5
1790069880,7828.25,7828.25,7827,7827.75
1790070000,7827.75,7830.75,7827.75,7829.5
1790070120,7829.5,7831.75,7828.75,7831.25
1790070240,7831.25,7833.5,7831.25,7832.5
1790070360,7832.25,7833.25,7831.5,7832.5
1790070480,7832.5,7832.75,7831.5,7832
1790070600,7832.25,7835.25,7832.25,7834
1790070720,7834,7843,7832.5,7838.75
1790070840,7838.75,7839.5,7833.75,7834
1790070960,7834,7842.25,7833,7834.5
1790071080,7834.75,7839.5,7834.5,7838.75
1790071200,7838.75,7839,7835,7835.5
1790071320,7835.75,7840,7835.75,7839.75
1790071440,7839.75,7840.5,7839,7839.5
1790071560,7839.5,7839.75,7838,7839.75
1790071680,7839.5,7840.75,7839.25,7839.25
1790071800,7839.25,7840,7837.5,7837.5
1790071920,7837.5,7839.5,7835,7835.75
1790072040,7836,7838.5,7836,7837.75
1790072160,7837.75,7838.25,7837.25,7837.75
1790072280,7837.75,7837.75,7836,7836.5
1790072400,7836.75,7837.25,7835.25,7836.25
1790072520,7836.25,7837.25,7835.75,7835.75
1790072640,7835.75,7836.25,7834.75,7836
1790072760,7836.25,7836.75,7835.5,7836
1790072880,7836,7837.75,7836,7836.75
1790073000,7836.75,7838,7836.25,7837
1790073120,7837,7837.5,7836.25,7836.5
1790073240,7836.75,7837.25,7836.5,7836.5
1790073360,7836.75,7838.5,7836.75,7838.25
1790073480,7838.25,7838.5,7838,7838.5
1790073600,7838.5,7839.5,7837.75,7839.25
1790073720,7839.5,7841.5,7839.25,7841
1790073840,7841,7841.5,7839.25,7840
1790073960,7840,7841,7838.75,7840.75
1790074080,7840.75,7842.75,7840.75,7842.5
1790074200,7842.5,7843.75,7842.25,7843
1790074320,7843,7843,7842.25,7843
1790074440,7842.75,7843,7841,7841.25
1790074560,7841.25,7841.25,7840.25,7840.25
1790074680,7840.5,7841,7838,7838.25
1790074800,7838.25,7839.5,7835.25,7835.25
1790074920,7835.5,7837.5,7835.25,7837.25
1790075040,7837.25,7838.25,7836,7836.25
1790075160,7836.25,7838.75,7835,7838.5
1790075280,7838.25,7838.75,7828.25,7833.25
1790075400,7833.5,7835.5,7831,7834.75
1790075520,7835,7836.5,7831,7832
1790075640,7832,7835.25,7831.75,7835
1790075760,7835,7835.5,7834,7835
1790075880,7834.75,7835,7833.75,7834.5
1790076000,7834.5,7835.25,7833.5,7834.25
1790076120,7834.25,7836.25,7834.25,7836
1790076240,7836,7837.75,7836,7837.25
1790076360,7837.25,7838.25,7835.5,7836
1790076480,7836,7836.25,7835.25,7835.75
1790076600,7835.75,7837,7835.25,7836
1790076720,7836,7837.5,7836,7836.5
1790076840,7836.5,7838,7835.75,7838
1790076960,7837.75,7838.5,7837.5,7837.5
1790077080,7837.75,7840.25,7837.75,7838.5
1790077200,7838.75,7839.5,7837.25,7839.25
1790077320,7839.25,7839.5,7837.5,7839.25
1790077440,7839.25,7842,7837.25,7840.5
1790077560,7840.25,7840.5,7837,7838.5
1790077680,7838.25,7839,7838,7839
1790077800,7839,7839.25,7837.5,7838
1790077920,7838,7838.5,7837.25,7837.25
1790078040,7837.5,7839.5,7836.75,7838.25
1790078160,7838.25,7838.75,7836.75,7837.5
1790078280,7837.25,7837.25,7835.25,7835.5
1790078400,7835.75,7836.25,7835.25,7836.25
1790078520,7836.25,7839,7836,7839
1790078640,7839,7840,7838.5,7839
1790078760,7839.25,7839.25,7837.75,7838
1790078880,7838,7838.5,7834,7835.75
1790079000,7836,7837.5,7836,7837.5
1790079120,7837.75,7838,7837.25,7838
1790079240,7838,7838.25,7835.75,7837.25
1790079360,7837.25,7839,7835.25,7836.25
1790079480,7836,7837.25,7835.25,7836.5
1790079600,7836.5,7838,7836.5,7838
1790079720,7838,7838.75,7837.75,7838.75
1790079840,7838.75,7839.75,7838,7838.75
1790079960,7838.5,7839.5,7838,7838.5
1790080080,7838.5,7840.25,7838.5,7840
1790080200,7840,7842,7839.25,7841.75
1790080320,7841.75,7842.5,7840.75,7842.5
1790080440,7842.5,7842.75,7839.5,7839.5
1790080560,7839.75,7841.5,7838.25,7839
1790080680,7839,7839.25,7838,7838
1790080800,7838,7840.5,7838,7840.5
1790080920,7840.5,7841.5,7840,7840
1790081040,7840.25,7840.25,7838,7838.5
1790081160,7838.5,7839.5,7838.5,7838.75
1790081280,7838.5,7839.75,7838.5,7838.75
1790081400,7838.75,7839,7837.25,7837.25
1790081520,7837.25,7837.5,7835.75,7836.25
1790081640,7836.5,7836.75,7835.75,7836
1790081760,7835.75,7837.5,7835.75,7836.75
1790081880,7836.75,7837.75,7836,7837
1790082000,7837.25,7839.5,7836.5,7839.25
1790082120,7839.25,7840.25,7839,7840
1790082240,7840.25,7840.5,7838,7838.5
1790082360,7838.25,7840.5,7836.75,7839.5
1790082480,7839.5,7842,7839.5,7840
1790082600,7840,7840.25,7838.75,7840
1790082720,7840,7840.75,7839.5,7840.25
1790082840,7840.5,7841.25,7840.25,7841
1790082960,7841.25,7843.25,7840,7840.25
1790083080,7840.5,7841.25,7839.75,7840.75
1790083200,7840.5,7841,7839,7840.25
1790083320,7840.5,7840.5,7839.25,7839.5
1790083440,7839.5,7840.25,7837.25,7838.75
1790083560,7838.75,7839.25,7837.5,7838.5
1790083680,7838.25,7838.25,7836.25,7837
1790083800,7837,7846.75,7835.5,7846.25
1790083920,7846.25,7847.25,7844,7846
1790084040,7846,7848.5,7843.75,7847.25
1790084160,7847,7847.5,7843.5,7844.75
1790084280,7845,7847.75,7844.5,7846.25
1790084400,7846.25,7846.25,7840.75,7841.5
1790084520,7841.5,7844.5,7840.5,7843.5
1790084640,7843.75,7844,7837.75,7839.75
1790084760,7839.75,7840.75,7836,7836.75
1790084880,7836.75,7843.75,7835.5,7839.75
1790085000,7839.75,7840.75,7837.75,7839.75
1790085120,7839.75,7840.75,7837.5,7837.75
1790085240,7837.75,7838,7834.25,7836.25
1790085360,7836,7838,7833.25,7837.5
1790085480,7837.5,7838,7833.5,7835
1790085600,7835,7838,7834.5,7836.5
1790085720,7836.75,7839.5,7836.25,7837.75
1790085840,7838,7838.25,7836.5,7837.75
1790085960,7838,7838.75,7835.25,7837.25
1790086080,7837.25,7837.25,7834.25,7834.5
1790086200,7834.5,7840,7834.5,7839.25
1790086320,7839.5,7845.75,7839.25,7841
1790086440,7841.25,7842.25,7837.75,7841
1790086560,7841,7841.25,7835.25,7836.75
1790086680,7836.5,7836.5,7832,7835.25
1790086800,7835.25,7836.5,7832.5,7833.75
1790086920,7833.5,7835,7833,7834
1790087040,7833.75,7835,7832.75,7834.25
1790087160,7834.25,7835.5,7833.5,7834.25
1790087280,7834.25,7834.25,7831.5,7831.75
1790087400,7832,7835.25,7831.5,7834.25
1790087520,7834.25,7837.5,7834.25,7835.75
1790087640,7835.75,7837,7829.25,7830
1790087760,7830.25,7835.25,7830,7835.25
1790087880,7835,7840.5,7831.25,7831.5
1790088000,7831.5,7832.25,7827.5,7828.25
1790088120,7828.25,7830.25,7826.75,7829.75
1790088240,7830,7831.5,7827.25,7828.5
1790088360,7828.25,7831.75,7826.5,7831
1790088480,7830.75,7834,7829.75,7833.75
1790088600,7833.5,7835.75,7831,7831.25
1790088720,7831.25,7832.25,7830.5,7830.75
1790088840,7830.75,7833.5,7830,7833.25
1790088960,7833.25,7834.5,7832.25,7833
1790089080,7833,7833,7829.5,7831
1790089200,7831,7833,7830.25,7833
1790089320,7833,7833.5,7831,7833.25
1790089440,7833.25,7834.25,7831,7833
1790089560,7833.25,7834.75,7831,7833.75
1790089680,7833.75,7834.25,7830,7830.25
1790089800,7830.5,7832.25,7830.25,7830.25
1790089920,7830.5,7831,7828.5,7829.75
1790090040,7829.5,7833.5,7829.25,7831.5
1790090160,7831.5,7833.75,7831,7832.25
1790090280,7832.5,7833,7830.75,7832
1790090400,7832.25,7833.5,7830.75,7832.25
1790090520,7832.5,7833.25,7831.25,7832.5
1790090640,7832.75,7834.25,7831.5,7833.5
1790090760,7833.5,7833.5,7832,7832.5
1790090880,7832.5,7832.75,7829.75,7830.25
1790091000,7830.25,7830.5,7827.25,7827.25
1790091120,7827.5,7828.25,7826,7826
1790091240,7826,7827.5,7825.5,7825.75
1790091360,7825.75,7826.25,7824,7825
1790091480,7825.25,7825.25,7823,7824
1790091600,7824,7824.75,7822.25,7824.25
1790091720,7824,7825.5,7823.75,7824.25
1790091840,7824.25,7825.75,7824,7824.75
1790091960,7824.75,7827.25,7824.5,7826.75
1790092080,7826.75,7827.5,7824.75,7825.25
1790092200,7825.25,7826.25,7824.25,7824.5
1790092320,7824.75,7826,7824.5,7825.5
1790092440,7825.5,7825.5,7823,7824
1790092560,7824,7824,7822.75,7824
1790092680,7824,7827,7823.75,7826.75
1790092800,7826.75,7828.75,7824.75,7825.5
1790092920,7825.75,7826.25,7825,7826
1790093040,7826,7826.75,7825.5,7826
1790093160,7826.25,7828.75,7825,7828.25
1790093280,7828.25,7830.25,7828.25,7829
1790093400,7829,7830,7828,7829
1790093520,7829.25,7830.25,7828.75,7829.5
1790093640,7829.25,7830,7827.75,7827.75
1790093760,7827.75,7829.5,7827.5,7829.25
1790093880,7829.25,7829.25,7826.5,7826.75
1790094000,7826.75,7828.5,7825,7827.75
1790094120,7827.75,7828.5,7824.75,7824.75
1790094240,7825,7825.5,7823.25,7825.25
1790094360,7825.25,7825.75,7824,7825.25
1790094480,7825.25,7826,7824.5,7825.5
1790094600,7825.5,7827.5,7825,7826.5
1790094720,7826.5,7827,7825.25,7826.75
1790094840,7826.75,7828.75,7826.25,7826.75
1790094960,7826.75,7827.25,7826,7826
1790095080,7826,7826.75,7824.75,7826.5
1790095200,7826.75,7827,7825.75,7826
1790095320,7826.25,7826.25,7824.25,7825.75
1790095440,7826,7827.5,7825.75,7827
1790095560,7827,7828.25,7826.75,7826.75
1790095680,7826.75,7833.75,7826.75,7833
1790095800,7833,7833.75,7831.5,7833.25
1790095920,7833.25,7833.5,7832,7832
1790096040,7832,7832.75,7830.75,7831
1790096160,7831.25,7831.5,7830,7831.25
1790096280,7831.5,7832.75,7830.75,7832
1790096400,7832,7832.75,7831.5,7832.25
1790096520,7832.25,7832.25,7830.75,7830.75
1790096640,7830.75,7831.25,7829.25,7830.75
1790096760,7830.75,7833,7830.5,7830.75
1790096880,7830.75,7830.75,7828.75,7830
1790097000,7830,7831,7829.25,7829.75
1790097120,7829.75,7830,7828.75,7829.25
1790097240,7829.5,7829.75,7828.5,7829.75
1790097360,7829.5,7829.75,7828.25,7828.75
1790097480,7828.75,7829.25,7828,7829
1790097600,7829,7829,7827.75,7828
1790097720,7828.25,7828.25,7827.25,7827.75
1790097840,7828,7829.25,7828,7829
1790097960,7829,7831,7828.75,7831
1790098080,7831,7832.5,7830.5,7832.25
1790098200,7832.25,7832.5,7830.5,7831
1790098320,7830.75,7831,7829.75,7830
1790098440,7829.75,7830.25,7829.25,7830.25
1790098560,7830,7830,7828.5,7829.25
1790098680,7829,7830,7828,7828.5
1790098800,7828.25,7829.25,7827.25,7828.75
1790098920,7828.75,7830.75,7828.5,7830.75
1790099040,7830.5,7832.25,7830.5,7832
1790099160,7832.25,7832.25,7829.75,7830.75
1790099280,7830.75,7831.25,7830.25,7831
1790099400,7831,7831.25,7829.75,7831
1790099520,7831,7838.75,7830.5,7836
1790099640,7836,7839,7835.5,7838
1790099760,7838,7838.75,7836,7836.25
1790099880,7836.5,7837.75,7836.25,7837.5
1790100000,7837.5,7838.5,7834,7834.75
1790100120,7834.75,7835.25,7833.5,7835
1790100240,7835,7837.25,7834.5,7836.5
1790100360,7836.75,7838,7835.25,7836
1790100480,7836,7837.75,7835.5,7837.25
1790100600,7837.25,7838,7836.75,7837.5
1790100720,7837.25,7837.75,7835.5,7836.25
1790100840,7836.25,7837,7835,7836.5
1790100960,7836.5,7836.75,7835.5,7836
1790101080,7836,7837.5,7836,7837
1790101200,7836.75,7838.25,7836.75,7838.25
1790101320,7838.25,7840.5,7838.25,7840
1790101440,7840,7840.25,7838.5,7838.75
1790101560,7838.75,7839.25,7837.75,7838.25
1790101680,7838.25,7839.25,7837.5,7837.75
1790101800,7837.75,7839.25,7836.5,7838.25
1790101920,7838,7838.25,7836.5,7837
1790102040,7836.75,7837.25,7835,7835.5
1790102160,7835.5,7835.75,7833.75,7835.5
1790102280,7835.5,7835.75,7834,7835.5
1790102400,7835.5,7837,7833.5,7835.75
1790102520,7835.5,7838.25,7835.5,7838.25
1790102640,7838.25,7838.5,7837.25,7838.25
1790102760,7838.25,7838.25,7836.75,7837.25
1790102880,7837.5,7838.5,7837,7838
1790103000,7838,7838.25,7836.25,7837.5
1790103120,7837.5,7838,7837.25,7837.5
1790103240,7837.5,7837.5,7836,7836.75
1790103360,7836.75,7836.75,7833.5,7833.75
1790103480,7833.75,7834.25,7832.75,7834.25
1790103600,7834,7835.25,7833.5,7834.75
1790103720,7834.75,7835.5,7834.25,7835
1790103840,7835,7835.25,7834.25,7834.75
1790103960,7835,7836.5,7834.5,7836
1790104080,7835.75,7836.25,7834.5,7835.25
1790104200,7835.25,7836.75,7835,7836.5
1790104320,7836.25,7837.5,7836,7837
1790104440,7837.25,7837.5,7836.25,7837
1790104560,7837,7838.5,7836.75,7838.25
1790104680,7838.25,7839.25,7838,7839
1790104800,7839,7839,7837.5,7838
1790104920,7838,7838.5,7837.5,7838.25
1790105040,7838.25,7841.5,7837.5,7840.5
1790105160,7840.25,7841.25,7839.75,7840.25
1790105280,7840.25,7841.25,7839.75,7840.25
1790105400,7840.5,7841.25,7839.5,7841
1790105520,7841,7844.75,7840.75,7844.25
1790105640,7844.25,7846.25,7842.75,7846.25
1790105760,7846,7846.75,7844.75,7845.75
1790105880,7845.75,7846.5,7844.25,7845.5
1790106000,7845.25,7845.75,7841.75,7842.25
1790106120,7842,7842.25,7839.75,7842
1790106240,7842,7843.5,7841,7842.25
1790106360,7842.5,7843.75,7842,7843.25
1790106480,7843.25,7844.5,7842.75,7844
1790106600,7844,7844.75,7841,7844.25
1790106720,7844.25,7846,7842,7842.25
1790106840,7842.25,7843,7834.75,7835.25
1790106960,7835.5,7835.75,7833.5,7834.25
1790107080,7834.25,7835,7829.75,7831
1790107200,7830.75,7833.25,7830.25,7832.25
1790107320,7832,7833,7831.75,7832.25
1790107440,7832.25,7832.75,7831.25,7832.25
1790107560,7832,7834.25,7832,7833
1790107680,7833,7833.75,7833,7833.5
1790107800,7833.25,7833.5,7832.75,7833.25
1790107920,7833.25,7834,7832.5,7832.5
1790108040,7832.5,7832.5,7831.5,7831.5
1790108160,7831.5,7832,7831.25,7832
1790108280,7832,7832.25,7831,7831
1790108400,7831.25,7831.5,7830.5,7830.5
1790108520,7830.5,7830.5,7828.75,7829.25
1790108640,7829.25,7830.75,7829.25,7830.5
1790108760,7830.75,7830.75,7829.75,7830
1790108880,7829.75,7830.5,7829.5,7830.25
1790109000,7830,7830.5,7829.75,7830.5
1790109120,7830.5,7830.5,7829.75,7830.25
1790109240,7830.25,7830.5,7829.5,7829.75
1790109360,7829.75,7830,7829.25,7829.5
1790109480,7829.5,7830,7829,7829.25
1790109600,7829.25,7829.5,7829,7829.5
1790109720,7829.5,7830,7829.25,7829.25
1790109840,7829.25,7829.5,7828.25,7828.25
1790109960,7828.5,7828.5,7827.5,7827.75
1790110080,7827.5,7828,7827.25,7827.75
1790110200,7828,7829,7826.75,7827
1790110320,7827.25,7827.75,7827,7827.5
1790110440,7827.5,7828.25,7827.25,7827.25
1790110560,7827.5,7828.25,7827.25,7827.75
1790110680,7827.75,7828.75,7826,7827.75
1790114400,7830,7833.75,7829,7832.5
1790114520,7832.25,7832.25,7830.25,7831
1790114640,7830.75,7832.75,7830.25,7832.5
1790114760,7832.5,7833.25,7830.75,7831.5
1790114880,7831.25,7833,7830.75,7831.5
1790115000,7831.5,7831.5,7830.25,7830.75
1790115120,7831,7832,7830.75,7832
1790115240,7832,7832.5,7831.5,7832.5
1790115360,7832.75,7832.75,7831.5,7831.5
1790115480,7831.5,7831.75,7831.25,7831.75
1790115600,7831.75,7833.25,7831.75,7832.75
1790115720,7832.75,7834,7832.75,7833
1790115840,7833.25,7833.5,7833,7833
1790115960,7832.75,7833.25,7832.75,7832.75
1790116080,7832.5,7832.5,7832,7832.25
1790116200,7832.5,7833,7832.5,7832.75
1790116320,7832.5,7833.25,7832.5,7833.25
1790116440,7833.25,7833.75,7833.25,7833.5
1790116560,7833.5,7833.5,7832.5,7832.5
1790116680,7832.75,7833.25,7832.75,7832.75
1790116800,7833,7834,7833,7833.5
1790116920,7833.25,7833.5,7833,7833.25
1790117040,7833.25,7833.25,7832.5,7832.5
1790117160,7832.5,7832.75,7831.5,7831.5
1790117280,7831.75,7831.75,7830.25,7830.25
1790117400,7830.25,7831.25,7829.75,7831.25
1790117520,7831.25,7831.75,7830.75,7831.75
1790117640,7831.75,7831.75,7831.5,7831.5
1790117760,7831.75,7832,7831.5,7831.5
1790117880,7831.5,7831.75,7831.25,7831.25
1790118000,7831.5,7832.5,7831.5,7832.25
1790118120,7832,7832.5,7831.75,7832
1790118240,7832,7832.5,7832,7832.5
1790118360,7832.5,7832.75,7832.5,7832.75
1790118480,7832.75,7832.75,7832,7832.25
1790118600,7832.25,7832.25,7831.5,7831.75
1790118720,7832,7832.25,7831.5,7831.75
1790118840,7832,7832,7831.5,7831.75
1790118960,7832,7832,7832,7832
1790119080,7832,7832.25,7831.75,7832.25
1790119200,7832.25,7832.75,7832,7832.5
1790119320,7832.5,7833.25,7832.5,7832.5
1790119440,7832.5,7832.75,7831.75,7832
1790119560,7832,7832.25,7832,7832.25
1790119680,7832.25,7832.5,7832.25,7832.5
1790119800,7832.25,7832.75,7832.25,7832.5
1790119920,7832.5,7832.75,7832.25,7832.75
1790120040,7832.75,7832.75,7832.5,7832.75
1790120160,7832.75,7832.75,7832.5,7832.75
1790120280,7832.75,7833,7832.75,7833
1790120400,7832.75,7833,7832.5,7833
1790120520,7832.75,7832.75,7832.25,7832.25
1790120640,7832.5,7832.75,7831.75,7831.75
1790120760,7831.5,7831.75,7831,7831.75
1790120880,7831.75,7832.25,7831.25,7831.5
1790121000,7831.5,7831.75,7831,7831.5
1790121120,7831.75,7832.75,7831.75,7832.25
1790121240,7832.5,7832.5,7832,7832.25
1790121360,7832.5,7832.75,7832.25,7832.75
1790121480,7833,7834,7832.75,7833.5
1790121600,7833.25,7833.5,7830.5,7832
1790121720,7832,7833.75,7832,7833.25
1790121840,7833.25,7833.5,7832.5,7832.5
1790121960,7832.75,7833.25,7831.75,7832
1790122080,7832,7832.5,7831.5,7832.5
1790122200,7832.5,7833.25,7832,7833.25
1790122320,7833.25,7833.75,7832.5,7832.5
1790122440,7832.5,7833,7832,7832
1790122560,7832.25,7833,7831.75,7832
1790122680,7831.75,7832.25,7831.5,7832
1790122800,7832.25,7832.25,7830.5,7831
1790122920,7830.75,7832,7830.25,7831.75
1790123040,7831.5,7832.75,7831.5,7832.25
1790123160,7832.25,7832.5,7831.75,7831.75
1790123280,7832,7832,7831,7831
1790123400,7831,7832.25,7830.75,7832
1790123520,7832,7832,7830.5,7831
1790123640,7831,7831,7830.25,7831
1790123760,7831,7831,7830.25,7830.25
1790123880,7830.25,7831.75,7830,7831.25
1790124000,7831.5,7831.75,7831,7831.5
1790124120,7831.25,7831.75,7831.25,7831.25
1790124240,7831.25,7831.75,7830.75,7831.5
1790124360,7831.5,7831.75,7830.5,7830.75
1790124480,7830.75,7830.75,7829,7829
1790124600,7829.25,7830.25,7829,7830
1790124720,7829.75,7829.75,7828.5,7829
1790124840,7829,7829,7827.75,7828
1790124960,7828.25,7828.75,7828,7828.25
1790125080,7828.25,7829.25,7827.75,7829
1790125200,7829,7829.25,7827.75,7829
1790125320,7828.75,7829.25,7828.75,7829
1790125440,7828.75,7829.75,7828.75,7829.75
1790125560,7829.75,7831.25,7829,7830.75
1790125680,7830.75,7831,7830.25,7830.75
1790125800,7830.75,7830.75,7829.5,7830
1790125920,7830.25,7830.75,7830.25,7830.25
1790126040,7830.5,7831.25,7829.75,7830.75
1790126160,7830.5,7831.25,7830.5,7830.75
1790126280,7830.75,7831.5,7830.75,7831.5
1790126400,7831.5,7832.25,7831,7832
1790126520,7832,7832,7831.5,7831.5
1790126640,7831.75,7833,7831.75,7832
1790126760,7832.25,7833,7831.75,7832.75
1790126880,7832.75,7834.25,7832.25,7833.75
1790127000,7833.75,7835.25,7833.25,7835
1790127120,7835,7835,7833.25,7833.25
1790127240,7833.25,7833.75,7832.25,7833.25
1790127360,7833.25,7833.25,7832.25,7832.75
1790127480,7832.5,7833.75,7832.5,7833.5
1790127600,7833.5,7833.5,7831.25,7831.25
1790127720,7831.5,7832.75,7831,7831.75
1790127840,7831.5,7831.75,7831.25,7831.5
1790127960,7831.5,7832.5,7831.5,7831.5
1790128080,7831.5,7832.5,7831.25,7832
1790128200,7832,7832.5,7831.5,7832
1790128320,7831.75,7832.75,7831.75,7832.5
1790128440,7832.25,7832.5,7832,7832.25
1790128560,7832.25,7832.5,7831.5,7832.25
1790128680,7832.25,7832.75,7832,7832.5
1790128800,7832.75,7832.75,7831.5,7831.75
1790128920,7832,7832,7831.25,7831.5
1790129040,7831.5,7832,7831.5,7831.5
1790129160,7831.5,7831.75,7830.5,7830.5
1790129280,7830.75,7830.75,7830.25,7830.25
1790129400,7830.25,7830.5,7829.5,7829.75
1790129520,7829.75,7830,7829.25,7829.25
1790129640,7829.25,7829.5,7828.5,7828.75
1790129760,7828.5,7830,7827.25,7830
1790129880,7830,7832.5,7829.75,7830.75
1790130000,7830.5,7832,7830.5,7831.5
1790130120,7831.75,7831.75,7831.25,7831.5
1790130240,7831.5,7832.25,7831.25,7832
1790130360,7831.75,7833.25,7831.75,7832.5
1790130480,7832.75,7832.75,7832,7832
1790130600,7832.25,7832.75,7832,7832
1790130720,7832,7832.25,7831.75,7832
1790130840,7832,7832.25,7831.75,7832
1790130960,7832,7832.25,7831.25,7831.5
1790131080,7831.25,7831.5,7831,7831.25
1790131200,7831.25,7832.25,7831,7832
1790131320,7832,7832,7831.5,7831.5
1790131440,7831.5,7832.5,7831.25,7832.25
1790131560,7832.25,7832.25,7831.75,7831.75
1790131680,7832,7833,7832,7832.25
1790131800,7832.25,7832.5,7832,7832.25
1790131920,7832.5,7832.5,7832.25,7832.5
1790132040,7832.25,7833,7832.25,7832.25
1790132160,7832.5,7833,7832.25,7832.5
1790132280,7832.5,7832.5,7832.25,7832.25
1790132400,7832.25,7832.5,7832,7832.25
1790132520,7832.25,7832.25,7831.75,7832
1790132640,7832,7832.5,7831.75,7832.5
1790132760,7832.25,7832.5,7831.75,7832.5
1790132880,7832.25,7832.75,7832.25,7832.5
1790133000,7832.5,7833,7832.5,7832.75
1790133120,7832.75,7833.75,7832.75,7833.75
1790133240,7833.5,7834,7833.25,7833.25
1790133360,7833,7833.25,7833,7833
1790133480,7833.25,7833.75,7832.75,7833.5
1790133600,7833.5,7834.75,7833.5,7834.5
1790133720,7834.75,7835.25,7834.5,7835.25
1790133840,7835,7835.75,7835,7835.5
1790133960,7835.5,7836,7835.25,7835.25
1790134080,7835.5,7835.5,7834.25,7834.25
1790134200,7834.25,7835.5,7834,7835.5
1790134320,7835.75,7836,7835.5,7835.5
1790134440,7835.5,7836.25,7835.5,7835.5
1790134560,7835.75,7836.25,7835.25,7835.25
1790134680,7835.25,7835.75,7835.25,7835.75
1790134800,7835.75,7837.25,7835.75,7837
1790134920,7837,7837.5,7836.25,7836.25
1790135040,7836.25,7836.5,7836.25,7836.25
1790135160,7836.5,7837,7836.25,7837
1790135280,7836.75,7837,7836.5,7836.5
1790135400,7836.5,7837.25,7836.5,7836.75
1790135520,7836.75,7837.25,7836.5,7837
1790135640,7837,7837.25,7836.5,7837
1790135760,7836.75,7836.75,7836.25,7836.25
1790135880,7836.25,7836.25,7835.5,7836
1790136000,7835.75,7836.5,7835.75,7836.5
1790136120,7836.5,7837.5,7836.5,7837.5
1790136240,7837.5,7839,7837.25,7838.75
1790136360,7838.75,7839.25,7838.5,7838.75
1790136480,7838.75,7839.25,7838.5,7838.75
1790136600,7838.75,7839,7838.25,7838.75
1790136720,7839,7839.5,7838.75,7839
1790136840,7839,7839.25,7838.75,7839.25
1790136960,7839.25,7839.25,7839,7839.25
1790137080,7839.25,7839.5,7838.75,7839.5
1790137200,7839.5,7840.25,7839.25,7840.25
1790137320,7840.25,7840.5,7839.25,7839.25
1790137440,7839.25,7839.5,7839,7839.25
1790137560,7839.5,7839.5,7839,7839.25
1790137680,7839.25,7839.25,7838.75,7839
1790137800,7839.25,7840,7839.25,7840
1790137920,7840,7840.25,7839.75,7839.75
1790138040,7840,7840.5,7839.75,7840.5
1790138160,7840.25,7840.75,7840,7840
1790138280,7840,7840.25,7839.75,7840
1790138400,7840,7840.25,7839.75,7840
1790138520,7840,7840.75,7839.75,7840.5
1790138640,7840.5,7840.5,7840,7840.25
1790138760,7840.25,7840.5,7840.25,7840.25
1790138880,7840,7840.75,7840,7840.5
1790139000,7840.5,7840.75,7839.75,7840
1790139120,7840,7840,7839.5,7839.75
1790139240,7839.5,7839.75,7839,7839
1790139360,7839,7839.75,7838.5,7838.75
1790139480,7838.5,7839.25,7838.25,7839
1790139600,7839,7839.5,7837.75,7838.5
1790139720,7838.25,7838.75,7837.5,7838
1790139840,7838,7839,7838,7838.75
1790139960,7838.5,7839.25,7838,7839.25
1790140080,7839.25,7839.5,7838.25,7838.5
1790140200,7838.5,7839.75,7838.5,7838.75
1790140320,7839,7839,7838.5,7838.75
1790140440,7838.75,7839,7838.5,7838.5
1790140560,7838.75,7839.25,7838.75,7839
1790140680,7839,7839,7838,7838.5
1790140800,7838.25,7838.25,7837.5,7837.75
1790140920,7837.75,7837.75,7836.75,7837.75
1790141040,7837.75,7839,7837,7838.75
1790141160,7838.5,7839,7838.25,7838.25
1790141280,7838.5,7838.5,7837.75,7838.25
1790141400,7838.5,7838.5,7837.25,7837.25
1790141520,7837.5,7838,7837,7837
1790141640,7837,7837,7835.5,7836.25
1790141760,7836,7837.5,7836,7837.5
1790141880,7837.25,7837.5,7836.5,7837.25
1790142000,7837,7838,7837,7837.75
1790142120,7838,7838.25,7835.75,7835.75
1790142240,7835.75,7837.5,7835.75,7837.25
1790142360,7837.25,7838.25,7837.25,7838.25
1790142480,7838.25,7838.5,7836.5,7837
1790142600,7837,7838,7837,7838
1790142720,7838,7838.75,7838,7838
1790142840,7838.25,7838.5,7836.25,7836.75
1790142960,7836.5,7837.25,7836,7836.25
1790143080,7836.25,7836.5,7836,7836.25
1790143200,7836.5,7837.75,7836,7837.75
1790143320,7838,7839.5,7837.75,7839.25
1790143440,7839,7839,7837.5,7838.75
1790143560,7838.5,7840.25,7838.5,7839.25
1790143680,7839.25,7839.25,7837.5,7837.75
1790143800,7838,7839.25,7838,7839
1790143920,7838.75,7839.75,7838.5,7839.5
1790144040,7839.5,7839.75,7838.75,7839.25
1790144160,7839.25,7840,7839.25,7839.5
1790144280,7839.5,7839.75,7839,7839.25
1790144400,7839.25,7839.5,7836.25,7836.25
1790144520,7836.25,7838.25,7836,7837.5
1790144640,7837.5,7838.5,7837.5,7838.5
1790144760,7838.75,7839.5,7838.5,7839
1790144880,7838.75,7839.25,7838.5,7838.5
1790145000,7838.75,7840.75,7838.5,7840.75
1790145120,7840.75,7841,7839.25,7840
1790145240,7840,7842.5,7839.75,7842.25
1790145360,7842.25,7842.75,7841.5,7842.5
1790145480,7842.5,7842.75,7842,7842.5
1790145600,7842.25,7842.25,7841.25,7841.5
1790145720,7841.5,7842.75,7841.5,7842.25
1790145840,7842.25,7843.25,7841,7841
1790145960,7841.25,7841.25,7839,7840.75
1790146080,7841,7842.25,7841,7842
1790146200,7842,7842,7840.75,7841.5
1790146320,7841.5,7841.5,7839.5,7839.5
1790146440,7839.75,7839.75,7838.75,7839.25
1790146560,7839,7839.25,7838,7838.25
1790146680,7838.25,7838.25,7837,7837.5
1790146800,7837.25,7838.5,7836.75,7838.5
1790146920,7838.5,7839,7837.75,7838.75
1790147040,7838.75,7839.25,7837,7837.25
1790147160,7837.25,7838.75,7836.75,7837.25
1790147280,7837.5,7837.75,7836,7836.25
1790147400,7836.5,7838,7835.75,7837.75
1790147520,7837.75,7838.5,7837.25,7838
1790147640,7838.25,7839.25,7838,7839
1790147760,7838.75,7839,7837.5,7837.5
1790147880,7837.5,7837.5,7836.75,7837
1790148000,7837.25,7837.75,7836.75,7837.25
1790148120,7837.5,7837.5,7836,7836.5
1790148240,7836.5,7837,7835.25,7836.25
1790148360,7836,7837.75,7835.5,7837.75
1790148480,7837.75,7839.25,7837.5,7838.75
1790148600,7838.75,7839,7837.5,7838
1790148720,7837.75,7837.75,7835.75,7836.25
1790148840,7836.25,7837.5,7836,7837
1790148960,7836.75,7838,7836.75,7837.75
1790149080,7837.75,7838.75,7837,7837
1790149200,7837,7838.5,7837,7838.5
1790149320,7838.5,7838.75,7837.5,7838
1790149440,7838,7838.5,7837.75,7838.25
1790149560,7838.25,7838.5,7837.75,7838
1790149680,7838,7840.25,7838,7840
1790149800,7840,7841.25,7839.75,7840.75
1790149920,7840.75,7840.75,7838.25,7838.25
1790150040,7838.5,7839.5,7838,7839.25
1790150160,7839,7840.5,7839,7840
1790150280,7840,7840,7839,7839.25
1790150400,7839.5,7840.25,7839.25,7839.75
1790150520,7839.75,7840.5,7837.25,7838
1790150640,7838,7838.5,7837.5,7837.5
1790150760,7837.25,7840.25,7837,7839.75
1790150880,7839.5,7840,7839.25,7840
1790151000,7839.75,7840.5,7839.75,7840
1790151120,7840,7841.25,7839.75,7840.75
1790151240,7840.75,7841,7839.75,7841
1790151360,7841,7841,7839.5,7840.25
1790151480,7840,7840.75,7839.25,7840.75
1790151600,7840.75,7842,7840.5,7840.75
1790151720,7840.75,7841.5,7840.5,7841.5
1790151840,7841.5,7842.25,7840.75,7840.75
1790151960,7840.75,7840.75,7839.5,7840.5
1790152080,7840.25,7840.25,7839,7839.5
1790152200,7839.5,7840.25,7839,7839.25
1790152320,7839.25,7840.25,7839,7840.25
1790152440,7840,7840.25,7838.5,7838.75
1790152560,7838.75,7839.25,7837.25,7837.25
1790152680,7837,7837,7835.5,7836.75
1790152800,7836.5,7837.25,7835.75,7837
1790152920,7836.75,7836.75,7835,7835.75
1790153040,7835.75,7836,7835.25,7835.5
1790153160,7835.5,7835.5,7834.25,7834.5
1790153280,7834.25,7836.25,7834.25,7836.25
1790153400,7836.25,7836.5,7835.75,7835.75
1790153520,7835.75,7836.75,7835.5,7836
1790153640,7836,7837,7836,7837
1790153760,7837,7837.75,7836,7837.5
1790153880,7837.5,7837.5,7836.5,7836.75
1790154000,7836.5,7838,7836.5,7836.75
1790154120,7836.75,7837,7835.25,7835.25
1790154240,7835.25,7835.5,7834.75,7835
1790154360,7835,7836.5,7835,7836.5
1790154480,7836.75,7837.5,7836.5,7837.25
1790154600,7837,7837,7834.75,7835.25
1790154720,7835.5,7836.5,7835,7835
1790154840,7835,7835,7834.25,7834.25
1790154960,7834.5,7835,7834,7834.75
1790155080,7834.75,7835.75,7834.75,7835.75
1790155200,7836,7836.75,7835.25,7836.75
1790155320,7836.75,7838.5,7836.5,7838.25
1790155440,7838.25,7839,7838,7839
1790155560,7839,7839.25,7838.75,7838.75
1790155680,7838.5,7838.75,7837,7837
1790155800,7837,7838,7836.75,7838
1790155920,7838,7838,7836.5,7836.75
1790156040,7836.75,7837.75,7836,7837.25
1790156160,7837.25,7838,7837.25,7837.25
1790156280,7837,7837.25,7836.5,7836.5
1790156400,7836.5,7836.5,7835.25,7836.25
1790156520,7836,7836.75,7836,7836
1790156640,7836,7836,7835,7835
1790156760,7835,7835.25,7834.25,7834.75
1790156880,7834.5,7834.5,7832.5,7833.75
1790157000,7833.75,7834,7833.5,7833.5
1790157120,7833.5,7834.75,7833.5,7834.25
1790157240,7834.25,7835.5,7834.25,7835.25
1790157360,7835,7835,7833.75,7834.5
1790157480,7834.5,7834.75,7834.25,7834.75
1790157600,7834.75,7835.5,7834.25,7835.5
1790157720,7835.5,7836,7835,7836
1790157840,7836,7837,7835.75,7836.5
1790157960,7836.5,7836.75,7836,7836.25
1790158080,7836.25,7837.25,7836,7836.5
1790158200,7836.75,7837.25,7836,7836.75
1790158320,7836.75,7838,7836.75,7837.75
1790158440,7837.75,7838.5,7837.75,7838.25
1790158560,7838.25,7838.5,7837.75,7838.5
1790158680,7838.25,7839.25,7837.75,7839.25
1790158800,7839.25,7839.25,7837.75,7838
1790158920,7838,7838.25,7837,7837
1790159040,7837.25,7838.25,7836.75,7837.5
1790159160,7837.5,7837.75,7837.25,7837.25
1790159280,7837.25,7838.5,7837,7838.25
1790159400,7838.5,7838.5,7837.5,7838
1790159520,7838,7838.25,7837.5,7837.5
1790159640,7837.25,7837.25,7834.5,7834.75
1790159760,7834.5,7836.75,7834.5,7836
1790159880,7836,7837.5,7835.75,7837.25
1790160000,7837,7837,7835.75,7836.25
1790160120,7836.5,7836.5,7835.25,7836
1790160240,7835.75,7836,7834.25,7834.5
1790160360,7834.5,7835.5,7834.25,7835.25
1790160480,7835.5,7835.5,7834.75,7834.75
1790160600,7835,7835.25,7834,7835
1790160720,7834.75,7835.5,7834.75,7835
1790160840,7835,7836.5,7835,7836
1790160960,7836.25,7837,7835.75,7836
1790161080,7836,7836.75,7836,7836
1790161200,7835.75,7836.25,7834.25,7835
1790161320,7835,7835.5,7834,7834
1790161440,7834,7834.25,7832.5,7832.5
1790161560,7832.25,7833.25,7832.25,7833
1790161680,7833,7834.5,7832.5,7834
1790161800,7834,7834.75,7833.75,7834.75
1790161920,7834.75,7835,7833.5,7834
1790162040,7834,7834.25,7833,7834
1790162160,7833.75,7835.25,7833.5,7834.5
1790162280,7834.5,7835,7833.25,7833.75
1790162400,7833.5,7833.75,7830.25,7830.5
1790162520,7830.5,7830.75,7828,7828.75
1790162640,7828.75,7830,7827.75,7827.75
1790162760,7828,7828.5,7826.75,7827
1790162880,7827.25,7828.75,7826.5,7827
1790163000,7827,7827.25,7825,7826.5
1790163120,7826.5,7826.5,7823.75,7824.25
1790163240,7824,7824.5,7822.75,7823.75
1790163360,7824,7824.25,7822,7822
1790163480,7822,7822.75,7820,7822.25
1790163600,7822.25,7822.5,7820.5,7821.25
1790163720,7821.25,7821.25,7819,7819.25
1790163840,7819,7825,7819,7824.5
1790163960,7824.5,7827,7824.25,7826.5
1790164080,7826.5,7827.25,7824.5,7826.25
1790164200,7826,7826.5,7824.5,7826
1790164320,7826,7827.25,7825,7825.25
1790164440,7825.25,7826.75,7825.25,7826.75
1790164560,7826.5,7826.5,7825.5,7826.25
1790164680,7826.25,7827.25,7825.75,7826.5
1790164800,7826.5,7828.25,7824,7824.25
1790164920,7824.25,7824.75,7823.5,7823.5
1790165040,7823.5,7824,7822.5,7822.75
1790165160,7823,7824.25,7821.5,7822.5
1790165280,7822.5,7823,7821.5,7822.5
1790165400,7822.5,7823.25,7821.5,7821.5
1790165520,7822,7822,7819.5,7820.75
1790165640,7820.5,7821.5,7820,7820.25
1790165760,7820.25,7820.75,7818.75,7819
1790165880,7819.25,7821.5,7818.75,7820.75
1790166000,7820.75,7821.25,7819.75,7820.75
1790166120,7820.75,7822.25,7820,7820.5
1790166240,7820.75,7823.25,7820.75,7821.75
1790166360,7821.75,7822,7820.75,7821.75
1790166480,7821.75,7823,7821.25,7822.5
1790166600,7822.5,7823.5,7822.25,7823
1790166720,7823.25,7824,7823,7823.5
1790166840,7823.5,7824,7822.5,7823.5
1790166960,7823.5,7824.5,7822.75,7823.25
1790167080,7823,7824.75,7823,7823.5
1790167200,7823.5,7823.5,7822,7822.25
1790167320,7822.25,7823,7821.5,7821.75
1790167440,7821.75,7822,7820.75,7821.25
1790167560,7821.5,7823.5,7821,7823.25
1790167680,7823.25,7823.25,7821,7821.75
1790167800,7821.75,7821.75,7820.25,7820.75
1790167920,7820.75,7821.5,7819.75,7821
1790168040,7821.25,7821.75,7819.5,7820.75
1790168160,7820.75,7823,7820.75,7822.25
1790168280,7822.25,7824,7821.75,7823.5
1790168400,7823.75,7824,7821.75,7822.5
1790168520,7822.25,7823,7821.5,7822.5
1790168640,7822.25,7822.75,7822,7822.5
1790168760,7822.75,7822.75,7820.25,7820.5
1790168880,7820.25,7821.25,7820.25,7820.75
1790169000,7820.75,7821.25,7819.25,7820.25
1790169120,7820.25,7821.25,7820,7821
1790169240,7821,7821.75,7820.25,7821.75
1790169360,7821.75,7823,7820.5,7823
1790169480,7823,7823.5,7821.75,7822.5
1790169600,7822.25,7823,7821.25,7821.25
1790169720,7821,7822,7820.5,7821.75
1790169840,7821.75,7824.25,7821,7823.5
1790169960,7823.25,7825.75,7823.25,7824.5
1790170080,7824.5,7825.75,7823.25,7823.5
1790170200,7823.5,7826.25,7821,7824
1790170320,7824,7824.5,7821.25,7824
1790170440,7823.75,7824,7815.75,7817.75
1790170560,7817.75,7819.5,7817,7818.25
1790170680,7818.5,7819.5,7816.25,7816.75
1790170800,7817,7817.75,7815.5,7816.25
1790170920,7816.5,7817,7814.5,7814.75
1790171040,7814.75,7816,7811,7811.75
1790171160,7811.5,7811.75,7806,7807.75
1790171280,7807.75,7808,7805,7806.25
1790171400,7806.5,7808.25,7804.25,7805
1790171520,7804.75,7806.75,7802,7805
1790171640,7804.75,7805,7800.75,7801
1790171760,7801,7802.75,7799.25,7802.25
1790171880,7802.25,7804,7801,7801.75
1790172000,7801.75,7805.5,7801,7802
1790172120,7802,7802.25,7798.75,7798.75
1790172240,7799,7800.75,7797.25,7797.75
1790172360,7797.75,7800,7796.5,7796.5
1790172480,7796.25,7797.25,7793.75,7795
1790172600,7795,7795.25,7788.75,7791.5
1790172720,7791.25,7793,7787.5,7790.25
1790172840,7790.25,7793.75,7789.25,7793.5
1790172960,7793.75,7793.75,7788.25,7788.5
1790173080,7788.5,7788.75,7785.75,7785.75
1790173200,7785.75,7788,7782.75,7783
1790173320,7783,7783.25,7779.25,7781.75
1790173440,7781.75,7784.75,7780,7781.5
1790173560,7781.5,7782,7778,7780.25
1790173680,7780.25,7784.25,7780,7783
1790173800,7783,7787.25,7782.5,7784.75
1790173920,7785,7788.75,7784,7788
1790174040,7788.25,7793.25,7786.75,7792.25
1790174160,7792.25,7793.5,7788.5,7788.75
1790174280,7788.75,7789,7782.75,7783
1790174400,7783,7786.5,7781,7785.25
1790174520,7785.25,7786.5,7784.25,7786
1790174640,7786.25,7788,7784.75,7786
1790174760,7786,7788,7785,7785.25
1790174880,7785.5,7788,7785.5,7786.75
1790175000,7787,7793.75,7783,7789
1790175120,7789,7799.25,7787.75,7799
1790175240,7799,7800.75,7793,7796.5
1790175360,7796.5,7797.75,7793,7796.5
1790175480,7796.5,7797.75,7794.75,7797.25
1790175600,7797.25,7797.5,7793.75,7795
1790175720,7795,7795.5,7790.5,7792
1790175840,7792,7793.5,7790.75,7791.25
1790175960,7791.25,7793.75,7790.25,7793
1790176080,7793,7795,7793,7794
1790176200,7794.25,7795,7791,7791.75
1790176320,7791.75,7793,7790.75,7792.5
1790176440,7792.75,7793.25,7791.25,7792.25
1790176560,7792.25,7792.75,7788,7789.5
1790176680,7789.25,7792.25,7789,7791
1790176800,7791,7793,7789.5,7792.25
1790176920,7792.25,7794.75,7792,7792.75
1790177040,7792.75,7795,7791.75,7793.5
1790177160,7793.75,7794,7789.75,7790.5
1790177280,7790.25,7790.25,7784.25,7785
1790177400,7785,7785,7783,7784
1790177520,7784,7785.75,7783,7784
1790177640,7784,7785.5,7782,7784.75
1790177760,7784.75,7785.25,7783.25,7784.25
1790177880,7784.25,7785,7782.75,7784
1790178000,7783.75,7783.75,7780.75,7781.25
1790178120,7781.25,7786.75,7781.25,7786.5
1790178240,7786.5,7787.25,7785.75,7785.75
1790178360,7786,7786.5,7782,7782.75
1790178480,7782.5,7784,7779,7779.5
1790178600,7779.25,7780.5,7776.5,7777.75
1790178720,7778,7780.25,7777.25,7779.5
1790178840,7779.5,7783,7779.25,7781.75
1790178960,7781.75,7782,7779.75,7780.5
1790179080,7780.5,7781.5,7779.5,7780.5
1790179200,7780.5,7780.5,7777.75,7778.75
1790179320,7778.5,7779.25,7777,7778
1790179440,7777.75,7779.25,7777,7778.25
1790179560,7778,7780,7777.5,7779.5
1790179680,7779.5,7781,7778.5,7779
1790179800,7779,7780.75,7778.5,7780.25
1790179920,7780.25,7781.25,7779.5,7780.25
1790180040,7780.25,7781.25,7779,7781.25
1790180160,7781,7781.5,7776.75,7777.75
1790180280,7777.5,7778,7775.5,7778
1790180400,7777.75,7778,7775.5,7776.75
1790180520,7776.5,7777.75,7775.25,7777.25
1790180640,7777.25,7778.75,7776.5,7778.75
1790180760,7778.75,7778.75,7776.25,7777.75
1790180880,7777.75,7779,7777.25,7778.25
1790181000,7778.25,7781,7778,7780.75
1790181120,7781,7781.5,7779,7779.25
1790181240,7779.25,7779.5,7777.75,7778.25
1790181360,7778.5,7779.25,7777.25,7778
1790181480,7777.75,7778.75,7776,7777
1790181600,7777,7777.25,7774.5,7775
1790181720,7775.25,7775.75,7773.75,7774.25
1790181840,7774.5,7774.75,7770.25,7772
1790181960,7772,7775.25,7771,7772.75
1790182080,7772.5,7772.75,7769.5,7770
1790182200,7770,7770,7765,7766.25
1790182320,7766.25,7768.5,7764.5,7765
1790182440,7764.75,7767,7764.25,7765
1790182560,7765,7768,7764.5,7765.75
1790182680,7766,7769.75,7765.5,7768.5
1790182800,7768.5,7771.5,7768.25,7770.75
1790182920,7770.5,7771,7758.75,7759.75
1790183040,7759.75,7764.75,7759.25,7763.25
1790183160,7763,7764.5,7760.25,7762.75
1790183280,7763,7766.5,7762.75,7765.75
1790183400,7765.5,7767.25,7762.75,7763
1790183520,7763,7765.25,7762.5,7764.5
1790183640,7764.5,7767,7763.75,7766.5
1790183760,7766.5,7768.5,7764.75,7767.75
1790183880,7768,7773.75,7768,7773.25
1790184000,7773.5,7774,7769.75,7770
1790184120,7770.25,7773.5,7769,7769.5
1790184240,7769.25,7769.5,7765.5,7767.25
1790184360,7767.5,7768.25,7766.25,7767
1790184480,7767.25,7768.25,7766.25,7767
1790184600,7767.25,7769,7764.75,7769
1790184720,7769,7770,7765.75,7769.5
1790184840,7769.5,7770.25,7767.25,7767.25
1790184960,7767.5,7770.25,7767,7770
1790185080,7770,7770.5,7767.25,7767.75
1790185200,7768,7773.25,7765.75,7771.75
1790185320,7771.75,7780,7771.25,7779.25
1790185440,7779.5,7781.25,7777.75,7780.75
1790185560,7780.75,7783,7778.25,7778.5
1790185680,7778.75,7779.25,7776.75,7778.5
1790185800,7778.5,7780,7777.75,7778
1790185920,7778.25,7780.25,7777.5,7778.5
1790186040,7778.5,7780.5,7776.5,7778.75
1790186160,7779,7782.75,7778,7782.5
1790186280,7782.75,7785.25,7782.25,7784.25
1790186400,7784.25,7784.75,7781.75,7782.25
1790186520,7782.25,7782.5,7777.75,7778.5
1790186640,7778.25,7778.25,7774.75,7776.75
1790186760,7776.75,7778.5,7776.75,7777.75
1790186880,7778,7779,7776.75,7778.25
1790187000,7778.5,7779.75,7778,7778.25
1790187120,7778.5,7778.75,7777.25,7778
1790187240,7778,7779.75,7777.75,7779.25
1790187360,7779.5,7780.5,7777,7779
1790187480,7779,7781.75,7779,7779.5
1790187600,7779.5,7780.25,7777.75,7778
1790187720,7778.25,7780,7777.5,7778.75
1790187840,7779,7780.25,7778.5,7778.75
1790187960,7778.75,7779.75,7777.75,7778
1790188080,7778,7778.25,7776.25,7777.25
1790188200,7777,7778,7774.25,7775.25
1790188320,7775.25,7776.25,7774.5,7775
1790188440,7775,7776.75,7773.5,7776
1790188560,7776,7776.25,7772,7772
1790188680,7772.25,7772.5,7770.25,7771.5
1790188800,7771.5,7774,7771.5,7773
1790188920,7772.75,7775.25,7772.75,7774.25
1790189040,7774.25,7774.25,7772.5,7773
1790189160,7773,7774,7772.5,7773.25
1790189280,7773.5,7776,7773,7775.75
1790189400,7775.75,7776.5,7774,7774.75
1790189520,7774.75,7774.75,7772.75,7774
1790189640,7774.25,7776.5,7773,7776.5
1790189760,7776.5,7777.75,7776.5,7777.75
1790189880,7777.5,7778.25,7776.25,7776.75
1790190000,7777,7778.25,7775.5,7777
1790190120,7776.75,7776.75,7772.75,7773
1790190240,7772.75,7773.75,7771.75,7773.5
1790190360,7773.5,7778,7772.75,7777.25
1790190480,7777.25,7778,7774.75,7776.25
1790190600,7776.25,7776.75,7775.25,7776.75
1790190720,7776.75,7777.25,7773,7774.75
1790190840,7774.75,7775,7772,7772.25
1790190960,7772.25,7772.75,7770.75,7772.75
1790191080,7772.75,7774.25,7772,7773
1790191200,7772.75,7772.75,7770.5,7771.5
1790191320,7771.5,7772.5,7770.5,7771.5
1790191440,7771.75,7773.25,7770.75,7771
1790191560,7771,7772,7769.25,7770.25
1790191680,7770,7771.75,7769.5,7771.75
1790191800,7771.75,7772.75,7770.25,7772
1790191920,7772.25,7774.5,7771.75,7774.5
1790192040,7774.5,7775.5,7773.5,7773.75
1790192160,7774,7775,7773,7773.75
1790192280,7774,7775.5,7773,7775.5
1790192400,7775.5,7777,7773.25,7773.25
1790192520,7773.25,7773.5,7768.25,7769.75
1790192640,7770,7773.5,7769.5,7772.25
1790192760,7772.5,7775,7771,7775
1790192880,7775,7775.25,7773.25,7774.75
1790193000,7775,7775.75,7761.25,7762.75
1790193120,7762.75,7765.5,7761,7765.5
1790193240,7765.5,7771.25,7763.75,7768.75
1790193360,7768.75,7772.25,7766.75,7770.5
1790193480,7770.5,7776,7767.75,7773.75
1790193600,7774,7774.75,7771.75,7772.5
1790193720,7772.25,7774,7772,7773
1790193840,7772.75,7773,7770.25,7771.5
1790193960,7771.25,7771.75,7770.5,7771
1790194080,7771,7772.5,7770.75,7772
1790194200,7772.25,7773,7771.75,7772.5
1790194320,7772.25,7773.25,7772,7772
1790194440,7772.25,7772.5,7770.25,7771
1790194560,7771,7772,7770.5,7771.75
1790194680,7771.75,7772.75,7771.5,7772.5
1790194800,7772.75,7772.75,7771.75,7772.75
1790194920,7772.5,7772.75,7772.25,7772.5
1790195040,7772.25,7772.75,7772,7772.25
1790195160,7772.25,7772.25,7772,7772
1790195280,7772,7772.25,7770.75,7772
1790195400,7772,7772.75,7772,7772.5
1790195520,7772.75,7773,7771.25,7771.25
1790195640,7771.25,7771.75,7771,7771.25
1790195760,7771.5,7772.75,7771.5,7772.75
1790195880,7773,7773.75,7772.75,7773.25
1790196000,7773.25,7773.75,7773.25,7773.25
1790196120,7773.25,7773.5,7773,7773.25
1790196240,7773.25,7774.25,7773,7773.25
1790196360,7773.25,7773.25,7772.5,7772.5
1790196480,7772.5,7772.5,7772,7772
1790196600,7772,7772.75,7772,7772.5
1790196720,7772.5,7772.75,7772,7772.75
1790196840,7772.75,7772.75,7772.25,7772.75
1790196960,7772.75,7773,7772.25,7772.75
1790197080,7772.5,7773,7771.25,7772.75
1790200800,7774.75,7777.5,7773.5,7776.75
1790200920,7776.75,7778,7776.5,7777
1790201040,7777,7777.25,7775,7776.5
1790201160,7776.25,7778,7776,7777
1790201280,7776.75,7778,7776.75,7778
1790201400,7778,7778,7777.25,7777.5
1790201520,7777.5,7778,7777.25,7777.75
1790201640,7777.75,7779.25,7777.75,7778.75
1790201760,7778.75,7779.25,7776.75,7777.25
1790201880,7777.25,7778,7777,7777.25
1790202000,7777.25,7777.75,7776.25,7776.5
1790202120,7776.75,7777.25,7776.25,7777.25
1790202240,7777.25,7777.25,7776.75,7777.25
1790202360,7777,7777.5,7776.75,7777.5
1790202480,7777,7777,7776.75,7777
1790202600,7776.75,7777,7775.75,7775.75
1790202720,7775.75,7777.5,7775.75,7776.25
1790202840,7776.25,7776.25,7774.75,7774.75
1790202960,7775,7775,7774,7774.75
1790203080,7774.75,7775,7774.5,7774.5
1790203200,7774.75,7775.25,7774.5,7774.75
1790203320,7774.75,7776.25,7774.75,7776
1790203440,7776,7776,7775.25,7775.25
1790203560,7775.5,7775.5,7774.75,7775.25
1790203680,7775.25,7775.5,7775,7775.5
1790203800,7775.5,7775.75,7775.25,7775.5
1790203920,7775.75,7775.75,7775,7775
1790204040,7774.75,7775.25,7774.75,7775
1790204160,7775,7775,7774.75,7774.75
1790204280,7775,7775,7774.75,7775
1790204400,7775.25,7775.25,7774.25,7774.25
1790204520,7774.5,7775.5,7774.25,7775.5
1790204640,7775.25,7775.75,7774.5,7775
1790204760,7775,7775.25,7775,7775
1790204880,7775,7775.25,7774.75,7775
1790205000,7774.75,7775,7774,7774.25
1790205120,7774.25,7774.5,7773,7773.25
1790205240,7773.25,7774.25,7773,7774
1790205360,7774,7774,7772.75,7772.75
1790205480,7772.75,7773,7771.75,7772
1790205600,7772.25,7772.5,7770.5,7770.75
1790205720,7770.5,7770.75,7770.25,7770.25
1790205840,7770.25,7770.75,7769.75,7770
1790205960,7770,7770.25,7768.5,7769.5
1790206080,7769.5,7770,7769.25,7769.5
1790206200,7769.5,7769.75,7769,7769
1790206320,7769.25,7769.5,7769,7769.25
1790206440,7769,7769.25,7768,7769
1790206560,7768.75,7769.5,7768.5,7769.25
1790206680,7769.25,7770,7769,7769.5
1790206800,7769.5,7770.25,7769.25,7769.25
1790206920,7769.5,7769.75,7768.5,7768.75
1790207040,7768.5,7770.25,7768.25,7768.5
1790207160,7768.75,7769.25,7768.5,7768.5
1790207280,7768.25,7768.75,7767.5,7767.75
1790207400,7767.75,7768,7767,7768
1790207520,7768,7769.5,7768,7769.25
1790207640,7769.25,7770.25,7768.5,7768.5
1790207760,7768.75,7768.75,7768,7768.5
1790207880,7768.25,7769,7768,7768.25
1790208000,7768.25,7769.75,7767.5,7767.5
1790208120,7767.5,7769,7767.25,7768.5
1790208240,7768.75,7769.25,7767,7768.25
1790208360,7768.5,7768.75,7768,7768.25
1790208480,7768.25,7768.5,7767.75,7768.25
1790208600,7768.25,7768.25,7764.75,7765.25
1790208720,7765.25,7767.5,7764.75,7766.75
1790208840,7766.5,7767.5,7764.75,7766.75
1790208960,7766.75,7768.5,7765.75,7768
1790209080,7767.75,7769,7767.5,7768.75
1790209200,7769,7769.25,7768,7768.25
1790209320,7768,7768.5,7766,7766.5
1790209440,7766.25,7767.75,7766,7766.5
1790209560,7766.5,7767,7766.25,7766.5
1790209680,7766.5,7766.75,7765.75,7766.5
1790209800,7766.5,7768.25,7766,7768
1790209920,7767.75,7767.75,7766.75,7767.25
1790210040,7767,7768,7766.75,7766.75
1790210160,7766.75,7767.5,7766.5,7766.5
1790210280,7766.75,7767,7766.25,7766.25
1790210400,7766.25,7766.5,7765,7765.5
1790210520,7765.5,7766,7763.5,7764
1790210640,7764,7764.5,7762.25,7763.75
1790210760,7763.5,7764,7762.25,7762.25
1790210880,7762,7763,7762,7763
1790211000,7763,7763.75,7762,7762.5
1790211120,7762.5,7762.5,7761.5,7761.75
1790211240,7761.75,7763.25,7761.25,7763.25
1790211360,7763,7765.25,7762.75,7764.25
1790211480,7764.5,7765,7764.25,7764.5
1790211600,7764.25,7766,7764,7765
1790211720,7765,7765.5,7764.5,7765
1790211840,7765,7765.25,7763.5,7763.5
1790211960,7763.75,7768,7763.75,7767.75
1790212080,7767.75,7767.75,7766.75,7767
1790212200,7766.75,7766.75,7765,7765.25
1790212320,7765,7766.75,7764.75,7766.5
1790212440,7766.25,7767.25,7766.25,7766.75
1790212560,7766.5,7767.25,7766,7766.5
1790212680,7766.25,7767,7766.25,7766.75
1790212800,7766.5,7767.25,7766.5,7766.5
1790212920,7766.5,7767,7765.5,7766
1790213040,7766.25,7766.25,7765.5,7766.25
1790213160,7766.25,7767,7765.75,7766
1790213280,7766,7766,7765,7765.25
1790213400,7765.25,7766.5,7764.75,7766.5
1790213520,7766.25,7767.5,7765.75,7766.25
1790213640,7766.25,7767.5,7765.5,7765.75
1790213760,7766,7766.25,7764.75,7765.5
1790213880,7765.5,7765.75,7764.75,7765.25
1790214000,7765.25,7766.25,7764.25,7766
1790214120,7766,7766.25,7764,7764
1790214240,7764.25,7764.5,7762.75,7763.25
1790214360,7763.5,7763.5,7761,7762
1790214480,7761.75,7762.75,7760.5,7762.25
1790214600,7762.5,7763,7759.5,7761.75
1790214720,7761.75,7764.75,7761.75,7764.75
1790214840,7764.5,7765,7762.5,7763.25
1790214960,7763.25,7764,7763.25,7763.5
1790215080,7763.25,7765,7763,7764.75
1790215200,7764.75,7765.75,7764.25,7764.75
1790215320,7764.75,7765,7763.25,7763.25
1790215440,7763.5,7763.5,7761.25,7761.5
1790215560,7761.25,7761.25,7759.5,7760
1790215680,7760,7760,7758,7759
1790215800,7759.25,7760.25,7759,7759.75
1790215920,7759.5,7761.25,7759.5,7761
1790216040,7761.25,7763.5,7760.75,7762.75
1790216160,7762.75,7763.75,7762.75,7763.75
1790216280,7763.5,7764.75,7763.25,7764.25
1790216400,7764.25,7764.25,7763.25,7763.5
1790216520,7763.5,7763.75,7762.75,7763
1790216640,7763.25,7763.5,7762.75,7763
1790216760,7763,7763.25,7762.25,7762.25
1790216880,7762.5,7764,7762.5,7763.25
1790217000,7763,7765.25,7763,7764.75
1790217120,7764.75,7766.75,7764.75,7765.75
1790217240,7765.75,7766,7765,7765.5
1790217360,7765.25,7766.25,7764.75,7766.25
1790217480,7766,7766.75,7765,7765
1790217600,7765.25,7766.5,7765,7766.25
1790217720,7766.25,7766.5,7765.5,7766
1790217840,7765.75,7766.75,7765.75,7766.25
1790217960,7766.25,7766.25,7765.75,7765.75
1790218080,7766,7766.25,7764.75,7765.5
1790218200,7765.75,7765.75,7765,7765.25
1790218320,7765,7765.5,7764.25,7764.5
1790218440,7764.5,7765.5,7764,7765.25
1790218560,7765.25,7765.5,7764.75,7764.75
1790218680,7764.75,7765.25,7764.75,7764.75
1790218800,7764.75,7765,7763.75,7764.5
1790218920,7764.25,7764.75,7763.75,7763.75
1790219040,7763.75,7763.75,7763,7763
1790219160,7763,7763,7760.25,7760.5
1790219280,7760.75,7760.75,7759.25,7759.5
1790219400,7759.5,7760,7758.75,7760
1790219520,7759.75,7761,7759.25,7760.75
1790219640,7760.75,7761.75,7760.5,7761
1790219760,7761,7761.5,7760.25,7761.5
1790219880,7761.75,7762,7761,7761
1790220000,7761,7761.25,7760.75,7760.75
1790220120,7760.5,7761.25,7760,7760.25
1790220240,7760,7761.25,7759,7759
1790220360,7759,7759.5,7758.75,7759.25
1790220480,7759.25,7760,7759,7759.25
1790220600,7759.25,7759.5,7757.5,7759
1790220720,7759,7759.25,7758.5,7759
1790220840,7759,7759.5,7758.25,7758.25
1790220960,7758.25,7758.5,7758,7758
1790221080,7758,7759.25,7757.75,7759.25
1790221200,7759.25,7759.25,7758.5,7758.75
1790221320,7758.75,7758.75,7757.25,7757.75
1790221440,7757.5,7757.5,7756,7757.5
1790221560,7757.5,7758,7757,7757.75
1790221680,7757.75,7758.75,7757.5,7758.5
1790221800,7758.25,7758.75,7757.5,7757.5
1790221920,7757.5,7758.25,7757.25,7758.25
1790222040,7758.25,7759,7758.25,7758.75
1790222160,7758.5,7759,7758,7758.75
1790222280,7759,7759.5,7758.5,7759.5
1790222400,7759.25,7759.5,7755.5,7756
1790222520,7756.25,7756.25,7741.25,7749
1790222640,7749,7751.75,7748.25,7749.75
1790222760,7749.75,7750.25,7747.5,7747.5
1790222880,7747.25,7749.25,7747,7748.25
1790223000,7748.5,7749.25,7748,7748.75
1790223120,7748.75,7749,7746.25,7746.75
1790223240,7746.75,7747.25,7745,7746
1790223360,7746.25,7747.75,7746,7746.25
1790223480,7746,7748,7745.5,7747.75
1790223600,7748,7749,7747.5,7748.5
1790223720,7748.75,7750.5,7748.5,7748.5
1790223840,7748.5,7749.75,7748.25,7749.5
1790223960,7749.5,7750.25,7748.75,7749.75
1790224080,7749.75,7753,7749.5,7752.75
1790224200,7752.75,7753.75,7752,7753.5
1790224320,7753.75,7755.5,7753.75,7755.25
1790224440,7755.25,7756.5,7754.75,7756.25
1790224560,7756.5,7756.5,7755.5,7756
1790224680,7755.75,7757.25,7755.75,7756.25
1790224800,7756.25,7756.5,7755.5,7756
1790224920,7756,7756.25,7754.25,7754.75
1790225040,7755,7755,7753.5,7754.25
1790225160,7754,7754.75,7753.75,7754
1790225280,7753.75,7754.5,7753.5,7754.5
1790225400,7754.5,7754.75,7754,7754
1790225520,7754,7754.5,7753.75,7754.25
1790225640,7754.5,7754.5,7753.75,7754
1790225760,7753.75,7754.5,7753.5,7754
1790225880,7754,7754.75,7753.25,7754.25
1790226000,7754.25,7757.5,7754.25,7757.25
1790226120,7757.25,7759,7757.25,7758.75
1790226240,7758.75,7759,7757.75,7758.25
1790226360,7758.25,7759.25,7757.5,7758.75
1790226480,7758.75,7760,7757,7757.25
1790226600,7757.25,7757.25,7755.25,7755.5
1790226720,7755.5,7755.5,7754.25,7754.5
1790226840,7754.5,7755.5,7754.5,7754.5
1790226960,7754.5,7755,7754,7755
1790227080,7754.75,7755,7754.5,7755
1790227200,7755,7755.25,7752.25,7752.25
1790227320,7752.25,7753.25,7751.75,7753.25
1790227440,7753.25,7754.25,7752.5,7753.5
1790227560,7753.5,7754.25,7753.5,7754
1790227680,7753.75,7756.25,7753.75,7756.25
1790227800,7756,7756.5,7754.75,7755.75
1790227920,7755.75,7757,7755.5,7755.5
1790228040,7755.25,7755.25,7753.25,7753.5
1790228160,7753.5,7754,7753,7753.5
1790228280,7753.25,7753.5,7751.75,7752.5
1790228400,7752.5,7754.25,7752.5,7752.5
1790228520,7752.75,7753,7751,7751
1790228640,7751,7751.25,7748,7749.25
1790228760,7749.25,7749.75,7748.5,7748.75
1790228880,7749,7749,7747.75,7748
1790229000,7747.75,7748.5,7747.5,7748.25
1790229120,7748,7750,7748,7748
1790229240,7748,7748,7746.25,7746.25
1790229360,7746.5,7746.5,7742.75,7743.25
1790229480,7742.75,7743.25,7742,7742
1790229600,7742,7742.75,7739.75,7740.5
1790229720,7740.25,7741.5,7738.75,7739.75
1790229840,7740,7740.75,7738.25,7739.5
1790229960,7739.25,7744,7738.25,7744
1790230080,7744,7746,7743.25,7745
1790230200,7745,7747.5,7744,7746.75
1790230320,7747,7747.75,7745.75,7747
1790230440,7747.25,7747.5,7745.5,7745.5
1790230560,7745.5,7747.5,7745.25,7747
1790230680,7746.75,7748,7745.5,7745.5
1790230800,7745.5,7745.5,7742.25,7742.75
1790230920,7742.5,7743.5,7741.75,7742.25
1790231040,7742.25,7743.75,7741.75,7742.75
1790231160,7743,7743.25,7742,7742
1790231280,7742.25,7743,7739.5,7741
1790231400,7741,7741.25,7739.25,7740.25
1790231520,7740.25,7740.5,7737.75,7738
1790231640,7738,7738.25,7736.5,7737.25
1790231760,7737.25,7737.5,7735.5,7736.75
1790231880,7736.75,7737.25,7735.75,7736.75
1790232000,7737,7738.25,7736.75,7738
1790232120,7738,7740.75,7737.5,7740.25
1790232240,7740.25,7741.25,7738.5,7739.5
1790232360,7739.75,7739.75,7737,7737.5
1790232480,7737.25,7739.25,7737,7738.5
1790232600,7738.5,7739,7736.75,7737.5
1790232720,7737.5,7737.5,7735.5,7736
1790232840,7736.25,7737.75,7734.25,7735.75
1790232960,7735.75,7736.75,7735.5,7736.5
1790233080,7736.5,7737.25,7734.75,7735.5
1790233200,7735.25,7736.5,7732.25,7734.5
1790233320,7734.5,7734.5,7730.75,7733
1790233440,7733,7737,7732,7736.25
1790233560,7736.25,7740.5,7735,7740.25
1790233680,7740,7743.25,7740,7742.75
1790233800,7742.75,7744.25,7742.5,7743.25
1790233920,7743.25,7743.75,7741.5,7743.5
1790234040,7743.5,7745.75,7742,7742.75
1790234160,7742.75,7743.5,7741.5,7741.5
1790234280,7741.5,7745,7740.75,7744.5
1790234400,7744.5,7744.75,7742.75,7743
1790234520,7743,7743.75,7742,7743.25
1790234640,7743,7743.25,7741.25,7742
1790234760,7742,7743.75,7741,7743
1790234880,7742.75,7745,7742.5,7744.75
1790235000,7744.75,7746.25,7743.75,7744
1790235120,7744,7746.25,7743,7745.75
1790235240,7745.5,7746,7743.25,7745.25
1790235360,7745,7747.75,7744.75,7747.5
1790235480,7747.25,7748,7745.5,7746.25
1790235600,7746.25,7746.75,7744.75,7744.75
1790235720,7745,7746.25,7744.25,7746
1790235840,7746,7747.5,7746,7746.25
1790235960,7746.5,7746.75,7744.5,7744.5
1790236080,7744.75,7745.25,7743.5,7744.25
1790236200,7744,7744.25,7742,7743.75
1790236320,7743.75,7744,7740.75,7741.5
1790236440,7741.5,7741.5,7736.25,7737.5
1790236560,7737.5,7737.75,7734.5,7734.5
1790236680,7734.75,7735.25,7733.5,7734
1790236800,7734,7741.25,7732,7741
1790236920,7740.75,7741,7735.75,7738.5
1790237040,7738,7738,7734,7735.25
1790237160,7735,7735.25,7733.5,7734.25
1790237280,7734.25,7735,7732.5,7733.5
1790237400,7733.25,7733.5,7727.75,7729.75
1790237520,7730,7730.5,7725.25,7725.5
1790237640,7725.5,7727.75,7725,7725.25
1790237760,7725,7730.75,7725,7729.25
1790237880,7729,7729.25,7725.5,7727.5
1790238000,7727.25,7727.5,7724.25,7725
1790238120,7725,7727.25,7724.5,7725.5
1790238240,7725.75,7728.75,7725,7726.5
1790238360,7726.25,7726.5,7722.5,7723.5
1790238480,7723.75,7725,7722.5,7723.25
1790238600,7723.5,7729.25,7723.25,7729
1790238720,7729,7731.5,7728,7728.75
1790238840,7729,7729,7721,7723.5
1790238960,7723.25,7723.5,7721.5,7723.5
1790239080,7723.25,7725.25,7722.25,7724.75
1790239200,7724.75,7725,7722,7722.75
1790239320,7722.75,7728,7722,7727
1790239440,7727,7727.75,7724.5,7725.75
1790239560,7725.75,7727.5,7724,7725
1790239680,7725,7725,7722.25,7723
1790239800,7722.75,7725.5,7722,7725.25
1790239920,7725,7725,7722,7722.75
1790240040,7722.25,7723.5,7721,7722
1790240160,7722.25,7722.75,7721,7722.5
1790240280,7722.25,7723.75,7722,7723.25
1790240400,7723.5,7727.5,7722.5,7726.5
1790240520,7726.5,7727,7725,7725.75
1790240640,7725.5,7727,7724,7725
1790240760,7725,7727.75,7723.5,7727.25
1790240880,7727.25,7729.75,7727,7727.75
1790241000,7727.75,7729,7725.5,7725.75
1790241120,7725.75,7725.75,7723.5,7725.25
1790241240,7725.25,7726,7724.25,7725.5
1790241360,7725.5,7726,7723.75,7724.25
1790241480,7724.25,7726.75,7723.25,7726.5
1790241600,7726.25,7727.75,7725.75,7725.75
1790241720,7725.75,7727.5,7724.25,7727
1790241840,7727.5,7729.5,7726.75,7729
1790241960,7729.25,7729.25,7724.75,7724.75
1790242080,7724.75,7725.25,7724.25,7725
1790242200,7724.75,7725.25,7721.25,7723.75
1790242320,7723.75,7724.75,7722.75,7723.5
1790242440,7723.75,7725.75,7723.25,7724.5
1790242560,7724.25,7725,7721,7721
1790242680,7721.25,7722,7719,7721.25
1790242800,7721.25,7721.75,7717.5,7718.25
1790242920,7718.25,7719.25,7707.25,7713.75
1790243040,7713.75,7713.75,7711.75,7712.75
1790243160,7712.75,7717,7712.25,7715.25
1790243280,7715.25,7719.5,7715.25,7719.25
1790243400,7719,7721,7718.5,7719
1790243520,7719,7720.75,7718.75,7719.75
1790243640,7719.5,7723,7716.5,7722.5
1790243760,7722.25,7723.25,7721,7721.25
1790243880,7721,7724.5,7721,7724.25
1790244000,7724,7726.5,7722.75,7725.75
1790244120,7726,7726.25,7723.5,7723.75
1790244240,7723.75,7724.25,7720.75,7721.25
1790244360,7721.25,7721.75,7720,7721.25
1790244480,7721.5,7721.75,7720.5,7721
1790244600,7721,7725.25,7721,7723.5
1790244720,7723.5,7724.5,7722.5,7722.75
1790244840,7722.5,7725.5,7722.25,7725.25
1790244960,7725.5,7728.25,7725,7727
1790245080,7727,7727.5,7725.25,7726.5
1790245200,7726.75,7727,7726,7726.25
1790245320,7726.25,7726.75,7725.5,7725.5
1790245440,7725.25,7727.25,7720,7721
1790245560,7721,7722.25,7720.5,7720.75
1790245680,7720.75,7725.25,7719,7721.75
1790245800,7721.75,7723.75,7719.5,7723.25
1790245920,7723,7725,7723,7723.5
1790246040,7723.25,7726.25,7723.25,7726
1790246160,7725.75,7727,7724.25,7727
1790246280,7727,7730.25,7726.5,7729.25
1790246400,7729.75,7731,7729.25,7730.25
1790246520,7730.25,7731.5,7730.25,7731
1790246640,7731,7731.5,7730,7730.5
1790246760,7730.25,7731.25,7730,7730.5
1790246880,7730.5,7737.75,7729.5,7737
1790247000,7737,7737.75,7731.75,7732.5
1790247120,7732.25,7733.25,7731.25,7732.5
1790247240,7732.25,7732.5,7729,7729.5
1790247360,7729.5,7731.5,7728.75,7731.5
1790247480,7731.5,7733.5,7731.25,7733
1790247600,7733,7735.5,7732.25,7733.5
1790247720,7733.75,7733.75,7730.75,7731.75
1790247840,7732,7732,7729.5,7730.5
1790247960,7730.5,7731.5,7729.5,7730
1790248080,7730,7730.5,7727.25,7729
1790248200,7729,7729.5,7727.5,7727.75
1790248320,7727.75,7729,7726.25,7728.25
1790248440,7728.25,7735.75,7728.25,7735.25
1790248560,7735,7736.25,7733.25,7733.5
1790248680,7733.5,7734,7731.5,7732.5
1790248800,7732.5,7735,7731.5,7731.5
1790248920,7731.5,7735.25,7731.25,7734.75
1790249040,7735,7736,7731.25,7731.75
1790249160,7731.5,7733,7731,7731.75
1790249280,7732,7732.75,7730.5,7730.75
1790249400,7730.75,7734.5,7730.75,7733
1790249520,7733,7733,7731.5,7731.5
1790249640,7731.5,7732,7727,7729.25
1790249760,7729.5,7729.75,7727,7727
1790249880,7727.25,7727.25,7726.25,7727
1790250000,7727,7727.5,7726,7727
1790250120,7727,7727,7725.25,7726.25
1790250240,7726,7726.5,7725.25,7725.75
1790250360,7725.75,7726.5,7725,7725.5
1790250480,7725.5,7725.5,7722,7722.25
1790250600,7722.5,7723.75,7722,7723.25
1790250720,7723,7724,7722.25,7723.5
1790250840,7723.5,7727.25,7723.25,7726.5
1790250960,7726.5,7727.5,7724.5,7727.5
1790251080,7727.25,7734,7727.25,7732.25
1790251200,7732,7732,7726.5,7727.25
1790251320,7727,7732.5,7726.75,7727
1790251440,7727,7729,7726.5,7729
1790251560,7729,7730.75,7728,7729.75
1790251680,7729.75,7730.75,7729.5,7730
1790251800,7730,7731.75,7729.5,7730.75
1790251920,7731,7733.25,7731,7731.25
1790252040,7731.25,7734.5,7731.25,7734
1790252160,7734.25,7737.75,7733,7737
1790252280,7737,7737.5,7735.5,7736.5
1790252400,7736.25,7739.5,7736.25,7736.75
1790252520,7736.75,7738,7735.5,7736.25
1790252640,7736.25,7738.25,7731.25,7735
1790252760,7734.75,7735.75,7731.25,7732.75
1790252880,7733,7734.25,7732.5,7734
1790253000,7733.75,7735.25,7731.5,7731.75
1790253120,7732,7732.75,7728.5,7729.75
1790253240,7729.5,7730.5,7726.75,7727.25
1790253360,7727,7728.25,7725.5,7725.75
1790253480,7726,7727.25,7724.5,7727.25
1790253600,7727.25,7732.75,7727,7732.5
1790253720,7732.75,7735.25,7731.75,7733.25
1790253840,7733.5,7735.75,7732.75,7734.25
1790253960,7734,7734.5,7733,7733.5
1790254080,7733.5,7734.25,7731.75,7732.25
1790254200,7732,7732.5,7729.75,7732
1790254320,7731.75,7733,7731,7731
1790254440,7731,7735.75,7731,7735.5
1790254560,7735.5,7737.25,7733.5,7736.25
1790254680,7736.25,7736.5,7734.25,7735
1790254800,7734.75,7737.75,7734.75,7736.5
1790254920,7736.5,7738.5,7736,7736
1790255040,7736.25,7737.25,7734,7735.25
1790255160,7735.25,7736.75,7734.75,7734.75
1790255280,7734.5,7735.5,7734,7735.25
1790255400,7735.5,7739.25,7735.25,7739
1790255520,7739.25,7739.5,7737.75,7738.25
1790255640,7738.25,7738.75,7737.25,7738
1790255760,7738.25,7741.25,7737.75,7740.5
1790255880,7740.75,7741.5,7739.75,7740.75
1790256000,7740.5,7741,7738.5,7738.5
1790256120,7738.5,7739,7737.5,7738.25
1790256240,7738.25,7739,7736.25,7737.25
1790256360,7737.25,7739.25,7736.25,7738
1790256480,7738,7738,7734,7734
1790256600,7734.25,7738,7730,7737
1790256720,7736.75,7742.75,7735.5,7741
1790256840,7741,7743.5,7738.75,7740.25
1790256960,7740.25,7744.75,7740,7741
1790257080,7740.75,7744.25,7740.25,7744
1790257200,7744,7744.25,7738.75,7739.25
1790257320,7739.5,7741.25,7737.5,7740.5
1790257440,7740.5,7742.75,7738.75,7742
1790257560,7742,7747.75,7741.5,7746.75
1790257680,7747,7747.75,7740.75,7743.75
1790257800,7743.75,7746.5,7742.25,7743.75
1790257920,7743.75,7746.25,7742.75,7744.25
1790258040,7744.25,7745,7741.25,7742.5
1790258160,7742.5,7746,7741.5,7745.5
1790258280,7745.75,7749,7745,7747.75
1790258400,7748,7751.5,7746.25,7749
1790258520,7748.75,7753.25,7748.5,7753
1790258640,7753,7755.25,7752,7755.25
1790258760,7755,7758,7753.5,7757.5
1790258880,7757.5,7758,7755.5,7755.5
1790259000,7755.75,7756,7752,7753
1790259120,7752.75,7755,7751.75,7754.25
1790259240,7754.25,7755.25,7749.5,7750.75
1790259360,7750.5,7755.5,7750.5,7753.75
1790259480,7753.75,7757.5,7753,7755.75
1790259600,7756,7756,7752.75,7753
1790259720,7752.75,7755,7751.75,7754
1790259840,7754.25,7754.75,7750.5,7753
1790259960,7753,7757.25,7752,7757
1790260080,7757.25,7757.25,7753.5,7754.5
1790260200,7754.5,7755.25,7751,7751
1790260320,7751,7752.75,7749,7751
1790260440,7751,7755,7750.25,7754.25
1790260560,7754.25,7755.25,7750.5,7754.75
1790260680,7754.5,7755,7751.25,7753
1790260800,7753,7754.25,7750,7750
1790260920,7750,7752.5,7747.25,7747.5
1790261040,7747.5,7747.75,7743.5,7744.25
1790261160,7744.25,7748.75,7743,7747.75
1790261280,7748,7748.5,7745.25,7746.5
1790261400,7746.5,7750.5,7745.25,7746
1790261520,7745.75,7746.25,7741.5,7743.75
1790261640,7744,7744.25,7740,7740.25
1790261760,7740.25,7741,7738.25,7739.5
1790261880,7739.25,7739.5,7735,7738.25
1790262000,7738.5,7738.75,7736.25,7737.75
1790262120,7737.5,7740.5,7736.5,7739.5
1790262240,7739.25,7741.25,7735.75,7736.25
1790262360,7736.25,7738,7733.5,7734.25
1790262480,7734.25,7736.25,7733.75,7734.5
1790262600,7734.25,7736.25,7733,7734.25
1790262720,7734,7734.5,7727.75,7727.75
1790262840,7727.75,7729.5,7725.25,7728.75
1790262960,7728.75,7734.75,7727.75,7733.5
1790263080,7733.5,7733.5,7729.75,7731.5
1790263200,7731.5,7733,7729.5,7732.75
1790263320,7732.75,7736.75,7732.25,7736.75
1790263440,7736.5,7738.75,7732.25,7732.75
1790263560,7732.5,7733.25,7728.75,7730
1790263680,7729.75,7730.5,7728.25,7729.25
1790263800,7729.25,7730.5,7728.25,7728.25
1790263920,7728.25,7730.25,7726.75,7728.5
1790264040,7728.5,7731.75,7727.75,7730.25
1790264160,7730.5,7733.25,7730.5,7732.5
1790264280,7732.75,7733.5,7728.25,7730.75
1790264400,7730.75,7731.25,7728.75,7730
1790264520,7729.75,7732.75,7728.75,7732.25
1790264640,7732.25,7736.5,7732.25,7735.75
1790264760,7735.75,7735.75,7731.5,7732
1790264880,7731.75,7732.25,7727.25,7728.5
1790265000,7728.75,7736,7728,7735.25
1790265120,7735,7737.5,7735,7735
1790265240,7735,7736.75,7734,7734
1790265360,7734,7736.25,7732.75,7735.75
1790265480,7735.75,7737.25,7735.75,7735.75
1790265600,7735.75,7736.25,7730,7732
1790265720,7732,7733.5,7730.5,7732.5
1790265840,7732.25,7735,7731.75,7735
1790265960,7734.75,7734.75,7730.25,7731.25
1790266080,7731.25,7732.25,7730.25,7732
1790266200,7731.75,7733.25,7729.5,7730.25
1790266320,7730,7733,7729.5,7732.75
1790266440,7732.5,7754,7732.25,7752.5
1790266560,7752.5,7773.5,7750,7771.25
1790266680,7771.25,7778,7759,7762
1790266800,7762,7768,7761.25,7762.75
1790266920,7763,7767,7762,7762.5
1790267040,7762.5,7765.5,7757.25,7757.5
1790267160,7757.5,7765,7756.25,7763.75
1790267280,7763.75,7767.5,7763.75,7765.5
1790267400,7765.5,7766.25,7759.5,7759.5
1790267520,7759.75,7762.75,7757,7762
1790267640,7761.75,7765.75,7760.25,7765
1790267760,7765,7771.25,7765,7769.75
1790267880,7769.5,7772,7768.75,7771.75
1790268000,7771.5,7780.25,7769.75,7780
1790268120,7780.25,7783,7776.75,7777.25
1790268240,7777.25,7777.75,7765.75,7767.75
1790268360,7767.75,7771.25,7767,7770.5
1790268480,7770.75,7780.5,7770.75,7779.5
1790268600,7779.5,7781.5,7777.5,7778.25
1790268720,7778.5,7779,7772.25,7773.25
1790268840,7773.25,7778,7772.75,7776.25
1790268960,7776,7783.5,7775.25,7779.75
1790269080,7779.75,7781.75,7776.5,7776.5
1790269200,7776.25,7776.25,7770.75,7774.25
1790269320,7774.25,7780.75,7769,7777.25
1790269440,7777.25,7780.5,7773,7775.75
1790269560,7775.75,7779,7774.5,7776
1790269680,7775.75,7778.25,7774.25,7776
1790269800,7775.75,7776,7770,7772.25
1790269920,7772.25,7776,7770.25,7775.75
1790270040,7775.75,7779.25,7774,7775.25
1790270160,7775.25,7777.25,7774.25,7774.25
1790270280,7774.25,7777.25,7768.75,7768.75
1790270400,7768.75,7770,7766,7768.75
1790270520,7768.75,7772.75,7768.25,7770.75
1790270640,7770.5,7772.5,7764.25,7764.5
1790270760,7764.5,7765,7759.5,7762.25
1790270880,7762.25,7766.75,7762.25,7766.25
1790271000,7766,7770.5,7765.5,7769
1790271120,7768.75,7769.25,7764.5,7765
1790271240,7765.25,7765.5,7761.5,7761.5
1790271360,7761.25,7764.25,7759.5,7760
1790271480,7759.75,7764.25,7758.75,7762.5
1790271600,7762.25,7764.5,7760.25,7761.5
1790271720,7761.75,7764.25,7755,7756
1790271840,7756.25,7757.25,7753.75,7756.75
1790271960,7756.75,7761,7756.25,7761
1790272080,7761,7762.25,7758.5,7760.5
1790272200,7760.5,7762,7758.75,7759
1790272320,7759.25,7761,7757.5,7758.5
1790272440,7758.5,7760.75,7757.5,7758
1790272560,7758,7763.5,7758,7761.5
1790272680,7761.5,7764.75,7759.75,7763
1790272800,7763.25,7764,7755.5,7757.25
1790272920,7757.25,7757.25,7749.5,7751.5
1790273040,7751.5,7754,7749.5,7752.75
1790273160,7752.75,7760.5,7751.25,7758.25
1790273280,7758.25,7763.5,7758.25,7761.25
1790273400,7761.25,7765,7759.5,7762.25
1790273520,7762.25,7762.75,7760,7761.75
1790273640,7761.75,7764.75,7761.75,7763.5
1790273760,7763.5,7767.75,7763.5,7767
1790273880,7767,7769,7764.75,7766.25
1790274000,7766.25,7766.75,7761.75,7763.75
1790274120,7763.75,7766.25,7763.25,7766
1790274240,7765.75,7772,7764.5,7769
1790274360,7769.25,7774.25,7769.25,7770.5
1790274480,7770.75,7772.75,7769.5,7769.5
1790274600,7769.5,7770.75,7765.75,7768
1790274720,7767.75,7768.5,7764.75,7766.75
1790274840,7766.5,7767,7762.5,7763.25
1790274960,7763.25,7765.5,7762.75,7764.5
1790275080,7764.5,7777.75,7764.5,7772
1790275200,7772,7772,7767.75,7768.75
1790275320,7768.75,7769,7765.5,7767.25
1790275440,7767,7770.75,7767,7769.25
1790275560,7769.25,7770.25,7768,7768.5
1790275680,7768.5,7770.5,7768,7769.25
1790275800,7769.25,7773.5,7768.75,7771
1790275920,7771.25,7774.75,7771.25,7771.75
1790276040,7771.75,7773.75,7771,7773
1790276160,7773,7777,7772.75,7776.25
1790276280,7776.25,7776.5,7772.5,7773.25
1790276400,7773.25,7774.5,7768,7769.5
1790276520,7769.5,7770.25,7764.25,7764.25
1790276640,7764.25,7767.5,7764,7767.5
1790276760,7767.75,7769,7766.5,7768
1790276880,7768,7769.5,7766.75,7768.25
1790277000,7768,7769.25,7765.75,7766.75
1790277120,7766.75,7769.5,7766.5,7768.75
1790277240,7768.5,7769,7766.5,7769
1790277360,7769,7771.25,7768.5,7769
1790277480,7769,7771.25,7768.25,7770.5
1790277600,7770.25,7771,7768.5,7770.75
1790277720,7770.75,7771,7769.5,7771
1790277840,7771,7772.5,7770.75,7771.25
1790277960,7771,7772.25,7770.25,7770.5
1790278080,7770.5,7771,7768.25,7769.5
1790278200,7769.5,7770.75,7768.5,7770.5
1790278320,7770.25,7770.25,7767.5,7769
1790278440,7768.75,7771,7768,7769
1790278560,7769,7770.5,7767.5,7768.5
1790278680,7768.5,7771.25,7768,7771
1790278800,7770.75,7772.25,7768.75,7770.75
1790278920,7770.5,7770.75,7768.25,7769.75
1790279040,7769.75,7770.75,7767.25,7768.25
1790279160,7768.25,7770.25,7768,7769
1790279280,7769,7769.25,7766.25,7766.25
1790279400,7766.25,7773.5,7766.25,7772.75
1790279520,7772.75,7774.5,7771.5,7773
1790279640,7773.25,7774,7768.75,7770.25
1790279760,7770.25,7771.75,7767.25,7767.5
1790279880,7767.5,7769.75,7765,7765.5
1790280000,7765.25,7766,7762,7762
1790280120,7762,7763,7760.25,7761
1790280240,7761,7762.25,7760.75,7761.75
1790280360,7761.5,7762.25,7760.75,7761.5
1790280480,7761.5,7762.5,7761.25,7761.75
1790280600,7761.75,7762.25,7759,7759.75
1790280720,7759.75,7760.5,7759,7759.25
1790280840,7759.25,7760,7756,7756
1790280960,7756.25,7756.75,7753.25,7754
1790281080,7754,7754.5,7751.25,7753
1790281200,7753,7753.25,7751.75,7752
1790281320,7752.25,7752.75,7751,7751.5
1790281440,7751.5,7752.5,7750,7752
1790281560,7752,7752,7749.75,7750.5
1790281680,7750.75,7751.5,7748.75,7749.5
1790281800,7749.5,7751.5,7749.5,7750.75
1790281920,7751,7752,7751,7752
1790282040,7751.75,7753,7751.75,7752
1790282160,7752,7753.75,7751.75,7752
1790282280,7752.25,7753.75,7752,7753.75
1790282400,7753.75,7754,7752.75,7753.25
1790282520,7753.5,7755.5,7753.25,7755.25
1790282640,7755.25,7756.25,7755,7755.75
1790282760,7755.75,7757.75,7755.75,7757.25
1790282880,7757.25,7758.25,7756.75,7758
1790283000,7758,7758.5,7757.5,7758.5
1790283120,7758.25,7759,7757.75,7757.75
1790283240,7757.75,7760.25,7757.5,7760.25
1790283360,7760,7760.75,7758,7760
1790283480,7760,7760.75,7759.25,7759.5
1790287200,7759,7762.5,7756.75,7762.25
1790287320,7762.25,7763.75,7761.75,7762.75
1790287440,7763,7763,7757.5,7758.25
1790287560,7758.25,7759.25,7756.5,7759
1790287680,7758.75,7759.5,7758.5,7759.25
1790287800,7759.5,7760,7759,7759.25
1790287920,7759.5,7759.75,7758,7758.5
1790288040,7758.25,7758.75,7757.5,7758.25
1790288160,7758,7758.5,7757,7757.5
1790288280,7757.25,7757.75,7757,7757
1790288400,7756.75,7757,7755.5,7756
1790288520,7756.25,7756.5,7755.5,7756
1790288640,7756,7756,7755,7755.25
1790288760,7755,7755,7754,7754.5
1790288880,7754.25,7756,7754,7755
1790289000,7755,7757.25,7754.5,7756
1790289120,7755.75,7756.25,7754.75,7755.75
1790289240,7756,7756.75,7755.75,7756.5
1790289360,7756.5,7756.75,7756,7756.75
1790289480,7756.75,7756.75,7755.75,7755.75
1790289600,7755.75,7757.5,7755.5,7757.25
1790289720,7757.5,7758.25,7757.5,7758.25
1790289840,7758.5,7758.5,7757,7757.75
1790289960,7757.25,7757.25,7756.25,7756.75
1790290080,7757,7757.5,7756.25,7757.25
1790290200,7757.25,7758,7757,7757.5
1790290320,7757.5,7757.75,7757,7757
1790290440,7757,7757.5,7756.25,7756.25
1790290560,7756.5,7757.75,7756.5,7757.75
1790290680,7757.5,7757.75,7756.5,7756.75
1790290800,7756.75,7757.5,7756.75,7757.5
1790290920,7757.25,7758,7757,7757.75
1790291040,7757.75,7759.25,7757.5,7758.25
1790291160,7758,7758,7756,7757.25
1790291280,7757,7757,7755.25,7756.25
1790291400,7756,7756,7754.5,7755.5
1790291520,7755.5,7755.75,7754.25,7755.25
1790291640,7755.25,7755.5,7755,7755.5
1790291760,7755.75,7756.25,7755.5,7755.75
1790291880,7755.5,7755.75,7755.5,7755.5
1790292000,7755.5,7755.75,7754.75,7755.5
1790292120,7755.5,7756.75,7755.5,7756.5
1790292240,7756.75,7757.75,7756.75,7756.75
1790292360,7756.75,7759.25,7756.75,7759
1790292480,7758.75,7759.25,7757.5,7757.5
1790292600,7757.75,7758.5,7757.75,7758.25
1790292720,7758.25,7759.25,7758,7758.75
1790292840,7758.75,7759,7757.75,7757.75
1790292960,7757.75,7759.25,7757.5,7757.75
1790293080,7758,7758.25,7757.75,7758
1790293200,7758.25,7758.5,7758,7758.5
1790293320,7758.5,7758.5,7756.5,7756.5
1790293440,7756.5,7756.5,7755.25,7756.25
1790293560,7756.25,7756.25,7754.5,7755
1790293680,7755.25,7755.5,7754,7755
1790293800,7755,7755.25,7750.75,7752.25
1790293920,7752.25,7753.5,7751.75,7752.75
1790294040,7752.5,7752.5,7751.75,7752.25
1790294160,7752.25,7752.5,7750.75,7751
1790294280,7751,7752,7750.75,7751.5
1790294400,7751.25,7753.5,7751,7751.75
1790294520,7751.75,7753.5,7751,7752.75
1790294640,7753,7755,7751.75,7753
1790294760,7752.75,7752.75,7750,7751.25
1790294880,7751,7753,7751,7753
1790295000,7753,7753.5,7751.75,7751.75
1790295120,7752,7753.5,7751.25,7753.5
1790295240,7753.25,7753.5,7750.25,7752.75
1790295360,7752.75,7754,7751.5,7752.5
1790295480,7752.5,7753.5,7752.25,7753.25
1790295600,7753.25,7755.25,7752.75,7754.5
1790295720,7754.25,7757.25,7754.25,7756.5
1790295840,7756.25,7757,7754.5,7756.5
1790295960,7756.5,7757.25,7754.75,7755
1790296080,7755,7755.75,7754.5,7755
1790296200,7754.75,7755.25,7752.75,7753.25
1790296320,7753.25,7754,7751.75,7753.5
1790296440,7753.5,7753.5,7751.75,7752.75
1790296560,7752.75,7752.75,7750.25,7750.25
1790296680,7750.25,7750.25,7748.5,7749.5
1790296800,7749.5,7751,7748.75,7749.75
1790296920,7749.5,7751.25,7749,7750.5
1790297040,7750.5,7751.5,7750,7750.75
1790297160,7750.75,7751.75,7750.25,7750.75
1790297280,7750.75,7752.5,7750.75,7752.25
1790297400,7752.25,7752.25,7750,7750
1790297520,7749.75,7751.25,7749.5,7751.25
1790297640,7751.25,7752.5,7751.25,7752
1790297760,7751.75,7752.25,7750.5,7751
1790297880,7750.75,7752.75,7750.75,7751.75
1790298000,7751.75,7752.25,7749.25,7752.25
1790298120,7751.75,7753,7751.25,7751.75
1790298240,7751.5,7753.25,7751,7751
1790298360,7751,7753.25,7750,7752.75
1790298480,7752.5,7754.5,7752.5,7753.5
1790298600,7753.5,7760,7753.25,7759.75
1790298720,7759.5,7760.5,7757.25,7760
1790298840,7759.75,7761.5,7759.25,7759.75
1790298960,7759.5,7763.25,7758.25,7761.75
1790299080,7761.5,7761.5,7759.5,7760
1790299200,7760.25,7763,7760,7763
1790299320,7762.75,7763.5,7762,7762.25
1790299440,7762,7762.5,7761.25,7762
1790299560,7761.75,7763.75,7761.75,7763
1790299680,7762.75,7762.75,7761,7761.5
1790299800,7761.5,7761.75,7757.75,7758
1790299920,7757.75,7760.25,7757.75,7759.25
1790300040,7759.25,7759.25,7756.5,7759
1790300160,7759,7760.75,7758.25,7760
1790300280,7760,7762.75,7760,7762.75
1790300400,7762.75,7763.75,7762.25,7763.5
1790300520,7763.5,7765.25,7763.5,7764.5
1790300640,7764.25,7764.75,7763,7763
1790300760,7763,7763.5,7761.25,7762
1790300880,7761.75,7763.75,7761.25,7763.5
1790301000,7763.25,7763.25,7760.5,7761
1790301120,7761,7762,7761,7761
1790301240,7761,7761,7759.75,7760
1790301360,7760,7760.25,7759.25,7759.75
1790301480,7759.5,7762.25,7759.5,7762
1790301600,7762.25,7763.25,7761.25,7761.25
1790301720,7761.5,7762.75,7761.5,7762.25
1790301840,7762.25,7763,7761.75,7762.5
1790301960,7762.5,7764.25,7762.25,7763.5
1790302080,7763.5,7764.5,7763,7764.25
1790302200,7764.25,7764.75,7764,7764.5
1790302320,7764.25,7764.75,7762.75,7763.5
1790302440,7763.5,7763.5,7762.5,7763.5
1790302560,7763.5,7764,7763.5,7764
1790302680,7764,7765.25,7764,7765
1790302800,7765,7766.25,7764.75,7766.25
1790302920,7766.25,7766.25,7764.75,7765
1790303040,7765.25,7765.5,7764,7764.5
1790303160,7764.5,7764.75,7764,7764
1790303280,7763.75,7764.5,7761.5,7762
1790303400,7761.75,7762,7761,7761.5
1790303520,7761.75,7761.75,7760.25,7760.5
1790303640,7760.25,7760.25,7758,7758
1790303760,7758,7758.75,7757.75,7758.5
1790303880,7758.25,7759.75,7757.25,7759.5
1790304000,7759.75,7760.75,7759.5,7760
1790304120,7760,7762,7760,7761.75
1790304240,7761.5,7762.75,7761.25,7761.25
1790304360,7761.25,7761.25,7759.5,7759.5
1790304480,7759.5,7760.25,7759,7759.5
1790304600,7759.5,7759.75,7758.5,7759.25
1790304720,7759.5,7760.25,7758.5,7760.25
1790304840,7760,7761.5,7760,7761.5
1790304960,7761.5,7761.5,7760.25,7761
1790305080,7761,7762.25,7761,7762
1790305200,7762,7762.75,7761.25,7761.25
1790305320,7761.5,7762.5,7761,7761.75
1790305440,7761.75,7763.75,7761.75,7763.25
1790305560,7763.25,7765.75,7763.25,7765.75
1790305680,7765.5,7766,7764.75,7765.25
1790305800,7765.25,7765.5,7764.5,7765
1790305920,7765,7765,7764.25,7764.25
1790306040,7764.25,7766.25,7763.75,7765.5
1790306160,7765.75,7766,7764,7764.25
1790306280,7764.5,7765.5,7763.5,7765.25
1790306400,7765.25,7767,7765,7766
1790306520,7766.25,7767.25,7766,7766
1790306640,7765.75,7766.5,7765.25,7765.25
1790306760,7765.25,7765.75,7764.75,7765.5
1790306880,7765.5,7766.25,7765,7765.25
1790307000,7765.5,7765.5,7764.75,7765
1790307120,7765,7766,7764.5,7766
1790307240,7765.75,7766.25,7765.25,7765.25
1790307360,7765.25,7766,7763.75,7766
1790307480,7766,7766.25,7765.25,7765.75
1790307600,7765.75,7766.75,7764.75,7765.5
1790307720,7765.5,7765.75,7764.25,7764.25
1790307840,7764.5,7764.75,7761.5,7762
1790307960,7761.75,7762,7760.75,7762
1790308080,7761.75,7763,7761.25,7762.75
1790308200,7762.5,7763,7761.5,7762.5
1790308320,7762.25,7763.5,7762.25,7763
1790308440,7763,7763.25,7762,7762.75
1790308560,7762.75,7764.25,7762.5,7763.75
1790308680,7764,7764,7763,7763.75
1790308800,7763.75,7764,7762,7762.5
1790308920,7762.5,7762.5,7760.25,7761.25
1790309040,7761.25,7761.75,7760.75,7761
1790309160,7760.75,7760.75,7759.5,7760.75
1790309280,7760.75,7761.25,7760.25,7760.75
1790309400,7760.75,7761,7760,7760.25
1790309520,7760.5,7761.5,7760,7761
1790309640,7761,7761.75,7760,7760.75
1790309760,7760.5,7761.25,7760.25,7761
1790309880,7761,7761,7758.75,7759.5
1790310000,7759.5,7759.75,7758.5,7758.75
1790310120,7758.75,7759.75,7758.5,7759
1790310240,7759.25,7760.75,7759.25,7760.25
1790310360,7760.25,7760.25,7759,7759
1790310480,7758.75,7760.25,7758.75,7759
1790310600,7759.25,7760.25,7758.5,7759.5
1790310720,7759.5,7759.5,7758.5,7759
1790310840,7759,7761.25,7759,7760.75
1790310960,7760.5,7760.75,7760,7760.25
1790311080,7760.25,7761.75,7760.25,7761.5
1790311200,7761.5,7762.25,7761,7761
1790311320,7761,7762,7760.75,7761
1790311440,7760.75,7761.5,7760.25,7761.5
1790311560,7761.75,7761.75,7761,7761.25
1790311680,7761.25,7761.5,7760.75,7761
1790311800,7760.75,7761.75,7759.75,7761.5
1790311920,7761.25,7761.25,7759.5,7760
1790312040,7760,7760.25,7760,7760.25
1790312160,7760.5,7760.5,7758,7758
1790312280,7758,7759.5,7757.75,7759.5
1790312400,7759.25,7760.5,7759.25,7759.25
1790312520,7759,7760,7759,7760
1790312640,7760.25,7762.5,7760.25,7761.75
1790312760,7761.75,7762.25,7760.5,7760.5
1790312880,7760.25,7763.25,7760,7763
1790313000,7763,7763.75,7762.5,7763.25
1790313120,7763,7763.75,7762.75,7762.75
1790313240,7762.5,7763.5,7762,7763.25
1790313360,7763.25,7764.25,7762.75,7762.75
1790313480,7762.75,7763.25,7762,7762.75
1790313600,7762.75,7763.5,7762.5,7763.5
1790313720,7763.25,7763.5,7762.75,7762.75
1790313840,7762.5,7762.75,7760.75,7761.75
1790313960,7761.5,7763.5,7761.5,7763.5
1790314080,7763.5,7763.75,7763,7763.5
1790314200,7763.5,7768,7763,7767.25
1790314320,7767.25,7770.75,7767.25,7770
1790314440,7769.75,7771,7769,7770
1790314560,7770,7771.5,7769.5,7770.5
1790314680,7770.5,7771.75,7770,7771
1790314800,7771,7771.75,7771,7771.25
1790314920,7771.25,7771.5,7770.25,7771.5
1790315040,7771.25,7774,7771.25,7773
1790315160,7773,7773,7771.75,7772.5
1790315280,7772.5,7772.5,7770.5,7770.75
1790315400,7770.5,7772,7770.5,7772
1790315520,7772,7772.25,7771.75,7772.25
1790315640,7772.25,7772.5,7771.75,7772.25
1790315760,7772.25,7772.25,7770,7770.5
1790315880,7770.75,7771.25,7769.75,7770
1790316000,7770,7772.25,7769.75,7772
1790316120,7772.25,7772.75,7771.5,7771.75
1790316240,7771.75,7772.75,7771.25,7771.75
1790316360,7772,7773,7771.75,7772.5
1790316480,7772.5,7773.5,7772,7773.25
1790316600,7773.5,7775.25,7773,7775
1790316720,7775.25,7776,7775,7775.5
1790316840,7775.5,7776,7775,7775
1790316960,7774.75,7777.75,7774.75,7777
1790317080,7777,7777.25,7775.25,7777
1790317200,7777,7778.5,7777,7777.75
1790317320,7777.75,7778,7776.25,7776.25
1790317440,7776.25,7778,7775.75,7777.5
1790317560,7777.25,7777.5,7775.75,7776.75
1790317680,7776.5,7776.75,7774,7775
1790317800,7775.25,7776.25,7775,7775
1790317920,7775,7775.75,7774.25,7775.25
1790318040,7775.25,7777.75,7775.25,7777
1790318160,7777,7777.25,7775.5,7776
1790318280,7776,7777,7776,7776.5
1790318400,7776.5,7777.75,7776.5,7777.25
1790318520,7777.25,7777.5,7776.5,7776.75
1790318640,7776.75,7777.25,7776,7776.75
1790318760,7777,7777.5,7775.25,7775.25
1790318880,7775.25,7777.25,7775,7777
1790319000,7777,7777.25,7775,7775
1790319120,7775.25,7776,7775,7775.75
1790319240,7775.5,7778.25,7775.5,7777.75
1790319360,7778,7778,7775.75,7776
1790319480,7775.75,7775.75,7774.5,7774.75
1790319600,7774.75,7777.75,7774.25,7776.75
1790319720,7776.75,7778.25,7776.5,7777.75
1790319840,7777.5,7778,7775,7777.25
1790319960,7777.5,7778,7776.25,7776.5
1790320080,7776.5,7777.25,7775.75,7777
1790320200,7777,7777.75,7776.25,7777.5
1790320320,7777.25,7778.25,7776.25,7777.75
1790320440,7777.75,7778.5,7777.25,7777.5
1790320560,7777.5,7778.25,7776.75,7777.75
1790320680,7777.5,7778,7774.75,7775.5
1790320800,7775.75,7778.5,7775.5,7777.75
1790320920,7777.75,7778.75,7776.75,7777.25
1790321040,7777.25,7778.25,7777,7777.5
1790321160,7777.5,7778.5,7775.75,7778.25
1790321280,7778.25,7780.5,7778,7780.25
1790321400,7780.25,7781.75,7779.5,7780.5
1790321520,7780.5,7780.5,7774.5,7774.5
1790321640,7774.75,7775.75,7773.5,7775
1790321760,7775.25,7777,7775.25,7776.75
1790321880,7776.75,7776.75,7774.75,7774.75
1790322000,7774.75,7776,7774.25,7775.75
1790322120,7775.75,7776.75,7775.75,7776.25
1790322240,7776.25,7776.25,7775,7775.75
1790322360,7775.5,7778.5,7775.5,7777.25
1790322480,7777.5,7777.5,7775,7775.25
1790322600,7775.25,7775.5,7774.5,7775
1790322720,7774.75,7776.25,7774.5,7776.25
1790322840,7776.25,7776.5,7774.5,7775.75
1790322960,7775.75,7776.75,7775.5,7775.5
1790323080,7775.5,7776.5,7775.25,7775.25
1790323200,7775.25,7776.25,7774.5,7775.5
1790323320,7775.5,7775.5,7771.75,7773
1790323440,7773.25,7774.75,7772.25,7773.5
1790323560,7773.5,7774.75,7771.5,7773.5
1790323680,7773.5,7775.5,7773,7775
1790323800,7775,7777.25,7775,7776.75
1790323920,7776.75,7780,7776.75,7779
1790324040,7779,7780.75,7778.5,7779.75
1790324160,7779.75,7781.75,7778.75,7778.75
1790324280,7779,7779.75,7777.75,7779
1790324400,7779,7780.75,7779,7780.75
1790324520,7780.75,7781.5,7778.5,7780
1790324640,7779.75,7782.25,7779.5,7781.5
1790324760,7781.5,7782.5,7780.25,7782.5
1790324880,7782.5,7784.5,7782.5,7784.25
1790325000,7784.25,7784.5,7783.5,7784.5
1790325120,7784.5,7786.25,7783.25,7786.25
1790325240,7786.25,7786.5,7785.25,7785.5
1790325360,7785.5,7785.75,7784.25,7784.25
1790325480,7784.5,7785.5,7782.5,7783.5
1790325600,7783.5,7785.75,7783.5,7785.75
1790325720,7785.75,7786.75,7785,7786.25
1790325840,7786.5,7788.25,7786,7788
1790325960,7788,7788.75,7787.25,7787.25
1790326080,7787.25,7788.25,7787.25,7787.25
1790326200,7787.25,7789,7786.75,7787.5
1790326320,7787.5,7788.5,7787.25,7788
1790326440,7788,7790.25,7788,7790.25
1790326560,7790,7790.5,7789.5,7790.5
1790326680,7790.5,7790.75,7789.25,7789.25
1790326800,7789.25,7790.5,7788.75,7789.75
1790326920,7789.75,7791.75,7789.5,7790.75
1790327040,7790.75,7791,7790,7790.75
1790327160,7790.75,7791.75,7790.25,7791.5
1790327280,7791.5,7792.5,7791.5,7792.25
1790327400,7792.25,7792.25,7790.5,7791
1790327520,7790.75,7791.5,7790,7791.25
1790327640,7791,7792.5,7789.75,7791
1790327760,7791,7791.25,7790,7790.5
1790327880,7790.5,7790.75,7789.5,7789.75
1790328000,7790,7790,7788,7788.5
1790328120,7788.5,7790,7788.25,7788.75
1790328240,7788.75,7789.75,7788.5,7789
1790328360,7788.75,7789.5,7788.25,7788.25
1790328480,7788.5,7788.75,7788,7788.25
1790328600,7788.25,7789.25,7786.5,7789
1790328720,7789,7790.5,7789,7789.25
1790328840,7789.25,7790,7789.25,7790
1790328960,7790,7790.5,7789.25,7790.5
1790329080,7790.25,7790.5,7789.25,7790.5
1790329200,7790.5,7790.75,7789.75,7790.5
1790329320,7790.5,7791.25,7789,7790.5
1790329440,7790.5,7790.5,7788,7788
1790329560,7788,7788,7786.5,7787
1790329680,7787,7788.25,7786.75,7787.75
1790329800,7787.75,7787.75,7786,7787
1790329920,7787,7787.5,7786,7787.25
1790330040,7787.25,7787.75,7786.75,7787.5
1790330160,7787.75,7789,7787.75,7788
1790330280,7788.25,7788.5,7786.75,7786.75
1790330400,7787,7788.25,7786.5,7787.25
1790330520,7787.25,7787.25,7785,7785.25
1790330640,7785,7786,7785,7785.75
1790330760,7786,7786.25,7784.25,7784.75
1790330880,7784.75,7786.5,7784.75,7786
1790331000,7786.25,7787.75,7785.75,7787.25
1790331120,7787.5,7789.25,7787.5,7789.25
1790331240,7789.25,7790.5,7789,7790.25
1790331360,7790.5,7791.5,7789.75,7789.75
1790331480,7789.75,7789.75,7788.75,7789.25
1790331600,7789.25,7790.5,7789.25,7790.5
1790331720,7790.25,7790.25,7788.5,7789
1790331840,7789,7789.5,7788.5,7789
1790331960,7789,7789.75,7788.75,7789.25
1790332080,7789,7789.25,7788.25,7788.75
1790332200,7788.75,7790.25,7788.5,7789
1790332320,7788.75,7789,7787.25,7787.5
1790332440,7787.25,7789.5,7787.25,7788.25
1790332560,7788.25,7789.25,7788.25,7788.5
1790332680,7788.25,7788.75,7785.5,7785.75
1790332800,7785.75,7786.5,7785,7786.25
1790332920,7786,7786.5,7785.75,7786.25
1790333040,7786.25,7786.25,7785.5,7785.75
1790333160,7785.75,7786.25,7784.5,7786.25
1790333280,7786.25,7786.75,7784,7785.75
1790333400,7785.5,7786.25,7785.25,7785.5
1790333520,7785.5,7785.5,7783.5,7785.5
1790333640,7785.5,7787.5,7785.5,7785.75
1790333760,7785.75,7786.75,7785.5,7786
1790333880,7786,7786,7785,7785.75
1790334000,7785.75,7788.5,7785.25,7787
1790334120,7787.25,7787.75,7785.75,7786.25
1790334240,7785.75,7787.75,7785.75,7787.25
1790334360,7787.5,7791,7787.25,7791
1790334480,7790.75,7793.5,7790.5,7793.25
1790334600,7793.25,7794.75,7793,7794.25
1790334720,7794.25,7794.25,7793.25,7794.25
1790334840,7794,7797,7793.75,7795.75
1790334960,7795.75,7798.75,7795.75,7796.25
1790335080,7796.5,7796.75,7795,7796.5
1790335200,7796.25,7796.75,7795.25,7795.75
1790335320,7795.5,7796,7795.25,7795.5
1790335440,7795.5,7796.5,7795.5,7796.25
1790335560,7796.25,7798,7796.25,7797.75
1790335680,7797.5,7797.75,7795.5,7795.5
1790335800,7795.5,7797.25,7794.5,7795.75
1790335920,7795.75,7797,7795.25,7796.75
1790336040,7796.75,7800.75,7796.25,7799.5
1790336160,7799.5,7799.75,7796,7796.5
1790336280,7796.5,7796.75,7794,7794.25
1790336400,7794.5,7795.25,7794.25,7794.5
1790336520,7794.5,7795.5,7794.25,7795
1790336640,7795.25,7795.75,7794.25,7795.25
1790336760,7795.25,7796,7794.5,7795.75
1790336880,7795.5,7796,7794.25,7794.5
1790337000,7794.5,7795.5,7793.75,7795
1790337120,7794.75,7796.25,7794.75,7795.5
1790337240,7795.5,7796,7795,7795.25
1790337360,7795.25,7795.25,7793,7793.75
1790337480,7793.5,7794,7792.5,7792.5
1790337600,7792.5,7795.75,7792,7795.25
1790337720,7795.25,7795.75,7794.5,7795.5
1790337840,7795.5,7795.75,7794.75,7795
1790337960,7795.25,7796.25,7794.75,7794.75
1790338080,7795,7795.25,7793.5,7794
1790338200,7794,7795.5,7791.5,7795.5
1790338320,7795.5,7796,7792.75,7793.25
1790338440,7793,7793.25,7791.5,7792.75
1790338560,7792.75,7792.75,7789,7789.5
1790338680,7789.5,7790.75,7788,7789.75
1790338800,7789.75,7792.75,7789,7792.5
1790338920,7792.75,7794,7792,7793.25
1790339040,7793.5,7794.25,7791.75,7793
1790339160,7793,7794.25,7792.75,7794
1790339280,7794,7794.75,7792.25,7792.5
1790339400,7792.75,7793,7789.5,7789.5
1790339520,7789.5,7790,7787.25,7789.5
1790339640,7789.5,7791,7788.75,7790
1790339760,7789.75,7790,7787.5,7787.75
1790339880,7787.75,7788.5,7787.5,7788
1790340000,7788.5,7788.75,7787.25,7787.5
1790340120,7787.5,7787.75,7784.25,7784.75
1790340240,7784.5,7789.5,7783.25,7787.5
1790340360,7787.5,7792.75,7784.75,7791.5
1790340480,7791.5,7792,7785.25,7785.5
1790340600,7785.5,7786,7783.75,7784.25
1790340720,7784.25,7785,7783,7784.75
1790340840,7784.5,7785.25,7783.5,7784.5
1790340960,7784.5,7786.25,7784.25,7785
1790341080,7785,7785.5,7784.25,7785
1790341200,7785,7785.75,7782,7785
1790341320,7785,7786.75,7784.25,7786.25
1790341440,7786.25,7787,7785,7785.75
1790341560,7785.75,7787.25,7785.75,7786.25
1790341680,7786.25,7787.5,7785.25,7787.5
1790341800,7787.5,7788.25,7786.5,7788
1790341920,7788,7790.5,7787.25,7790
1790342040,7790,7790,7788,7788.5
1790342160,7788.5,7789,7785,7785
1790342280,7785,7785,7781.75,7781.75
1790342400,7781.75,7782.75,7781,7781.75
1790342520,7782,7782.25,7780.5,7780.5
1790342640,7780.5,7781.25,7779,7780
1790342760,7780,7780.25,7777.25,7778
1790342880,7778,7779.25,7776,7777.75
1790343000,7777.5,7778.5,7767.25,7776.25
1790343120,7776.25,7781.25,7773.25,7781.25
1790343240,7781.5,7788.25,7781,7785.75
1790343360,7785.75,7786.25,7782.75,7785.5
1790343480,7785.25,7788,7783.75,7787.5
1790343600,7787.5,7790.5,7784,7790.5
1790343720,7790.25,7790.75,7783.5,7784.5
1790343840,7784.5,7786.75,7783,7783.75
1790343960,7783.75,7786.25,7781.75,7785.75
1790344080,7785.75,7787,7780,7785.25
1790344200,7785.25,7788.75,7784,7787.75
1790344320,7787.5,7790.25,7787,7790.25
1790344440,7790,7793.5,7789,7793.5
1790344560,7793.5,7793.75,7786.5,7787.25
1790344680,7787.25,7789,7785.25,7787.5
1790344800,7787.5,7788.25,7776.5,7776.75
1790344920,7776.75,7777.75,7770.5,7773.5
1790345040,7773.75,7773.75,7755.5,7756
1790345160,7756,7764.75,7755,7762
1790345280,7762,7767.75,7761.5,7767
1790345400,7767,7769.5,7762.25,7766.5
1790345520,7766.75,7767,7761,7761.75
1790345640,7762,7763.25,7752.75,7760.25
1790345760,7760.25,7762.5,7754.25,7756.75
1790345880,7756.75,7761.25,7753.25,7760.5
1790346000,7760.5,7765,7759.25,7762
1790346120,7761.75,7766.75,7761.5,7765
1790346240,7765,7769,7762.5,7769
1790346360,7769,7770,7764.75,7765
1790346480,7765,7768.25,7762,7764.25
1790346600,7764,7766,7762,7766
1790346720,7765.75,7768.75,7765,7766.25
1790346840,7766.5,7770.75,7766.25,7769.5
1790346960,7769.5,7772.5,7767.75,7771.75
1790347080,7772,7775.75,7770.75,7772.75
1790347200,7772.75,7773.75,7766.75,7766.75
1790347320,7766.75,7769.25,7765.25,7766
1790347440,7766,7770.25,7764.75,7769.75
1790347560,7769.75,7772.75,7766.25,7771
1790347680,7770.75,7774.75,7766,7773.25
1790347800,7773.25,7773.5,7766.75,7766.75
1790347920,7767,7770.75,7765.25,7768.75
1790348040,7769,7775.75,7768.75,7775.5
1790348160,7775.75,7778.25,7774.75,7775.5
1790348280,7775.5,7779.25,7772.5,7778
1790348400,7778.25,7783.25,7776.75,7781.5
1790348520,7781.75,7785,7781.5,7783.25
1790348640,7783.25,7787.75,7783,7786.75
1790348760,7786.75,7789,7785.25,7785.5
1790348880,7785.75,7786,7781,7781.5
1790349000,7781.25,7782,7773.5,7775
1790349120,7775,7778.5,7774,7778.25
1790349240,7778.25,7780.25,7777.5,7778.5
1790349360,7778.5,7782,7778.5,7780
1790349480,7780.25,7781,7774.5,7775.5
1790349600,7775.75,7783.5,7774.5,7780.75
1790349720,7781,7783,7780.25,7780.5
1790349840,7780.5,7781,7776,7777
1790349960,7777,7781,7775.75,7779
1790350080,7779.25,7780.5,7777.5,7777.75
1790350200,7778,7786.5,7778,7786.5
1790350320,7786.5,7788.75,7785.25,7786.5
1790350440,7786.75,7787.75,7777,7779.5
1790350560,7779.25,7779.25,7774.75,7777.5
1790350680,7777.25,7777.25,7771.5,7772.5
1790350800,7772.5,7775.75,7771,7775
1790350920,7774.75,7776,7770,7770.25
1790351040,7770.25,7770.75,7766.75,7766.75
1790351160,7767,7772,7764.5,7771
1790351280,7770.75,7774,7769.5,7773.5
1790351400,7773.5,7774.5,7766.25,7766.25
1790351520,7766.25,7769,7765.5,7768.75
1790351640,7768.75,7778.25,7768.5,7777.25
1790351760,7777.5,7781.75,7776.25,7781.75
1790351880,7781.75,7790.75,7781.5,7790.5
1790352000,7790.5,7799,7788.75,7796
1790352120,7796,7805.75,7796,7805.25
1790352240,7805.25,7808.25,7800.5,7807
1790352360,7807.25,7809,7803.5,7805.5
1790352480,7805.5,7807.75,7802.75,7806
1790352600,7806.25,7811,7806,7809.25
1790352720,7809,7811,7806.5,7807
1790352840,7807.25,7807.5,7803.5,7806.5
1790352960,7806.25,7809.5,7802.75,7803.25
1790353080,7803,7803.25,7798.25,7801
1790353200,7800.75,7802,7794,7797.25
1790353320,7797.25,7798,7791,7794.5
1790353440,7794.5,7798.75,7793.25,7797.5
1790353560,7797.25,7805.5,7797,7803.5
1790353680,7803.5,7807.5,7802.5,7807
1790353800,7807,7807.25,7804.5,7806.75
1790353920,7806.75,7808.75,7806.25,7808.5
1790354040,7808.5,7808.5,7794.25,7801.5
1790354160,7801.25,7804.25,7797.25,7801.75
1790354280,7801.75,7802.5,7798.25,7800.75
1790354400,7800.75,7802,7797.5,7799.5
1790354520,7799.5,7804.5,7799.25,7803.5
1790354640,7803.5,7805.5,7799,7800.75
1790354760,7800.75,7801.75,7798.5,7798.75
1790354880,7798.75,7799.5,7793.5,7797.25
1790355000,7797.5,7798.75,7796,7798
1790355120,7798,7799.75,7796.75,7797.75
1790355240,7797.75,7801,7797,7799.25
1790355360,7799.5,7800.75,7796.25,7796.75
1790355480,7796.75,7797.5,7792.25,7795.25
1790355600,7795.25,7801,7794,7800.25
1790355720,7800.5,7802.75,7799.25,7801
1790355840,7801.25,7802.75,7800,7801.5
1790355960,7801.5,7802.5,7798,7799.25
1790356080,7799.5,7802.25,7796.25,7801.5
1790356200,7801.5,7802.25,7798.75,7799
1790356320,7799.25,7803,7797.75,7801.75
1790356440,7801.75,7804,7801.25,7803
1790356560,7803,7803.75,7800.5,7800.5
1790356680,7800.5,7801.5,7799.25,7800
1790356800,7800,7801.25,7799.5,7800.25
1790356920,7800.25,7802.75,7800,7802.5
1790357040,7802.5,7804,7802,7803
1790357160,7803,7803.5,7802.25,7803
1790357280,7803,7804.25,7803,7804
1790357400,7804,7805.25,7800.5,7800.5
1790357520,7800.75,7802.5,7799.5,7799.75
1790357640,7799.5,7800,7796.75,7798.25
1790357760,7798,7799,7796,7797.5
1790357880,7797.75,7803,7797.75,7800
1790358000,7800,7803.5,7800,7802.5
1790358120,7802.5,7803.5,7801.5,7802.25
1790358240,7802,7803.25,7799.75,7800.25
1790358360,7800,7800.75,7799.5,7799.5
1790358480,7799.5,7803,7799.25,7802.25
1790358600,7802.25,7802.5,7800.75,7801.25
1790358720,7801.25,7801.25,7798.25,7799.5
1790358840,7799.5,7799.75,7797,7799.75
1790358960,7799.5,7800.5,7799,7800.25
1790359080,7800.25,7802.75,7800.25,7802.75
1790359200,7802.75,7803.75,7801.5,7803
1790359320,7803,7803.25,7802,7802.25
1790359440,7802.25,7802.5,7800.75,7801
1790359560,7801,7801.5,7799.25,7800
1790359680,7800.25,7802.5,7800,7802.25
1790359800,7802.25,7802.75,7801,7801.5
1790359920,7801.5,7804.75,7800.25,7804.75
1790360040,7804.75,7806.25,7803.75,7805.25
1790360160,7805.5,7806,7804.5,7805
1790360280,7805.25,7806.25,7803.5,7804.25
1790360400,7804.25,7804.75,7802.75,7803
1790360520,7802.75,7804,7802.25,7803.75
1790360640,7803.75,7805.25,7803.75,7804.25
1790360760,7804.5,7804.5,7795.5,7797
1790360880,7797,7800.25,7795.25,7800.25
1790361000,7800.5,7805,7800.25,7803.5
1790361120,7803.5,7805,7803.25,7804.5
1790361240,7804.75,7805,7801.5,7803
1790361360,7803,7803.5,7798,7798.75
1790361480,7798.75,7799,7797,7797.5
1790361600,7797.5,7799.5,7796.25,7798.75
1790361720,7798.75,7801.5,7798.75,7800.25
1790361840,7800.25,7802.5,7799.75,7801.25
1790361960,7801.25,7802,7798.25,7798.75
1790362080,7798.75,7800.25,7798.25,7799.75
1790362200,7799.75,7800.25,7798.5,7799.5
1790362320,7799.5,7800.5,7799,7799.5
1790362440,7799.25,7799.5,7797.5,7797.75
1790362560,7798,7798.5,7797.25,7798.25
1790362680,7798,7799.75,7797.75,7798
1790362800,7798.25,7801.25,7797.75,7798
1790362920,7798,7798.25,7795.25,7797
1790363040,7797,7798.5,7796.75,7797.75
1790363160,7797.75,7800,7796.75,7799.25
1790363280,7799.5,7799.5,7798,7798.5
1790363400,7798.25,7799,7797.5,7798.75
1790363520,7799,7801.25,7798.5,7801
1790363640,7801.25,7803,7801,7801.75
1790363760,7801.75,7802.25,7800.25,7800.5
1790363880,7800.75,7801.5,7799.25,7799.5
1790364000,7799.5,7800.25,7798,7798.75
1790364120,7798.75,7799,7796.25,7797
1790364240,7797,7798.5,7795,7796
1790364360,7795.75,7796,7793.5,7795
1790364480,7795.25,7796.25,7793.25,7794.75
1790364600,7794.75,7796.5,7793.75,7796
1790364720,7796.25,7796.5,7795,7795.75
1790364840,7795.75,7795.75,7793.5,7794.75
1790364960,7794.75,7799.25,7793.5,7798.75
1790365080,7799,7801.25,7798.75,7801
1790365200,7801,7802,7799.25,7801.25
1790365320,7801.25,7804.75,7801.25,7804.5
1790365440,7804.5,7810.5,7803.25,7808.5
1790365560,7808.5,7811.75,7808,7810
1790365680,7810.25,7810.75,7808.5,7809
1790365800,7809.25,7814.75,7809.25,7812.25
1790365920,7812.25,7812.5,7809.25,7811.25
1790366040,7811.5,7812,7807,7807
1790366160,7807.25,7807.75,7805,7807
1790366280,7807.25,7807.75,7802.5,7804.75
1790366400,7804.75,7805.75,7802.5,7803.75
1790366520,7803.75,7806,7803.5,7805.5
1790366640,7805.5,7807.25,7803.75,7805.25
1790366760,7805.25,7806.5,7805,7805.75
1790366880,7805.75,7806.25,7804.5,7804.75
1790367000,7804.75,7804.75,7803.25,7803.5
1790367120,7803.5,7804.25,7803.25,7804
1790367240,7804,7804.5,7802.5,7802.75
1790367360,7802.75,7803.75,7801.75,7803.5
1790367480,7803.75,7803.75,7802.5,7803.25
1790367600,7803.25,7803.75,7802.75,7803
1790367720,7803,7803.25,7802.25,7802.75
1790367840,7803,7803,7801.5,7802.25
1790367960,7802.25,7803,7801.75,7802
1790368080,7802,7803.25,7802,7802.25
1790368200,7802.5,7804.5,7802.25,7804.25
1790368320,7804.5,7805,7804.25,7804.5
1790368440,7804.75,7805,7804.25,7804.75
1790368560,7804.75,7805.5,7804.75,7804.75
1790368680,7804.75,7805,7804.5,7805
1790368800,7804.75,7805.5,7804.75,7804.75
1790368920,7805,7805.75,7804.75,7805.75
1790369040,7805.75,7806.5,7805.25,7805.75
1790369160,7805.75,7806.25,7805.75,7805.75
1790369280,7806,7806.25,7805.5,7805.5
1790369400,7805.5,7806.75,7805.5,7806.75
1790369520,7806.75,7807.25,7805.75,7806.25
1790369640,7806.25,7806.25,7805.25,7805.25
1790369760,7805.5,7806,7805.25,7805.75
1790369880,7805.75,7806,7805.5,7805.75