time,open,high,low,close,EMA
1777405500,7170.75,7174.5,7168.25,7171.5,7158.91504087715
1777406400,7171.5,7176.25,7167.5,7173.25,7158.97226626287
1777407300,7173.25,7175.25,7172.25,7174,7159.032257215913
1777408200,7174,7174,7171.5,7172,7159.084024652177
1777409100,7172,7172.75,7170.75,7172.5,7159.137581439993
1777413600,7172.5,7178,7172.5,7176.75,7159.20789049612
1777414500,7177,7177.25,7174.5,7174.75,7159.269934845437
1777415400,7174.75,7176.25,7174.25,7175.25,7159.333727520705
1777416300,7175,7176,7174.75,7176,7159.400259546571
1777417200,7176,7176.25,7174.25,7175.5,7159.464529967543
1777418100,7175.5,7176,7175.25,7175.75,7159.52954182396
1777419000,7176,7178.5,7175.75,7178.5,7159.60527219592
1777419900,7178.5,7179.5,7177.75,7179.5,7159.684692266995
1777420800,7179.5,7186,7179.5,7185.25,7159.786749383693
1777421700,7185,7186.75,7183.25,7186.75,7159.894387110704
1777422600,7186.75,7188,7185,7186,7159.998601134214
1777423500,7186,7186,7183,7183.5,7160.0924190937585
1777424400,7183.25,7183.5,7169,7175.5,7160.153926402765
1777425300,7175.5,7179.5,7174.25,7176.75,7160.220178193573
1777426200,7176.75,7183.25,7175.75,7181.75,7160.306125586014
1777427100,7181.75,7182.25,7177.25,7178.25,7160.377757819203
1777428000,7178.5,7183,7178.5,7183,7160.468066171222
1777428900,7182.75,7185.25,7181.75,7182.25,7160.555019998882
1777429800,7182.5,7182.75,7179.25,7180.5,7160.634640677529
1777430700,7180.75,7182.75,7180,7181.5,7160.717935525124
1777431600,7181.75,7185.25,7181.5,7184.25,7160.811875902269
1777432500,7184,7185.25,7183.75,7184.75,7160.907437275912
1777433400,7184.5,7184.75,7182,7182.75,7160.99463313509
1777434300,7182.5,7183,7181.25,7182.5,7161.080482903014
1777435200,7182.5,7184.75,7182.5,7184.5,7161.173973989229
1777436100,7184.5,7184.75,7183.5,7184.5,7161.267091857536
1777437000,7184.25,7187,7184.25,7185.25,7161.362832009801
1777437900,7185,7186,7184,7184.5,7161.455195953874
1777438800,7184.75,7185.75,7182.5,7183,7161.541203155655
1777439700,7183,7185,7182,7184.75,7161.633853043258
1777440600,7184.75,7187,7184.25,7186.75,7161.734117102965
1777441500,7186.5,7187.25,7185,7185,7161.826994879001
1777442400,7185,7188.5,7184.25,7185,7161.9195018854725
1777443300,7184.75,7185,7182.5,7183.25,7162.004653574552
1777444200,7183.25,7185.25,7181,7183.75,7162.091461344714
1777445100,7183.75,7184.5,7179.25,7179.75,7162.161954512999
1777446000,7179.5,7183.5,7177,7177.5,7162.223184235502
1777446900,7177.5,7179,7175.75,7178,7162.286165535959
1777447800,7178,7180.25,7174,7174.25,7162.333925354179
1777448700,7174.25,7175.25,7169.25,7174.5,7162.3824925184335
1777449600,7174.75,7180.25,7169.25,7169.75,7162.411903725945
1777450500,7169.75,7176.5,7166.5,7175.5,7162.464151615262
1777451400,7175.5,7176,7166.75,7173.75,7162.509204902228
1777452300,7173.75,7175.5,7171,7172.75,7162.550086319784
1777453200,7172.75,7175.75,7170,7174.25,7162.596792562021
1777454100,7174,7177,7172.25,7174,7162.642314348201
1777455000,7174,7177.75,7171,7171.5,7162.677674370762
1777455900,7171.75,7173.5,7167.5,7169.5,7162.704909203613
1777456800,7169.25,7174,7166.5,7173.75,7162.749001382441
1777457700,7173.75,7181,7173.75,7179.25,7162.814873632411
1777458600,7179.25,7181,7175.25,7176.5,7162.869504875395
1777459500,7176.5,7178,7174.5,7176.5,7162.923918029585
1777460400,7176.25,7178.5,7173,7176.5,7162.978113965595
1777461300,7176.5,7178,7174,7174.75,7163.025107522619
1777462200,7174.5,7180,7171,7172.75,7163.063929448676
1777463100,7172.75,7175.5,7169.75,7173.5,7163.105590408961
1777464000,7173.25,7174.5,7170,7171,7163.137105018107
1777464900,7171.25,7174.75,7167,7170.75,7163.167495816438
1777465800,7171,7171.5,7161.25,7170,7163.19477128224
1777466700,7170,7170.5,7166,7169,7163.2179458479795
1777467600,7169,7174,7169,7170.75,7163.248013928427
1777468500,7170.75,7172,7161.75,7163.25,7163.248021856856
1777469400,7163.25,7165,7152.5,7153.25,7163.208109593955
1777470300,7153.5,7163.5,7149.5,7160.75,7163.198296781205
1777471200,7160.75,7166,7155.75,7164.75,7163.2044912052315
1777472100,7164.75,7169.75,7162.75,7168,7163.223634952915
1777473000,7168.25,7175.25,7166.25,7171.75,7163.257672338333
1777473900,7172,7172.5,7167.25,7168,7163.276603786084
1777474800,7167.75,7168.5,7154.75,7155.75,7163.246557463584
1777475700,7155.75,7164.5,7154.25,7162,7163.241581186285
1777476600,7161.75,7164,7157.25,7159,7163.224648726459
1777477500,7158.75,7163.75,7145.25,7153.5,7163.185827773459
1777478400,7153.75,7160.75,7152.25,7155.75,7163.1561438302515
1777479300,7155.75,7158.75,7149,7150.75,7163.106618305979
1777480200,7150.75,7152,7142,7150.75,7163.05729048839
1777481100,7151,7153.75,7147.25,7150.25,7163.006163580253
1777482000,7150,7151.5,7145.25,7149.75,7162.953244763566
1777482900,7149.75,7154.75,7147,7152.25,7162.910517239559
1777483800,7152.5,7155.75,7151,7153.5,7162.8729503044715
1777484700,7153.5,7160.75,7153,7159.25,7162.8584874290045
1777485600,7159.25,7160.25,7137.5,7143.5,7162.78120803807
1777486500,7143.75,7152.5,7142.75,7145.75,7162.713219183626
1777487400,7145.75,7155.25,7139.75,7140.25,7162.623545653951
1777488300,7140.25,7160,7137,7158.75,7162.608082397847
1777489200,7159,7166.25,7153,7165.5,7162.6196269790935
1777490100,7165.75,7168.25,7162,7162,7162.617153418299
1777491000,7162,7164.25,7154,7159,7162.602713684094
1777491900,7159,7170.75,7157.5,7170.25,7162.633241773179
1777492800,7170.5,7190.75,7135.25,7137.75,7162.5339074746835
1777493700,7137.75,7162.75,7131.25,7162,7162.531776107519
1777494600,7161.75,7167.5,7155.5,7161.5,7162.527657240823
1777495500,7161.75,7164.5,7140.75,7141.5,7162.443714497346
1777500000,7150,7186.25,7148.5,7185.75,7162.5367535612295
1777500900,7186,7196.5,7184,7188,7162.638403247612
1777501800,7188,7191.5,7183.75,7187.25,7162.736653134847
1777502700,7187.25,7191.5,7183.5,7184.25,7162.82253475906
1777503600,7184.5,7186.5,7183,7185.5,7162.913063562417
1777504500,7185.25,7185.25,7180,7183.5,7162.995246941409
1777505400,7183.75,7189.75,7183.75,7189.25,7163.100056334857
1777506300,7189.5,7193.25,7187.5,7192.75,7163.218419383421
1777507200,7192.75,7198.5,7191,7195.25,7163.346289964725
1777508100,7195.5,7198.25,7194,7196.5,7163.478640104586
1777509000,7196.5,7200.5,7196.5,7198.25,7163.617447928519
1777509900,7198.25,7201.5,7198,7199.25,7163.759693645371
1777510800,7199,7199.75,7195.75,7196.5,7163.890393471138
1777511700,7196.75,7198.5,7196.25,7198,7164.026559565065
1777512600,7198,7200.5,7193.75,7196.25,7164.155196053827
1777513500,7196.25,7199.75,7194.25,7199.25,7164.295295071576
1777514400,7199.25,7199.75,7195.75,7197.75,7164.428846787858
1777515300,7197.5,7197.75,7187.5,7189.75,7164.52992923581
1777516200,7189.5,7189.5,7165.5,7176.75,7164.578711953432
1777517100,7177,7179,7170.25,7177.25,7164.62929593765
1777518000,7177,7181.5,7172.75,7174.5,7164.6686999458825
1777518900,7174.5,7175.5,7171.75,7174.75,7164.708944656677
1777519800,7175,7177.75,7173,7175.75,7164.7530207259115
1777520700,7175.75,7176.25,7171.75,7172,7164.781950782894
1777521600,7172,7172,7160,7163,7164.774837206914
1777522500,7163.25,7164.25,7153.75,7155,7164.735815900698
1777523400,7155,7155.25,7146.5,7150.5,7164.678986296304
1777524300,7150.75,7153,7144.75,7145.25,7164.601425472766
1777525200,7145.5,7158.25,7145.25,7158,7164.575072476867
1777526100,7157.75,7158.75,7148.75,7150.5,7164.518884562787
1777527000,7150.5,7157.5,7150.5,7153.5,7164.474896999663
1777527900,7153.25,7154,7143,7143.5,7164.391164875911
1777528800,7143.25,7144.5,7133.75,7137.25,7164.282816912335
1777529700,7137.5,7143.25,7136.75,7142.5,7164.1958595593915
1777530600,7142.5,7158,7142.5,7151.5,7164.145177485302
1777531500,7151.25,7154.25,7146.25,7153.25,7164.101683762806
1777532400,7153.25,7162.25,7149.75,7158.5,7164.079321751777
1777533300,7158.25,7163.5,7154.75,7163.25,7164.076011086101
1777534200,7163.25,7165.75,7161,7163.5,7164.073711640647
1777535100,7163.25,7165.5,7157.75,7161.25,7164.062439338689
1777536000,7160.75,7169,7160.5,7165.5,7164.068178103804
1777536900,7165.25,7165.25,7159.25,7165,7164.071897951693
1777537800,7165,7170.5,7163.75,7168.5,7164.089575005778
1777538700,7168.5,7171,7165,7165,7164.093209436893
1777539600,7164.75,7168.5,7162.25,7163.75,7164.09183933934
1777540500,7163.75,7173.5,7158.5,7172.75,7164.126402854952
1777541400,7172.5,7184.75,7171,7172.75,7164.160828392457
1777542300,7172.75,7177.75,7169.25,7171.25,7164.189128478714
1777543200,7171,7180,7171,7175,7164.232285650456
1777544100,7175,7183,7173.5,7181.75,7164.302216645863
1777545000,7181.5,7187.25,7175.25,7177,7164.352906399772
1777545900,7176.75,7183.75,7175.25,7180.5,7164.417365855262
1777546800,7180.75,7196,7180,7188,7164.511508107336
1777547700,7188,7200.5,7187.25,7199.5,7164.65118272567
1777548600,7199.75,7199.75,7190.75,7192,7164.760359640937
1777549500,7192,7197.75,7191.25,7194.5,7164.879080760135
1777550400,7194.5,7202.5,7193.25,7201.5,7165.025272054506
1777551300,7201.5,7211.5,7201.5,7209.25,7165.2018178746475
1777552200,7209.75,7210.25,7197,7199.5,7165.338736765368
1777553100,7199.5,7205.5,7198.25,7204,7165.493073145546
1777554000,7204,7209.75,7200.75,7202,7165.638809380494
1777554900,7202.25,7204.5,7199.25,7200.25,7165.776977806121
1777555800,7200,7200.75,7166.75,7181.5,7165.839744361785
1777556700,7181.25,7185,7160.25,7165.25,7165.8373900928755
1777557600,7165.25,7175.5,7159.25,7169.25,7165.851013286117
1777558500,7169.5,7176.5,7157.25,7173.25,7165.880550159227
1777559400,7173.25,7181.25,7164.75,7175.5,7165.9189511565955
1777560300,7175.5,7194.75,7175.25,7192,7166.0230671200425
1777561200,7192,7198.75,7188.75,7196.5,7166.144731522757
1777562100,7196.75,7199.5,7191,7197.75,7166.270900259193
1777563000,7197.5,7203,7190.75,7192.5,7166.375607244186
1777563900,7192.25,7204.25,7187.75,7199.25,7166.5068423450075
1777564800,7199.5,7207.5,7194.25,7206.75,7166.667493672971
1777565700,7206.5,7207.25,7201,7205.5,7166.822513658309
1777566600,7205.5,7207,7199.5,7201,7166.958950729533
1777567500,7201.25,7202.5,7192.5,7197,7167.078875077918
1777568400,7197.25,7210,7196.75,7209,7167.246224878007
1777569300,7209,7213,7205.5,7212,7167.424882662925
1777570200,7212,7220.75,7212,7218.25,7167.627777342913
1777571100,7218.25,7225.5,7218,7224.75,7167.855810167891
1777572000,7224.75,7233.25,7224.25,7231.5,7168.1098787899755
1777572900,7231.75,7235,7230,7232.5,7168.366925182031
1777573800,7232.5,7240.75,7232.25,7239.5,7168.650889552562
1777574700,7239.25,7242,7236.5,7237.5,7168.9257363008555
1777575600,7237.5,7247.5,7236.25,7246.5,7169.2354140002535
1777576500,7246.5,7248,7243.75,7245,7169.537867437378
1777577400,7245,7248.5,7241.25,7248.25,7169.852087527448
1777578300,7248,7251.75,7237.25,7238.25,7170.125133086221
1777579200,7238,7247,7238,7245,7170.424034750547
1777580100,7245,7251.5,7243.75,7249.5,7170.7397072665135
1777581000,7249.25,7253.5,7242.5,7244.25,7171.033161528922
1777581900,7244.25,7249,7243.75,7246.75,7171.33542435715
1777586400,7256,7263.5,7252,7261.5,7171.69536278287
1777587300,7261.75,7262.25,7256.25,7257.5,7172.037896264775
1777588200,7257.5,7257.75,7254.5,7256.25,7172.37407232759
1777589100,7256.25,7256.25,7246.25,7250,7172.6839562703935
1777590000,7250,7252.75,7249,7249.75,7172.9916051475575
1777590900,7249.75,7254.75,7249,7254,7173.314991953355
1777591800,7254,7257.25,7252.5,7254.25,7173.638085797853
1777592700,7254,7256.25,7249.75,7252.75,7173.953901822612
1777593600,7252.75,7258,7250.5,7252.25,7174.266461096773
1777594500,7252,7259,7252,7259,7174.604718737105
1777595400,7258.75,7260,7257,7258.75,7174.940628043544
1777596300,7259,7261,7257.25,7258,7175.272202382692
1777597200,7257.75,7260.75,7255.5,7260.5,7175.6124331117035
1777598100,7260.75,7262.75,7259.5,7261.75,7175.956295654171
1777599000,7262,7264,7261.75,7262.25,7176.300781499864
1777599900,7262.25,7263.25,7261.25,7262.75,7176.645888160543
1777600800,7262.75,7263,7261,7261.25,7176.98362912597
1777601700,7261.25,7262.5,7260,7260.75,7177.3180258160855
1777602600,7260.5,7260.75,7258.75,7259.75,7177.647095573307
1777603500,7259.5,7261.25,7258.25,7260.75,7177.97884369477
1777604400,7261,7263.25,7260,7262.25,7178.315255496388
1777605300,7262,7264,7261.75,7263.5,7178.655314356682
1777606200,7263.5,7265.75,7259.75,7260.5,7178.982039648671
1777607100,7260.25,7261.25,7259.25,7260.25,7179.3064626440855
1777608000,7260.25,7260.5,7257.25,7259,7179.624600517762
1777608900,7259,7259.75,7258.5,7258.75,7179.940470375975
1777609800,7258.75,7259.25,7256.75,7258,7180.252085264693
1777610700,7258,7259,7257.5,7258,7180.5624561818
1777611600,7258,7260.25,7256.75,7260.25,7180.8805701291785
1777612500,7260,7260.25,7257.5,7260,7181.196416156607
1777613400,7260,7260.25,7258,7259.25,7181.508007309674
1777614300,7259,7259,7256.25,7257,7181.809372549955
1777615200,7257.25,7258,7256,7257.5,7182.111530743368
1777616100,7257.5,7258.25,7255,7255.25,7182.403500680521
1777617000,7255.5,7256,7251.75,7253,7182.6853230330935
1777617900,7253.25,7253.5,7251,7252,7182.962028330367
1777618800,7252,7256.5,7251.5,7256.25,7183.254595083538
1777619700,7256.25,7257,7253.25,7254.25,7183.538009873624
1777620600,7254.25,7254.25,7250,7250.25,7183.8043252034695
1777621500,7250.25,7254,7248.5,7249.75,7184.067581390282
1777622400,7249.75,7252.5,7249,7251.5,7184.336772682137
1777623300,7251.5,7253,7250.75,7251.5,7184.604889358056
1777624200,7251.75,7251.75,7248.5,7249.25,7184.862953671996
1777625100,7249.25,7250.5,7247.75,7250.25,7185.123979805042
1777626000,7250.25,7250.25,7246.5,7249,7185.378973897637
1777626900,7249,7252.25,7249,7251.25,7185.64193208567
1777627800,7251.25,7253.25,7250.25,7252.25,7185.907832556386
1777628700,7252,7254.25,7251.5,7253.25,7186.176663564145
1777629600,7253.25,7253.75,7251.25,7253,7186.443423390237
1777630500,7253.25,7254.5,7252,7252.5,7186.707122298859
1777631400,7252.5,7253.5,7248.75,7250.75,7186.962782489282
1777632300,7250.5,7254.25,7250.25,7254,7187.2303961320395
1777633200,7254.25,7255,7249,7250.5,7187.482969400973
1777634100,7250.25,7254.75,7249,7253,7187.744514433304
1777635000,7252.75,7254,7251,7253,7188.00501537369
1777635900,7253,7257,7252.5,7256.25,7188.277450442059
1777636800,7256.25,7271.5,7254.5,7266,7188.587720100973
1777637700,7266,7268.75,7262.5,7266.25,7188.8977491624455
1777638600,7266,7266.5,7258,7258.5,7189.175602459202
1777639500,7258.25,7260.75,7257,7258.5,7189.452346561162
1777640400,7258.25,7265.75,7258,7262.25,7189.742955956127
1777641300,7262,7265.5,7261,7264.5,7190.041387269675
1777642200,7264.5,7277.5,7258.75,7276.25,7190.38553342828
1777643100,7276.5,7293.25,7270.25,7293.25,7190.796170021381
1777644000,7293,7298.5,7289.5,7296.5,7191.218141398541
1777644900,7296.5,7300.75,7293.75,7294.5,7191.630444227289
1777645800,7294.5,7294.75,7274.5,7281.25,7191.988206924985
1777646700,7281,7285.5,7277.75,7278.5,7192.333563384366
1777647600,7278.75,7281.5,7272,7281.25,7192.688519219159
1777648500,7281.25,7285.25,7279,7284.25,7193.054034112496
1777649400,7284.5,7292.25,7283,7292,7193.449027988295
1777650300,7292,7295.75,7278.5,7285.25,7193.815498934449
1777651200,7285.25,7287.75,7275.25,7276.75,7194.146574787006
1777652100,7276.5,7283.25,7270.25,7272.75,7194.460360915601
1777653000,7272.75,7274.75,7267.75,7268,7194.753932329112
1777653900,7268,7275,7266,7270.25,7195.05531383678
1777654800,7270,7276.75,7269.75,7276.5,7195.380442324458
1777655700,7276.25,7281,7274.25,7280.75,7195.721238961885
1777656600,7280.75,7282.25,7277.5,7280.25,7196.05867912571
1777657500,7280.25,7283.75,7279,7279.5,7196.391778211037
1777658400,7279.5,7280.75,7268.75,7269.5,7196.683627399815
1777659300,7269.75,7273.75,7266.25,7272.75,7196.987285573868
1777660200,7272.75,7273.5,7262.25,7263.25,7197.251807387944
1777661100,7263.25,7264.75,7259,7262.75,7197.513277218731
1777662000,7262.75,7272.5,7262,7271.75,7197.80963140149
1777662900,7271.75,7277,7271,7275.25,7198.118774589509
1777663800,7275.5,7276.5,7271,7272.5,7198.415705629071
1777664700,7272.5,7273,7255.5,7257.5,7198.651571075662
1777665600,7257.5,7258.25,7252,7254.25,7198.873520891727
1777666500,7254.25,7254.75,7247.5,7249.25,7199.074624600742
1777667400,7249.25,7249.5,7245.75,7246.75,7199.264945460619
1777668300,7247,7249.5,7240.75,7247.75,7199.458498572552
1777845600,7276.25,7279.75,7266.75,7268.25,7199.733115344718
1777846500,7268,7270.5,7262.25,7264.75,7199.9926637864555
1777847400,7264.75,7268.75,7263.25,7267.25,7200.261156146589
1777848300,7267.5,7269.75,7263.75,7265.5,7200.52159065299
1777849200,7265.75,7268,7260,7262.75,7200.770007456771
1777850100,7262.75,7263,7260.25,7262,7201.014438564728
1777851000,7261.75,7265,7260.75,7261.5,7201.255897891815
1777851900,7261,7263.75,7259.25,7261.75,7201.4973913134045
1777852800,7261.75,7266.25,7258.25,7262.25,7201.739916697383
1777853700,7262.25,7264,7254.25,7258,7201.964507848292
1777854600,7258,7263,7257.5,7262.25,7202.205168495604
1777855500,7262.25,7267.25,7261.75,7266.5,7202.4618344896335
1777856400,7266.5,7267.75,7259.5,7264.25,7202.708493832988
1777857300,7264.5,7266.25,7261.25,7261.75,7202.944188468386
1777858200,7261.5,7266.75,7260.75,7265,7203.191916258931
1777859100,7265.25,7267.5,7264.25,7267,7203.446639148117
1777860000,7267.25,7268,7261.5,7265,7203.692361147526
1777860900,7265,7265,7260,7260.5,7203.919138148933
1777861800,7260.75,7265,7260.25,7264.5,7204.160977916801
1777862700,7264.5,7268.75,7264,7266,7204.407840280407
1777863600,7266,7269,7265.75,7268,7204.661701197451
1777864500,7267.75,7268.25,7266,7266.75,7204.909558677701
1777865400,7266.5,7267,7263.5,7266,7205.153432694956
1777866300,7266,7268.25,7265.25,7267,7205.400325179207
1777867200,7267,7269,7265.75,7268,7205.650224080688
1777868100,7268,7270.5,7268,7269.25,7205.904115401723
1777869000,7269.5,7270.75,7268,7269,7206.155995180558
1777869900,7269.25,7269.5,7267.25,7267.75,7206.401879431334
1777870800,7267.75,7270.75,7267.25,7270,7206.655764144183
1777871700,7270.25,7274.5,7268.25,7268.5,7206.9026473212525
1777872600,7268.75,7272.25,7267.75,7272.25,7207.163514996617
1777873500,7272.25,7272.75,7269.25,7270,7207.414359248128
1777874400,7270,7271.25,7265.75,7269,7207.660210109413
1777875300,7269,7269.25,7263.75,7267.25,7207.89809350219
1777876200,7267.25,7268.75,7259.75,7261.25,7208.111075164856
1777877100,7261.5,7264,7259.5,7262.75,7208.329194625276
1777878000,7263,7270.75,7259.5,7269,7208.571393449127
1777878900,7269,7273.5,7269,7271.25,7208.821607447334
1777879800,7271.5,7271.5,7268,7271,7209.069824583273
1777880700,7271,7273,7265.25,7265.25,7209.294096740625
1777881600,7265,7265.5,7255,7259.75,7209.4955175121195
1777882500,7259.5,7263.75,7256.25,7262.5,7209.70711225259
1777883400,7262.75,7264.75,7260.75,7262.5,7209.917862303479
1777884300,7262.75,7264.5,7261.5,7262.25,7210.126773032806
1777885200,7262.5,7266.75,7260.5,7266,7210.349819847047
1777886100,7266,7266.25,7264,7265.25,7210.568982242868
1777887000,7265.25,7267.75,7264.25,7266.25,7210.791261754872
1777887900,7266,7267.5,7263.5,7263.75,7211.002673883595
1777888800,7264,7265.5,7214.5,7222.75,7211.049569397033
1777889700,7223,7235.5,7213.75,7232.75,7211.136197862515
1777890600,7232.75,7254,7230.5,7249.25,7211.288348769251
1777891500,7249,7252.75,7246,7247,7211.43091025121
1777892400,7247.25,7254.25,7244.25,7248.75,7211.5798886534
1777893300,7248.75,7252,7245.5,7246,7211.717294287519
1777894200,7245.75,7248,7236.75,7243,7211.842175348247
1777895100,7242.75,7248,7239.25,7245.25,7211.975539917715
1777896000,7245.25,7251.5,7245.25,7248.75,7212.12234414958
1777896900,7248.5,7256,7245.25,7252,7212.281536388504
1777897800,7251.75,7254.5,7247.25,7252.75,7212.443087141444
1777898700,7252.25,7254.25,7246.5,7249.25,7212.5900209253105
1777899600,7249.25,7256,7238.25,7249.5,7212.737366151157
1777900500,7249.5,7252,7246.5,7250.5,7212.888115188478
1777901400,7250.5,7253,7242.25,7249.25,7213.033272413274
1777902300,7249.25,7257.75,7248,7257.75,7213.21178230384
1777903200,7257.5,7261.75,7248,7259.5,7213.396565608016
1777904100,7259.75,7267,7258.5,7262.25,7213.591589298204
1777905000,7262.25,7270.75,7261,7269,7213.812780558491
1777905900,7269.25,7271,7257,7258.75,7213.992170656062
1777906800,7259,7264.25,7249.75,7252,7214.143898517714
1777907700,7251.75,7254.5,7223.75,7234,7214.223164391895
1777908600,7234,7235,7222.25,7232.25,7214.295127807496
1777909500,7232.5,7232.75,7218.75,7225.25,7214.338859832216
1777910400,7225.25,7227,7199.5,7208.5,7214.315551010531
1777911300,7208.75,7228.25,7204,7219.25,7214.335249409691
1777912200,7219.5,7226.25,7215.5,7218.25,7214.350877156558
1777913100,7218.5,7220.5,7212.75,7215,7214.353468465315
1777914000,7214.75,7226.25,7214.25,7224,7214.391977573238
1777914900,7224,7236.25,7222,7235.25,7214.475243131828
1777915800,7235.5,7235.75,7225.25,7231.5,7214.543206233098
1777916700,7231.75,7236,7230.25,7232.75,7214.615888044543
1777917600,7233,7239.5,7232.25,7234,7214.693269728996
1777918500,7234,7234.25,7221,7227,7214.742398392752
1777919400,7227,7228,7219.25,7219.75,7214.76238881833
1777920300,7219.75,7225,7217.5,7223.75,7214.798267505682
1777921200,7224,7231.5,7220.5,7229.5,7214.856957056558
1777922100,7229.5,7231,7223.25,7226.75,7214.904434273897
1777923000,7226.75,7231.5,7225.75,7226.5,7214.950723957434
1777923900,7226.5,7231.5,7223.25,7231,7215.014792923672
1777924800,7231.25,7231.5,7222.75,7225.25,7215.055652033757
1777925700,7225,7228.5,7222.75,7227.75,7215.1063280735425
1777926600,7227.75,7228.75,7224.5,7224.75,7215.144825765864
1777927500,7224.5,7226,7223.5,7225.25,7215.1851657827665
1777932000,7228.75,7234.75,7227.75,7232.25,7215.253288873454
1777932900,7232.25,7233.75,7231.5,7233.5,7215.326130035636
1777933800,7233.25,7234,7229.75,7230,7215.384708358847
1777934700,7229.75,7230,7226,7227.5,7215.433072796536
1777935600,7227.5,7229.25,7225.5,7229,7215.48723218657
1777936500,7229,7229.25,7227,7228.25,7215.538181359478
1777937400,7228,7228.75,7226.25,7226.75,7215.582939118522
1777938300,7226.75,7228.25,7224.5,7227,7215.628516207868
1777939200,7227.25,7235.75,7227,7233.25,7215.698861452547
1777940100,7233,7233,7223.75,7225.75,7215.738985758126
1777941000,7225.75,7229.75,7225.25,7227,7215.783939906796
1777941900,7227.25,7232.75,7226.75,7231.75,7215.847676673635
1777942800,7231.75,7233.75,7227.25,7232.25,7215.9131550102675
1777943700,7232.5,7234.75,7232,7232.75,7215.980367964318
1777944600,7233,7239,7231,7235,7216.056294639111
1777945500,7235,7237.75,7234.75,7235.5,7216.13391422139
1777946400,7235.75,7237.75,7234.75,7235,7216.209227937074
1777947300,7235.25,7239.25,7235,7239,7216.300209063073
1777948200,7238.75,7241,7238.5,7240.25,7216.395817010925
1777949100,7240,7240.25,7233.75,7236.5,7216.476073230443
1777950000,7236.25,7240,7235.5,7239.75,7216.568983117747
1777950900,7239.75,7242,7239.25,7241,7216.666512127257
1777951800,7240.75,7241,7239.75,7240,7216.759659783435
1777952700,7240,7241.75,7239.75,7240.75,7216.85542960466
1777953600,7240.5,7243.75,7240.5,7241.25,7216.952813119212
1777954500,7241.5,7241.5,7240.25,7240.75,7217.047811869235
1777955400,7240.5,7240.5,7238.5,7240,7217.139437370755
1777956300,7240,7243.25,7239.5,7240,7217.230697101811
1777957200,7239.75,7240.75,7238.5,7240.25,7217.3225905265535
1777958100,7240,7241.75,7239.5,7239.75,7217.412121103293
1777959000,7240,7243.75,7238.25,7242.25,7217.511274312462
1777959900,7242.25,7244.25,7241.75,7243.75,7217.616019724388
1777960800,7243.75,7247.75,7241,7241,7217.709368947045
1777961700,7241.25,7241.75,7235.75,7238.25,7217.791367474202
1777962600,7237.75,7248.25,7237.75,7244.5,7217.897988761731
1777963500,7244.75,7248.25,7243.75,7247.5,7218.01616046328
1777964400,7247.75,7252,7246.75,7250.75,7218.146834473407
1777965300,7250.75,7252,7247.75,7248.5,7218.26800479487
1777966200,7248.5,7256.75,7248,7250.5,7218.396675434411
1777967100,7250.5,7251.25,7245.75,7247.25,7218.511858366808
1777968000,7247.5,7256.25,7247.25,7255.25,7218.658517614845
1777968900,7255.25,7257,7253.25,7254,7218.799601376862
1777969800,7254,7256,7252.75,7254.75,7218.943115942224
1777970700,7254.75,7256.75,7253.25,7254.75,7219.086057595149
1777971600,7254.75,7255,7249.75,7252.5,7219.219446586785
1777972500,7252.5,7253.75,7250.75,7253,7219.354299095421
1777973400,7253,7256.5,7252.75,7255.25,7219.497595306617
1777974300,7255.25,7258,7253.75,7255.5,7219.641317481041
1777975200,7255.25,7256.5,7253.25,7255,7219.782469906267
1777976100,7255,7256.5,7254.25,7255.75,7219.926052860733
1777977000,7256,7261.75,7253.5,7253.5,7220.060080593824
1777977900,7253.75,7256,7253,7255.5,7220.201557318001
1777978800,7255.5,7256.75,7249,7251,7220.324505192979
1777979700,7251,7256.5,7248.75,7255,7220.462930321949
1777980600,7255,7258.75,7254.25,7258,7220.612778903498
1777981500,7258.25,7259.25,7257,7258.25,7220.763027291109
1777982400,7258.25,7267,7256.25,7266.25,7220.944612012502
1777983300,7266.25,7269,7263,7265.25,7221.121479828819
1777984200,7265.25,7266.25,7261.25,7261.5,7221.282671526109
1777985100,7261.75,7263,7260.25,7261.75,7221.444217747561
1777986000,7261.75,7268.75,7261.5,7266,7221.622085141783
1777986900,7266,7267.5,7262.5,7267.25,7221.804232506486
1777987800,7267.5,7274,7264.25,7271.5,7222.0026188038655
1777988700,7271.5,7277.25,7270,7275,7222.214185195866
1777989600,7275,7283.5,7270.5,7272.25,7222.4139289675395
1777990500,7272.25,7286.25,7266.75,7282.5,7222.65379352256
1777991400,7282.5,7283.5,7274.75,7276.25,7222.867750434645
1777992300,7276.25,7281,7273,7280.75,7223.098817299177
1777993200,7280.5,7285.75,7279.25,7284.75,7223.344929804969
1777994100,7284.75,7285.75,7280.25,7284.25,7223.588063817724
1777995000,7284.25,7284.75,7278.5,7280.5,7223.815257175737
1777995900,7280.5,7283.5,7278.75,7279.5,7224.037551558269
1777996800,7279.75,7285.25,7279.25,7284,7224.276922609933
1777997700,7284.25,7288,7279,7285.25,7224.520328108496
1777998600,7285.25,7286,7281.75,7283.5,7224.755775900478
1777999500,7283.75,7286.75,7282.75,7284,7224.992279789099
1778000400,7284,7285,7280.25,7281.75,7225.218857514491
1778001300,7282,7288,7281.75,7287.75,7225.468482833794
1778002200,7287.75,7289.5,7286.25,7287.5,7225.716113640845
1778003100,7287.75,7291.5,7287.75,7289.25,7225.969741929704
1778004000,7289.25,7295.75,7289,7295.5,7226.247307830184
1778004900,7295.5,7296.25,7293.5,7293.75,7226.516779655213
1778005800,7294,7294.5,7290.25,7291.75,7226.777191712478
1778006700,7291.75,7294,7290.5,7292.75,7227.04055621662
1778007600,7292.75,7299.5,7292.25,7296.75,7227.318837429328
1778008500,7296.75,7299.75,7294.75,7296.5,7227.595009734999
1778009400,7296.5,7298.5,7294,7297,7227.8720755644
1778010300,7297,7297.5,7282.5,7287,7228.108115182905
1778011200,7286.75,7290.75,7286,7290.25,7228.35618657938
1778012100,7290.25,7304.25,7284.75,7302,7228.650173858504
1778013000,7302,7302,7295.5,7295.5,7228.917039431923
1778013900,7295.5,7297.5,7292.75,7295.5,7229.182839673711
1778018400,7300.5,7301.25,7294,7294.75,7229.444584824714
1778019300,7295,7296.75,7293.5,7296.25,7229.711273108847
1778020200,7296.5,7300,7296,7299,7229.987874813004
1778021100,7299,7320,7298.5,7316.75,7230.334230602174
1778022000,7316.75,7319,7312.25,7318.75,7230.6871877654385
1778022900,7319,7319.25,7313.5,7313.75,7231.018775838231
1778023800,7313.75,7316.5,7313.75,7313.75,7231.3490402061425
1778024700,7314,7315.5,7313.5,7314.25,7231.679982161408
1778025600,7314.25,7316,7307.75,7308.5,7231.986648899287
1778026500,7308.5,7308.5,7301,7301.5,7232.264147306874
1778027400,7301.25,7305,7300.75,7302.75,7232.5455279563475
1778028300,7302.75,7304,7299.25,7303.5,7232.828779341751
1778029200,7303.25,7307.5,7302.75,7306.5,7233.122876031006
1778030100,7306.75,7308.5,7304.75,7305.5,7233.411806665613
1778031000,7305.5,7308.25,7303.75,7308,7233.709563924433
1778031900,7308,7310.25,7305.5,7307.75,7234.005134527529
1778032800,7307.75,7308.25,7304,7306.5,7234.294535188097
1778033700,7306.5,7308.25,7303.75,7304.25,7234.57379852068
1778034600,7304,7305.5,7302.5,7303.75,7234.849951021595
1778035500,7303.5,7305.25,7303.25,7304.25,7235.126997125301
1778036400,7304.25,7307.25,7303.25,7306.5,7235.411919292465
1778037300,7306.5,7308.5,7305.25,7308,7235.701692069741
1778038200,7308.25,7311,7308,7309,7235.99430008543
1778039100,7309,7309.25,7306.75,7307.75,7236.280749985289
1778040000,7308,7308.75,7306.75,7308,7236.5670543765655
1778040900,7308,7310,7307.5,7309,7236.856207852108
1778041800,7309.25,7310,7306.5,7308,7237.140215006391
1778042700,7308.25,7310.25,7308,7308.75,7237.426082411555
1778043600,7308.5,7310.5,7307.25,7309.25,7237.712804637457
1778044500,7309,7310,7307,7309,7237.997384259663
1778045400,7309.25,7309.5,7307.25,7308.5,7238.278831827489
1778046300,7308.75,7312.75,7308.75,7311.5,7238.571131900034
1778047200,7311.5,7314.75,7309.25,7310.25,7238.857275086061
1778048100,7310.25,7311.25,7308.25,7309.25,7239.138283967954
1778049000,7309.5,7311,7303.75,7308.5,7239.415177045926
1778049900,7308.5,7309.75,7306,7309.75,7239.695954782269
1778050800,7309.75,7311.5,7306.75,7307.5,7239.966629613477
1778051700,7307.25,7309.75,7307,7308.75,7240.241213926398
1778052600,7308.75,7309.25,7306.5,7308.75,7240.514702094357
1778053500,7308.75,7311.75,7308,7310.75,7240.795082525118
1778054400,7311,7312.25,7307.75,7308.75,7241.066359640787
1778055300,7308.5,7308.75,7305.5,7306.75,7241.328569781941
1778056200,7307,7310.75,7306.25,7309.75,7241.601709223929
1778057100,7310,7343.25,7309.75,7335.25,7241.975554696089
1778058000,7335.25,7339.75,7323,7329.75,7242.32595168333
1778058900,7330,7336.25,7329.5,7333,7242.687923932099
1778059800,7332.75,7341.75,7331.25,7340,7243.076395293648
1778060700,7340,7343,7336.75,7341.75,7243.470301899262
1778061600,7341.75,7347.75,7340.5,7342.25,7243.864632031401
1778062500,7342.25,7352.75,7341.75,7350.5,7244.290322123092
1778063400,7350.5,7358.5,7350,7357.25,7244.741258960924
1778064300,7357.25,7363.75,7351.25,7358,7245.193389663675
1778065200,7357.75,7366.25,7355.5,7362,7245.659683517312
1778066100,7361.75,7363.75,7356,7356.5,7246.102159830616
1778067000,7356.75,7360.75,7350,7350.25,7246.517919671612
1778067900,7350.5,7352,7345,7348,7246.923037756755
1778068800,7348.25,7348.75,7331.75,7333.5,7247.268654372496
1778069700,7333.5,7345.75,7326.5,7343,7247.650815432885
1778070600,7343,7344.25,7338.75,7340,7248.0194748523145
1778071500,7340.25,7342.75,7334.75,7338.5,7248.380674553503
1778072400,7338.5,7339.25,7328.5,7334.75,7248.725462279836
1778073300,7334.75,7338,7329.75,7331,7249.053903548181
1778074200,7331,7345,7327.25,7340.75,7249.419955829426
1778075100,7341,7347.5,7331.5,7346,7249.805504907951
1778076000,7346,7352,7336.25,7350.25,7250.206480936263
1778076900,7350.25,7356.5,7345,7350,7250.604858257874
1778077800,7350,7369.5,7349.75,7368.25,7251.074499542274
1778078700,7368.25,7372,7364.5,7371.25,7251.554242059071
1778079600,7371.5,7375,7363.75,7367,7252.015103368216
1778080500,7367,7373.5,7365,7369.75,7252.485102955568
1778081400,7370,7371,7358.75,7362.75,7252.925282185287
1778082300,7362.75,7368.5,7361.25,7365.75,7253.375680260396
1778083200,7365.75,7369.25,7364,7368.5,7253.835258383108
1778084100,7368.5,7369.75,7366.25,7367,7254.287013838665
1778085000,7366.75,7367.75,7364,7365.25,7254.729979851285
1778085900,7365.5,7365.75,7354.5,7359,7255.146227436709
1778086800,7359.25,7366.75,7355.5,7364.5,7255.582769442949
1778087700,7364.5,7367.75,7363,7366,7256.023556790482
1778088600,7366,7368.75,7364.75,7368.25,7256.471566543813
1778089500,7368.25,7371,7367.25,7371,7256.928765878968
1778090400,7371,7375.5,7369.75,7374.5,7257.398112122964
1778091300,7374.75,7381.75,7374.5,7380,7257.887540817084
1778092200,7380.25,7384.5,7378.5,7379.75,7258.37401770005
1778093100,7380,7381.25,7376.75,7379.25,7258.856556551546
1778094000,7379.25,7388,7379,7387.5,7259.37010323198
1778094900,7387.25,7390,7385.75,7388.5,7259.885591841832
1778095800,7388.25,7390,7385.25,7386.75,7260.392036584978
1778096700,7386.75,7395.75,7385.75,7386.75,7260.896459592623
1778097600,7386.75,7395.75,7385,7394,7261.427811051335
1778098500,7394.25,7394.75,7390,7392.75,7261.952051326579
1778099400,7392.75,7393,7387,7387.75,7262.454238746433
1778100300,7387.75,7387.75,7384.5,7386.75,7262.95042941012
1778104800,7380.5,7383.75,7378.5,7380.5,7263.419689172953
1778105700,7380.25,7382.75,7377,7377.5,7263.875099595417
1778106600,7377.5,7380,7377,7379.75,7264.33767404813
1778107500,7379.5,7380.25,7378,7378.75,7264.794409880273
1778108400,7378.75,7381.5,7378,7380.25,7265.255310439633
1778109300,7380.25,7381.75,7378.75,7379.75,7265.712375068616
1778110200,7379.75,7380.5,7378.25,7380,7266.168613092294
1778111100,7380,7382.5,7377.5,7379.75,7266.622031802505
1778112000,7379.75,7385,7378.75,7383,7267.086614509881
1778112900,7383,7383.75,7378.5,7380.25,7267.538364551758
1778113800,7380.25,7383,7379.25,7382.75,7267.998291240174
1778114700,7382.75,7385.5,7382,7384.75,7268.464365925842
1778115600,7384.75,7385.75,7381,7384.75,7268.928580033922
1778116500,7384.75,7386.5,7384.5,7386,7269.395931011831
1778117400,7385.75,7389.5,7385.75,7389,7269.873392365077
1778118300,7389,7393,7388.75,7390.25,7270.353937704937
1778119200,7390.25,7391.25,7383.25,7383.75,7270.806616596335
1778120100,7383.5,7388.25,7383.5,7388,7271.274454454234
1778121000,7388.25,7389.5,7385.5,7386.5,7271.734436671982
1778121900,7386.25,7389.5,7386.25,7388.5,7272.200566665307
1778122800,7388.5,7388.75,7386.75,7387.75,7272.661841848279
1778123700,7387.75,7390.75,7387,7389.5,7273.1282616413
1778124600,7389.5,7391.5,7389.5,7391.25,7273.599805507003
1778125500,7391.25,7392,7390.25,7390.5,7274.066472950089
1778126400,7390.5,7392.25,7389.5,7391.75,7274.53626746925
1778127300,7391.75,7394.25,7391.75,7393.25,7275.010174585141
1778128200,7393.5,7394,7391.75,7392.75,7275.480193848274
1778129100,7392.75,7394.5,7392,7393.5,7275.95133079898
1778130000,7393.25,7395,7392.25,7394.25,7276.423580975431
1778130900,7394.25,7394.5,7392,7392.75,7276.887957897685
1778131800,7392.75,7395.75,7392.75,7394.75,7277.358465051786
1778132700,7394.75,7395.25,7393.5,7394,7277.824099921839
1778133600,7393.75,7395.75,7390.75,7390.75,7278.274901918158
1778134500,7390.75,7395.75,7390.25,7394,7278.736878357607
1778135400,7394,7403,7393,7401.5,7279.226950699493
1778136300,7401.25,7401.5,7396.75,7399.5,7279.707082632828
1778137200,7399.25,7409.5,7395.5,7409.25,7280.224220027508
1778138100,7409.5,7410.5,7400,7401.75,7280.7093528816895
1778139000,7402,7405.75,7401.25,7403.5,7281.199535105715
1778139900,7403.5,7403.75,7399,7402,7281.681772490522
1778140800,7402,7408.5,7400.25,7402.25,7282.163082779981
1778141700,7402.25,7402.5,7394.25,7398.25,7282.626503607206
1778142600,7398.25,7400,7396,7396.5,7283.081088423146
1778143500,7396.25,7399.25,7393.75,7395.25,7283.528868509281
1778144400,7395.25,7396.25,7392.25,7395,7283.97386304617
1778145300,7395.25,7399.5,7395.25,7396.5,7284.423069181714
1778146200,7396.5,7398.25,7395.25,7395.75,7284.867488067216
1778147100,7395.75,7399.5,7392,7394,7285.303146797487
1778148000,7393.75,7394.75,7389.75,7393.25,7285.734072359173
1778148900,7393.25,7396.75,7391.5,7395,7286.1702636870805
1778149800,7395.25,7398.75,7393.75,7398.25,7286.617687784138
1778150700,7398,7398.5,7394.75,7395.25,7287.0513497091515
1778151600,7395.5,7399,7395.25,7396.5,7287.488270468795
1778152500,7396.5,7397,7393,7393.75,7287.912468989878
1778153400,7393.75,7398.25,7392.75,7396,7288.343956139619
1778154300,7396,7397.75,7393.25,7396.75,7288.776714797744
1778155200,7396.5,7402.25,7395.25,7401.5,7289.2267079522435
1778156100,7401.5,7402,7396.75,7400.5,7289.670912710917
1778157000,7400.5,7402.75,7398.75,7401.75,7290.118334217061
1778157900,7402,7402.75,7398.5,7401.75,7290.563969609408
1778158800,7402,7402,7395.75,7397.25,7290.9898619462965
1778159700,7397.5,7402,7397.5,7399.25,7291.422038146112
1778160600,7399.25,7400.25,7390,7391,7291.8195549598995
1778161500,7391,7393,7383.75,7387.5,7292.201512824331
1778162400,7387.5,7397.5,7387.25,7393.25,7292.604899998685
1778163300,7393.25,7398.75,7389,7393.75,7293.008672852981
1778164200,7394,7401.75,7393,7400.25,7293.436781943388
1778165100,7400.25,7409.5,7398.25,7409.25,7293.899110159183
1778166000,7409.5,7410,7400.25,7401.5,7294.328654629605
1778166900,7401.5,7404.5,7391.25,7397.5,7294.74051628777
1778167800,7397.5,7404.75,7396.75,7401.25,7295.1657038475
1778168700,7401,7402.5,7386,7388,7295.536299840124
1778169600,7388,7388.5,7374.25,7375,7295.853520200044
1778170500,7375,7382.5,7365.75,7382,7296.197418322998
1778171400,7381.75,7386.5,7373.25,7375.75,7296.514993499353
1778172300,7375.75,7377,7364,7368.5,7296.8023587947655
1778173200,7368.5,7374.75,7364.75,7368,7297.086580915346
1778174100,7368,7373.75,7345.75,7354.25,7297.314778197121
1778175000,7354.5,7365.25,7350,7356,7297.549050539647
1778175900,7355.75,7366.25,7349.5,7365.25,7297.819313810946
1778176800,7365.25,7369.75,7358.75,7364.5,7298.085504174975
1778177700,7364.75,7370.5,7359.75,7361.25,7298.337657850923
1778178600,7361,7367.5,7347.5,7351.25,7298.54888476569
1778179500,7351.25,7360.25,7345.5,7359.75,7298.793200594969
1778180400,7359.75,7363.75,7355,7360.25,7299.03853711954
1778181300,7360.5,7361.75,7348.5,7354,7299.257944156987
1778182200,7353.75,7363.5,7352.5,7361.25,7299.505417433806
1778183100,7361.5,7367.5,7354.75,7364.25,7299.763878841255
1778184000,7364.5,7378.75,7355,7369.5,7300.042266550472
1778184900,7369.5,7371.25,7366.5,7368.75,7300.316548919532
1778185800,7368.75,7370.75,7352,7360.25,7300.555804213266
1778186700,7360,7362,7351.25,7352.25,7300.762168268303
1778191200,7340,7353.5,7336.25,7349.75,7300.957728474817
1778192100,7349.75,7359.25,7347.5,7357,7301.181450117631
1778193000,7357.25,7357.75,7345.75,7351.25,7301.3813245682595
1778193900,7351.5,7352.25,7347.5,7349.5,7301.573415088945
1778194800,7349.5,7353,7348.25,7351.5,7301.772722813141
1778195700,7351.75,7355.25,7351.25,7354.25,7301.982212941632
1778196600,7354.25,7356.5,7352.25,7356.5,7302.1998488181125
1778197500,7356.5,7363,7354.75,7362.75,7302.441565988499
1778198400,7363,7372.75,7363,7370.5,7302.7132563438345
1778199300,7370.5,7370.5,7365.5,7367.5,7302.971886059028
1778200200,7367.25,7371.75,7366.5,7371,7303.243455376158
1778201100,7371.25,7373.25,7367.25,7372.75,7303.520926612181
1778202000,7372.5,7378.25,7372.5,7377,7303.814256246464
1778202900,7377.25,7379.25,7375,7377,7304.106414904162
1778203800,7377,7378.25,7375.5,7377.5,7304.399403267818
1778204700,7377.25,7380.5,7375.75,7376.25,7304.686231997288
1778205600,7376.25,7377.5,7374.5,7376.25,7304.97191570189
1778206500,7376.25,7376.5,7372.25,7375.25,7305.252466936613
1778207400,7375.25,7376.25,7367.25,7373.25,7305.523914174391
1778208300,7373.5,7379.5,7373.5,7374.75,7305.800265814414
1778209200,7374.5,7376.75,7373.5,7375.5,7306.078508266253
1778210100,7375.5,7376.5,7374,7375.75,7306.356637973773
1778211000,7376,7379.5,7375,7376.5,7306.636651395035
1778211900,7376.5,7379.25,7375.25,7378.25,7306.9225330261925
1778212800,7378,7379.5,7376.75,7377.5,7307.204279401338
1778213700,7377.5,7379,7375.5,7378,7307.486897048439
1778214600,7378,7378.75,7375.25,7376.5,7307.762398457427
1778215500,7376.5,7382.5,7376,7379.25,7308.047778104303
1778216400,7379.25,7381.5,7378.75,7380.25,7308.33601052704
1778217300,7380.5,7382,7380,7381.75,7308.629080345296
1778218200,7381.75,7385.5,7381.25,7383.5,7308.927966252101
1778219100,7383.5,7384.25,7382.25,7382.75,7309.222664989617
1778220000,7382.5,7386.75,7379.25,7385,7309.525169320997
1778220900,7385,7388.75,7384.5,7387.5,7309.836446090174
1778221800,7387.75,7388.25,7384.75,7387,7310.144484229534
1778222700,7387,7388.75,7384.75,7388,7310.455284691691
1778223600,7388,7388.25,7380.75,7381.75,7310.73989433364
1778224500,7382,7386.25,7381.25,7385,7311.036341861251
1778225400,7385,7386,7382,7384.75,7311.330607961605
1778226300,7385,7388.5,7384.25,7387.25,7311.633679386908
1778227200,7387.25,7392.75,7386.25,7389.75,7311.945520986162
1778228100,7389.5,7393.75,7389.5,7392.5,7312.267095752684
1778229000,7392.5,7393.5,7390.75,7391.75,7312.584392775628
1778229900,7391.5,7394.5,7390.25,7393.75,7312.908407175725
1778230800,7394,7399.75,7393.25,7399.25,7313.253084192987
1778231700,7399.25,7402.25,7398.25,7399.75,7313.598381262077
1778232600,7399.75,7399.75,7396.25,7396.5,7313.929325847857
1778233500,7396.25,7396.5,7390.5,7394.5,7314.250965265631
1778234400,7394.75,7397.25,7394.5,7395.5,7314.5753127096805
1778235300,7395.75,7398.25,7395.25,7396.25,7314.90135936553
1778236200,7396.25,7399.75,7395.75,7398,7315.2330904658675
1778237100,7397.75,7397.75,7391,7396.25,7315.556511262411
1778238000,7396.25,7400,7396.25,7399.25,7315.890617005874
1778238900,7399.25,7400.25,7396.5,7399.75,7316.225385001859
1778239800,7399.75,7401.25,7398.75,7399.75,7316.558816598657
1778240700,7399.75,7402,7399,7399.75,7316.890917131198
1778241600,7399.75,7401.5,7398.25,7399,7317.218697901133
1778242500,7399,7401.5,7396.5,7401,7317.553154196937
1778243400,7401,7412.5,7400.25,7408.25,7317.915217453636
1778244300,7408.25,7408.25,7394.5,7398.25,7318.235915188352
1778245200,7398,7400.75,7389,7392.75,7318.533376604766
1778246100,7392.75,7397.25,7390.75,7395.75,7318.84162659836
1778247000,7395.75,7401.25,7391.75,7399.5,7319.163616112937
1778247900,7399.5,7413.75,7399.25,7413.5,7319.5402084637835
1778248800,7413.25,7416,7409.25,7415.25,7319.922283479897
1778249700,7415.25,7422.75,7412.5,7415.25,7320.302833246444
1778250600,7415.25,7418.75,7408.25,7418.5,7320.694837904142
1778251500,7418.75,7422,7416.75,7417.75,7321.082283661012
1778252400,7417.75,7420.75,7411.5,7412.75,7321.448222648393
1778253300,7412.75,7416.75,7407.25,7416,7321.8256748533895
1778254200,7416,7420.5,7410,7414.5,7322.195632239204
1778255100,7414.5,7420.5,7413.25,7416,7322.57010077318
1778256000,7415.75,7422.25,7415.5,7420.75,7322.962036498636
1778256900,7420.75,7424.25,7419,7422.25,7323.35839563437
1778257800,7422.5,7423.25,7415,7415.25,7323.725228386329
1778258700,7415.25,7420.25,7415,7415.75,7324.0925927440685
1778259600,7415.75,7423,7414.75,7418.5,7324.469468621338
1778260500,7418.5,7425,7418.5,7423.5,7324.864800083928
1778261400,7423.5,7426,7419.5,7419.75,7325.243583317126
1778262300,7419.75,7423,7417.5,7418.75,7325.616862425641
1778263200,7418.75,7427.75,7418.5,7425,7326.013601497793
1778264100,7424.75,7426.5,7423.25,7424,7326.404764765267
1778265000,7424.25,7426.75,7419,7419.25,7326.775404426882
1778265900,7419.25,7419.25,7407.5,7410.75,7327.110632353322
1778266800,7410.5,7417.25,7410,7414.75,7327.4604901083985
1778267700,7414.75,7418.75,7412.75,7412.75,7327.800967193794
1778268600,7413,7420.75,7411.5,7419.75,7328.168029201005
1778269500,7419.75,7422,7417,7421,7328.538615910781
1778270400,7421,7425,7418.5,7420.5,7328.905727224511
1778271300,7420.5,7421.75,7417.25,7421,7329.273369031998
1778272200,7420.75,7422,7419.5,7421.25,7329.640541211511
1778273100,7421,7422.5,7419.25,7420.5,7330.003253621844
1778450400,7403.5,7409.75,7393.75,7399.5,7330.280685743114
1778451300,7399.5,7400.25,7390.5,7399.75,7330.5580083549185
1778452200,7399.5,7400,7395.25,7398.75,7330.83023187446
1778453100,7398.75,7406.25,7398.5,7404.5,7331.12432276518
1778454000,7404.25,7409,7403.25,7406.25,7331.424225668314
1778454900,7406.25,7409,7403.25,7404,7331.71394931834
1778455800,7404,7405,7402,7403.75,7332.001518382938
1778456700,7404,7405.5,7401.25,7402.75,7332.28394745127
1778457600,7402.75,7408.75,7402.5,7408.25,7332.587205146076
1778458500,7408,7412,7405.25,7410.25,7332.897236263257
1778459400,7410.5,7412.75,7410.25,7411.25,7333.210021747235
1778460300,7411,7411.5,7397,7402.25,7333.485630442855
1778461200,7402.25,7405.5,7398,7404.5,7333.769120940089
1778462100,7404.75,7410.25,7403.25,7408.5,7334.067447802604
1778463000,7408.5,7409,7405.75,7408.75,7334.365581743512
1778463900,7408.75,7411.25,7407.75,7411,7334.671507564895
1778464800,7411,7413,7409.5,7411.75,7334.979206137491
1778465700,7411.5,7413.75,7410,7413.25,7335.291664396424
1778466600,7413.25,7414.5,7410.25,7412.75,7335.600879309012
1778467500,7412.75,7413.5,7411,7411.25,7335.90287180678
1778468400,7411.25,7411.25,7407.5,7410.5,7336.200664733699
1778469300,7410.5,7413.25,7409,7413,7336.507248906419
1778470200,7413,7415.5,7412,7414.75,7336.8195952181695
1778471100,7414.75,7414.75,7411,7411.25,7337.116722582568
1778472000,7411.25,7411.5,7406.75,7409.75,7337.406675785832
1778472900,7410,7412.75,7410,7411.5,7337.702457519222
1778473800,7411.75,7412.5,7411,7411.5,7337.997058487209
1778474700,7411.25,7413.25,7410.75,7412.75,7338.295473423388
1778475600,7413,7413.75,7411.75,7412.75,7338.592697082377
1778476500,7412.75,7415,7412,7413.75,7338.89272623574
1778477400,7413.75,7415,7410.5,7410.75,7339.179581620028
1778478300,7410.75,7412.75,7410.25,7410.5,7339.46429386905
1778479200,7410.5,7414.75,7410.5,7413.5,7339.759845590132
1778480100,7413.5,7416.25,7411.5,7415,7340.0602054879755
1778481000,7414.75,7415.25,7410,7411.25,7340.34439628443
1778481900,7411.25,7413.75,7409.5,7413,7340.634438614632
1778482800,7413,7413.75,7410,7410.75,7340.914341055292
1778483700,7410.75,7413.25,7410,7412,7341.1981161409
1778484600,7412,7415,7410,7412,7341.480758391835
1778485500,7412,7414.25,7411.75,7414.25,7341.771254366318
1778486400,7414.25,7416.75,7410,7412.5,7342.053604648289
1778487300,7412.5,7417.75,7412.25,7412.25,7342.3338297794335
1778488200,7412.5,7415,7412,7414.5,7342.621918283308
1778489100,7414.5,7416.25,7414,7414,7342.906860725291
1778490000,7413.75,7417.75,7413,7414.75,7343.193659684472
1778490900,7414.75,7418.25,7414.25,7416.5,7343.486299765572
1778491800,7416.5,7419.25,7416.5,7419.25,7343.788749666707
1778492700,7419.25,7420.75,7414.75,7415,7344.073026115144
1778493600,7414.75,7416.75,7414,7415.75,7344.359161739435
1778494500,7415.5,7416.5,7414.25,7415,7344.6411610937685
1778495400,7415,7415.25,7411,7413.75,7344.917044682216
1778496300,7413.75,7414,7411.25,7412.25,7345.185838915022
1778497200,7412.25,7415.75,7412,7414,7345.460546144902
1778498100,7413.75,7417.75,7413,7417.25,7345.74713079103
1778499000,7417.25,7420.25,7415,7415.25,7346.024587354738
1778499900,7415.5,7415.5,7410.75,7414,7346.295946287454
1778500800,7414,7415.75,7408.5,7410.25,7346.551251891097
1778501700,7410.25,7412.25,7408.25,7411.75,7346.811526334646
1778502600,7411.5,7414.5,7408.75,7409,7347.059783714548
1778503500,7408.75,7411,7402.5,7408.75,7347.306052043033
1778504400,7408.75,7412.75,7406.75,7412.25,7347.565309320306
1778505300,7412.25,7414,7409,7410.25,7347.815547606453
1778506200,7410,7429.5,7410,7429.5,7348.141633244751
1778507100,7429.5,7437.25,7429,7432.75,7348.4793911958695
1778508000,7432.5,7436.5,7430.5,7436.5,7348.830770871735
1778508900,7436.5,7442,7430.25,7430.25,7349.155797734522
1778509800,7430.25,7437,7421.5,7435.75,7349.501483172708
1778510700,7435.75,7445.75,7432.5,7443,7349.874730744872
1778511600,7442.75,7443.75,7436.75,7437.5,7350.224532218945
1778512500,7437.5,7447.25,7435.75,7447,7350.610861431644
1778513400,7447,7448.25,7443.25,7444.75,7350.986666376029
1778514300,7445,7449.75,7443.5,7448.5,7351.375941160954
1778515200,7448.25,7449.25,7446.25,7447.25,7351.758671934763
1778516100,7447.25,7450.5,7445.5,7449.5,7352.148856877139
1778517000,7449.5,7450.5,7434.25,7442.75,7352.51053808721
1778517900,7442.75,7445.25,7436.5,7439.5,7352.8578014082195
1778518800,7439.5,7442.75,7436,7436.75,7353.192700404594
1778519700,7436.5,7444.75,7434.75,7444,7353.555204594595
1778520600,7444,7453,7444,7452.5,7353.95019379781
1778521500,7452.75,7454.75,7447.75,7448,7354.325642125963
1778522400,7448.25,7452.75,7448,7449.75,7354.706577686338
1778523300,7449.5,7451.5,7447,7449.5,7355.084994541882
1778524200,7449.75,7449.75,7442.25,7443.75,7355.438946659479
1778525100,7443.75,7444,7431,7431.25,7355.74158559497
1778526000,7431.5,7438,7428,7434,7356.05399443491
1778526900,7433.75,7434.25,7427.5,7431.25,7356.35417808986
1778527800,7431.25,7435,7428.25,7428.5,7356.6421853629545
1778528700,7428.25,7439,7427.75,7438.75,7356.969961070088
1778529600,7438.75,7440.25,7426,7434.5,7357.279462223501
1778530500,7434.5,7435.5,7431.75,7434.5,7357.587727843367
1778531400,7434.25,7436.75,7434,7435.75,7357.899752881916
1778532300,7435.5,7436.75,7433.5,7435,7358.207538299554
1778536800,7435.5,7440.75,7434.25,7440.5,7358.536051120713
1778537700,7440.25,7442,7439.75,7441.25,7358.86624652542
1778538600,7441.25,7443.25,7441.25,7443.25,7359.203107816736
1778539500,7443,7443.75,7440.5,7441,7359.529642316469
1778540400,7441.25,7441.75,7440.25,7440.5,7359.852877277282
1778541300,7440.5,7441.5,7438.5,7441.5,7360.178813894937
1778542200,7441.25,7441.5,7439.5,7440.5,7360.499457352442
1778543100,7440.5,7440.5,7436.25,7438.75,7360.8118347682
1778544000,7438.5,7438.75,7432,7433,7361.100011076511
1778544900,7433,7434.75,7428.75,7431.75,7361.382046960437
1778545800,7431.75,7434.25,7429.25,7430.25,7361.656968928659
1778546700,7430.25,7432,7429.5,7429.75,7361.92879739601
1778547600,7429.75,7432,7429,7430,7362.2005387237705
1778548500,7430,7430,7423,7424.75,7362.450237171979
1778549400,7424.25,7425.25,7411.25,7416.5,7362.666004688259
1778550300,7416.5,7422,7416,7419,7362.890890897088
1778551200,7419.25,7429,7417.75,7427.75,7363.149809496301
1778552100,7428,7428.25,7423.5,7426,7363.400708460387
1778553000,7425.75,7426.75,7423.25,7424.75,7363.645615811843
1778553900,7425,7430.75,7425,7429.25,7363.907509561097
1778554800,7429.25,7430.25,7425,7427.25,7364.160373794386
1778555700,7427.25,7427.5,7425.75,7427,7364.411230585626
1778556600,7427,7429.75,7427,7428.5,7364.667073976502
1778557500,7428.5,7429,7424.25,7425.25,7364.90892198458
1778558400,7425.25,7427.5,7424.5,7425.25,7365.1498045315475
1778559300,7425,7427.5,7425,7426,7365.392719483518
1778560200,7426,7427.5,7425.25,7427,7365.638656731088
1778561100,7427.25,7427.5,7420.75,7420.75,7365.858662093439
1778562000,7420.75,7423.5,7419.25,7420.25,7366.075793182887
1778562900,7420.25,7424,7418.5,7423,7366.30303552547
1778563800,7422.75,7423.25,7419,7420,7366.517394665088
1778564700,7420,7424,7420,7421.5,7366.736886103551
1778565600,7421.5,7422.75,7417.75,7419.75,7366.948515300743
1778566500,7419.75,7420.75,7415,7415.75,7367.143331606927
1778567400,7416,7416.75,7412,7413.75,7367.32938617137
1778568300,7413.75,7415,7408.25,7408.75,7367.494737923181
1778569200,7409,7410.5,7402.25,7409.75,7367.663421604127
1778570100,7409.75,7416.25,7409.5,7412.75,7367.843407945028
1778571000,7413,7417.25,7412.5,7415,7368.031657813511
1778571900,7415,7417.25,7413.5,7416,7368.22314820148
1778572800,7416,7416.75,7407.5,7407.5,7368.379942021035
1778573700,7407.5,7411.25,7405.5,7410.25,7368.547087961071
1778574600,7410.5,7411.25,7406.25,7407,7368.700592599949
1778575500,7407,7409.5,7405.75,7409.5,7368.8634644857775
1778576400,7409.5,7411.25,7403.25,7408.5,7369.021694168469
1778577300,7408.5,7411.5,7406.25,7409.5,7369.183284211709
1778578200,7409.5,7416.5,7409.5,7410.25,7369.347223196892
1778579100,7410.25,7413.25,7409.25,7411.5,7369.515497754988
1778580000,7411.5,7416,7411.5,7415.25,7369.698070618242
1778580900,7415,7415.25,7410,7412.5,7369.868936603798
1778581800,7412.5,7413,7407.75,7409.75,7370.028142445699
1778582700,7409.5,7412,7406.75,7412,7370.195694771265
1778583600,7411.75,7413.75,7402,7405.25,7370.335632117488
1778584500,7405.25,7406.5,7402.75,7406,7370.478004843566
1778585400,7406.25,7412,7405.5,7409,7370.631785263352
1778586300,7409.25,7411.25,7407.75,7407.75,7370.779961769286
1778587200,7407.75,7408.25,7402,7407.5,7370.926548748251
1778588100,7407.25,7407.75,7402.75,7407.5,7371.072550549655
1778589000,7407.5,7416.5,7398.75,7414.25,7371.244915617321
1778589900,7414.5,7420.75,7414,7419.5,7371.437550684716
1778590800,7419.5,7421.25,7415.75,7418.5,7371.625424733879
1778591700,7418.5,7418.5,7412.75,7414,7371.794584714981
1778592600,7414,7417.5,7400.25,7412.25,7371.956083378794
1778593500,7412.5,7414,7393.5,7396.25,7372.053065081873
1778594400,7396,7406.5,7391.5,7406,7372.188581788133
1778595300,7406.25,7408.75,7390.5,7394.25,7372.276651321913
1778596200,7394.25,7397,7380,7391.25,7372.3523932328035
1778597100,7391.25,7391.5,7381.75,7383,7372.3948986490395
1778598000,7383,7385.5,7376.75,7377.25,7372.414280291159
1778598900,7377.25,7377.5,7363.25,7368.25,7372.397656417741
1778599800,7368.25,7380.75,7366,7380.25,7372.429003098709
1778600700,7380.5,7382.75,7368.75,7369.75,7372.4183084755605
1778601600,7370,7380,7366.25,7378.5,7372.442586685239
1778602500,7378.5,7379.25,7370.75,7372.5,7372.442815880108
1778603400,7372.5,7375.5,7367,7369.5,7372.431068112124
1778604300,7369.25,7371,7363.5,7366.25,7372.406393189521
1778605200,7366.25,7379.25,7365.25,7378.5,7372.430718965211
1778606100,7378.25,7395.75,7378.25,7388.75,7372.4958657956895
1778607000,7388.75,7395.25,7386.75,7393.25,7372.578716630836
1778607900,7393.25,7397.25,7389,7396,7372.672214768038
1778608800,7396,7397.75,7391.75,7395.75,7372.764341655192
1778609700,7395.75,7410,7395.25,7407,7372.901010949981
1778610600,7407,7409.75,7403.5,7407.5,7373.039130666748
1778611500,7407.5,7410.5,7402.75,7405.25,7373.167716971471
1778612400,7405.25,7418.5,7404.75,7416.25,7373.339702133262
1778613300,7416.5,7419.5,7410.5,7416,7373.5100027235485
1778614200,7416,7425.75,7415.75,7425,7373.715551614871
1778615100,7424.75,7433.75,7422.5,7428.25,7373.933254003635
1778616000,7428,7428.75,7415.75,7420,7374.117153189249
1778616900,7420,7422,7416.5,7419.5,7374.298322238394
1778617800,7419.25,7421,7416,7419.75,7374.479766061793
1778618700,7419.75,7422.25,7419.5,7420.5,7374.663479570529
1778623200,7419.25,7425,7419.25,7423,7374.856439731923
1778624100,7422.75,7427.5,7422.75,7425.5,7375.058609633193
1778625000,7425.5,7426.75,7424.5,7424.75,7375.256978457012
1778625900,7424.75,7425.75,7421.5,7421.75,7375.442579341416
1778626800,7421.75,7423.5,7418,7420.25,7375.621451280173
1778627700,7420.5,7421.5,7418.75,7419.25,7375.795617143325
1778628600,7419.25,7419.5,7412.25,7413,7375.944137633771
1778629500,7413,7416.25,7411.75,7412,7376.0880732120795
1778630400,7411.75,7416.5,7410,7412.5,7376.233430205245
1778631300,7412.5,7423.25,7412.25,7417.25,7376.397169006821
1778632200,7417.5,7421.75,7415,7419.75,7376.570234200407
1778633100,7419.75,7421.25,7415.75,7420.5,7376.745602526952
1778634000,7420.25,7425.75,7420,7425,7376.938234852194
1778634900,7424.75,7427,7421.75,7426.75,7377.137084214061
1778635800,7426.75,7429.75,7424.75,7429.25,7377.345119806021
1778636700,7429.5,7436.5,7428.5,7429,7377.551326912584
1778637600,7428.75,7431,7425.25,7427.75,7377.751720817125
1778638500,7427.75,7431.5,7427,7431,7377.964288797894
1778639400,7431,7432,7429,7429.5,7378.170020179939
1778640300,7429.75,7430.5,7428.25,7429.25,7378.373932275029
1778641200,7429,7429.75,7425.5,7426,7378.564056297883
1778642100,7426,7430.75,7425.75,7430.75,7378.772383418451
1778643000,7431,7436,7431,7435.5,7378.998840969674
1778643900,7435.25,7435.5,7433,7434,7379.218406474785
1778644800,7434,7435.5,7433.5,7434.75,7379.44008948287
1778645700,7435,7436.75,7434.25,7435.75,7379.6648795448145
1778646600,7435.75,7437.5,7433,7435.75,7379.888772241243
1778647500,7436,7438.5,7435.75,7437.25,7380.1177591784035
1778648400,7437.25,7441,7435.5,7439,7380.352818023999
1778649300,7439,7441.75,7437.75,7440,7380.590930526897
1778650200,7440.25,7441.25,7438,7439,7380.8241004649135
1778651100,7439,7439.75,7438,7439.25,7381.057337588806
1778652000,7439.5,7441.5,7438.5,7441.5,7381.2986256623035
1778652900,7441.5,7443.5,7438.25,7439,7381.528970470039
1778653800,7438.75,7440,7437.75,7438.25,7381.755401725648
1778654700,7438.25,7438.25,7434.25,7437.25,7381.976937048101
1778655600,7437.5,7439,7434.25,7437,7382.196589994017
1778656500,7437,7438.25,7436,7438,7382.4193580978335
1778657400,7437.75,7444.75,7437,7444,7382.665189003631
1778658300,7444.25,7446.5,7442.75,7445,7382.914030564495
1778659200,7445.25,7451.75,7444,7451.5,7383.187826849667
1778660100,7451.5,7453.25,7450.75,7452.25,7383.463524147672
1778661000,7452.5,7454.25,7451.5,7452.5,7383.739118861653
1778661900,7452.25,7452.5,7446,7447.5,7383.993653317295
1778662800,7447.25,7447.5,7441.5,7442,7384.225215579501
1778663700,7442,7443.75,7440.25,7441.25,7384.452859429483
1778664600,7441.25,7445.75,7439.5,7445.5,7384.696560589446
1778665500,7445.5,7447.5,7443.75,7447,7384.945276914438
1778666400,7447.25,7449,7441.75,7443.5,7385.179028304001
1778667300,7443.75,7446,7441.75,7442.5,7385.407854538316
1778668200,7442.75,7444,7439.25,7443.75,7385.640757314611
1778669100,7443.75,7445,7441.25,7442.75,7385.868738323335
1778670000,7442.5,7445,7438.75,7440.75,7386.087825196295
1778670900,7440.75,7442,7438.5,7440.75,7386.30603747096
1778671800,7440.75,7444.5,7439.75,7442.25,7386.529366662693
1778672700,7442,7442.75,7440,7441.25,7386.747812304759
1778673600,7441.25,7446.25,7440.5,7441,7386.964387904341
1778674500,7440.75,7441.25,7432.25,7438.75,7387.171116894742
1778675400,7438.5,7438.5,7416.5,7422.75,7387.313148364225
1778676300,7422.75,7424.75,7418,7421,7387.447626813869
1778677200,7421.25,7432.25,7421.25,7431.5,7387.6234845910585
1778678100,7431.25,7435,7428.5,7429.25,7387.789658305266
1778679000,7429.25,7429.5,7409.5,7413.5,7387.892294399856
1778679900,7413.5,7417,7399,7413.5,7387.994520769517
1778680800,7413.25,7421.75,7412.25,7420.5,7388.124283161655
1778681700,7420.25,7432,7416,7427.5,7388.281471652027
1778682600,7427.5,7431.5,7422,7428.25,7388.441026655412
1778683500,7428.5,7434.5,7425.25,7433,7388.618906788524
1778684400,7433,7438.25,7431.25,7434,7388.800068837273
1778685300,7434,7438.25,7433.75,7437.25,7388.993481736126
1778686200,7437.25,7447,7434,7445.75,7389.220054663328
1778687100,7445.75,7445.75,7440,7442,7389.4307530479055
1778688000,7442,7451.5,7439.75,7451.25,7389.677536468872
1778688900,7451.25,7464.75,7449.5,7462.5,7389.968244906122
1778689800,7462.25,7463.5,7458.75,7461,7390.251804806697
1778690700,7461,7467.75,7459,7465.25,7390.551198799484
1778691600,7465.5,7474,7465.5,7471.5,7390.874347706473
1778692500,7471.5,7473,7467.75,7471,7391.19421058988
1778693400,7470.75,7471.75,7466.5,7471,7391.512796575549
1778694300,7471,7472.5,7466,7466.25,7391.811148685028
1778695200,7466.25,7478.75,7465.75,7478.25,7392.156213959738
1778696100,7478.25,7483.75,7478.25,7480.25,7392.507885760298
1778697000,7480.25,7480.25,7473.25,7473.25,7392.830209569639
1778697900,7473.5,7478.5,7470.75,7471.5,7393.144260629241
1778698800,7471.5,7480.5,7471.25,7480.25,7393.491988131719
1778699700,7480.5,7482.25,7475,7479.75,7393.836331492471
1778700600,7479.75,7480.25,7475,7479.75,7394.179300229028
1778701500,7479.75,7481.25,7467.75,7468.5,7394.4759896492715
1778702400,7468.75,7473.75,7466.5,7472.5,7394.787462744484
1778703300,7472.5,7474.75,7472,7474.25,7395.104678462071
1778704200,7474,7478,7474,7476.75,7395.430607889369
1778705100,7476.5,7476.5,7474.75,7476,7395.752242189212
1778709600,7477.5,7478.5,7472.5,7477,7396.076584535762
1778710500,7477,7479.25,7474.25,7475.75,7396.394642082525
1778711400,7475.5,7478.25,7475.25,7478.25,7396.721409978403
1778712300,7478,7481.75,7477.75,7479,7397.0498674236
1778713200,7479,7483.75,7478.75,7482.5,7397.390985717318
1778714100,7482.25,7482.75,7479.25,7479.5,7397.718766213456
1778715000,7479.5,7480.5,7477,7478.5,7398.041246188652
1778715900,7478.5,7481,7477.25,7480.5,7398.370422850573
1778716800,7480.25,7481.25,7475.5,7481,7398.7002814419875
1778717700,7481.25,7485.25,7480,7484.25,7399.041797284534
1778718600,7484.5,7488.75,7484.5,7486.5,7399.390931826312
1778719500,7486.25,7489,7485.75,7487.75,7399.743662637385
1778720400,7487.75,7487.75,7484.5,7485.25,7400.0850053015065
1778721300,7485.25,7486.5,7482.5,7486.25,7400.428977336231
1778722200,7486.25,7487,7481,7482.75,7400.757604173212
1778723100,7482.5,7482.5,7477.75,7478.75,7401.06895106274
1778724000,7478.5,7481.75,7477.5,7480,7401.384045070474
1778724900,7480,7482.25,7479,7481.75,7401.704867245841
1778725800,7481.5,7484,7481,7482.75,7402.02840070993
1778726700,7482.75,7482.75,7476.5,7478.5,7402.3336765553995
1778727600,7478.5,7482.5,7477.5,7481.25,7402.648711778731
1778728500,7481.25,7482.75,7477.25,7480.25,7402.958497360452
1778729400,7480.25,7480.5,7473.75,7475,7403.246088189353
1778730300,7475,7476,7471.75,7473.25,7403.525544923128
1778731200,7473.5,7475.25,7471,7474.75,7403.809874085112
1778732100,7475,7478.25,7474,7477.5,7404.104046244453
1778733000,7477.5,7480.25,7477.5,7479,7404.403032087788
1778733900,7479,7481.75,7476.5,7477.5,7404.694836350911
1778734800,7477.5,7479.5,7476,7476.25,7404.980485706796
1778735700,7476.25,7477.75,7473.25,7476.75,7405.266990753874
1778736600,7477,7478.75,7474.75,7476.75,7405.55235206823
1778737500,7477,7486.75,7477,7483,7405.861524315463
1778738400,7483.25,7489.5,7483,7487,7406.18543040602
1778739300,7487,7489.25,7485.5,7486.75,7406.507045454299
1778740200,7486.75,7489.25,7486.5,7488.25,7406.8333646341225
1778741100,7488.25,7489,7484.75,7485,7407.145407090673
1778742000,7485,7486.75,7481.5,7483.5,7407.450215844802
1778742900,7483.25,7485.25,7483,7484.5,7407.757799813486
1778743800,7484.5,7489,7484.25,7486.75,7408.073137937983
1778744700,7487,7488.5,7478.25,7479.25,7408.357277107892
1778745600,7479.5,7486.5,7478,7486.5,7408.669224105465
1778746500,7486.5,7491.75,7486.25,7488.25,7408.986911833587
1778747400,7488,7491.25,7482.75,7483.5,7409.284369271378
1778748300,7483.75,7488.25,7482.25,7487.75,7409.59760532219
1778749200,7488,7490,7483,7485.5,7409.9006088937585
1778750100,7485.25,7486,7482.25,7483,7410.1924228303105
1778751000,7483,7484.5,7475.25,7480.75,7410.4740898050395
1778751900,7480.75,7486.75,7479.75,7485,7410.771598428572
1778752800,7485,7496.25,7484.75,7489,7411.083887456802
1778753700,7489.25,7494,7488,7489.25,7411.3959278262355
1778754600,7489.25,7490.25,7483.25,7485.25,7411.69075446166
1778755500,7485.5,7492.75,7484,7488.5,7411.997378196344
1778756400,7488.25,7495,7487.75,7493.25,7412.321739960031
1778757300,7493.25,7494,7485,7486.75,7412.618858762586
1778758200,7486.75,7490.75,7486.75,7490.25,7412.928763518024
1778759100,7490.25,7494.75,7490.25,7491,7413.240425140707
1778760000,7491,7496.75,7491,7494,7413.562818653119
1778760900,7494,7499.25,7493.75,7496.5,7413.893905205402
1778761800,7496.5,7497,7492.25,7492.25,7414.206703987017
1778762700,7492.25,7492.5,7486,7489.75,7414.508274030981
1778763600,7489.5,7489.5,7482,7485,7414.789678126665
1778764500,7484.75,7487.25,7480.5,7481,7415.053990788834
1778765400,7481,7500.5,7479.75,7498.25,7415.386110586084
1778766300,7498.25,7503.25,7485.75,7488.5,7415.677982400111
1778767200,7488.5,7500.75,7486.75,7499.25,7416.011603228853
1778768100,7499.25,7508,7498.75,7503.75,7416.361856309776
1778769000,7503.75,7514.75,7501.5,7514.5,7416.753625346464
1778769900,7514.5,7520,7514.5,7516.5,7417.151814466837
1778770800,7516.5,7525,7515.75,7525,7417.582346145612
1778771700,7525,7533,7525,7530,7418.031119214891
1778772600,7529.75,7533,7526.75,7532.25,7418.48708281084
1778773500,7532.25,7537.5,7530.5,7537.25,7418.961186272672
1778774400,7537,7540,7533.75,7534.25,7419.421421058011
1778775300,7534,7538,7522.75,7524.25,7419.839898419057
1778776200,7524.5,7527.75,7518,7522.75,7420.250717187843
1778777100,7522.75,7526.75,7515.75,7522.75,7420.659895961545
1778778000,7522.5,7527.5,7513.75,7515,7421.0365031632955
1778778900,7515,7516.25,7507,7513.5,7421.405618919131
1778779800,7513.5,7523.75,7511,7521.5,7421.805197286719
1778780700,7521.75,7527,7521,7521.5,7422.2031805310835
1778781600,7521.5,7522.75,7511,7522.75,7422.604565039941
1778782500,7522.5,7527.5,7518,7519.75,7422.9923711675265
1778783400,7520,7525.25,7517.75,7521.75,7423.386613198793
1778784300,7522,7528,7519.5,7527.5,7423.802235501393
1778785200,7527.5,7531.25,7526,7528.5,7424.220190649092
1778786100,7528.25,7530.75,7524.25,7525,7424.622505257279
1778787000,7525.25,7531.25,7524,7529.75,7425.042175894974
1778787900,7529.5,7530.5,7522.5,7526,7425.445201140902
1778788800,7526,7530,7525.75,7527,7425.850609519581
1778789700,7526.75,7527.25,7518.5,7519.75,7426.22545738577
1778790600,7519.5,7521.75,7518.25,7520,7426.5998068572835
1778791500,7520,7524,7520,7523,7426.984637967634
1778796000,7522.25,7527,7521.25,7523.5,7427.36992883403
1778796900,7523.5,7524,7520.5,7524,7427.75567762112
1778797800,7523.75,7525.5,7523.5,7524.5,7428.141882500877
1778798700,7524.5,7526.25,7523.75,7524,7428.5245496366015
1778799600,7524.25,7526.5,7524.25,7526.25,7428.914671194939
1778800500,7526.25,7527,7524,7526.75,7429.30523138977
1778801400,7526.75,7528.25,7526.5,7526.5,7429.693234458074
1778802300,7526.5,7526.5,7519.25,7521,7430.057732524109
1778803200,7520.75,7522.75,7517,7522.5,7430.4267635319975
1778804100,7522.5,7526.5,7522.25,7525.5,7430.806297410113
1778805000,7525.75,7525.75,7512.75,7517.25,7431.151382051191
1778805900,7517,7519.5,7514.75,7519,7431.502075136815
1778806800,7518.75,7520,7512.75,7514.25,7431.832406174192
1778807700,7514.25,7515.25,7503.5,7504.5,7432.122496369106
1778808600,7504.5,7508,7498,7504.75,7432.41242652332
1778809500,7504.5,7504.75,7494.25,7495.25,7432.663275120034
1778810400,7495.25,7500.25,7493.75,7498,7432.924100369056
1778811300,7497.75,7503.5,7496.5,7500,7433.191868431455
1778812200,7500,7504.25,7497.25,7504.25,7433.475533627337
1778813100,7504,7512,7502.25,7508.25,7433.774034491101
1778814000,7508,7509.5,7505.25,7508.25,7434.071343734649
1778814900,7508.25,7509.25,7506.5,7508.25,7434.36746611495
1778815800,7508,7509.5,7501.25,7506.25,7434.654422338044
1778816700,7506,7508,7503.75,7505.25,7434.936241011345
1778817600,7505.25,7505.25,7499.5,7503.75,7435.210946636051
1778818500,7503.75,7505,7499.75,7500.5,7435.471581579619
1778819400,7500,7501.75,7496.75,7497.25,7435.718202012435
1778820300,7497.5,7498.5,7492.25,7493.5,7435.948867872665
1778821200,7493.75,7493.75,7486,7488.25,7436.157654827265
1778822100,7488.25,7490.75,7486,7488.25,7436.365608301008
1778823000,7488.75,7488.75,7476.75,7477.5,7436.529817449507
1778823900,7477.5,7478,7466,7466,7436.647462888831
1778824800,7466.25,7477,7463.25,7475.25,7436.801564833387
1778825700,7475.5,7479.5,7463,7469.5,7436.932097508702
1778826600,7469.75,7482.75,7468.25,7482.25,7437.113007299086
1778827500,7482.25,7484.75,7478.25,7480.75,7437.287206870747
1778828400,7480.5,7487,7478.75,7486.5,7437.4836651267515
1778829300,7486.5,7487.25,7481.5,7484.75,7437.672353090317
1778830200,7484.75,7485.5,7473.25,7476,7437.825357668799
1778831100,7475.75,7475.75,7472,7474.5,7437.971763426609
1778832000,7474.75,7476,7460.25,7461,7438.063692514726
1778832900,7461.25,7461.25,7440.75,7442.5,7438.081402325047
1778833800,7442.5,7457.25,7435.75,7457,7438.156925669058
1778834700,7457,7458.5,7448,7450,7438.204203410898
1778835600,7450,7455,7445.75,7447.25,7438.240314375325
1778836500,7447.25,7449.5,7439.75,7449.25,7438.284265216143
1778837400,7449.25,7450.25,7441.75,7443.25,7438.304088508693
1778838300,7443.25,7450.25,7436.25,7445,7438.330818694287
1778839200,7445.5,7455,7441.5,7454.5,7438.39536632425
1778840100,7454.5,7461.5,7451.5,7453,7438.4536682550915
1778841000,7453,7459,7449.25,7457.5,7438.52970151555
1778841900,7457.5,7471.5,7455.75,7464.25,7438.632377357803
1778842800,7464.25,7468.5,7456.5,7461.25,7438.722667268551
1778843700,7461.5,7464.75,7456.75,7459,7438.803614704605
1778844600,7459.25,7460.5,7449.5,7449.75,7438.847312849497
1778845500,7449.75,7457.5,7446,7446.5,7438.877862498801
1778846400,7446.5,7447,7432.25,7432.25,7438.851403965871
1778847300,7432.5,7445,7431,7438,7438.8480051476445
1778848200,7438.25,7438.5,7429.75,7431.75,7438.819669797754
1778849100,7431.5,7440.5,7431,7437.75,7438.815399658841
1778850000,7438,7439.75,7432.5,7439.25,7438.817134590342
1778850900,7439,7460,7437.5,7459.75,7438.900698923315
1778851800,7459.5,7462,7427,7427.5,7438.855187151166
1778852700,7427.5,7451,7420.25,7432.25,7438.828819138586
1778853600,7432.5,7452.25,7430.25,7452,7438.881398702903
1778854500,7452,7467.75,7448.5,7452.25,7438.934766372752
1778855400,7452.5,7463.75,7451.75,7461.5,7439.024847145715
1778856300,7461.25,7462.25,7444.25,7450.5,7439.070656139145
1778857200,7450.5,7455.25,7442,7449.75,7439.113288250366
1778858100,7449.75,7458.75,7448,7453.5,7439.170720233398
1778859000,7453.25,7460.5,7438.75,7442,7439.182014763404
1778859900,7442,7444.75,7431.75,7443.75,7439.200250233411
1778860800,7443.75,7447.25,7437.25,7445,7439.223402927089
1778861700,7444.75,7454.75,7439.25,7454,7439.282391338558
1778862600,7454,7457.25,7450.75,7456.25,7439.350126303275
1778863500,7456.5,7458,7443,7450.25,7439.393638773122
1778864400,7450.5,7458.25,7447.5,7457.25,7439.464921652271
1778865300,7457.5,7470.5,7453.5,7466.5,7439.572846116733
1778866200,7466.5,7469.75,7461.5,7465,7439.674351721057
1778867100,7465.25,7471,7463.25,7470.75,7439.798406205205
1778868000,7470.75,7475.75,7470,7471,7439.922963465862
1778868900,7470.75,7471.5,7456,7458.25,7439.996125288354
1778869800,7458.25,7459.25,7445.25,7454.75,7440.0550229917935
1778870700,7454.75,7459.75,7449.75,7457,7440.122667610589
1778871600,7457,7458.5,7443.75,7447,7440.150122031305
1778872500,7446.75,7448.5,7441,7442.75,7440.160500785671
1778873400,7442.5,7449.5,7440.5,7441.5,7440.165848087923
1778874300,7441.5,7445.75,7427,7432.5,7440.135245899947
1778875200,7432.5,7433,7409.25,7419.75,7440.053867672802
1778876100,7419.75,7422.5,7412,7417.75,7439.964830276903
1778877000,7417.5,7420,7415.5,7417,7439.873154307734
1778877900,7417,7421,7415.25,7418,7439.785836326465
1779055200,7410,7435,7408.5,7430.75,7439.749765123565
1779056100,7431,7432.5,7422.5,7427,7439.698867857603
1779057000,7427,7431.75,7423.25,7430,7439.660149822243
1779057900,7429.75,7432,7424.25,7429.5,7439.619590341914
1779058800,7429.25,7430.75,7420,7422.5,7439.551248663902
1779059700,7422.5,7422.5,7411.75,7414.75,7439.452241683208
1779060600,7414.5,7418.25,7397.75,7412.25,7439.343649900042
1779061500,7412.25,7417.25,7407.5,7411.25,7439.23149960104
1779062400,7411,7415.25,7381.5,7393.75,7439.049936728381
1779063300,7393.75,7402.5,7391.5,7395.5,7438.876084685553
1779064200,7395.5,7398.5,7385.75,7386,7438.665002511159
1779065100,7386,7398,7385,7397.5,7438.50067116381
1779066000,7397.25,7400,7382,7382.5,7438.277115590302
1779066900,7382.25,7386.5,7378,7379.5,7438.042476406309
1779067800,7379.25,7383.25,7375,7383,7437.822745961574
1779068700,7383,7392.25,7381.25,7387.75,7437.62285476013
1779069600,7387.5,7390.5,7383,7389,7437.428751547515
1779070500,7389,7393,7387.5,7391.75,7437.246401241936
1779071400,7391.75,7392.75,7386.5,7387.25,7437.0468148098325
1779072300,7387,7387,7378.75,7382,7436.827067046121
1779073200,7382,7388.25,7381.5,7382,7436.608196518991
1779074100,7382.5,7385.75,7381,7384.75,7436.401177770412
1779075000,7385,7388.25,7378,7387.25,7436.204965483903
1779075900,7387.25,7387.5,7383.25,7385.5,7436.002550452031
1779076800,7385.5,7392.75,7385,7390.5,7435.820903544039
1779077700,7390.5,7393.25,7379.75,7381,7435.602057621707
1779078600,7380.75,7387.75,7379.5,7386.25,7435.405043419624
1779079500,7386.25,7389,7381.25,7384.75,7435.20282767743
1779080400,7384.75,7392.5,7383.25,7387.25,7435.011399223627
1779081300,7387,7387.75,7379.5,7387.25,7434.8207349552695
1779082200,7387.25,7392.5,7384.5,7389.25,7434.638815853652
1779083100,7388.75,7392.5,7384.75,7385,7434.440656908128
1779084000,7384.5,7388.25,7382,7385.75,7434.246283028256
1779084900,7385.75,7389.75,7379.25,7379.75,7434.028732996207
1779085800,7379.75,7389.25,7376,7389,7433.848977575064
1779086700,7389.25,7395.25,7388,7395.25,7433.694889840233
1779087600,7395,7401.25,7390.5,7391.5,7433.52644716622
1779088500,7391.5,7403.75,7384.75,7402.75,7433.403587097692
1779089400,7402.75,7407.75,7386.5,7389.25,7433.227325272951
1779090300,7389.25,7398.25,7388.5,7396.5,7433.080709203997
1779091200,7396.75,7406.75,7396.75,7403.5,7432.962622540508
1779092100,7403.5,7414.25,7400.5,7413.75,7432.885925444538
1779093000,7413.75,7416.25,7406,7407.25,7432.783586420807
1779093900,7407.25,7416.75,7407,7416.25,7432.717584079806
1779094800,7416.25,7417.75,7408.25,7408.25,7432.61990909346
1779095700,7408.25,7412.25,7405.5,7408.5,7432.52362203121
1779096600,7408.5,7411.5,7407,7411,7432.437699388371
1779097500,7411.5,7412.5,7406.5,7410.5,7432.35012374211
1779098400,7411,7411.5,7397.25,7401.75,7432.227967559506
1779099300,7402,7404.5,7400.25,7402.5,7432.109293038311
1779100200,7402.5,7403.5,7394,7400.5,7431.983108235763
1779101100,7400.5,7405,7398,7399,7431.85143914101
1779102000,7398.75,7400.75,7386.5,7399.5,7431.722291679369
1779102900,7399.25,7403,7397,7397.5,7431.585675744521
1779103800,7397.5,7433,7397,7426,7431.563377637756
1779104700,7426,7426.75,7409,7414,7431.493264353773
1779105600,7414.25,7423,7413.25,7419.75,7431.4463850549555
1779106500,7419.75,7422.5,7415,7420.5,7431.402686911024
1779107400,7420.5,7443.75,7417.25,7442.25,7431.445989558086
1779108300,7442.25,7453.25,7441.5,7450,7431.520057464041
1779109200,7450,7452.5,7440.75,7443.5,7431.567881585941
1779110100,7443.25,7444.25,7438,7438.25,7431.59455670935
1779111000,7438.5,7440.75,7419.5,7420,7431.5482710538245
1779111900,7420,7454.25,7415.25,7445.75,7431.6049645825515
1779112800,7445.75,7447,7425.75,7439.25,7431.635483686015
1779113700,7439,7448,7432.25,7435.25,7431.649912892857
1779114600,7435,7438.5,7404.25,7423,7431.615382302467
1779115500,7423,7428,7412.5,7423,7431.5809895587445
1779116400,7423,7430.5,7404.75,7412.25,7431.503819939748
1779117300,7412.25,7414.25,7395.25,7396.25,7431.363086127613
1779118200,7396.25,7414,7391.75,7402.5,7431.247864226904
1779119100,7402.25,7411.75,7399.75,7403,7431.1350983018465
1779120000,7403,7409.25,7396.75,7409.25,7431.047732639963
1779120900,7409,7419,7384.75,7388.25,7430.876883407867
1779121800,7388.25,7401,7381.75,7391.25,7430.718692256539
1779122700,7391.25,7413.5,7391,7404.75,7430.615024822381
1779123600,7405,7414.75,7399.25,7407.5,7430.522749274188
1779124500,7407.25,7414,7405.5,7413.5,7430.454794187265
1779125400,7413.5,7414,7402,7407.75,7430.364156286318
1779126300,7408,7413,7403.25,7410,7430.282862249246
1779127200,7410,7411.25,7390,7390.25,7430.1230504239
1779128100,7390.5,7391.25,7376.5,7387,7429.950902518016
1779129000,7387,7391.75,7379.25,7385.5,7429.773453805369
1779129900,7385.5,7387.25,7373.5,7376.5,7429.560785327104
1779130800,7376.5,7420.5,7376,7400.75,7429.445772212026
1779131700,7400.75,7405.25,7386.5,7395,7429.308264139323
1779132600,7395,7419,7392.75,7418.5,7429.2651173762915
1779133500,7418.25,7428,7415.75,7426.25,7429.25308097958
1779134400,7426.25,7428.25,7417,7422,7429.224126564492
1779135300,7421.75,7423.5,7419.25,7421.75,7429.194289731899
1779136200,7421.75,7424.75,7419.5,7424,7429.173554044346
1779137100,7424.25,7425.25,7420,7420.25,7429.1379310741095
1779141600,7423.5,7432.25,7422.75,7428,7429.133388435091
1779142500,7428,7437.5,7427.5,7435.5,7429.15880405012
1779143400,7435.5,7438.5,7434.25,7435,7429.182122197624
1779144300,7434.75,7435,7430.75,7434.25,7429.202353246736
1779145200,7434.25,7438.75,7434,7435.5,7429.227493553136
1779146100,7435.5,7436.5,7433,7435,7429.250537491048
1779147000,7435,7435.5,7432.25,7434.5,7429.271493429207
1779147900,7434.5,7434.5,7426.5,7429.25,7429.271407627095
1779148800,7429.25,7434.25,7423.25,7429.5,7429.272320171498
1779149700,7429.75,7440.75,7425.25,7435.75,7429.29817917281
1779150600,7436,7438,7427.25,7430.5,7429.302976860743
1779151500,7430.5,7433,7423.25,7424,7429.2818072924365
1779152400,7423.75,7426.5,7418.5,7422.5,7429.254734209433
1779153300,7422.75,7423.5,7411.5,7416.5,7429.203817106801
1779154200,7416.75,7425.75,7413,7424,7429.183043385816
1779155100,7424.25,7425.75,7416.5,7416.75,7429.133410478088
1779156000,7416.5,7416.5,7402.75,7408.5,7429.051041573984
1779156900,7408.5,7414,7404.25,7411.5,7428.980977535764
1779157800,7411.25,7414.5,7409.75,7414.5,7428.923169242208
1779158700,7414.25,7416.5,7409.5,7410.5,7428.849623656411
1779159600,7410.75,7415.5,7406.25,7414,7428.790343721655
1779160500,7414.25,7418.75,7412.75,7418,7428.747268497217
1779161400,7417.75,7422.25,7417,7418,7428.704365229763
1779162300,7417.75,7417.75,7411.5,7412.5,7428.639677145014
1779163200,7412.75,7412.75,7403.25,7406.5,7428.551295200323
1779164100,7406.75,7406.75,7397.25,7401,7428.441309989942
1779165000,7401,7409,7400.5,7404,7428.3437398901815
1779165900,7404,7407,7400.25,7404.75,7428.249553303794
1779166800,7405.25,7407.5,7400.5,7404.25,7428.153746703779
1779167700,7404.5,7405.5,7391.5,7403.75,7428.056326557256
1779168600,7403.75,7406.5,7397.75,7399.75,7427.943327249643
1779169500,7399.75,7403.5,7398.75,7402,7427.839761072997
1779170400,7402,7407.5,7396.5,7407.25,7427.757566418015
1779171300,7407.25,7412,7403.5,7409.75,7427.685679925328
1779172200,7409.5,7416.5,7407.5,7415.75,7427.638032500477
1779173100,7415.75,7415.75,7411,7413.5,7427.581593248978
1779174000,7413.75,7426.25,7411,7420.75,7427.5543214196405
1779174900,7420.75,7421.75,7417.25,7420,7427.524164447906
1779175800,7420,7427.25,7416.25,7424.5,7427.512091935139
1779176700,7424.5,7433,7424,7429.75,7427.521025699869
1779177600,7429.5,7431.25,7414.5,7418.25,7427.484015617235
1779178500,7418.25,7420.5,7406.5,7410.5,7427.416215155689
1779179400,7410.75,7415.5,7409.5,7414.25,7427.363655414549
1779180300,7414.25,7417.75,7412.75,7413.25,7427.3073134767665
1779181200,7412.75,7413,7406.5,7407,7427.226246357099
1779182100,7406.75,7407,7394.5,7396.25,7427.10258868701
1779183000,7396.25,7398.75,7384.25,7384.5,7426.93251847269
1779183900,7384.5,7400.75,7384,7398,7426.817019396951
1779184800,7398,7399.75,7392.75,7397,7426.697989379398
1779185700,7397.25,7398.5,7394.25,7396,7426.575442515607
1779186600,7396.25,7401.25,7384.75,7387.25,7426.4184547211335
1779187500,7387,7401.25,7384.25,7399.75,7426.311993824043
1779188400,7399.5,7405.25,7398.25,7399.25,7426.20396191257
1779189300,7399,7401.25,7395,7397.5,7426.089375238268
1779190200,7398,7403.25,7395.25,7396,7425.969257971848
1779191100,7396,7397.5,7388.5,7389,7425.8216761036965
1779192000,7389,7397.25,7385.75,7395.75,7425.701629492504
1779192900,7395.5,7396.25,7388,7394.75,7425.578070093333
1779193800,7394.75,7404.75,7393.25,7401,7425.479954045056
1779194700,7400.75,7404.5,7399,7401.25,7425.383227681603
1779195600,7401.25,7403.5,7386.25,7394.5,7425.259941343553
1779196500,7394.5,7394.75,7380,7386.75,7425.10620904278
1779197400,7386.75,7396,7373.5,7375,7424.906184256182
1779198300,7375,7402,7370,7392.5,7424.776818251167
1779199200,7392.25,7393,7367,7368,7424.550164286093
1779200100,7368,7370.5,7356.25,7363.25,7424.305453051417
1779201000,7363.25,7374,7359.25,7366.5,7424.074692759795
1779201900,7366.5,7371,7354.25,7370.75,7423.861819734806
1779202800,7370.75,7376.25,7365.5,7374.5,7423.664766562212
1779203700,7374.75,7378.75,7355.75,7361.25,7423.415605817453
1779204600,7361.25,7378.5,7359.25,7374.25,7423.21933593395
1779205500,7374.5,7378.5,7364.5,7368.75,7423.0018934751315
1779206400,7368.75,7379,7361.75,7366.75,7422.777335018145
1779207300,7367,7386.5,7366.5,7384,7422.622535277554
1779208200,7384,7393.5,7382.25,7393.25,7422.505279647703
1779209100,7393.25,7402,7391.25,7400.25,7422.416436215975
1779210000,7400.25,7409.25,7398.25,7407.75,7422.357887568407
1779210900,7407.75,7415.25,7406.25,7409,7422.304562667934
1779211800,7409,7414.75,7406,7410.25,7422.2564406612755
1779212700,7410.25,7410.5,7399.25,7406.75,7422.194538702548
1779213600,7406.75,7411.75,7404.75,7408.75,7422.140867889364
1779214500,7408.5,7410,7396.75,7397.5,7422.0425011512825
1779215400,7397.5,7402.25,7394,7397,7421.942531086806
1779216300,7397,7397.25,7380,7383,7421.787071880871
1779217200,7382.75,7399.5,7382,7399,7421.696105526057
1779218100,7399.25,7400.5,7377.5,7386.5,7421.555602110783
1779219000,7386.5,7389.25,7376.5,7377.5,7421.379731443674
1779219900,7377.5,7379.5,7365,7377.5,7421.204562855077
1779220800,7377.5,7378.25,7369.5,7374.75,7421.0191154983695
1779221700,7374.75,7376,7372,7373.25,7420.82842042652
1779222600,7373.5,7373.75,7371.25,7372.75,7420.636490604458
1779223500,7372.75,7373.75,7370.75,7372.5,7420.444328965319
1779228000,7377,7380.75,7373,7375.75,7420.265908490408
1779228900,7375.5,7376.25,7367.75,7369.25,7420.062252169089
1779229800,7369.5,7374.75,7367.75,7370.75,7419.86539687101
1779230700,7370.75,7376,7368.5,7375,7419.686293490287
1779231600,7375,7381.75,7374,7380.5,7419.529861180945
1779232500,7380.75,7385,7379.75,7383.75,7419.387027403775
1779233400,7383.75,7393.75,7383.75,7388,7419.261729889189
1779234300,7388,7388.25,7381.25,7382,7419.112980468474
1779235200,7381.5,7381.5,7359.5,7362.5,7418.886980546445
1779236100,7362.75,7371,7356,7370.75,7418.694816951449
1779237000,7371,7379.5,7369,7374,7418.516394528489
1779237900,7374,7381.25,7372.75,7375.5,7418.344672394644
1779238800,7375.5,7380.5,7367.5,7379.25,7418.188605838178
1779239700,7379,7382,7367.25,7368.75,7417.991246134233
1779240600,7369,7371,7359.5,7367,7417.787688265434
1779241500,7367.5,7386,7366.75,7381.5,7417.642827234434
1779242400,7381.75,7383.75,7379,7382.5,7417.502536506951
1779243300,7382.75,7387,7376.75,7377,7417.340849734469
1779244200,7376.5,7376.75,7364,7364,7417.127912210579
1779245100,7364,7368,7361.25,7364.75,7416.918818748661
1779246000,7365,7365,7356.5,7357,7416.679621867428
1779246900,7356.75,7365,7356,7363.75,7416.468325971749
1779247800,7363.75,7368.75,7359.75,7366,7416.266855608589
1779248700,7366.25,7367,7363.25,7365.75,7416.0651915143435
1779249600,7365.75,7373.25,7365.75,7372.75,7415.892276578158
1779250500,7372.75,7374.75,7368.5,7371.25,7415.714063897208
1779251400,7371.25,7371.75,7364.5,7364.75,7415.510614540332
1779252300,7364.5,7367,7362.25,7364,7415.304983344563
1779253200,7364,7374.25,7364,7369.75,7415.123127123627
1779254100,7369.5,7374.5,7365.5,7370.5,7414.944990887604
1779255000,7370.75,7381.25,7370.75,7373.75,7414.780539826176
1779255900,7373.75,7377.25,7369.25,7376.5,7414.627723299924
1779256800,7376.25,7380.75,7375.75,7379.75,7414.48849087158
1779257700,7379.75,7389.5,7379.75,7387.75,7414.381750389059
1779258600,7388,7388.5,7382.25,7383,7414.2564739404
1779259500,7383,7389.5,7382.75,7389.25,7414.156647697125
1779260400,7389.25,7390.75,7386.5,7387.5,7414.050233933863
1779261300,7387.5,7392.5,7386.75,7391.5,7413.960213039915
1779262200,7391.5,7391.5,7385.25,7390,7413.864563486862
1779263100,7389.75,7390.25,7384.5,7385,7413.749335688511
1779264000,7385.25,7393.75,7384.5,7391.75,7413.6615139891555
1779264900,7391.5,7396.5,7388.25,7396.5,7413.593004951274
1779265800,7396.5,7402,7395,7400.5,7413.540737466439
1779266700,7400.5,7403.75,7397.5,7397.75,7413.477700590325
1779267600,7397.75,7399,7393.25,7393.25,7413.3969512865715
1779268500,7393,7397,7392.25,7397,7413.331494395208
1779269400,7396.75,7398.75,7396.5,7397.75,7413.269292820776
1779270300,7397.75,7406,7396.75,7402,7413.224305623887
1779271200,7402,7408,7401.5,7406,7413.195466080478
1779272100,7406,7407.5,7403.25,7405.25,7413.16374765301
1779273000,7405.5,7412,7404.5,7405,7413.13115784202
1779273900,7405,7407,7399.5,7400.75,7413.081732062212
1779274800,7400.5,7404.25,7399,7399.5,7413.027513570945
1779275700,7399.75,7405.5,7399.5,7405.25,7412.9964656125785
1779276600,7405.25,7407.75,7399,7401.5,7412.950571538277
1779277500,7401.5,7403.5,7395,7399,7412.894880633932
1779278400,7399,7406.25,7397.5,7406,7412.867356160344
1779279300,7406,7414.5,7402.25,7412.5,7412.865889668686
1779280200,7412.75,7416.25,7407.75,7407.75,7412.845466955438
1779281100,7408,7410.25,7402.25,7402.5,7412.804167686154
1779282000,7402.5,7404,7400,7401.75,7412.760039272237
1779282900,7401.5,7403.5,7393.5,7394.75,7412.688142907877
1779283800,7395,7400,7380.75,7398.25,7412.6305056108395
1779284700,7398,7410.5,7391.25,7399.5,7412.578088422772
1779285600,7399.75,7401,7376.75,7391.25,7412.492946353221
1779286500,7391.25,7423.75,7390,7417.75,7412.513932595323
1779287400,7417.5,7428.75,7412.75,7421.5,7412.549805119893
1779288300,7421.5,7433.75,7414.5,7430.75,7412.622460588476
1779289200,7430.75,7434,7424.5,7426.5,7412.677859947405
1779290100,7426.5,7458,7426.5,7431.75,7412.75399623504
1779291000,7431.75,7443.25,7431.25,7442,7412.870746749072
1779291900,7442.25,7448.5,7438,7441.25,7412.9840371812115
1779292800,7441.5,7444.25,7437.25,7439.75,7413.090887332185
1779293700,7439.5,7440.25,7424,7428,7413.150404748025
1779294600,7428.25,7438.25,7423.75,7438,7413.249604729071
1779295500,7437.75,7439,7425.5,7432.5,7413.326452614384
1779296400,7432.75,7440,7426.25,7435.25,7413.4139717656235
1779297300,7435,7442.5,7433.75,7440.25,7413.521101618854
1779298200,7440.5,7446,7436.75,7441.5,7413.63279382796
1779299100,7441.5,7442.25,7434.75,7437.25,7413.72707409212
1779300000,7437.5,7443.75,7432,7439.25,7413.828962019897
1779300900,7439.25,7441.75,7435,7439.75,7413.932439217422
1779301800,7439.5,7447.25,7436.25,7436.75,7414.023527284418
1779302700,7436.5,7441.75,7435.25,7440.25,7414.128223782285
1779303600,7440.5,7446,7439,7444.25,7414.248470393933
1779304500,7444,7448.5,7442.75,7447,7414.379215023098
1779305400,7447,7455,7444.25,7451.25,7414.526403785481
1779306300,7451,7453.75,7444.5,7451.5,7414.674002971967
1779307200,7451.5,7452,7444.25,7448,7414.807040884254
1779308100,7448.25,7453.75,7428.5,7452.25,7414.956513774936
1779309000,7452.5,7453.75,7436.25,7438.75,7415.051497751882
1779309900,7439,7442,7431.25,7433.25,7415.124146463451
1779314400,7432.75,7432.75,7407.5,7415.75,7415.126644880763
1779315300,7416,7418.25,7408,7416.25,7415.131129332337
1779316200,7416,7418.5,7415,7417.5,7415.140585901869
1779317100,7417.25,7419,7415,7419,7415.155992744576
1779318000,7419,7425.75,7418.75,7422.75,7415.186308142801
1779318900,7422.5,7422.5,7415.5,7417.75,7415.196542441632
1779319800,7418,7420.5,7417,7419,7415.211725904939
1779320700,7418.75,7422.25,7417.25,7420.75,7415.233834783562
1779321600,7420.5,7422.25,7415,7420.5,7415.254857399196
1779322500,7420.75,7423,7414.5,7418.75,7415.268810064269
1779323400,7419,7422.5,7416.25,7422,7415.295681081977
1779324300,7421.75,7424.75,7420,7422.5,7415.324440838137
1779325200,7422.75,7431.5,7422.75,7431.5,7415.389013928603
1779326100,7431.5,7434.25,7428.75,7430.5,7415.449337226293
1779327000,7430.5,7437.5,7429,7436.25,7415.5323738042325
1779327900,7436.25,7437,7430.5,7435,7415.610088878866
1779328800,7435.25,7439,7435.25,7438.25,7415.700467765577
1779329700,7438.25,7444.5,7438,7441.5,7415.803459910225
1779330600,7441.5,7441.75,7438.5,7439,7415.896060868667
1779331500,7439,7440.5,7436.25,7438.75,7415.987294158612
1779332400,7438.75,7442.75,7438.25,7441.5,7416.089141287719
1779333300,7441.25,7445.25,7440,7444.25,7416.201559885373
1779334200,7444,7448,7443.25,7447.75,7416.327501762078
1779335100,7447.75,7448,7443.25,7444,7416.43797081692
1779336000,7444,7448.25,7443.25,7448,7416.563966941403
1779336900,7448,7451.75,7447,7450.75,7416.700438131258
1779337800,7450.75,7451.5,7447.5,7450.5,7416.835366521952
1779338700,7450.5,7454,7450,7453,7416.979736316275
1779339600,7453.25,7457.5,7452,7453.25,7417.124527788066
1779340500,7453.25,7456,7450,7450.5,7417.2577632060775
1779341400,7451,7451,7446,7448,7417.380486706253
1779342300,7448,7448.25,7434,7445.75,7417.493738256328
1779343200,7445.75,7451.25,7444.25,7445.75,7417.606537704406
1779344100,7445.5,7451.25,7442,7447.5,7417.725872883231
1779345000,7447.5,7449,7438.75,7439,7417.810799538388
1779345900,7439.25,7439.25,7433,7438,7417.891395149013
1779346800,7438,7439.5,7428.75,7430.5,7417.941728900913
1779347700,7430.5,7433,7426.5,7430.5,7417.991861719673
1779348600,7430.25,7434.75,7430,7434.25,7418.056764467298
1779349500,7434.5,7441.5,7432.25,7440.25,7418.145360217928
1779350400,7440.25,7461.25,7439.5,7460.75,7418.315438620251
1779351300,7461,7469.75,7451.5,7459.5,7418.479848046917
1779352200,7459.25,7459.75,7451,7454.75,7418.624639072678
1779353100,7455,7456,7449.75,7452.5,7418.759870054424
1779354000,7452.25,7458.75,7451.25,7457.5,7418.914521271771
1779354900,7457.25,7463.75,7457.25,7462,7419.086519190846
1779355800,7462,7463.75,7453.25,7454,7419.225894363737
1779356700,7454,7457.25,7452.75,7454.75,7419.367707160688
1779357600,7454.75,7457.5,7451,7457.5,7419.519931882602
1779358500,7457.5,7459,7427.5,7433,7419.573744529777
1779359400,7433.5,7434.25,7417.75,7425,7419.595406228261
1779360300,7425,7426.25,7415,7423.5,7419.610993428946
1779361200,7423.25,7429.75,7418.75,7428.25,7419.645480481126
1779362100,7428.25,7438,7428,7433.25,7419.699789940283
1779363000,7433.25,7435.5,7427.75,7429,7419.736916527348
1779363900,7429,7435.25,7428.75,7429.75,7419.77688891646
1779364800,7430.25,7432.75,7425.75,7427.25,7419.806721695237
1779365700,7427,7430,7422,7425.5,7419.82944935314
1779366600,7425.75,7436.5,7422.5,7425.25,7419.851088277878
1779367500,7425.5,7428,7417.75,7419.25,7419.848688723875
1779368400,7419.25,7428.25,7417.5,7422.25,7419.858274796834
1779369300,7422,7423.75,7418.75,7423.75,7419.873810625988
1779370200,7423.75,7424.5,7411.25,7413.25,7419.8473682682
1779371100,7413.75,7439.5,7410.5,7435.25,7419.908855820023
1779372000,7435.25,7443.75,7429.5,7431.5,7419.955127852678
1779372900,7431.25,7432.75,7411.5,7422.25,7419.964289018934
1779373800,7422.25,7430.25,7417,7422.75,7419.975409621653
1779374700,7422.75,7430,7413.5,7426.75,7420.00245389462
1779375600,7426.75,7430.75,7408.5,7427,7420.03038821041
1779376500,7427,7431,7424,7425.25,7420.051224984021
1779377400,7425,7430.75,7415,7428.5,7420.084952628796
1779378300,7428.5,7435.75,7428.25,7430,7420.124533656226
1779379200,7430.25,7437,7429.5,7431.75,7420.170942703507
1779380100,7431.75,7432.75,7420.75,7425.25,7420.1912183813365
1779381000,7425.25,7429,7420.75,7426.5,7420.216403138297
1779381900,7426.5,7429,7418,7426.25,7420.240489353314
1779382800,7426.25,7449.25,7426.25,7442.25,7420.3283516712645
1779383700,7442.25,7468,7440.75,7459,7420.482729508904
1779384600,7459,7474,7457,7473,7420.692379291304
1779385500,7473,7486.75,7469,7474.5,7420.907180172377
1779386400,7474.5,7478.75,7464.75,7466.25,7421.088189433166
1779387300,7466.25,7473.75,7463,7471,7421.287438177944
1779388200,7470.75,7474.5,7466.5,7472.5,7421.491879542503
1779389100,7472.5,7474,7438,7447.75,7421.596702378661
1779390000,7447.5,7463,7447.25,7462.75,7421.760986999903
1779390900,7462.75,7466.5,7461.25,7464.5,7421.931601822259
1779391800,7464.25,7467.75,7458.5,7461.5,7422.0895594996155
1779392700,7461.25,7469.75,7456.75,7465.25,7422.261856667282
1779393600,7465.25,7470.25,7463.25,7468.5,7422.4464400738
1779394500,7468.25,7468.25,7464,7465.25,7422.617312568515
1779395400,7465.25,7467.75,7465,7467,7422.794488965447
1779396300,7467.25,7468.75,7466.5,7467,7422.970958071373
1779400800,7467,7476.25,7466.75,7475.5,7423.18065484554
1779401700,7475.5,7476.75,7471,7473.5,7423.381530474899
1779402600,7473.5,7474.25,7470.25,7472.75,7423.578610193562
1779403500,7472.75,7479,7472.75,7478,7423.795861250674
1779404400,7478,7479,7477,7477.75,7424.011247034104
1779405300,7477.75,7478.75,7476.75,7477.5,7424.224774990055
1779406200,7477.75,7480,7476.25,7478,7424.439446546981
1779407100,7478.25,7484,7478.25,7479.5,7424.659249155577
1779408000,7479.75,7484.5,7476.5,7480.5,7424.882166324616
1779408900,7480.75,7488,7480.5,7484.5,7425.120161668629
1779409800,7484.75,7488.5,7484.25,7484.5,7425.35720693143
1779410700,7484.5,7487,7484.25,7484.25,7425.592307901763
1779411600,7484.25,7485.25,7480.25,7484.75,7425.828466353253
1779412500,7484.75,7484.75,7480,7481.25,7426.049710000546
1779413400,7481.25,7481.75,7474.25,7479.25,7426.262086407729
1779414300,7479.25,7484,7479,7480.75,7426.479603028855
1779415200,7480.5,7483,7479,7482,7426.701241340117
1779416100,7482,7483.75,7478.25,7479.5,7426.912014827782
1779417000,7479.25,7484.5,7478.75,7482.75,7427.134920956214
1779417900,7483,7485,7481.25,7483.5,7427.359931251798
1779418800,7483.25,7484.25,7480,7481.5,7427.576059270753
1779419700,7481.75,7483.5,7480.75,7483.25,7427.798310531149
1779420600,7483.25,7486.75,7483.25,7486.75,7428.033646616853
1779421500,7486.5,7488.75,7486.5,7488.75,7428.276027269081
1779422400,7488.5,7492.75,7488.5,7492,7428.530414385771
1779423300,7492,7493,7490.75,7492.75,7428.786779997005
1779424200,7492.5,7492.5,7489,7490.25,7429.032142152706
1779425100,7490.25,7493.75,7490.25,7493.25,7429.288500866667
1779426000,7493.25,7494.75,7492.75,7493,7429.542838188557
1779426900,7493.25,7494,7490.5,7492.5,7429.794164183812
1779427800,7492.5,7493.25,7489.5,7491.75,7430.0414928697055
1779428700,7491.75,7493.25,7484.25,7485.5,7430.262884115735
1779429600,7485.25,7489.5,7483.25,7489.25,7430.498361624254
1779430500,7489.25,7492,7486.5,7489.75,7430.734895110784
1779431400,7490,7494.75,7487.5,7493,7430.983458403755
1779432300,7492.75,7493,7488.25,7489,7431.21506136422
1779433200,7489,7489.25,7481.5,7483,7431.421787666159
1779434100,7482.75,7489.75,7482.75,7489,7431.651640809208
1779435000,7489.25,7489.25,7481.5,7485.75,7431.867602322945
1779435900,7485.75,7489,7484,7488.75,7432.094677762773
1779436800,7488.75,7492.5,7488,7489.25,7432.322842721804
1779437700,7489.5,7500.5,7489.5,7494.25,7432.570056922515
1779438600,7494.25,7494.75,7483.75,7489.25,7432.796324160349
1779439500,7489.5,7492.75,7484.75,7485.25,7433.005720071885
1779440400,7485.25,7485.25,7475.75,7476.75,7433.18034793587
1779441300,7476.5,7480.25,7475,7476.5,7433.353280678641
1779442200,7476.5,7482.25,7473,7482,7433.547479158966
1779443100,7482,7485.5,7480.5,7483.25,7433.745892415816
1779444000,7483.5,7483.5,7478.25,7478.75,7433.925549531921
1779444900,7478.5,7479.75,7472,7472.75,7434.080537358141
1779445800,7473,7474.5,7469.5,7472.5,7434.233908466492
1779446700,7472.75,7475.75,7472,7474.5,7434.394651346865
1779447600,7474.5,7478.75,7473,7474,7434.5527565311095
1779448500,7474,7476.25,7472.5,7474.5,7434.712226564918
1779449400,7474.5,7479.25,7472.25,7479.25,7434.890022067652
1779450300,7479,7486.75,7478.75,7480.75,7435.073095831854
1779451200,7480.75,7499.5,7478,7495.5,7435.314320998194
1779452100,7495.25,7499.25,7486,7491,7435.536619117961
1779453000,7491,7495.25,7490.25,7494.25,7435.7710038719815
1779453900,7494.25,7503.5,7494.25,7502.75,7436.03838509405
1779454800,7503,7507.75,7495.75,7502.75,7436.304698926009
1779455700,7502.75,7505.25,7494.75,7496.75,7436.545997533091
1779456600,7496.75,7516.25,7491,7508.5,7436.833239059905
1779457500,7508.25,7515.75,7500.5,7509.75,7437.124323933917
1779458400,7510,7510,7486,7489.75,7437.334406473104
1779459300,7490,7495,7478.75,7491.25,7437.549638383391
1779460200,7491.25,7499.75,7488.5,7498,7437.790957192239
1779461100,7498,7501.75,7492,7499.5,7438.037300676501
1779462000,7499.5,7506,7498.75,7504.75,7438.303618837474
1779462900,7504.75,7513.75,7503.25,7513.5,7438.603803991815
1779463800,7513.5,7515.25,7509,7512,7438.896802778275
1779464700,7512.25,7513,7507.75,7510.75,7439.183641888941
1779465600,7510.75,7512.25,7506,7508.5,7439.460353897368
1779466500,7508.25,7508.5,7502.75,7508.25,7439.734963263047
1779467400,7508.25,7511,7502.75,7504.5,7439.993506323873
1779468300,7504.5,7510,7504.5,7507.25,7440.261995320584
1779469200,7507.25,7513.5,7507,7510.5,7440.542386556829
1779470100,7510.75,7522.5,7501.5,7522.25,7440.868564654406
1779471000,7522,7524,7512.25,7514.75,7441.16350052405
1779471900,7514.75,7515.5,7505.25,7508.25,7441.431310901199
1779472800,7508.25,7511.5,7502.5,7506.5,7441.691066147103
1779473700,7506.5,7510.25,7503.75,7507,7441.951780453901
1779474600,7507.25,7509,7502.25,7507.5,7442.213449993007
1779475500,7507.75,7509,7503.5,7505.5,7442.466090911199
1779476400,7505.5,7506.75,7495.5,7498,7442.687783163051
1779477300,7498,7498.75,7489,7489.75,7442.875656284156
1779478200,7490,7495.5,7486.5,7490.5,7443.065773424739
1779479100,7490.75,7497,7483.75,7490.75,7443.256129618652
1779480000,7491,7495,7487.25,7494.25,7443.459697963488
1779480900,7494.25,7494.5,7490.75,7491.5,7443.651475616329
1779481800,7491.5,7493.25,7485,7485.5,7443.818535593909
1779482700,7485.5,7487.75,7482.25,7484.25,7443.97993864543
1779660000,7519,7532.5,7517,7531,7444.3273241198995
1779660900,7530.75,7532.5,7527,7528,7444.6613467781035
1779661800,7528.25,7533.75,7528,7532.75,7445.01299808837
1779662700,7532.75,7536.75,7532.5,7533.25,7445.365241608975
1779663600,7533.5,7538.5,7533.25,7538,7445.73504104367
1779664500,7538.25,7538.5,7534.75,7536,7446.095380201181
1779665400,7536,7544,7536,7540.5,7446.472244950877
1779666300,7540.5,7541.5,7536.5,7537.25,7446.834631198578
1779667200,7537.5,7543.25,7535,7542,7447.21453287044
1779668100,7542,7545.5,7539.5,7543.5,7447.598905992713
1779669000,7543.5,7545.75,7542.75,7544.25,7447.984738703321
1779669900,7544.5,7547.5,7541,7542.5,7448.362045135644
1779670800,7542.5,7545,7541,7544.75,7448.7468273905915
1779671700,7544.75,7547.75,7543.5,7547,7449.1390556245615
1779672600,7547,7549.5,7546.25,7547.75,7449.532712089134
1779673500,7547.75,7547.75,7545.5,7546.25,7449.918809046862
1779674400,7546.25,7549.25,7546,7547.75,7450.309352723322
1779675300,7548,7548,7545.25,7546.5,7450.693347323229
1779676200,7546.75,7548,7546,7548,7451.081797034514
1779677100,7548,7552.25,7548,7552,7451.48466411222
1779678000,7552,7558.25,7552,7555.75,7451.900892998
1779678900,7556,7559.25,7555,7556.25,7452.317456299405
1779679800,7556.5,7558.75,7556.25,7557,7452.735350685436
1779680700,7556.75,7557.5,7555.25,7555.75,7453.146586810444
1779681600,7555.75,7558.25,7555.75,7557.75,7453.564165306211
1779682500,7557.75,7558.5,7557,7557.75,7453.980076821955
1779683400,7557.75,7558.25,7556.25,7558,7454.395326016278
1779684300,7557.75,7562.5,7557.75,7559,7454.812909545155
1779685200,7559.25,7562,7559.25,7561.5,7455.238806113837
1779686100,7561.25,7563.75,7561,7562.5,7455.666994512584
1779687000,7562.75,7565,7561.75,7564.5,7456.101457608343
1779687900,7564.5,7564.5,7561,7561,7456.520214264597
1779688800,7561,7562,7559,7560.75,7456.936301233601
1779689700,7560.5,7560.75,7557,7560.25,7457.348731168796
1779690600,7560.25,7560.75,7558.5,7559,7457.754524657144
1779691500,7558.75,7562.75,7558.5,7559.75,7458.161692223383
1779692400,7559.75,7561,7557,7557.25,7458.557254330276
1779693300,7557,7558.5,7548.25,7555.75,7458.945249322969
1779694200,7556,7566,7555.25,7560.75,7459.3516555132965
1779695100,7560.5,7561.75,7558.75,7561,7459.757437327615
1779696000,7561,7561.75,7555.25,7557.75,7460.148625202554
1779696900,7557.75,7558,7553,7553.75,7460.522283385379
1779697800,7554,7558.5,7553,7558.25,7460.912413990626
1779698700,7558.5,7560.25,7558.5,7559.75,7461.30697521222
1779699600,7560,7562,7559.5,7559.5,7461.698963335125
1779700500,7559.5,7560.5,7558.5,7559,7462.0873906272
1779701400,7559,7561,7558,7560.5,7462.480255335275
1779702300,7560.25,7561.25,7559.5,7559.75,7462.868557709186
1779703200,7559.75,7561.75,7558.25,7561.5,7463.262296001763
1779704100,7561.5,7563.25,7560.75,7561.5,7463.65446248479
1779705000,7561.5,7562.75,7560.25,7562,7464.047059440939
1779705900,7562.5,7562.75,7560.75,7561.75,7464.437091139777
1779706800,7561.5,7562,7559.25,7561.25,7464.823569817862
1779707700,7561.25,7562.5,7561,7561.75,7465.2105016748765
1779708600,7562,7564.75,7561.75,7563.75,7465.603872925675
1779709500,7564,7566.5,7563.5,7564,7465.996671836151
1779710400,7564,7565.25,7562.25,7563,7466.383910671137
1779711300,7563,7568.75,7562,7564,7466.7735956584775
1779712200,7564,7564.5,7561,7561.5,7467.151744977206
1779713100,7561.5,7561.75,7558,7559.25,7467.519402681888
1779714000,7559,7560,7558,7559.25,7467.885592691142
1779714900,7559.5,7559.5,7557.5,7558.5,7468.247326852055
1779715800,7558.5,7565,7558.5,7564,7468.629573052247
1779716700,7564.25,7565.75,7561.75,7565,7469.014285335472
1779717600,7565,7565.5,7560.25,7560.5,7469.379497769262
1779718500,7560.25,7561.25,7558.5,7559.25,7469.738262249225
1779719400,7559.5,7559.5,7554.25,7554.75,7470.077630463799
1779720300,7554.5,7558,7554.25,7555.75,7470.41963593101
1779721200,7555.5,7569.75,7554.25,7564,7470.79321023867
1779722100,7564,7565.75,7558.25,7558.25,7471.142339139913
1779723000,7558.25,7560.5,7556.75,7559.25,7471.494066328975
1779723900,7559,7560.75,7557.5,7559,7471.84339141349
1779724800,7559,7559.5,7557.25,7558.75,7472.190323982698
1779725700,7559,7560.25,7555.75,7555.75,7472.523895543645
1779726600,7556,7558.75,7555.25,7558.5,7472.867113525507
1779727500,7558.75,7564.75,7558.25,7564.5,7473.232913471513
1779746400,7561.25,7565.75,7555.25,7555.75,7473.562322998572
1779747300,7555.75,7559,7554.5,7556.75,7473.894409533508
1779748200,7556.75,7556.75,7549,7553.75,7474.21319432579
1779749100,7553.5,7553.75,7547.75,7549.25,7474.512742452234
1779750000,7549.25,7551.5,7546.25,7547.25,7474.803110745838
1779750900,7547,7547.75,7542.75,7544.5,7475.081341840665
1779751800,7544.5,7548,7543.75,7547,7475.368442272439
1779752700,7547,7550.75,7547,7547.5,7475.656392602689
1779753600,7547.75,7548,7536,7539.75,7475.91225530687
1779754500,7539.75,7542.5,7537,7541.75,7476.175080634986
1779755400,7541.75,7545.5,7539.25,7540,7476.429870732252
1779756300,7540,7541.5,7537.25,7539.75,7476.6826456993895
1779757200,7539.75,7541.25,7535.75,7541,7476.939401604781
1779758100,7540.75,7541,7534.5,7536,7477.175172456658
1779759000,7536.25,7536.5,7531.75,7534.5,7477.404014083578
1779759900,7534.25,7539.25,7534.25,7539,7477.649906242925
1779760800,7538.75,7541,7538,7539.25,7477.895814800837
1779761700,7539.25,7540.75,7535,7538.25,7478.136749671891
1779762600,7538.25,7540,7536,7537,7478.371732707134
1779763500,7537.25,7538.75,7536.5,7538.25,7478.610767706306
1779764400,7538.25,7539.5,7536.5,7536.5,7478.841862446002
1779765300,7536.5,7540.75,7536.5,7540,7479.086006707695
1779766200,7540.25,7541,7539.5,7539.5,7479.327180333612
1779767100,7539.25,7541.5,7538.5,7540.5,7479.571383206532
1779768000,7540.25,7542.25,7538,7542.25,7479.821597245627
1779768900,7542.25,7542.5,7540,7540,7480.061830390356
1779769800,7540,7542.25,7539.25,7540,7480.301104520534
1779770700,7539.5,7540,7537.25,7538.5,7480.533435440611
1779771600,7538.5,7539.75,7535.5,7538.75,7480.765836895938
1779772500,7539,7540.25,7538.5,7539.75,7481.001302616913
1779773400,7539.75,7541.25,7537.5,7538.5,7481.230838335009
1779774300,7538.5,7539.25,7536,7537.25,7481.454467722893
1779775200,7537.5,7541.5,7536.25,7541,7481.69217443857
1779776100,7541,7544,7536,7538.75,7481.9199501893145
1779777000,7538.75,7544.5,7537.75,7542.5,7482.161786715505
1779777900,7542.75,7542.75,7538.75,7539.5,7482.390681778516
1779778800,7539.75,7541.25,7529.5,7532.25,7482.589720973014
1779779700,7532.5,7533.5,7528.75,7531,7482.7829755799075
1779780600,7531,7533,7525.25,7532.75,7482.982444739269
1779781500,7532.75,7535,7528.5,7531.25,7483.17512959061
1779782400,7531.25,7533.25,7528,7530,7483.362055220987
1779783300,7530,7532.5,7529.25,7531,7483.552226657231
1779784200,7531,7532.25,7528.5,7531.5,7483.743634934048
1779785100,7531.5,7533.5,7529.5,7532.75,7483.939269125928
1779786000,7532.75,7534.25,7530.75,7531,7484.127136315046
1779786900,7530.75,7537.5,7530,7537.25,7484.339203635146
1779787800,7537.25,7539,7536,7536,7484.545434359157
1779788700,7536,7538.5,7536,7537.5,7484.756829830778
1779789600,7537.75,7541.75,7536.25,7541.75,7484.984347476164
1779790500,7542,7547.25,7540.75,7546.25,7485.228920939333
1779791400,7546.25,7551.25,7544.25,7545,7485.467528041371
1779792300,7545.25,7545.5,7542.25,7542.25,7485.694204576136
1779793200,7542.5,7544.5,7540.25,7540.25,7485.911992182619
1779794100,7540.5,7544,7539.75,7541.25,7486.132902393467
1779795000,7541.25,7543.25,7532.25,7540.75,7486.350934719241
1779795900,7541,7542,7539.25,7540,7486.565102644514
1779796800,7540,7542.25,7536,7541,7486.782407623977
1779797700,7541,7547.75,7540,7545,7487.014813182364
1779798600,7545.25,7548.5,7543.25,7545.5,7487.248286982036
1779799500,7545.5,7546,7542.75,7544,7487.474840726619
1779800400,7543.75,7544.75,7540.25,7542.5,7487.694502041083
1779801300,7542.75,7544,7534,7534.25,7487.880352332336
1779802200,7534,7540.75,7525,7540,7488.088414798075
1779803100,7540,7545,7529.5,7541.5,7488.301634699081
1779804000,7541.5,7548.5,7539,7548.25,7488.540949530621
1779804900,7548.25,7552.75,7545.25,7549.75,7488.785297037485
1779805800,7549.5,7555.25,7547.25,7554.25,7489.046633177056
1779806700,7554.25,7554.75,7545.75,7547.75,7489.280977954792
1779807600,7548,7548.75,7537.25,7539.5,7489.481453092698
1779808500,7539.5,7539.5,7530.75,7532,7489.65118781089
1779809400,7532,7533.75,7525.25,7527.25,7489.801282869529
1779810300,7527.25,7527.75,7517,7523.25,7489.934810682425
1779811200,7523,7527.75,7519.75,7522.5,7490.064811438184
1779812100,7522.5,7531.25,7521.5,7530.75,7490.227227360586
1779813000,7531,7534,7525.5,7526,7490.370032840185
1779813900,7526,7528,7522,7523.5,7490.502288198108
1779814800,7523.5,7528,7522.5,7526.25,7490.6449936344425
1779815700,7526.25,7526.75,7518.5,7519.75,7490.761181284604
1779816600,7519.75,7525,7518.25,7522,7490.88588714774
1779817500,7522,7526.75,7521.25,7524,7491.018079215014
1779818400,7523.75,7530.75,7521.5,7530,7491.173695665254
1779819300,7530.25,7533.75,7529.5,7530,7491.328690892139
1779820200,7530,7533.75,7527.5,7527.5,7491.473087335684
1779821100,7527.5,7529.5,7523.75,7524.75,7491.605929302407
1779822000,7524.5,7528,7522,7525.5,7491.741234973855
1779822900,7525.25,7529.25,7525.25,7528.75,7491.888974554798
1779823800,7528.5,7539,7528.5,7538.75,7492.076044516654
1779824700,7538.75,7542.5,7534.25,7539.25,7492.26436370022
1779825600,7539.25,7540.75,7535.75,7535.75,7492.4379590547105
1779826500,7535.75,7538.75,7535,7535.25,7492.608865405789
1779827400,7535.25,7537.5,7535,7535.75,7492.78108550397
1779828300,7536,7536.25,7531,7532.75,7492.940642048864
1779832800,7533,7538,7529.25,7531.75,7493.095569625515
1779833700,7531.75,7534.75,7530.25,7532.75,7493.253870744775
1779834600,7533,7536.25,7532.75,7533.75,7493.415531939407
1779835500,7533.5,7534.5,7531.5,7533.25,7493.574551771984
1779836400,7533.5,7536,7533.5,7534,7493.735930806826
1779837300,7534,7539.25,7533.5,7539,7493.916625693825
1779838200,7538.75,7542,7536.5,7542,7494.108575291853
1779839100,7542,7544.75,7541.25,7543.5,7494.305746647974
1779840000,7543.5,7545.25,7542,7543.75,7494.503128896884
1779840900,7543.75,7543.75,7537.75,7542.25,7494.693735168753
1779841800,7542.25,7546.25,7541.25,7543.75,7494.889568561292
1779842700,7544,7547.25,7543,7545.75,7495.092604215738
1779843600,7545.75,7548.75,7544,7547.75,7495.302813380546
1779844500,7547.75,7548.75,7546,7547,7495.509189375034
1779845400,7547,7547.5,7545.25,7545.25,7495.707755485313
1779846300,7545.5,7545.5,7541.5,7542.25,7495.893552868605
1779847200,7542.5,7545,7542.25,7544,7496.08559457372
1779848100,7544.25,7546.5,7544,7545.5,7496.2828576692345
1779849000,7545.5,7546.75,7544.25,7545,7496.477337279337
1779849900,7545,7547,7544,7544.25,7496.668046511755
1779850800,7544.25,7546.75,7543.25,7543.75,7496.855998421888
1779851700,7543.75,7544.25,7541.75,7543,7497.040206013018
1779852600,7543,7543.5,7540,7541.75,7497.218688224543
1779853500,7541.75,7541.75,7538.5,7539,7497.385479888318
1779854400,7539,7542.5,7538.5,7540.5,7497.557593741059
1779855300,7540.5,7540.75,7535.5,7536.25,7497.712054444687
1779856200,7536,7540.75,7535.5,7540.75,7497.883862610576
1779857100,7541,7543,7540.5,7541.5,7498.0579789275
1779858000,7541.25,7543.5,7540.25,7542,7498.23339617729
1779858900,7542.25,7542.5,7538.75,7542.25,7498.40911116261
1779859800,7542.5,7543.25,7537.75,7542.5,7498.585122694895
1779860700,7542.75,7545,7541.25,7543.75,7498.765421606293
1779861600,7543.75,7545.5,7542,7543.25,7498.943004753573
1779862500,7543.25,7544.25,7540.25,7541.5,7499.11289295815
1779863400,7541.5,7542,7537,7539.5,7499.274118934365
1779864300,7539.5,7541.25,7538.75,7540,7499.436697301892
1779865200,7540.25,7545.5,7540,7545.25,7499.619584737813
1779866100,7545.25,7547.5,7544.25,7546.25,7499.805734100137
1779867000,7546.5,7548.25,7545.25,7547.25,7499.995132367202
1779867900,7547.5,7548.5,7544.75,7548,7500.186768565337
1779868800,7547.75,7552,7547,7551.5,7500.391611804597
1779869700,7551.5,7558.5,7551.5,7557,7500.6175933941995
1779870600,7557.25,7559,7555,7558.75,7500.849658889631
1779871500,7558.75,7559.75,7557.25,7557.75,7501.076805959932
1779872400,7557.5,7558.5,7555.75,7557.75,7501.303046255502
1779873300,7557.75,7559,7556.75,7557.25,7501.526387388214
1779874200,7557.25,7561.25,7556,7558.25,7501.752828955527
1779875100,7558.25,7561,7557,7560,7501.985352592431
1779876000,7560.25,7565,7560,7564.75,7502.235910067112
1779876900,7564.75,7564.75,7561,7561.5,7502.472493260457
1779877800,7561.5,7561.75,7559.25,7560.5,7502.704139993948
1779878700,7560.5,7563,7560.25,7561.75,7502.93985200994
1779879600,7562,7566.5,7561,7563,7503.179613079761
1779880500,7563,7565.25,7559.75,7560,7503.406440971658
1779881400,7560,7560.5,7556,7556.75,7503.619389311093
1779882300,7556.5,7556.75,7550.5,7551,7503.80853346554
1779883200,7551.25,7551.25,7547.25,7548.75,7503.987940517573
1779884100,7548.75,7570.75,7545.25,7566.75,7504.238487661216
1779885000,7567,7568.75,7558.25,7558.25,7504.454102480931
1779885900,7558.25,7558.25,7551.5,7552.75,7504.64690047502
1779886800,7552.75,7553.5,7544.75,7547.5,7504.817970732604
1779887700,7547.25,7548.5,7541.75,7542,7504.966401987165
1779888600,7542,7546.25,7525.5,7528.25,7505.059350482226
1779889500,7528.25,7538.25,7526.25,7538,7505.1908500811
1779890400,7538,7546.25,7534.5,7541.5,7505.335796787363
1779891300,7541.5,7547,7528.75,7533.75,7505.4492267403075
1779892200,7533.75,7543.5,7525.75,7537.5,7505.577173938949
1779893100,7537.75,7538.75,7528,7530,7505.674670250571
1779894000,7530,7534.75,7527,7531.5,7505.777765379311
1779894900,7531.5,7531.75,7522,7528.5,7505.868472902747
1779895800,7528.75,7535,7518.5,7519.25,7505.921892172597
1779896700,7519.25,7526,7516.5,7524.25,7505.995058271708
1779897600,7524.25,7530.5,7519,7529,7506.086894366432
1779898500,7529,7531.5,7526.5,7529.5,7506.180359857983
1779899400,7529.75,7537.5,7527.75,7535.5,7506.297404329607
1779900300,7535.75,7539.75,7529.25,7531,7506.396017485976
1779901200,7531,7532,7515,7522,7506.4583088333375
1779902100,7522,7528.25,7520.5,7524.75,7506.5313295565575
1779903000,7524.75,7532.5,7524.5,7527.25,7506.614038819805
1779903900,7527,7533.75,7525,7530.75,7506.710389962241
1779904800,7530.5,7534,7526.5,7533.5,7506.81733451329
1779905700,7533.75,7541.5,7532.25,7540.5,7506.95179625176
1779906600,7540.5,7542.75,7537.75,7541.75,7507.090711236783
1779907500,7541.75,7544.25,7540.25,7542,7507.23006967496
1779908400,7542,7545.25,7539.5,7543,7507.372863807994
1779909300,7543,7543.75,7536.75,7539.5,7507.5011158486805
1779910200,7539.25,7542.75,7537.25,7542.5,7507.640831953077
1779911100,7542.75,7542.75,7535.25,7540,7507.770010268634
1779912000,7539.75,7543.75,7538.5,7543,7507.910648950196
1779912900,7543.25,7549.25,7543.25,7546,7508.0627022478
1779913800,7546,7549.25,7546,7549,7508.226124594116
1779914700,7549,7557.25,7549,7554.25,7508.409852639649
1779919200,7553.75,7557.75,7548.75,7550,7508.575881172026
1779920100,7549.75,7552,7545,7545,7508.72128683601
1779921000,7545,7547.75,7541.25,7544.75,7508.86511403427
1779921900,7544.5,7547,7543.5,7546.25,7509.014355096009
1779922800,7546,7547.75,7544,7545.5,7509.160006373071
1779923700,7545.25,7549.25,7540.75,7543.5,7509.297092175973
1779924600,7543.5,7543.5,7536.5,7537.75,7509.410676638345
1779925500,7537.75,7537.75,7532.25,7534.5,7509.510833617833
1779926400,7534.25,7539.75,7532.5,7534,7509.6085947610745
1779927300,7534.5,7542.25,7533.75,7540,7509.72991773608
1779928200,7540,7542.5,7536.25,7541.5,7509.856744411784
1779929100,7541.5,7551.75,7541.25,7549.25,7510.014002917126
1779930000,7549,7550.25,7544.25,7547.25,7510.162649612068
1779930900,7547.25,7548.25,7544,7546.5,7510.307708895054
1779931800,7546.5,7549.25,7544.75,7545,7510.446201075114
1779932700,7545.5,7550.5,7542.75,7549.25,7510.601106460043
1779933600,7549.5,7550.75,7542.75,7543,7510.730443360402
1779934500,7543,7543.25,7537.75,7537.75,7510.838305861957
1779935400,7537.75,7539.25,7533.25,7534.25,7510.931765718796
1779936300,7534.25,7537.75,7532.5,7534,7511.0238544784015
1779937200,7534.25,7536.25,7527.75,7530.25,7511.100605558328
1779938100,7530.25,7533,7526.75,7527.25,7511.165074198814
1779939000,7527.25,7527.25,7512.75,7513,7511.172399251913
1779939900,7512.75,7518,7511.5,7512.75,7511.17869705929
1779940800,7512.75,7515,7507,7509.5,7511.171995673824
1779941700,7509.5,7511.5,7505.75,7509.5,7511.165321040396
1779942600,7509.25,7515,7508.25,7511.75,7511.167655088138
1779943500,7511.5,7513,7508.75,7510,7511.162993790382
1779944400,7510,7514.75,7507,7514,7511.174319164472
1779945300,7514,7517.75,7512.25,7517.75,7511.200569387368
1779946200,7517.75,7526.5,7517,7524.75,7511.254658930732
1779947100,7525,7529.25,7525,7527.75,7511.32050859568
1779948000,7528,7530.5,7527.5,7530,7511.395077423641
1779948900,7530.25,7531.5,7528,7529.25,7511.466354559674
1779949800,7529,7529.25,7524.25,7527.25,7511.529363124306
1779950700,7527.25,7529,7523.75,7528.25,7511.59611217371
1779951600,7528.25,7534.25,7528.25,7530.5,7511.671576795771
1779952500,7530.5,7531.5,7528.5,7529.5,7511.742748145888
1779953400,7529.75,7531.5,7528,7529.75,7511.814633382831
1779954300,7530,7532.25,7525.25,7531.75,7511.894215684696
1779955200,7531.75,7534.5,7529.75,7532,7511.974478296734
1779956100,7532,7534.25,7526.75,7530,7512.046436467206
1779957000,7530,7533,7529,7530.5,7512.120103387497
1779957900,7530.5,7533.25,7529.25,7533.25,7512.204454272178
1779958800,7533,7536,7530,7531.25,7512.280484394843
1779959700,7531,7534.25,7531,7531.5,7512.357209008038
1779960600,7531.5,7531.5,7527.5,7529,7512.423647295431
1779961500,7529,7533.75,7528.5,7532.25,7512.502794412016
1779962400,7532.25,7532.5,7528,7528.5,7512.566655512167
1779963300,7528.5,7530,7524,7527.25,7512.625271657827
1779964200,7527.25,7528,7523.25,7523.5,7512.668683747018
1779965100,7523.75,7526.25,7515,7519.25,7512.694956466591
1779966000,7519,7523.25,7517.5,7518.25,7512.71713228908
1779966900,7518.25,7522.5,7518,7518.5,7512.740217589323
1779967800,7518.5,7524.75,7517,7524.25,7512.786164824495
1779968700,7524.5,7524.75,7520.5,7522,7512.822946601643
1779969600,7522,7526,7520.75,7525.25,7512.872555597245
1779970500,7525,7525.75,7521,7525,7512.920968548952
1779971400,7525,7536,7524.75,7535.5,7513.011104403048
1779972300,7535.5,7539.75,7535,7538.25,7513.111858477288
1779973200,7538.25,7544,7535.5,7535.5,7513.201232295742
1779974100,7535.75,7538.75,7534.5,7535.25,7513.289251328493
1779975000,7535.25,7537.25,7525.25,7528.5,7513.349972880076
1779975900,7528.75,7537,7526.25,7535.75,7513.439394146024
1779976800,7535.75,7574,7533.25,7564.5,7513.643228899932
1779977700,7564.5,7569,7553.25,7561.5,7513.834273894344
1779978600,7561.5,7563.75,7551.25,7558.5,7514.012580186183
1779979500,7558.5,7563.5,7552,7562.75,7514.207140744322
1779980400,7562.75,7573.5,7561.5,7567,7514.41789068147
1779981300,7567.25,7575.75,7565,7573.5,7514.653747405297
1779982200,7573.5,7576.5,7571.75,7574.25,7514.891656597291
1779983100,7574.25,7577,7572.25,7574.75,7515.130612059977
1779984000,7574.75,7576.25,7570.75,7576,7515.373603628599
1779984900,7576,7582.75,7574,7578,7515.623609202936
1779985800,7578,7578.75,7574.5,7578.25,7515.87361475502
1779986700,7578.5,7582.25,7576.5,7581,7516.13360032486
1779987600,7581,7582.75,7576.5,7576.75,7516.375581960289
1779988500,7577,7579.25,7574.75,7576.5,7516.615599597174
1779989400,7576.75,7579.75,7575,7579,7516.86463911974
1779990300,7579,7583.75,7578.5,7581,7517.120668504492
1779991200,7581,7583,7578.75,7579.25,7517.368689787907
1779992100,7579.25,7582.5,7578,7581.75,7517.625701006318
1779993000,7581.75,7582,7576.75,7577.75,7517.86571816797
1779993900,7577.75,7580.25,7576,7576.75,7518.100785161311
1779994800,7576.5,7579.5,7575.25,7576.75,7518.334913763461
1779995700,7576.75,7582.25,7576,7582.25,7518.590063808318
1779996600,7582,7586.5,7581.5,7582.25,7518.84419529012
1779997500,7582.25,7584.75,7579.75,7582,7519.096314270998
1779998400,7581.75,7590,7580,7589.5,7519.377366908639
1779999300,7589.5,7590.5,7587.25,7589.75,7519.658295583654
1780000200,7589.75,7590.75,7587.5,7588,7519.9311167589685
1780001100,7588,7589.5,7587.5,7587.75,7520.201850823803
1780005600,7587.5,7592.5,7585.75,7588,7520.47250211792
1780006500,7588,7588.5,7585,7586.5,7520.736084943796
1780007400,7586.5,7588.5,7585,7587.25,7521.001609554799
1780008300,7587.25,7588,7585.25,7585.5,7521.259088159371
1780009200,7585.5,7588.75,7585.5,7588,7521.525518945162
1780010100,7588,7590,7587.75,7589,7521.794878150969
1780011000,7588.75,7588.75,7586.75,7587,7522.05517803859
1780011900,7587,7587,7584,7585.25,7522.3074527769595
1780012800,7585,7585.25,7582,7583.5,7522.5517344026
1780013700,7583.5,7586,7582.5,7583,7522.793044844107
1780014600,7583,7583,7577,7578,7523.013431890638
1780015500,7578,7578.75,7575.75,7577.5,7523.230943140575
1780016400,7577.5,7579.5,7574,7576.25,7523.442596062169
1780017300,7576,7578,7574.25,7574.75,7523.647416037969
1780018200,7574.75,7578.5,7572.75,7577.75,7523.86339441706
1780019100,7578,7579.5,7574.5,7577.25,7524.076514599027
1780020000,7577.25,7581.25,7576.25,7581,7524.303754061706
1780020900,7580.75,7581,7574.25,7575.75,7524.509128296989
1780021800,7575.75,7578.75,7575,7577.75,7524.721666706981
1780022700,7577.75,7578.25,7575.25,7576,7524.926370632302
1780023600,7576.25,7581.5,7575.75,7580,7525.146225440157
1780024500,7580,7582,7579.25,7580.5,7525.367198592092
1780025400,7580.75,7581.5,7579.25,7580.75,7525.588287619668
1780026300,7580.5,7582.75,7578.25,7580.75,7525.808494056317
1780027200,7580.75,7583,7580.75,7582.25,7526.033809449305
1780028100,7582.25,7584.5,7582.25,7584,7526.265211407592
1780029000,7584,7586.75,7583.25,7586.75,7526.506667649478
1780029900,7586.5,7587.5,7584.5,7585,7526.740173966246
1780030800,7585.25,7587.5,7584.5,7586.25,7526.97773814203
1780031700,7586.5,7588,7585.25,7587.5,7527.21934397779
1780032600,7587.25,7587.5,7584,7585.5,7527.45200128726
1780033500,7585.75,7587.25,7584.75,7586,7527.685725833019
1780034400,7586,7590.25,7586,7589.25,7527.931491398556
1780035300,7589.25,7592.5,7587.5,7587.75,7528.170287840079
1780036200,7587.75,7590.75,7587,7590.25,7528.418111042314
1780037100,7590,7592.75,7589.75,7592.5,7528.673926966297
1780038000,7592.5,7592.75,7589.25,7589.75,7528.917743625114
1780038900,7589.75,7590,7584.25,7585.75,7529.1446189000635
1780039800,7585.75,7586,7580,7582.25,7529.356616429404
1780040700,7582.25,7587,7581.75,7586.5,7529.584733729087
1780041600,7586.5,7589.5,7584.5,7588.25,7529.818926408811
1780042500,7588.25,7589,7584.75,7587.5,7530.049190175642
1780043400,7587.5,7588.75,7585.75,7586,7530.272546701887
1780044300,7585.75,7586.25,7582.25,7586,7530.495011585313
1780045200,7586,7593.5,7585.25,7592.75,7530.7435344931555
1780046100,7592.75,7595.25,7589.75,7592.25,7530.989069285598
1780047000,7592.25,7592.5,7589.75,7590.25,7531.225639867293
1780047900,7590.5,7593.25,7589.75,7590.25,7531.461266055447
1780048800,7590.5,7590.5,7585,7587.25,7531.683975572191
1780049700,7587.25,7589.25,7585.75,7588.5,7531.910786048949
1780050600,7588.75,7590.75,7587,7589.75,7532.141681114622
1780051500,7589.75,7591.25,7589.25,7590.25,7532.37365045149
1780052400,7590.25,7593.25,7589.5,7592.75,7532.614673802981
1780053300,7592.75,7595.75,7590,7590,7532.843756941492
1780054200,7590.25,7592.5,7586.25,7591.25,7533.076915596416
1780055100,7591,7593.75,7584.25,7593.5,7533.318125514195
1780056000,7593.5,7594,7589.5,7590.25,7533.5453984662345
1780056900,7590,7593,7589.25,7592,7533.7787501689645
1780057800,7592,7592.75,7586,7589,7533.999194280066
1780058700,7588.75,7592.25,7586.5,7591.25,7534.227740410684
1780059600,7591.5,7593.25,7589,7589.25,7534.447390149564
1780060500,7589.25,7591,7587.25,7590.75,7534.6721510671305
1780061400,7590.75,7606,7586.75,7605.75,7534.955894975046
1780062300,7605.75,7610,7603.75,7609,7535.251480224647
1780063200,7608.75,7611.5,7602.75,7604,7535.525925413371
1780064100,7604.25,7604.25,7589.25,7597,7535.771330900742
1780065000,7596.75,7600.25,7581.75,7582.75,7535.958870497945
1780065900,7582.25,7598.25,7577.5,7590.75,7536.177597561826
1780066800,7591,7603.5,7589.25,7603.5,7536.446349667367
1780067700,7603.25,7604.75,7593.25,7598.5,7536.694068830371
1780068600,7598.5,7604,7595.25,7597.5,7536.936807078553
1780069500,7597.25,7599.5,7593.25,7594.75,7537.16759826786
1780070400,7594.75,7605.25,7593.75,7603.25,7537.431400270782
1780071300,7603.25,7604,7597.25,7598,7537.673191088064
1780072200,7598,7608.5,7595.25,7605.25,7537.942958788311
1780073100,7605,7606,7595.5,7598.25,7538.183705459815
1780074000,7598,7600.5,7595.25,7597.75,7538.421495058778
1780074900,7597.75,7600.25,7592,7596,7538.651349369921
1780075800,7596.25,7597.25,7590.25,7590.75,7538.859328015151
1780076700,7591,7593.25,7582.5,7583.5,7539.037534290539
1780077600,7583.25,7591.75,7581.75,7588,7539.232993235487
1780078500,7588,7594.75,7586.25,7593.5,7539.44962799303
1780079400,7593.5,7598.25,7593.5,7594.75,7539.670387961121
1780080300,7594.75,7594.75,7584.5,7585.25,7539.852342500199
1780081200,7585.25,7595.75,7583.75,7594.5,7540.070496821555
1780082100,7594.5,7599.5,7590.25,7599.25,7540.306742343226
1780083000,7599.5,7607,7599,7602.5,7540.555018820897
1780083900,7602.5,7604.25,7593,7595,7540.772364055145
1780084800,7595,7599,7593.25,7596.25,7540.993831663707
1780085700,7596.5,7596.5,7589.25,7590.75,7541.1924590822155
1780086600,7591,7592.75,7589.75,7590,7541.387299564921
1780087500,7590.25,7594,7589.25,7590.75,7541.584356253285
1780264800,7595,7597,7585.25,7594.75,7541.796594352074
1780265700,7594.25,7597.5,7592,7595.75,7542.011977208952
1780266600,7595.5,7600,7595.25,7599.75,7542.242468317898
1780267500,7600,7603.25,7599.75,7601.5,7542.479025330601
1780268400,7601.5,7604,7600.25,7603,7542.720626027884
1780269300,7602.75,7604.75,7600.75,7603.75,7542.964256263301
1780270200,7604,7605.25,7602.75,7603.75,7543.206913922928
1780271100,7603.75,7606.5,7602.5,7605.25,7543.454590913256
1780272000,7605.25,7612,7604.5,7609.25,7543.717247236956
1780272900,7609.25,7612,7607,7611.75,7543.988835072337
1780273800,7611.5,7613.5,7609.5,7611.5,7544.25834072075
1780274700,7611.5,7614,7610.75,7611.75,7544.527768502304
1780275600,7611.5,7612.75,7608.25,7610.25,7544.790132699899
1780276500,7610.25,7613.25,7610,7610.75,7545.053445543413
1780277400,7610.75,7613,7610.25,7612.75,7545.323691269787
1780278300,7612.75,7614.5,7612.25,7613.75,7545.596850186874
1780279200,7613.75,7617.5,7613.75,7617,7545.881892701098
1780280100,7617,7617.75,7616.25,7616.75,7546.164799317062
1780281000,7616.75,7617,7614.75,7615,7546.439590537353
1780281900,7615,7615.75,7614,7615.5,7546.715280794689
1780282800,7615.5,7617.25,7615,7615.25,7546.988872488123
1780283700,7615.25,7618,7611,7617.5,7547.270354035077
1780284600,7617.25,7619.75,7612.5,7612.5,7547.530751823359
1780285500,7612.75,7614.5,7611.5,7612.25,7547.789112095522
1780286400,7612.25,7615.25,7612.25,7614.25,7548.054425021288
1780287300,7614.25,7615.5,7613.25,7614.75,7548.320674821603
1780288200,7615,7618,7614.25,7617.75,7548.597837796367
1780289100,7617.75,7617.75,7616.25,7617.5,7548.872896328117
1780290000,7617.5,7617.75,7615,7616.5,7549.142864805849
1780290900,7616.5,7617,7614,7614.25,7549.402773529179
1780291800,7614.5,7617.5,7614.5,7617.25,7549.673620740639
1780292700,7617.25,7619,7616.75,7617.75,7549.945382733691
1780293600,7618,7618.75,7616.75,7617.5,7550.215061844535
1780294500,7617.5,7617.75,7614.25,7614.5,7550.471688344158
1780295400,7614.5,7617.5,7614.25,7616.5,7550.735274418632
1780296300,7616.5,7618.5,7616,7617.5,7551.001800269256
1780297200,7617.75,7620.5,7616.25,7618.75,7551.272252164388
1780298100,7618.75,7619.5,7612,7613.25,7551.519668323413
1780299000,7613.25,7614.5,7607.5,7609,7551.749130725315
1780299900,7609,7612,7607.5,7611.25,7551.986659145573
1780300800,7611.25,7612.75,7608.75,7609.75,7552.217251324632
1780301700,7609.75,7610.5,7607.5,7607.75,7552.438938944095
1780302600,7607.75,7609.5,7605.75,7609.5,7552.666727610985
1780303500,7609.5,7614.25,7605.75,7614,7552.911571013735
1780304400,7614.25,7616.5,7611.5,7612,7553.147452965776
1780305300,7612,7613.75,7611,7612.25,7553.38339127729
1780306200,7612.25,7613,7611,7612.25,7553.618387719296
1780307100,7612,7612.25,7609,7610,7553.843464015826
1780308000,7610,7614.75,7610,7614.25,7554.08460787205
1780308900,7614.25,7615.25,7612,7614.5,7554.325787082142
1780309800,7614.75,7617.75,7614.75,7616.75,7554.574985536904
1780310700,7617,7617,7615,7616.5,7554.8221911834635
1780311600,7616.25,7617.5,7614,7615.25,7555.063419961174
1780312500,7615.25,7617.25,7614,7616.75,7555.309673773704
1780313400,7616.75,7623,7615.5,7619.25,7555.564924577003
1780314300,7619.25,7620.25,7613.75,7614.25,7555.799196335179
1780315200,7614.25,7614.25,7608,7608.5,7556.009578784939
1780316100,7608.5,7611.5,7606.25,7610.25,7556.226107412544
1780317000,7610.25,7614.5,7606.75,7613.75,7556.455743710298
1780317900,7613.75,7615.75,7608.25,7608.75,7556.664503216444
1780318800,7608.75,7610.25,7581.5,7588.75,7556.7925890319475
1780319700,7588.75,7596,7577,7583,7556.897209435014
1780320600,7583,7595,7576.25,7591.25,7557.034346323497
1780321500,7591.5,7596.75,7583.25,7584.75,7557.144987655539
1780322400,7585.25,7594,7581.5,7587.75,7557.267163353521
1780323300,7587.75,7596.25,7585.25,7587,7557.38585731219
1780324200,7587,7590.25,7581,7586.25,7557.501083430704
1780325100,7586.25,7588.25,7581.25,7585,7557.610859544753
1780326000,7585,7591.25,7582.75,7587.5,7557.730177470722
1780326900,7587.5,7592.25,7586.25,7589.75,7557.858001113554
1780327800,7589.75,7603,7589.5,7601.25,7558.031222665994
1780328700,7601.5,7601.75,7595,7595.5,7558.180798623415
1780329600,7595.5,7600.75,7591.25,7593.5,7558.32179343929
1780330500,7593.5,7596.75,7587,7596.25,7558.47320344552
1780331400,7596.25,7601,7596,7599,7558.6349870645
1780332300,7599,7609.25,7596.5,7608,7558.832052984402
1780333200,7607.75,7608.5,7598.75,7601.25,7559.001386106221
1780334100,7601.5,7614,7599.5,7613.75,7559.219943447114
1780335000,7614,7632.25,7606.75,7623.5,7559.4765504593015
1780335900,7623.5,7629.75,7623.25,7624.25,7559.735127104174
1780336800,7624.25,7627,7622,7622.75,7559.986683483
1780337700,7623,7628.25,7622.25,7627.25,7560.255199716601
1780338600,7627.25,7628,7624.25,7627.75,7560.524640037093
1780339500,7627.75,7627.75,7623.5,7624.25,7560.779032691636
1780340400,7624.25,7626,7622.75,7623.5,7561.029415794663
1780341300,7623.5,7626.5,7622.75,7625.75,7561.287781400273
1780342200,7625.5,7625.75,7617.75,7619,7561.518169498476
1780343100,7618.75,7620,7610.5,7614,7561.727677803871
1780344000,7614,7616.25,7613,7615.75,7561.94333577671
1780344900,7615.5,7615.75,7610.75,7611.75,7562.142164775606
1780345800,7611.75,7618,7610.5,7615.25,7562.354172101851
1780346700,7615,7615.25,7606.5,7608.5,7562.53838698368
1780351200,7612,7612,7595.5,7598.5,7562.681946317078
1780352100,7598.5,7600.25,7593.75,7594.5,7562.8089644954525
1780353000,7594.25,7595.75,7591,7592,7562.925495575311
1780353900,7592.25,7595.5,7591.25,7595.5,7563.055533517127
1780354800,7595.5,7596.25,7593.5,7594.75,7563.182058333426
1780355700,7594.75,7596.75,7594.25,7595.25,7563.310074068621
1780356600,7595.5,7599,7593.75,7595.25,7563.437578762958
1780357500,7595.5,7596.25,7592,7595.75,7563.566570464503
1780358400,7595.75,7596,7586.75,7588.25,7563.665107109355
1780359300,7588.25,7591,7583.75,7586.75,7563.757262370395
1780360200,7586.75,7589.75,7583.25,7585.25,7563.84306172221
1780361100,7585,7585.5,7580.25,7581.75,7563.9145465057545
1780362000,7581.5,7586,7580,7585.25,7563.99971797679
1780362900,7585.5,7586,7578.5,7583,7564.075567406024
1780363800,7583,7585,7579.25,7581,7564.143130011189
1780364700,7581,7581,7577.5,7577.5,7564.1964508494675
1780365600,7577.75,7579.75,7577.25,7578.25,7564.252552842085
1780366500,7578.25,7581.75,7577.25,7579.75,7564.314418898603
1780367400,7580,7583.25,7580,7581.75,7564.384022016773
1780368300,7582,7582.5,7579.75,7581.5,7564.452349274191
1780369200,7581.25,7582.75,7577.5,7578.5,7564.508427720202
1780370100,7578.5,7580,7576.5,7578.25,7564.5632842961695
1780371000,7578,7580.75,7577,7580.25,7564.6259059157455
1780371900,7580,7582.25,7579.75,7582,7564.69526357676
1780372800,7581.75,7584.5,7581.25,7582.5,7564.766340368869
1780373700,7582.25,7586.75,7581.5,7585.5,7564.8491094691935
1780374600,7585.5,7586,7584,7585.75,7564.932546157939
1780375500,7585.5,7590.75,7585.25,7590.25,7565.033613837947
1780376400,7590.5,7592.75,7588.5,7592.75,7565.144258094083
1780377300,7592.75,7594.25,7591.5,7593.5,7565.257454668557
1780378200,7593.75,7596.75,7593.75,7595.25,7565.377185388444
1780379100,7595.25,7595.5,7592,7594.25,7565.492446125416
1780380000,7594,7598,7593.75,7596.25,7565.615230771622
1780380900,7596.25,7598.75,7596.25,7597.25,7565.741517275527
1780381800,7597.25,7600.25,7595.25,7598.5,7565.872289661653
1780382700,7598.5,7602.5,7598.25,7601.5,7566.014516050229
1780383600,7601.5,7605.25,7601.25,7604.75,7566.169148720687
1780384500,7604.5,7606,7603.25,7604,7566.32017008308
1780385400,7604,7605,7602.25,7604.25,7566.4715865697735
1780386300,7604.25,7606.5,7602.25,7606.25,7566.6303826313715
1780387200,7606.25,7610.5,7605.75,7606.75,7566.79054078454
1780388100,7606.75,7609,7603.25,7603.75,7566.938083535899
1780389000,7603.75,7607.5,7603.5,7605.25,7567.091025318191
1780389900,7605.5,7607.75,7604.75,7605.75,7567.24535256243
1780390800,7605.5,7605.5,7601.75,7602.5,7567.386089677949
1780391700,7602.5,7604.25,7599,7600.25,7567.5172829327275
1780392600,7600.25,7605.25,7598.5,7604.5,7567.664918529803
1780393500,7604.5,7605.75,7601,7601.5,7567.799988715313
1780394400,7601.5,7603.25,7599.5,7601.75,7567.935517702477
1780395300,7601.75,7603.5,7600.75,7602,7568.071503659753
1780396200,7602.25,7602.75,7599.25,7600,7568.1989627269795
1780397100,7600,7601,7598.75,7599,7568.321920959606
1780398000,7599,7601.75,7595.5,7598.5,7568.442392333021
1780398900,7598.5,7598.75,7596,7598.5,7568.562382782789
1780399800,7598.75,7604.5,7598.5,7598.75,7568.682892232759
1780400700,7599,7599.25,7596,7596.25,7568.792940567158
1780401600,7596.25,7600.25,7595.25,7598.5,7568.911531622779
1780402500,7598.25,7603,7597.25,7601.25,7569.040627304924
1780403400,7601,7602,7597.25,7601.25,7569.169207635044
1780404300,7601.25,7601.5,7596.5,7597,7569.280308602569
1780405200,7597,7598.25,7587.5,7591.75,7569.3700079694245
1780406100,7591.75,7599.75,7590.75,7598,7569.484299354776
1780407000,7598.25,7605.25,7595.5,7601,7569.610110534997
1780407900,7601.25,7605.25,7600.75,7603.75,7569.746397518889
1780408800,7603.5,7611.75,7600,7609.5,7569.905094534782
1780409700,7609.5,7612.5,7603,7604.75,7570.044195953805
1780410600,7605,7617.25,7604.75,7617,7570.231644273351
1780411500,7616.75,7625.25,7616,7625.25,7570.451278427949
1780412400,7625.25,7630.25,7621.75,7628,7570.681013843406
1780413300,7628,7632,7626.5,7627,7570.905840135448
1780414200,7626.75,7628.5,7623.75,7624.75,7571.1207868814145
1780415100,7624.75,7627.25,7623.5,7624.75,7571.3348755565385
1780416000,7624.75,7627.75,7621.75,7626.75,7571.556093618189
1780416900,7626.5,7626.75,7620,7621.25,7571.754472485981
1780417800,7621.25,7623.25,7618.75,7620.75,7571.9500634141805
1780418700,7621,7627.25,7620.5,7626.5,7572.167827632088
1780419600,7626.5,7627.5,7623.75,7626.75,7572.385720535753
1780420500,7626.75,7626.75,7617,7618,7572.5678134677455
1780421400,7618,7621.25,7615.5,7618.75,7572.752173493823
1780422300,7618.75,7621,7616.25,7616.5,7572.926815515803
1780423200,7616.75,7621.25,7616,7618.5,7573.10874439598
1780424100,7618.25,7619,7616.5,7617.5,7573.285954997194
1780425000,7617.5,7620.25,7614.25,7616.25,7573.4574681508975
1780425900,7616.5,7619.75,7615.75,7619,7573.6392746652655
1780426800,7619,7622.75,7618.75,7620.5,7573.826343429077
1780427700,7620.5,7623.75,7620,7621.5,7574.0166574273635
1780428600,7621.5,7623,7620,7620.25,7574.20122166917
1780429500,7620,7625.25,7619.5,7623.5,7574.398023179473
1780430400,7623.5,7630,7623.25,7626.75,7574.6070131069
1780431300,7627,7629.5,7625.75,7626.25,7574.813172735216
1780432200,7626.25,7628.5,7625.75,7628.25,7575.026493402939
1780433100,7628,7629,7627.25,7628.25,7575.238962491151
1780437600,7628,7628.5,7622.25,7623.5,7575.4316213235215
1780438500,7623.5,7625.75,7622.5,7625,7575.629499082709
1780439400,7625,7627,7624.5,7625.5,7575.828582918706
1780440300,7625.5,7626.25,7620.5,7621.5,7576.010903944979
1780441200,7621.5,7622,7614.5,7615.75,7576.169543050987
1780442100,7615.75,7616.25,7602,7610.25,7576.305592779327
1780443000,7610.5,7622.75,7608,7621.5,7576.486009574619
1780443900,7621.5,7625.75,7618.5,7624.5,7576.677682191087
1780444800,7624.5,7626.5,7620.25,7620.5,7576.852621583538
1780445700,7620.75,7624.5,7619.5,7622.25,7577.033848643085
1780446600,7622.5,7625.75,7621.5,7625.5,7577.227326293212
1780447500,7625.5,7627,7625,7625.25,7577.419033573478
1780448400,7625.25,7626,7620.25,7620.25,7577.590015475381
1780449300,7620.25,7622,7620,7621.5,7577.76530483476
1780450200,7621.25,7623.5,7619.25,7620.5,7577.93590242025
1780451100,7620.5,7622.5,7619.25,7621.75,7578.110808997415
1780452000,7622,7623,7620.25,7622.75,7578.289009360698
1780452900,7622.5,7623,7620,7621.25,7578.460510321334
1780453800,7621.25,7622.75,7620.5,7621.5,7578.632324651389
1780454700,7621.5,7621.5,7620,7621.5,7578.803453095895
1780455600,7621.25,7622.75,7621,7622.75,7578.9788884128775
1780456500,7622.5,7624.5,7621.25,7621.25,7579.147635365322
1780457400,7621.5,7623.5,7621.5,7623.25,7579.323692709173
1780458300,7623.25,7624,7621.75,7623.75,7579.50104323728
1780459200,7623.5,7625.75,7623.25,7625.25,7579.683673803199
1780460100,7625.25,7626,7624.25,7624.5,7579.862581293007
1780461000,7624.75,7625.75,7624,7624.75,7580.04177258525
1780461900,7625,7625,7622,7622.25,7580.210268503074
1780462800,7622.25,7624.25,7619.5,7623.25,7580.382083798471
1780463700,7623.25,7624.5,7621.5,7621.75,7580.547225180513
1780464600,7621.75,7622.25,7619,7619.25,7580.701727275601
1780465500,7619.25,7620,7617.5,7619,7580.854614591866
1780466400,7619,7621.75,7615.75,7618,7581.002899563556
1780467300,7617.75,7619.25,7617,7618.5,7581.152588587254
1780468200,7618.5,7622,7616.75,7619.5,7581.305672065948
1780469100,7619.5,7619.75,7617.5,7619.25,7581.457146428958
1780470000,7619,7623.5,7617.75,7622.25,7581.619992151797
1780470900,7622.5,7623.25,7618.5,7619,7581.769213740014
1780471800,7619,7620.25,7615.75,7617.5,7581.911851609315
1780472700,7617.5,7620.5,7617.25,7620.25,7582.064898109877
1780473600,7620.25,7622,7617.25,7619.75,7582.21533763838
1780474500,7619.5,7621.5,7615.25,7621.5,7582.372162637828
1780475400,7621.5,7622.25,7618,7618.75,7582.517383545462
1780476300,7619,7620,7617.25,7618.75,7582.662024728913
1780477200,7618.5,7621.5,7617.5,7619,7582.807086506442
1780478100,7619,7620.25,7616.75,7618.75,7582.950571191047
1780479000,7618.75,7619.25,7614.75,7615.5,7583.080509030604
1780479900,7615.5,7615.75,7611.25,7612,7583.195956100342
1780480800,7612,7622.25,7610.5,7616.5,7583.328906375391
1780481700,7616.5,7616.5,7613.5,7616.25,7583.460327906827
1780482600,7616,7618,7611,7611,7583.570266717578
1780483500,7611,7615.75,7611,7614.5,7583.69373870673
1780484400,7614.5,7618,7614.5,7616.75,7583.825699829657
1780485300,7617,7618.75,7615.75,7617.5,7583.96012817365
1780486200,7617.5,7620.25,7617.5,7618.75,7584.099009897508
1780487100,7618.5,7619.25,7616.25,7616.25,7584.227357163386
1780488000,7616.5,7619,7616,7617,7584.358186076905
1780488900,7617,7617,7611.25,7611.25,7584.465538627496
1780489800,7611.25,7611.25,7604,7607.75,7584.558490569103
1780490700,7607.75,7610,7603.75,7607,7584.6480774330985
1780491600,7607,7608.75,7605.75,7607.5,7584.739302672887
1780492500,7607.25,7609.25,7605.5,7608.5,7584.834155756029
1780493400,7608.5,7614.75,7592,7592.5,7584.86475792866
1780494300,7592.25,7594.5,7574,7586.25,7584.870287837129
1780495200,7586.5,7596.5,7585,7596.25,7584.915715829795
1780496100,7596,7597,7586.5,7595,7584.955972453229
1780497000,7594.75,7597.25,7590.75,7591.5,7584.982096315692
1780497900,7591.5,7592.25,7583.75,7588.75,7584.997137847366
1780498800,7589,7592.25,7585.5,7587.25,7585.006131309053
1780499700,7587.25,7589.75,7580.5,7588.5,7585.020078888658
1780500600,7588.5,7590,7578,7579,7584.996046637605
1780501500,7579,7582.75,7574.75,7579.25,7584.973108327675
1780502400,7579.25,7582,7576.75,7579.75,7584.952257595828
1780503300,7579.5,7579.5,7565.75,7570,7584.892567944747
1780504200,7570,7573.5,7562.5,7567.5,7584.823136535785
1780505100,7567.5,7578.75,7567.25,7578.25,7584.796896469774
1780506000,7578,7578.75,7568,7569.75,7584.736829018797
1780506900,7569.75,7573.75,7567,7573.25,7584.690973413932
1780507800,7573.25,7581,7568.75,7579,7584.66825495719
1780508700,7579.25,7585,7577.75,7583,7584.661595256762
1780509600,7583,7583.75,7578.5,7580.5,7584.644982102044
1780510500,7580.5,7587.75,7577.25,7587.25,7584.65538137509
1780511400,7587.25,7588,7582.5,7584.5,7584.654761090159
1780512300,7584.5,7586.5,7582.25,7583.5,7584.650151265448
1780513200,7583.5,7583.5,7574.25,7577.5,7584.621607747422
1780514100,7577.5,7581.75,7573.5,7575.75,7584.586192147632
1780515000,7575.75,7582.75,7573.5,7580.5,7584.56988000333
1780515900,7580.5,7582.5,7568.5,7572.5,7584.521696849623
1780516800,7572.5,7573.25,7566,7567.25,7584.452747960004
1780517700,7567.25,7568,7552.5,7558.5,7584.349144175732
1780518600,7558.5,7559.25,7543,7544,7584.1880697478855
1780519500,7544.25,7549,7541.75,7547.5,7584.041610387614
1780524000,7539.75,7545.5,7533.25,7540.25,7583.866793579679
1780524900,7540,7540.75,7532.5,7538.25,7583.684690611298
1780525800,7537.75,7541.25,7535,7537.25,7583.499322584906
1780526700,7537,7546.25,7530.5,7543.5,7583.339644650435
1780527600,7543.5,7544.75,7534.5,7537,7583.154656049036
1780528500,7537.25,7538,7531.75,7534.75,7582.96142388916
1780529400,7535,7537.5,7529,7531,7582.753993055271
1780530300,7531,7538.5,7529,7534.5,7582.5613623444715
1780531200,7534.25,7543.5,7531.5,7539.75,7582.390458702378
1780532100,7539.75,7544,7535.5,7540.5,7582.2232313223285
1780533000,7540.25,7548.75,7540.25,7546.5,7582.080623612459
1780533900,7546.5,7547,7542.25,7546.5,7581.938585194845
1780534800,7546.5,7551.25,7545.75,7549.25,7581.808091840773
1780535700,7549.25,7549.5,7542.75,7545.5,7581.6631493583745
1780536600,7545.5,7551,7543.25,7544.75,7581.515791476704
1780537500,7544.75,7545.5,7536.5,7540.75,7581.353053786179
1780538400,7540.75,7541.5,7533.5,7533.75,7581.163021635336
1780539300,7534,7537.5,7527.5,7535.25,7580.979736119825
1780540200,7535.5,7536,7531.25,7535,7580.796184279027
1780541100,7534.75,7539.25,7534.25,7535,7580.613365180109
1780542000,7535,7540.5,7534.25,7538,7580.443251945857
1780542900,7538,7542.5,7538,7542,7580.2897858702245
1780543800,7542.25,7544.75,7539.25,7540,7580.128948401681
1780544700,7539.75,7543.75,7538.25,7543.75,7579.98372305876
1780545600,7543.75,7546.25,7541.25,7546,7579.8480594936555
1780546500,7546.25,7546.75,7544,7545.25,7579.709943487693
1780547400,7545.25,7548,7543.75,7547.25,7579.580362874967
1780548300,7547.5,7547.75,7544.5,7546.25,7579.447307534149
1780549200,7546,7546.75,7538.5,7541.75,7579.29681928052
1780550100,7542,7544.25,7539.25,7540.25,7579.14094375445
1780551000,7540.25,7545,7539.25,7544.75,7579.003654557825
1780551900,7544.75,7544.75,7539.5,7543.75,7578.862921405897
1780552800,7543.75,7547.25,7542.75,7545.25,7578.728738086912
1780553700,7545,7546,7542.25,7546,7578.598084441855
1780554600,7545.75,7551,7543.5,7550.75,7578.486914444083
1780555500,7550.75,7553,7547.75,7552.75,7578.384172270653
1780556400,7552.75,7557.5,7550.75,7556,7578.2948142975165
1780557300,7556,7556.5,7550.75,7556.25,7578.206811046828
1780558200,7556,7557.75,7553.25,7554.25,7578.111175074585
1780559100,7554,7555.25,7552.25,7553.75,7578.013924874686
1780560000,7553.5,7553.75,7543,7543,7577.874148727482
1780560900,7542.75,7545.75,7537,7543.75,7577.737924580865
1780561800,7544,7550,7541.5,7543.5,7577.601246239225
1780562700,7543.75,7545.5,7538,7540.75,7577.454135475795
1780563600,7540.5,7540.5,7532.75,7533.25,7577.277671861121
1780564500,7533.25,7540.75,7532.25,7540.25,7577.129856803791
1780565400,7540.25,7547.25,7538.75,7544,7576.997601886411
1780566300,7544,7549.75,7543.75,7547.75,7576.880844992653
1780567200,7547.75,7547.75,7541.75,7543.5,7576.7475881264145
1780568100,7543.25,7543.25,7537.25,7537.75,7576.591909131897
1780569000,7537.75,7540.25,7535,7535.25,7576.426871570493
1780569900,7535,7536.5,7528,7533.5,7576.255506813724
1780570800,7533.75,7538,7532.75,7537,7576.0987982036895
1780571700,7536.75,7543.75,7535.5,7540.25,7575.955689228825
1780572600,7540.5,7542.75,7524.5,7533,7575.784209431504
1780573500,7532.75,7546,7530.75,7544,7575.657326359921
1780574400,7543.75,7547.5,7536.75,7538.25,7575.5079957157695
1780575300,7538.5,7543.75,7537.5,7542,7575.374231261814
1780576200,7542,7550.25,7541.75,7549.75,7575.271938921448
1780577100,7549.75,7552.5,7545.5,7550.25,7575.172050941722
1780578000,7550.25,7552,7547.5,7549.75,7575.070565708422
1780578900,7549.5,7555,7545.5,7548.25,7574.963497581842
1780579800,7548.25,7561.5,7541.75,7548.25,7574.856856872932
1780580700,7548.25,7564.5,7543.5,7559.5,7574.795552055077
1780581600,7559.25,7564.25,7549.75,7561.75,7574.74347400296
1780582500,7561.75,7570.5,7558.25,7568,7574.716553947061
1780583400,7567.75,7569.75,7562.25,7566,7574.681757324517
1780584300,7565.75,7570,7561.25,7569.75,7574.662069670527
1780585200,7569.5,7584,7569.5,7583.25,7574.696352825535
1780586100,7583.5,7587.5,7581.25,7586.5,7574.743473173537
1780587000,7586.5,7587.5,7579.5,7580.75,7574.76745132454
1780587900,7580.75,7582.5,7575.5,7581,7574.7923317583745
1780588800,7581.25,7592,7579.5,7590.25,7574.854039016825
1780589700,7590.25,7595,7590.25,7593.5,7574.928473990809
1780590600,7593.5,7596.75,7588.5,7596,7575.012591859109
1780591500,7595.75,7597.5,7593.5,7596.5,7575.09836993552
1780592400,7596.5,7598,7594,7596.5,7575.18380558448
1780593300,7596.5,7600,7594.25,7599.5,7575.28087622087
1780594200,7599.25,7602.5,7598.25,7600.75,7575.382549369689
1780595100,7600.75,7605.5,7599.25,7604.75,7575.499784701547
1780596000,7604.75,7607,7603.75,7604.75,7575.616552028087
1780596900,7605,7607.5,7603.5,7606,7575.737843237556
1780597800,7606,7607.5,7604,7605.75,7575.857652246588
1780598700,7606,7608,7603,7604.5,7575.9719929561825
1780599600,7604.5,7609,7604.25,7606,7576.09186523979
1780600500,7606.25,7611.25,7604,7611,7576.231219071168
1780601400,7611,7611.5,7606,7606.5,7576.35205252797
1780602300,7606.25,7609,7598.25,7599.5,7576.444459503907
1780603200,7599.75,7602,7593,7594,7576.514541501895
1780604100,7593.75,7595,7587.5,7588.75,7576.563385647596
1780605000,7588.75,7591.25,7588.25,7588.75,7576.612034806688
1780605900,7588.75,7590.25,7587.25,7587.75,7576.656497741591
1780610400,7589.5,7591,7583.75,7584.25,7576.68681112386
1780611300,7584,7586,7578.25,7581.5,7576.7060254507105
1780612200,7581.75,7583.75,7580.5,7582,7576.727159081645
1780613100,7582,7586.25,7582,7585.75,7576.763178406669
1780614000,7586,7586.75,7580.25,7580.75,7576.779093862131
1780614900,7580.5,7581.25,7576.25,7579.25,7576.788957758889
1780615800,7579.5,7579.5,7576,7576.5,7576.787804234902
1780616700,7576.5,7576.75,7573.25,7573.5,7576.774679267896
1780617600,7573.5,7573.5,7563,7564,7576.723682544272
1780618500,7564,7567.25,7561.5,7564.5,7576.674885408367
1780619400,7564.5,7566.75,7561,7562.25,7576.61730103548
1780620300,7562.25,7565,7556.75,7559,7576.5469724884315
1780621200,7559.25,7560.25,7556,7557.5,7576.4709366701145
1780622100,7557.25,7558.5,7546.75,7550.75,7576.368258280214
1780623000,7551,7556.75,7550.5,7554.75,7576.2819578479575
1780623900,7555,7561,7552,7560.75,7576.219954024214
1780624800,7560.5,7564.5,7558.25,7563.25,7576.168177760644
1780625700,7563.5,7566.5,7561,7565,7576.123594216689
1780626600,7565,7566,7561.75,7562.25,7576.068210607041
1780627500,7562.25,7564,7559.75,7561.25,7576.009056073679
1780628400,7561.5,7562,7557,7561.25,7575.950137686159
1780629300,7561.25,7564,7558.5,7558.75,7575.881474461863
1780630200,7559,7561,7557.5,7559,7575.814083346247
1780631100,7559,7559.25,7553.75,7556.5,7575.73698121712
1780632000,7556.75,7559.25,7555.5,7557.75,7575.665176900884
1780632900,7558,7561.75,7557.5,7557.75,7575.593659228625
1780633800,7557.75,7562.75,7556.25,7560.5,7575.533405099968
1780634700,7560.5,7565.5,7560,7563.75,7575.4863655586505
1780635600,7564,7564.25,7558.75,7559.75,7575.423545736061
1780636500,7559.75,7563.25,7558.5,7559.75,7575.360976691207
1780637400,7559.5,7564.5,7559.5,7561.25,7575.30464544693
1780638300,7561.25,7561.25,7556.75,7558,7575.235565025984
1780639200,7558,7565,7557.75,7559.25,7575.171750395142
1780640100,7559.25,7559.25,7553.5,7555.25,7575.092222449453
1780641000,7555.5,7556.75,7552.75,7553,7575.0040299446655
1780641900,7552.75,7556,7550.75,7554,7574.920181521733
1780642800,7554,7555.25,7549.25,7549.75,7574.819701755179
1780643700,7550,7555.75,7547.25,7555.25,7574.741579193283
1780644600,7555.25,7560,7554.75,7557.5,7574.672750533829
1780645500,7557.75,7559.75,7556,7557.25,7574.60319863549
1780646400,7557.5,7560,7554.5,7559,7574.540910417384
1780647300,7558.75,7566.5,7556.75,7566.5,7574.5088109746
1780648200,7566.5,7568.5,7561.5,7561.75,7574.457877597456
1780649100,7561.5,7562.75,7559.5,7560.25,7574.401159523215
1780650000,7560.5,7578.75,7559.75,7572,7574.391574056057
1780650900,7572.25,7574.5,7565,7566.25,7574.35907276242
1780651800,7566.5,7568.25,7563.75,7564.5,7574.3197151865215
1780652700,7564.75,7569,7564.5,7567.75,7574.293488778591
1780653600,7567.75,7571,7567.25,7570.75,7574.279343114805
1780654500,7570.75,7574.25,7569.75,7573.5,7574.276231964646
1780655400,7573.5,7574,7570.5,7572.5,7574.26914121828
1780656300,7572.75,7573,7568.25,7568.5,7574.2461107144145
1780657200,7568.25,7570,7567,7567.75,7574.220178136712
1780658100,7567.75,7569.5,7559.5,7568.75,7574.198341098242
1780659000,7568.5,7571,7566.5,7568.25,7574.174595225594
1780659900,7568.25,7568.5,7562.5,7563.25,7574.130984067009
1780660800,7563.25,7563.5,7557.5,7558.75,7574.069582933009
1780661700,7558.75,7563.25,7557.75,7558.75,7574.008426913316
1780662600,7558.5,7568.25,7544.5,7559.5,7573.950509041407
1780663500,7559.5,7563,7548.25,7549.75,7573.853900222878
1780664400,7549.75,7551.75,7543.5,7545.75,7573.741709004424
1780665300,7545.5,7549.75,7543.5,7548,7573.638947691033
1780666200,7547.75,7553,7526.5,7527.25,7573.453762271109
1780667100,7527.25,7531,7510.5,7511.25,7573.205443858848
1780668000,7511.25,7526.5,7505.75,7525,7573.013006957216
1780668900,7525,7533.5,7512.75,7516.25,7572.786408127047
1780669800,7516.25,7531.5,7515,7519.75,7572.5746859389155
1780670700,7519.5,7525,7515,7523,7572.376783001036
1780671600,7523,7526.25,7507.25,7507.5,7572.117793847339
1780672500,7507.25,7512.25,7499.75,7505.75,7571.852852554535
1780673400,7505.5,7509,7488.25,7490,7571.526094660106
1780674300,7490,7494.25,7486.25,7490.25,7571.201639192401
1780675200,7490,7490.5,7474.25,7479,7570.833568776463
1780676100,7478.75,7480,7470.5,7471.75,7570.438025587735
1780677000,7471.75,7472.5,7453.25,7456.5,7569.9831831702195
1780677900,7456.5,7470.75,7449,7469.75,7569.583050702474
1780678800,7469.75,7470.25,7453.75,7458.5,7569.139605390288
1780679700,7458.5,7466,7452,7464.75,7568.72288041867
1780680600,7464.75,7477.75,7459.75,7462.5,7568.298836983865
1780681500,7462.75,7472,7460.75,7471.25,7567.9114164769435
1780682400,7471.5,7472.5,7445.5,7445.75,7567.423746151686
1780683300,7445.75,7446.25,7429.5,7433.25,7566.888122414553
1780684200,7433.25,7435.75,7421.75,7424.75,7566.320704760204
1780685100,7424.75,7426.5,7409.25,7416.25,7565.721620110462
1780686000,7416.25,7418,7393.5,7396.75,7565.047082704831
1780686900,7396.75,7409.75,7379.75,7409,7564.424140258904
1780687800,7409,7413,7394.5,7402.75,7563.7787345093675
1780688700,7402.75,7423,7397.25,7400.25,7563.125925189969
1780689600,7400.25,7401.5,7364.25,7368.25,7562.347977384819
1780690500,7368.25,7371.5,7360.75,7369.75,7561.579123183682
1780691400,7369.75,7370,7359,7364.25,7560.791382172969
1780692300,7364.25,7371.5,7361,7368,7560.02175589683
1780869600,7368,7387.25,7355.5,7387,7559.331050284467
1780870500,7386.5,7396.25,7382,7383.75,7558.630127928042
1780871400,7384,7391.75,7381,7385.75,7557.939987696793
1780872300,7385.75,7388.75,7355.5,7368,7557.181744232933
1780873200,7368,7386.5,7368,7385,7556.494391960546
1780874100,7384.75,7385.5,7373.75,7381,7555.793815545534
1780875000,7381,7391.25,7380.75,7391.25,7555.13695400643
1780875900,7391,7404.25,7389.75,7400.5,7554.519640816783
1780876800,7400,7407.25,7395.75,7407,7553.93074005504
1780877700,7406.5,7416,7404.75,7415,7553.376126322285
1780878600,7415,7423,7411.75,7416.25,7552.828716636368
1780879500,7416.25,7417.75,7406.5,7415.25,7552.27950020269
1780880400,7415.5,7419,7405.5,7405.75,7551.694552098088
1780881300,7406,7407.25,7391.25,7393,7551.061040912068
1780882200,7393,7407.25,7384.25,7405.75,7550.480956916411
1780883100,7405.75,7409.5,7400.5,7405.75,7549.903188625327
1780884000,7406.25,7410.75,7401,7406.5,7549.330720806463
1780884900,7406.25,7410,7400.75,7408.25,7548.767524316218
1780885800,7408.25,7417.75,7401.25,7417.5,7548.24350226306
1780886700,7417.25,7419.25,7412,7414.5,7547.709596066401
1780887600,7414.75,7418.5,7413,7416.25,7547.184807259749
1780888500,7416.25,7418.25,7410.75,7417,7546.665107430368
1780889400,7416.75,7419.25,7415.25,7416.25,7546.14448823903
1780890300,7416.25,7418.75,7415,7416.75,7545.6279433758
1780891200,7416.75,7418.75,7410.5,7412.5,7545.096494500049
1780892100,7412.75,7416.25,7407.75,7411.75,7544.564173164719
1780893000,7412,7413,7401.5,7401.75,7543.99405670498
1780893900,7402,7408.5,7400.75,7401.25,7543.424220151267
1780894800,7401.25,7408.75,7396.5,7396.75,7542.8386943223195
1780895700,7396.75,7404,7395.5,7402.25,7542.277462009655
1780896600,7402.25,7403.5,7386.5,7389.25,7541.66657393776
1780897500,7389.5,7392.75,7386.25,7391.5,7541.067106576731
1780898400,7391.75,7400,7389.75,7394,7540.4800123388995
1780899300,7393.5,7409.75,7391.25,7407.25,7539.948156002218
1780900200,7407.25,7409.75,7396.75,7401.25,7539.394470748716
1780901100,7401.25,7402.75,7394.25,7402.5,7538.847985835548
1780902000,7402.5,7412.5,7400.5,7410,7538.333622618639
1780902900,7410,7423.5,7404,7420.75,7537.8642269195625
1780903800,7421,7423.75,7415.75,7422.5,7537.403691083557
1780904700,7422.5,7429,7421,7423.25,7536.947987725937
1780905600,7423,7423.75,7416.75,7418,7536.473145459567
1780906500,7418,7421,7413,7417.25,7535.997204759129
1780907400,7417.25,7421.25,7410.5,7414.5,7535.5121859776555
1780908300,7414.75,7417.25,7409.25,7413.75,7535.026109386927
1780909200,7413.75,7417.25,7407.25,7415.75,7534.5499572536455
1780910100,7416,7420.25,7414.75,7416.5,7534.078699939259
1780911000,7416.75,7431,7412,7423.25,7533.636269999382
1780911900,7423.25,7427.5,7422.25,7427.25,7533.211574310762
1780912800,7427.5,7427.75,7416,7425,7532.779591978185
1780913700,7425,7425.5,7414,7420.25,7532.330372050128
1780914600,7420.25,7435.75,7419.25,7429.25,7531.91887355891
1780915500,7429.25,7430.25,7424.75,7428.25,7531.505025760272
1780916400,7428.25,7448.75,7422.75,7448.25,7531.172670368015
1780917300,7448.25,7454.25,7442.25,7452,7530.8566118036715
1780918200,7452.25,7457.75,7450.5,7451.75,7530.540816946172
1780919100,7451.5,7453,7445,7447,7530.207320670937
1780920000,7447,7456.75,7446,7453.75,7529.902101825944
1780920900,7453.75,7458.75,7451.75,7458.25,7529.616065491309
1780921800,7458,7467.75,7458,7463.5,7529.3521291021225
1780922700,7463,7463.5,7456.5,7459.25,7529.072280283352
1780923600,7459.25,7465,7459.25,7462.5,7528.80652267743
1780924500,7462.75,7471.75,7456.5,7457.5,7528.521865900274
1780925400,7457.25,7469.25,7438,7450.5,7528.210401365742
1780926300,7450.5,7460.5,7431,7431.5,7527.824331899212
1780927200,7431.25,7448.5,7429,7439.25,7527.470741751909
1780928100,7439.5,7453.25,7431.5,7448,7527.153493281842
1780929000,7447.75,7459.75,7442,7448.25,7526.838509276725
1780929900,7448.25,7473.5,7448.25,7473.25,7526.624583091987
1780930800,7473,7476.75,7468.5,7470.5,7526.400532860082
1780931700,7470.75,7475.5,7453.75,7455.25,7526.116498796769
1780932600,7455.25,7461.5,7440.75,7459.5,7525.850564669835
1780933500,7459.5,7466,7447,7450,7525.547768004486
1780934400,7450,7455,7444.25,7453,7525.258156156165
1780935300,7453.25,7462.25,7443.25,7443.75,7524.932774295262
1780936200,7444,7448.5,7437.25,7443.25,7524.606695355959
1780937100,7443.25,7452,7441,7441.5,7524.274932101045
1780938000,7441.5,7442,7423,7431.5,7523.904573090662
1780938900,7431.5,7443,7423,7442.5,7523.57960473501
1780939800,7442.5,7446.5,7426,7426.25,7523.191063398743
1780940700,7426.25,7439.75,7425.75,7433.75,7522.834013245454
1780941600,7433.75,7445.5,7432.75,7435.25,7522.484376466031
1780942500,7435,7443.25,7434.75,7441.75,7522.162083546007
1780943400,7442,7447,7430,7431.5,7521.800159060794
1780944300,7431.5,7438,7431,7432,7521.441675391889
1780945200,7432,7434.25,7414.75,7414.75,7521.015760520065
1780946100,7414.75,7419.5,7403.75,7414.5,7520.590547903218
1780947000,7414.5,7424.25,7411.25,7415.75,7520.172022761888
1780947900,7415.75,7422.5,7410.5,7416,7519.756166383597
1780948800,7416,7419,7411.25,7413.25,7519.330992066696
1780949700,7413.5,7414.75,7407.5,7413,7518.9065170484655
1780950600,7412.75,7413.75,7410.75,7412,7518.479744525318
1780951500,7412,7413.75,7409.5,7412.25,7518.055673688889
1780956000,7412.75,7416.75,7395.5,7397.5,7517.574413514482
1780956900,7397.75,7401,7390.75,7395.75,7517.0880885104325
1780957800,7396.25,7404.75,7396.25,7403.5,7516.634643047317
1780958700,7403.5,7412.75,7401.75,7411.75,7516.215941877467
1780959600,7411.75,7416.5,7408.75,7415.75,7515.814880233246
1780960500,7416,7416.25,7411.25,7412.25,7515.401447577625
1780961400,7412,7419.25,7410.25,7413,7514.992659363742
1780962300,7413.25,7413.25,7403.25,7410.5,7514.575522999016
1780963200,7410,7411.75,7394.25,7397.25,7514.107157637743
1780964100,7397.5,7401.25,7393.75,7399.5,7513.649644034398
1780965000,7399.5,7401,7391,7397,7513.183976792744
1780965900,7397,7398,7390.25,7395.25,7512.71318247421
1780966800,7395.5,7402,7393.25,7400,7512.263229649961
1780967700,7400.25,7417.75,7398.5,7413.75,7511.869963264133
1780968600,7413.75,7422.25,7412,7420,7511.503216903797
1780969500,7420,7428,7418.5,7419.75,7511.136936596796
1780970400,7419.75,7424.75,7419,7422,7510.781100522557
1780971300,7422,7422.5,7415.5,7420,7510.418700919672
1780972200,7420.25,7423.5,7417,7422.5,7510.067728061709
1780973100,7423,7425.25,7419.75,7423.5,7509.722148308968
1780974000,7423.25,7427,7421.25,7426.25,7509.38892616003
1780974900,7426,7429,7422.25,7425.25,7509.053042223263
1780975800,7425.25,7433,7424.5,7432,7508.74544524832
1780976700,7431.75,7433,7428.75,7430.25,7508.432090177468
1780977600,7430.25,7433.75,7428,7431.5,7508.124976045023
1780978500,7431.5,7435.25,7430.75,7433.5,7507.827071949035
1780979400,7433.5,7437.25,7431.75,7435.5,7507.53834112289
1780980300,7435.25,7436.75,7433.25,7434,7507.244774890863
1780981200,7434.25,7437.5,7433,7434,7506.952380579921
1780982100,7434,7436.5,7432.25,7432.5,7506.655165487786
1780983000,7432.5,7440,7432.5,7436.75,7506.376102950909
1780983900,7436.5,7440.75,7434.5,7436.5,7506.097156432143
1780984800,7436.75,7439,7435,7438.75,7505.828305508262
1780985700,7438.5,7442,7435.75,7436.5,7505.551545805634
1780986600,7436.5,7437.75,7433.5,7436.25,7505.274892928167
1780987500,7436.25,7437.5,7430,7433.5,7504.988366409491
1780988400,7433.25,7446.75,7431.5,7438.25,7504.721945785102
1780989300,7438.25,7440.5,7430.75,7433.5,7504.437626640251
1780990200,7433.5,7436.5,7431,7436.25,7504.165420545879
1780991100,7436.25,7439,7430.75,7432.5,7503.879331042702
1780992000,7432.75,7445.5,7428,7444,7503.640291797023
1780992900,7444,7445.5,7439.75,7443.25,7503.399212787853
1780993800,7443.25,7449,7441,7447.5,7503.1760622378015
1780994700,7447.75,7449,7440.5,7442,7502.931846420485
1780995600,7442,7448.25,7441.25,7447.75,7502.711559608428
1780996500,7448,7450.75,7446.25,7449.25,7502.498140208793
1780997400,7449.5,7449.75,7444.5,7448.5,7502.282578770834
1780998300,7448.5,7451,7448,7448.75,7502.06887586157
1780999200,7448.75,7451.75,7434.5,7449.25,7501.858022065715
1781000100,7449,7449.75,7445,7449,7501.647011997588
1781001000,7449.25,7449.75,7445.25,7447,7501.428860253087
1781001900,7446.5,7456,7445.75,7451.25,7501.228545441697
1781002800,7451.5,7454.75,7448.75,7450.5,7501.026036278257
1781003700,7450.5,7450.75,7444.75,7446.75,7500.809365474752
1781004600,7446.75,7451.5,7445,7448.5,7500.600545652497
1781005500,7448.5,7450.5,7443,7443.5,7500.372599362468
1781006400,7443.5,7448,7442.5,7443.25,7500.1445650336755
1781007300,7443.25,7445.5,7441.5,7443.5,7499.918439025557
1781008200,7443.75,7455.75,7443.75,7449.75,7499.718165815874
1781009100,7449.5,7456.75,7446.25,7456.25,7499.544640203835
1781010000,7456.25,7459.75,7451,7451.75,7499.353843236953
1781010900,7451.75,7459.5,7449,7458.75,7499.191752046387
1781011800,7458.5,7475.25,7454.5,7475.25,7499.096176189914
1781012700,7475.25,7491,7464,7465.5,7498.962059718098
1781013600,7465.25,7472.25,7436,7437.25,7498.715704190282
1781014500,7437,7443.25,7415.25,7433.5,7498.455362057785
1781015400,7433.25,7439,7405.5,7407.75,7498.093264804062
1781016300,7407.75,7410.5,7367.5,7399,7497.697682908636
1781017200,7399,7405.75,7384.25,7396.5,7497.293700142533
1781018100,7396.75,7398.75,7328.5,7331.5,7496.63184904416
1781019000,7331.75,7346.25,7326,7339.5,7496.004576193684
1781019900,7339.75,7349,7311,7312.25,7495.271024991314
1781020800,7312.25,7327.25,7299.25,7307,7494.519444053225
1781021700,7307,7307.25,7274.75,7295,7493.722959246626
1781022600,7295,7307.5,7247.25,7268,7492.8218695889545
1781023500,7268,7288.25,7257,7287.5,7492.002221406963
1781024400,7287.25,7312,7285.25,7307.25,7491.264687588971
1781025300,7307,7334.5,7300.5,7329,7490.616924365063
1781026200,7328.75,7361.5,7323.5,7351,7490.059571373586
1781027100,7351.25,7353.75,7331,7347.5,7489.490471288262
1781028000,7347.75,7359.5,7342.5,7354.25,7488.950589167351
1781028900,7354,7373.5,7347.25,7373,7488.487712563889
1781029800,7373.25,7384.75,7364.75,7366,7487.9987396594415
1781030700,7366.25,7393.5,7365.25,7389.5,7487.605531117887
1781031600,7389.25,7398.75,7373.25,7374.75,7487.15501003558
1781032500,7375,7376.25,7353.75,7367.75,7486.678343328851
1781033400,7367.5,7372,7347.75,7356,7486.156673295603
1781034300,7356,7395.5,7347.25,7392,7485.780798352307
1781035200,7391.75,7399,7383.5,7385.5,7485.380475803994
1781036100,7385.5,7391.5,7382.5,7389.75,7484.998717417551
1781037000,7389.5,7393.75,7386.25,7391,7484.623473036643
1781037900,7391.25,7392.75,7385.75,7390,7484.245734621327
1781042400,7380,7386,7374.25,7382,7483.8375680160525
1781043300,7382,7387.75,7376,7378.25,7483.416060758504
1781044200,7378.25,7378.5,7366.75,7370.75,7482.966296044897
1781045100,7370.75,7372,7363.5,7370.25,7482.516330791224
1781046000,7370.5,7379.5,7368.75,7370.25,7482.06816180603
1781046900,7370.5,7372.25,7366.5,7367.5,7481.610803874669
1781047800,7367.25,7371,7365,7370,7481.165251763393
1781048700,7369.75,7380,7368.5,7378.75,7480.7564084429805
1781049600,7378.75,7393,7378.25,7384.75,7480.37314932744
1781050500,7384.25,7386.25,7377,7383.25,7479.985432164456
1781051400,7383.25,7384,7364,7368.25,7479.5393825350575
1781052300,7368,7384.75,7367,7381.5,7479.148007754478
1781053200,7381.75,7388.25,7378.25,7384.5,7478.770171396177
1781054100,7384,7390,7380.75,7383.25,7478.388853346692
1781055000,7383.25,7389,7377.25,7379.5,7477.994087465068
1781055900,7379.5,7385.75,7376.5,7380,7477.602893503132
1781056800,7380.25,7381.25,7371.75,7375.75,7477.196295125874
1781057700,7376,7379.75,7372.75,7378.5,7476.802297939743
1781058600,7378.5,7381.25,7373.5,7376.5,7476.401889564734
1781059500,7376.75,7381.25,7369.5,7371.25,7475.98212154252
1781060400,7371,7380,7370.25,7377,7475.58698333277
1781061300,7376.75,7381.25,7374.25,7376.25,7475.190428509086
1781062200,7376.25,7378,7369.75,7370.25,7474.771504642782
1781063100,7370.25,7374.25,7369.75,7372.5,7474.36323516317
1781064000,7372.5,7373.5,7364.75,7365.75,7473.929649394056
1781064900,7365.75,7370.75,7363.5,7365.5,7473.496796502263
1781065800,7365.25,7365.5,7356.75,7357.25,7473.03273743439
1781066700,7357.25,7365,7356,7358,7472.5735249097015
1781067600,7358,7365.25,7357,7360.25,7472.125127604672
1781068500,7360,7367.25,7353.75,7367,7471.70546641663
1781069400,7366.75,7368.75,7358.75,7364,7471.2755044748465
1781070300,7364,7370.5,7359.5,7368.25,7470.8642250158655
1781071200,7368.5,7375.5,7367.5,7372.5,7470.471553458916
1781072100,7372.25,7374.75,7366.75,7370.5,7470.072465421155
1781073000,7370.25,7376,7367.5,7371.5,7469.678962565183
1781073900,7371.25,7372,7366.5,7368.5,7469.27505453099
1781074800,7368.5,7373.5,7364.5,7371,7468.88273894404
1781075700,7371,7373,7362.5,7364.5,7468.466041383385
1781076600,7364.5,7370.75,7362.75,7365,7468.0530032940305
1781077500,7365,7368.25,7361.75,7367.5,7467.651594099244
1781078400,7367.5,7367.75,7352.75,7355.75,7467.204881148748
1781079300,7355.75,7358.25,7350.75,7353,7466.748973439572
1781080200,7353.25,7357,7338.75,7339.5,7466.240993505682
1781081100,7339.25,7345,7332.5,7336.25,7465.722067383903
1781082000,7336.5,7339.75,7323.75,7324,7465.156310627879
1781082900,7323.5,7337.25,7319,7336.5,7464.642712581461
1781083800,7336.5,7342.75,7329.5,7333,7464.117192770756
1781084700,7333,7339.5,7328.5,7337.5,7463.611734915384
1781085600,7337.75,7338,7330.5,7334.5,7463.096318807937
1781086500,7334.5,7337.25,7324.5,7336,7462.588948273773
1781087400,7336,7344.5,7333.75,7344,7462.115539298628
1781088300,7344,7346.75,7334.75,7343.75,7461.64302217568
1781089200,7344.25,7346.5,7307,7325.75,7461.100535061206
1781090100,7326.25,7334,7305.5,7316.5,7460.523287416251
1781091000,7316.75,7318.75,7306.5,7311.75,7459.929382077265
1781091900,7311.75,7326.5,7309,7322.25,7459.379763785539
1781092800,7322.25,7335,7319.25,7327.5,7458.853297662642
1781093700,7327.25,7339.25,7322,7338.5,7458.372845376563
1781094600,7338.75,7367,7318.75,7359.25,7457.977145395021
1781095500,7359.5,7366.75,7350,7350.25,7457.54709691041
1781096400,7350.5,7356,7345,7351.5,7457.123755206177
1781097300,7351.25,7356,7349.5,7354.75,7456.715077540683
1781098200,7355,7382.5,7335.25,7382.25,7456.417811762077
1781099100,7382,7390.5,7367.5,7378,7456.104766605342
1781100000,7378,7396.75,7370.75,7387.5,7455.830895281568
1781100900,7387.75,7404.75,7378.5,7392.75,7455.579075340324
1781101800,7392.5,7400,7376.25,7376.5,7455.263390408826
1781102700,7376.5,7381.75,7343,7349.25,7454.840183261485
1781103600,7349,7364.75,7326.75,7327.5,7454.331839216529
1781104500,7327.5,7346.25,7315.5,7334.75,7453.8544666048865
1781105400,7334.75,7346.5,7321,7343,7453.411933804068
1781106300,7343,7348.5,7305,7340.25,7452.960189557345
1781107200,7340.25,7346,7319.5,7323,7452.4413864054195
1781108100,7323,7331.5,7319.5,7327.25,7451.941620391825
1781109000,7327.25,7344,7320.5,7328.75,7451.44983747609
1781109900,7329,7331,7314.5,7324,7450.941055689758
1781110800,7324,7334.5,7307.5,7310.5,7450.380412752873
1781111700,7310.25,7318.75,7307.25,7317,7449.847956015336
1781112600,7316.75,7317.5,7299,7300.25,7449.250758586133
1781113500,7300.5,7328.75,7299.25,7327.25,7448.763729609741
1781114400,7327.25,7338.5,7325,7328,7448.281638872776
1781115300,7328,7333.5,7313.5,7316,7447.753568458114
1781116200,7316.25,7316.5,7301.5,7305.75,7447.186687945307
1781117100,7306,7306.25,7290.5,7295.25,7446.580154260895
1781118000,7295,7302.25,7288.75,7291.5,7445.961071808756
1781118900,7291.75,7293.25,7276,7281.25,7445.303542579979
1781119800,7281,7298.75,7278,7294,7444.699536421975
1781120700,7293.75,7300.75,7275.25,7276,7444.026085178773
1781121600,7276,7279.25,7261.5,7271.5,7443.337358291832
1781122500,7271.25,7275.75,7268.25,7270.25,7442.646390793661
1781123400,7270,7270,7262,7262.25,7441.926245521032
1781124300,7262.5,7268,7256,7267,7441.227937155679
1781128800,7259.25,7266,7247,7255.25,7440.485510260845
1781129700,7255.25,7259.5,7253,7258.75,7439.76001920192
1781130600,7258.75,7266.75,7256.5,7260.25,7439.043412338839
1781131500,7260.25,7265,7243,7244,7438.264795922316
1781132400,7244,7251.25,7235,7236,7437.457351627217
1781133300,7236.25,7258.5,7232.25,7257.25,7436.737961001958
1781134200,7257.5,7263.25,7247.25,7259.25,7436.029426227499
1781135100,7259.5,7260,7247.25,7249.5,7435.284797779485
1781136000,7250,7258.5,7245.75,7254.75,7434.564099983959
1781136900,7255.25,7283,7255.25,7267,7433.895181421149
1781137800,7267.5,7272.5,7257.75,7263,7433.21296512805
1781138700,7263,7279.75,7263,7277,7432.589360476841
1781139600,7277.25,7303.5,7277,7302.75,7432.071039676534
1781140500,7302.5,7306,7297.25,7304.25,7431.560776045091
1781141400,7304.25,7305.25,7295.5,7296.75,7431.022609274452
1781142300,7297.25,7297.25,7285.5,7287.5,7430.4496647264505
1781143200,7287.75,7297,7286.5,7287,7429.877011374249
1781144100,7287.25,7291,7276.5,7278.25,7429.271713923654
1781145000,7278.5,7283.5,7272.75,7279.25,7428.672824846114
1781145900,7279.5,7291.25,7278.25,7289.25,7428.116246703015
1781146800,7289.5,7294.5,7282,7284.5,7427.542928352904
1781147700,7284.25,7288.75,7281,7288,7426.985870754688
1781148600,7287.75,7298.5,7287.25,7298,7426.470957098981
1781149500,7298,7306,7296,7304.75,7425.985045094593
1781150400,7305,7305.5,7301.25,7303.5,7425.496082838727
1781151300,7303.25,7309,7300.5,7306.25,7425.020050571905
1781152200,7306.25,7317.5,7305.25,7315.5,7424.582844781199
1781153100,7315.75,7317.5,7310.25,7312.75,7424.136406279079
1781154000,7313,7313.75,7304,7305.75,7423.6638058548115
1781154900,7305.75,7308.75,7302.75,7305.5,7423.192094054992
1781155800,7305.75,7308.75,7302.75,7307.75,7422.731247372138
1781156700,7307.75,7310.5,7305.75,7308.5,7422.275234408577
1781157600,7308.25,7308.75,7294.75,7306.25,7421.812059820119
1781158500,7306.5,7310,7304.75,7305.75,7421.348738224031
1781159400,7306,7312.5,7303.75,7310.5,7420.906228291001
1781160300,7310.5,7316,7308.75,7315.5,7420.48544494453
1781161200,7315.5,7319.75,7312.25,7317.25,7420.073327399841
1781162100,7317.25,7330,7316,7327,7419.70177719066
1781163000,7326.75,7331.25,7326,7330,7419.343686263752
1781163900,7330,7330.75,7324.25,7327.25,7418.976046797629
1781164800,7327,7337.25,7326.5,7335.5,7418.642809085863
1781165700,7335.25,7336.5,7330,7332.25,7418.297927612466
1781166600,7332.25,7337.25,7331.25,7335,7417.965400955331
1781167500,7335.25,7337.5,7333,7336.5,7417.640189773872
1781168400,7336.5,7337.75,7331.75,7333.25,7417.303302788747
1781169300,7333.25,7336.5,7331.75,7333.5,7416.968758665837
1781170200,7333.25,7337,7332.25,7335.5,7416.6435340803455
1781171100,7335.5,7338.75,7333.5,7333.75,7416.312621768648
1781172000,7333.5,7337.75,7330.75,7331.75,7415.975046432246
1781172900,7332,7333.5,7328.25,7328.75,7415.626842654074
1781173800,7329,7334.25,7329,7331.5,7415.291006954856
1781174700,7331.75,7334.25,7328.25,7329,7414.946531877192
1781175600,7328.75,7329.25,7317.5,7322,7414.575487837762
1781176500,7322.25,7325.75,7317.5,7322.75,7414.208919024039
1781177400,7322.5,7332.75,7322,7329.5,7413.870759666657
1781178300,7329.75,7334,7326.75,7332.25,7413.544928290742
1781179200,7332,7334,7327.5,7332,7413.219399634891
1781180100,7332.25,7332.25,7296.5,7306,7412.7913780794615
1781181000,7306.75,7315,7288.25,7304.75,7412.360075172956
1781181900,7304.5,7319.5,7302,7316.5,7411.977400222167
1781182800,7316.25,7316.75,7304.25,7308.5,7411.564316788146
1781183700,7308.5,7311.75,7306,7308,7411.150886381806
1781184600,7308,7311,7283,7291.25,7410.672240128785
1781185500,7291.25,7335.5,7287.25,7317.25,7410.299297054419
1781186400,7317.25,7335.75,7297.25,7298.25,7409.851994471368
1781187300,7298.25,7317.5,7289,7308,7409.445399683059
1781188200,7308,7320.25,7296.5,7305.5,7409.030447987718
1781189100,7305.25,7309.5,7270.25,7275.5,7408.497392307128
1781190000,7275.5,7298,7263,7293,7408.036324872769
1781190900,7293,7307,7286.25,7291.25,7407.570111999025
1781191800,7291,7314.25,7286.5,7298,7407.132706362303
1781192700,7298,7303.75,7287.5,7300.25,7406.706028891795
1781193600,7300.25,7321,7295,7318.5,7406.353909015979
1781194500,7318.5,7323,7297.25,7298,7405.921358480985
1781195400,7298,7318.75,7293.5,7305.75,7405.521472818386
1781196300,7305.5,7308.75,7284.5,7284.75,7405.039351170409
1781197200,7285,7292.25,7275,7282.75,7404.551170127812
1781198100,7282.75,7346.5,7271.75,7345,7404.313440905745
1781199000,7345.25,7386.5,7342,7382.25,7404.225363297339
1781199900,7382.5,7385.75,7354,7369.25,7404.085741088567
1781200800,7369.25,7376.25,7344.75,7362.75,7403.92072815009
1781201700,7362.5,7377.75,7358,7364.75,7403.764357977834
1781202600,7364.75,7373.75,7360.5,7369.25,7403.626576109659
1781203500,7369.25,7383.25,7367.75,7377.5,7403.522278400638
1781204400,7377.75,7392.5,7373,7389.25,7403.465303237363
1781205300,7389.5,7402,7387,7399.25,7403.448475679529
1781206200,7399,7420,7398.75,7413.75,7403.489599529112
1781207100,7413.5,7413.5,7392.5,7394.25,7403.452714900253
1781208000,7394.5,7408.75,7390.25,7406.75,7403.4658777150225
1781208900,7407,7409.5,7399,7401.5,7403.458029899793
1781209800,7401.5,7404,7392,7392.75,7403.415283273446
1781210700,7392.75,7399,7392.25,7398.25,7403.394663380139
1781215200,7397.5,7413.25,7396.75,7412.5,7403.43101202932
1781216100,7412.5,7416.25,7409.25,7410.75,7403.460229546169
1781217000,7411,7412.5,7408,7410.75,7403.489330426224
1781217900,7411,7415.25,7410.75,7411.5,7403.521309147078
1781218800,7411.75,7412.5,7406.5,7409.75,7403.546174180423
1781219700,7409.75,7412.75,7402.75,7406,7403.555969892277
1781220600,7406.5,7413.75,7406.5,7413,7403.59367061127
1781221500,7413.25,7417,7412.25,7415,7403.639204860327
1781222400,7415,7416.75,7406.5,7412.5,7403.674577296014
1781223300,7412.5,7418.25,7407.25,7416.75,7403.726774592237
1781224200,7417,7421.25,7411,7412,7403.759801440173
1781225100,7412.25,7415.75,7408.75,7412.75,7403.79569045638
1781226000,7412.5,7412.75,7404.25,7408.75,7403.815468139189
1781226900,7408.75,7410.75,7396.75,7398.5,7403.7942487055
1781227800,7398.75,7403.75,7396.75,7400.5,7403.781098012065
1781228700,7400.25,7411.25,7399.75,7410.25,7403.8069219720965
1781229600,7410.25,7415.25,7410.25,7412.25,7403.840626874404
1781230500,7412.5,7412.75,7405.25,7405.75,7403.84824912241
1781231400,7406,7411,7404.75,7410.25,7403.873805014137
1781232300,7410.5,7414,7410,7411.5,7403.904248906297
1781233200,7411.5,7411.75,7402.75,7404.5,7403.906627154176
1781234100,7404.25,7405.75,7399.5,7404,7403.906999900068
1781235000,7404.25,7409.5,7403.5,7406.5,7403.9173511978715
1781235900,7407,7408.5,7402.25,7407,7403.929657181114
1781236800,7407.25,7407.25,7400.5,7404,7403.92993799077
1781237700,7404,7408.75,7400.25,7408.5,7403.948181751286
1781238600,7408.25,7410.75,7407,7409.5,7403.970344698387
1781239500,7409.75,7411.5,7408.25,7410.75,7403.997409190609
1781240400,7410.75,7412.75,7404.25,7408.75,7404.01638160901
1781241300,7408.5,7411.75,7407,7410.75,7404.043262321149
1781242200,7410.25,7410.25,7398.25,7402.5,7404.037101593321
1781243100,7402.75,7403,7387.5,7393,7403.993041307519
1781244000,7393.25,7403.75,7391.5,7401.75,7403.984087050802
1781244900,7401.75,7401.75,7395.5,7397,7403.956206463773
1781245800,7396.5,7396.5,7388,7389.5,7403.898497056732
1781246700,7389.25,7391.25,7384.5,7388,7403.835030002613
1781247600,7388,7389.75,7377.5,7378,7403.731896150307
1781248500,7378,7382.75,7374.75,7380.25,7403.638156045915
1781249400,7380,7393.75,7378.5,7391.75,7403.590698337149
1781250300,7392.25,7408.5,7389.5,7400.75,7403.579358224027
1781251200,7401,7414.25,7399.25,7411.75,7403.611975556466
1781252100,7411.5,7428.25,7407.75,7421.5,7403.683384835682
1781253000,7421.5,7424,7408,7412,7403.716584896218
1781253900,7412,7420,7408.25,7415,7403.761628469486
1781254800,7415,7426.25,7415,7426,7403.850404403739
1781255700,7426.25,7437.75,7424.75,7436.25,7403.9797441067185
1781256600,7436,7451.25,7434.5,7446,7404.1474896392265
1781257500,7446.25,7447.25,7438.25,7439.25,7404.287619421106
1781258400,7439.25,7444.75,7432.75,7436.25,7404.415213754754
1781259300,7436.5,7437,7419.25,7421.75,7404.484414498248
1781260200,7421.75,7429.5,7420.5,7426.5,7404.572301067117
1781261100,7426.75,7428,7420.75,7424.75,7404.652850763456
1781262000,7425,7431.75,7422.5,7430.25,7404.755034991945
1781262900,7430.25,7440.75,7429.5,7438.25,7404.888747427107
1781263800,7438.25,7443,7432.5,7442.5,7405.038892147957
1781264700,7442.5,7448,7438.75,7443,7405.1904334966675
1781265600,7443,7444.5,7432,7434.5,7405.307437754166
1781266500,7434.5,7436.5,7425.25,7425.5,7405.388046785088
1781267400,7425.25,7428.25,7412.25,7414,7405.422425839838
1781268300,7414.25,7418,7402,7404.5,7405.418743501156
1781269200,7404.5,7415.75,7397,7415.25,7405.457990034086
1781270100,7415,7423.75,7412.75,7423.75,7405.531012029958
1781271000,7423.5,7424.75,7374,7375.5,7405.411127750397
1781271900,7375.5,7390.75,7366.5,7383,7405.321662170555
1781272800,7383.25,7421.75,7380.25,7409.5,7405.33834216189
1781273700,7409.5,7427.75,7405.5,7412.5,7405.366931614338
1781274600,7412.25,7428.75,7395.75,7396.5,7405.331534681745
1781275500,7396.5,7443.5,7388.5,7440.5,7405.471927756868
1781276400,7440.75,7450.5,7433,7448.5,7405.643696508338
1781277300,7448.5,7461.75,7442.75,7458.75,7405.855697719881
1781278200,7458.5,7459.25,7424.75,7426.5,7405.938110104234
1781279100,7426.25,7435.75,7401.25,7405.75,7405.937359165694
1781280000,7405.75,7439.5,7398.25,7427.25,7406.022439568226
1781280900,7427.25,7439,7416.75,7423.25,7406.09121226456
1781281800,7423.25,7431.75,7419.25,7422,7406.154720399233
1781282700,7421.75,7433.25,7420,7432.5,7406.259891176082
1781283600,7432.25,7447,7429,7437,7406.382606181368
1781284500,7437.25,7444.75,7433.75,7438.25,7406.509821326353
1781285400,7438.5,7439.75,7430.5,7434,7406.619562558582
1781286300,7434.25,7438.75,7426.25,7430.5,7406.714893646173
1781287200,7430.5,7438,7422.5,7427.5,7406.797868122635
1781288100,7427.5,7431.25,7421.75,7430,7406.890491403583
1781289000,7430.25,7441.25,7429.75,7440,7407.022665090594
1781289900,7440.25,7441,7427.25,7428,7407.10640694652
1781290800,7428,7439.75,7427.25,7432,7407.205782567492
1781291700,7432,7437.75,7427.5,7432,7407.304761479399
1781292600,7432,7435.5,7418.75,7426.25,7407.3803911740915
1781293500,7426,7437.5,7422.75,7433.5,7407.484661069604
1781294400,7433.5,7442.5,7433,7442.5,7407.624442861741
1781295300,7442.5,7444.75,7440,7440.5,7407.755682610796
1781296200,7440.5,7443.5,7438.25,7438.25,7407.877416412749
1781297100,7438.25,7439,7435.75,7436.25,7407.990680219485
1781474400,7543.5,7566.5,7542,7564.25,7408.614469919207
1781475300,7564,7567.75,7557.25,7558.25,7409.21181734468
1781476200,7558.25,7560.5,7553.75,7555.25,7409.794804101787
1781477100,7555,7562,7554,7557.75,7410.385443606371
1781478000,7558,7561.75,7552.5,7553,7410.954763192773
1781478900,7553,7554.75,7546.75,7554,7411.525802062262
1781479800,7554.25,7560.75,7554,7557.25,7412.107535387363
1781480700,7557.25,7561.25,7553,7559.75,7412.696926463661
1781481600,7559.75,7574.75,7557,7571.75,7413.331868872988
1781482500,7572,7574.25,7568.25,7572,7413.965274586069
1781483400,7572.25,7573.5,7567.75,7570,7414.588167701494
1781484300,7570,7572.75,7568.25,7571,7415.212566233624
1781485200,7571,7575.5,7569.25,7573.75,7415.845450200755
1781486100,7574,7576.75,7571.5,7575,7416.480797704944
1781487000,7575.25,7578.5,7573,7577.75,7417.124586935663
1781487900,7577.5,7578.75,7574,7576,7417.7588201215485
1781488800,7576,7580,7575.75,7578.75,7418.401499482341
1781489700,7578.75,7582.75,7578.5,7581.75,7419.053589304767
1781490600,7581.5,7583.25,7580,7581.5,7419.702077970217
1781491500,7581.75,7584.25,7581.25,7583.25,7420.354963886503
1781492400,7583.25,7583.75,7581,7583.75,7421.007239479771
1781493300,7583.75,7586.75,7583.75,7585,7421.661901198414
1781494200,7585,7587.5,7582.75,7583.5,7422.307961473071
1781495100,7583.75,7585,7581.75,7583.5,7422.951442664796
1781496000,7583.25,7584.5,7580.75,7582.25,7423.587365049368
1781496900,7582.25,7587,7582.25,7586.5,7424.23771488949
1781497800,7586.5,7588.25,7585.5,7588,7424.891456546618
1781498700,7588,7591.25,7586.75,7590.5,7425.552568496532
1781499600,7590.25,7593.5,7589.75,7592.5,7426.219025308921
1781500500,7592.75,7593.75,7591.25,7592.5,7426.882821615073
1781501400,7592.75,7594.25,7589.75,7593.25,7427.546962047748
1781502300,7593.5,7595,7591.5,7594.75,7428.214439245162
1781503200,7595,7596.75,7592.75,7593.25,7428.873263838994
1781504100,7593.25,7596,7589.75,7592.75,7429.5274623865425
1781505000,7592.75,7593.5,7586.75,7590.25,7430.169069323123
1781505900,7590.5,7592.25,7587.25,7590,7430.807116950576
1781506800,7589.75,7592.25,7585.25,7589.75,7431.441619477719
1781507700,7589.5,7595.75,7588.75,7592.25,7432.083569100562
1781508600,7592.5,7594.5,7589.5,7591.25,7432.718964034292
1781509500,7591,7593.5,7586.75,7586.75,7433.333858389445
1781510400,7586.75,7594.5,7586.25,7590.5,7433.961268136393
1781511300,7590.5,7594.5,7587.25,7594,7434.600145309501
1781512200,7594,7594.75,7590.75,7594,7435.236472074733
1781513100,7593.75,7597,7590.25,7592.25,7435.863272585412
1781514000,7592.5,7596,7590.75,7591.5,7436.484576886469
1781514900,7591,7592.5,7585.5,7586.25,7437.082442847002
1781515800,7586.25,7587.75,7584.25,7584.75,7437.671934093122
1781516700,7584.5,7588.75,7583,7587.5,7438.270050124686
1781517600,7587.5,7591.5,7587,7590.5,7438.877754515406
1781518500,7590.5,7591.5,7587.25,7591.25,7439.486026952471
1781519400,7591.25,7591.25,7587.5,7590,7440.086881136293
1781520300,7590.5,7592.75,7589.25,7592,7440.693320732556
1781521200,7592.25,7598,7591.25,7597.25,7441.318297496098
1781522100,7597.25,7601,7596.25,7599.5,7441.94976137835
1781523000,7599.75,7602.25,7592,7592.75,7442.5517583389155
1781523900,7592.75,7600.25,7591.5,7595.5,7443.162330161914
1781524800,7595.75,7599,7594.75,7595.25,7443.769466568453
1781525700,7595,7596.75,7587.75,7589.25,7444.350227180954
1781526600,7589.5,7595.5,7588.25,7592,7444.939647431728
1781527500,7591.75,7594.75,7587.5,7594.5,7445.53669474737
1781528400,7594.75,7597,7592,7596.75,7446.140340676523
1781529300,7596.75,7601,7595.5,7599.25,7446.751556881407
1781530200,7599.25,7616,7598.5,7609.5,7447.401251265114
1781531100,7609.75,7622.5,7609.5,7614.25,7448.067314134315
1781532000,7614.25,7621,7605.5,7611,7448.71774401801
1781532900,7611,7618,7606.5,7617.25,7449.390527475024
1781533800,7617.25,7618.25,7610,7613.75,7450.046653113846
1781534700,7613.75,7625,7613.75,7623,7450.737085636346
1781535600,7623.25,7629.25,7623,7628,7451.444722021031
1781536500,7628.25,7634,7626,7632.75,7452.168495585817
1781537400,7633,7637,7629.25,7636,7452.902353886871
1781538300,7636,7644.5,7636,7643.25,7453.662224729638
1781539200,7643.25,7648.75,7642,7643.25,7454.419062155867
1781540100,7643.5,7647.5,7641,7646.75,7455.186850330894
1781541000,7646.75,7648.25,7639.5,7641,7455.9286193914495
1781541900,7641,7641.5,7636.75,7640.5,7456.665431290086
1781542800,7640.25,7642.25,7632.5,7639.75,7457.396307811882
1781543700,7639.5,7646.5,7638.75,7643.5,7458.139236722813
1781544600,7643.25,7645.25,7638.75,7639.5,7458.8632317857955
1781545500,7639.75,7640.5,7632,7633.5,7459.560384553118
1781546400,7633.75,7635,7628,7633.5,7460.254754275461
1781547300,7633.5,7635.5,7628,7628.75,7460.927389986936
1781548200,7628.75,7635.25,7625.75,7634.25,7461.619296613734
1781549100,7634,7636.25,7630.5,7631.5,7462.297463094318
1781550000,7631.75,7632.75,7628.5,7632,7462.974918331466
1781550900,7631.75,7634.5,7624.75,7625,7463.6217250447135
1781551800,7625,7628.25,7622.75,7625.5,7464.267945703217
1781552700,7625.25,7631.5,7616.5,7630,7464.92955071039
1781553600,7630.25,7631.75,7626.25,7628,7465.580530547873
1781554500,7628,7628.5,7624.25,7625.5,7466.218931623531
1781555400,7625.5,7628,7625.5,7626.25,7466.857778203876
1781556300,7626,7629,7624,7624.25,7467.486090466535
1781560800,7626.5,7630.25,7618.5,7620.75,7468.09792244072
1781561700,7621,7621.25,7612,7616.75,7468.691343908023
1781562600,7616.75,7618.75,7615.25,7616,7469.279402415375
1781563500,7616,7619.5,7615.25,7617.5,7469.871101407729
1781564400,7617.25,7618.5,7615,7615.5,7470.452454296321
1781565300,7615.75,7622,7614.5,7621,7471.053442502723
1781566200,7621,7621.75,7616.5,7618.75,7471.64304951868
1781567100,7619,7621.5,7617.75,7620.5,7472.237288841959
1781568000,7620.25,7622.5,7615.5,7620.75,7472.830153956362
1781568900,7620.75,7623.75,7617.5,7621.75,7473.424644359729
1781569800,7621.75,7625,7616.75,7617.75,7474.000793484042
1781570700,7617.5,7619.5,7612.75,7615.5,7474.565660575922
1781571600,7615.25,7618.75,7613.5,7615.5,7475.128272709352
1781572500,7615,7618.5,7614.5,7616.5,7475.692630902129
1781573400,7616.75,7618,7614.75,7616,7476.252740160005
1781574300,7615.75,7618.75,7614,7616.25,7476.811611456771
1781575200,7616.25,7618,7613.75,7615.5,7477.36525771842
1781576100,7615.25,7618.25,7615,7616.5,7477.920685831321
1781577000,7616.75,7621,7616.25,7619.5,7478.48587271423
1781577900,7619.5,7620.25,7615.75,7617.5,7479.040819330141
1781578800,7617.75,7620.5,7617,7617.75,7479.594548594292
1781579700,7617.5,7623.5,7617.25,7621.75,7480.162035426251
1781580600,7621.5,7627.5,7621,7626.5,7480.746218917564
1781581500,7626.5,7626.75,7621,7623,7481.314098283163
1781582400,7623.25,7623.5,7620.75,7621.75,7481.874720645306
1781583300,7622,7622.5,7619.25,7620.25,7482.427116970076
1781584200,7620.5,7622,7619.25,7619.5,7482.97431410792
1781585100,7619.5,7620,7615,7618.25,7483.514336806092
1781586000,7618.5,7624.75,7618.5,7623,7484.071165800878
1781586900,7623,7625.25,7621.5,7621.75,7484.620781905465
1781587800,7621.75,7622.5,7616,7617.75,7485.152235869915
1781588700,7617.75,7620.5,7617.5,7618.25,7485.683564269636
1781589600,7618,7624,7617,7623,7486.23173367375
1781590500,7623,7623.5,7619.75,7623.25,7486.778712780841
1781591400,7623,7624,7621,7621.25,7487.315524306666
1781592300,7621,7622.75,7619.75,7622.25,7487.854184888276
1781593200,7622.25,7626.25,7622,7623.75,7488.396683152195
1781594100,7623.75,7627.75,7623.5,7626.5,7488.947993798294
1781595000,7626.5,7627.75,7622,7622.25,7489.480137535626
1781595900,7622,7625,7620.25,7624.5,7490.01913898259
1781596800,7624.5,7630.25,7622.75,7626.75,7490.564970763099
1781597700,7626.75,7628.5,7624,7626.25,7491.10662756644
1781598600,7626.25,7627.5,7620.75,7623.25,7491.634146019268
1781599500,7623.25,7628.75,7620.75,7626.5,7492.172532661905
1781600400,7626.5,7628.75,7625.25,7627,7492.710766064452
1781601300,7627,7627.5,7622,7622.75,7493.229884762798
1781602200,7622.75,7625,7620.25,7621.25,7493.740943107058
1781603100,7621.75,7622.25,7618.75,7620.25,7494.2459692822795
1781604000,7620.5,7625.5,7620.5,7625.5,7494.769937468777
1781604900,7625.5,7627.25,7622.75,7626,7495.293809973892
1781605800,7626.25,7628.25,7624.5,7627,7495.819583187569
1781606700,7627,7631,7626.25,7630.75,7496.358227566062
1781607600,7630.5,7632.25,7628.5,7631,7496.895719671586
1781608500,7631,7634.25,7629,7632,7497.4350581160115
1781609400,7631.75,7633.5,7629,7633,7497.976235528722
1781610300,7633,7634.5,7630.5,7631.25,7498.5082665246155
1781611200,7631.25,7634.75,7630.25,7631.25,7499.038173644278
1781612100,7631.25,7631.25,7622,7625.25,7499.5420132704485
1781613000,7625.5,7627,7622.5,7624,7500.038851540826
1781613900,7623.75,7628.75,7622.25,7625.25,7500.538696444854
1781614800,7625,7627.25,7620.5,7624.25,7501.032553944076
1781615700,7624.5,7630.75,7622,7628,7501.539410016156
1781616600,7627.75,7636.75,7624.25,7630.5,7502.054222750622
1781617500,7630.5,7636.25,7621.75,7622.75,7502.5360422206795
1781618400,7622.75,7634,7622.25,7630.5,7503.0468763834715
1781619300,7630.25,7632.75,7612.25,7612.25,7503.482816996711
1781620200,7612,7621.5,7604,7614.25,7503.925001359998
1781621100,7614.25,7619,7606.5,7611,7504.352446464349
1781622000,7611,7619.25,7610.25,7616,7504.798145280858
1781622900,7615.75,7618.25,7604.5,7608,7505.2101287328305
1781623800,7608,7616.25,7605.75,7606.75,7505.615477520324
1781624700,7607,7616.75,7599,7610,7506.032182200882
1781625600,7609.75,7622.25,7609.5,7619,7506.483151533414
1781626500,7619.25,7621.75,7614.25,7616.25,7506.921342545256
1781627400,7616,7617,7606.75,7613.25,7507.345808243678
1781628300,7613,7615,7606,7610.5,7507.757601424342
1781629200,7610.25,7611.5,7604.75,7609.25,7508.162760700094
1781630100,7609.25,7611.25,7602,7605.75,7508.552330517658
1781631000,7605.5,7606.75,7598.75,7603.75,7508.932361134354
1781631900,7603.5,7611.5,7601.25,7605.75,7509.318858694696
1781632800,7605.5,7607.5,7603.5,7604.5,7509.698823330646
1781633700,7604.75,7607.5,7601.75,7605.25,7510.080265153677
1781634600,7605.25,7606.5,7601.5,7605,7510.459186250868
1781635500,7605.25,7606.75,7600.5,7602,7510.824618641084
1781636400,7602,7603,7592.5,7593.75,7511.155658087627
1781637300,7593.75,7600,7584.75,7596.25,7511.495356059333
1781638200,7596.25,7597.25,7587.5,7594.25,7511.825713919376
1781639100,7594.25,7597.75,7583,7588,7512.1298028857655
1781640000,7588,7589,7581.25,7582,7512.408725828337
1781640900,7582,7584.75,7578,7583,7512.690527322036
1781641800,7582.75,7585.75,7581.75,7584.75,7512.978189887617
1781642700,7585,7585.75,7581.25,7583,7513.257718071699
1781647200,7581.25,7593,7581.25,7591.75,7513.571060514527
1781648100,7591.75,7595.5,7590.25,7593.5,7513.890138117264
1781649000,7593.75,7596.75,7590.75,7593.75,7514.208939961107
1781649900,7593.5,7597.5,7592.75,7596.5,7514.537447186811
1781650800,7596.5,7596.75,7590.5,7593.75,7514.853664962512
1781651700,7593.5,7594,7591.25,7592,7515.16163436386
1781652600,7592,7594.75,7590,7592.25,7515.4693723504315
1781653500,7591.75,7594.5,7589.25,7591.75,7515.773885834063
1781654400,7592,7598.75,7592,7594.75,7516.089159742909
1781655300,7595,7599.5,7594.25,7597.5,7516.414153117189
1781656200,7597.25,7600.5,7596.25,7598.25,7516.740843124705
1781657100,7598.25,7598.75,7595.25,7597,7517.061238960535
1781658000,7597,7602.75,7595.25,7601,7517.396323834944
1781658900,7601,7604.25,7599.75,7603.25,7517.739053081112
1781659800,7603.25,7605.25,7602,7602.5,7518.07742013468
1781660700,7602.5,7605.5,7602.5,7605.5,7518.426412469472
1781661600,7605.25,7605.5,7603.25,7605,7518.772015613306
1781662500,7605,7605.75,7603.75,7604,7519.112247087904
1781663400,7603.75,7604,7601.5,7603.25,7519.448126341045
1781664300,7603.25,7603.5,7601.25,7602.5,7519.77967074687
1781665200,7602.5,7605.25,7601,7601.25,7520.104901602172
1781666100,7601.25,7601.75,7598.75,7601,7520.427836126713
1781667000,7601,7605.5,7600.25,7604.5,7520.763453547365
1781667900,7604.25,7606.25,7604,7605.75,7521.102721197874
1781668800,7605.75,7606.5,7604.5,7604.75,7521.436642470538
1781669700,7604.75,7606.5,7604.5,7605.5,7521.772224736124
1781670600,7605.25,7606,7601,7601.5,7522.090499288076
1781671500,7601.5,7606.25,7601.5,7606,7522.42546735479
1781672400,7606,7607.5,7605,7605.5,7522.757102215649
1781673300,7605.5,7607,7604,7604.5,7523.08342116888
1781674200,7604.5,7608,7603.75,7605.75,7523.413427471599
1781675100,7605.75,7607.5,7603,7604,7523.7351303559435
1781676000,7603.75,7607.25,7603,7605.5,7524.061537021189
1781676900,7605.5,7606.25,7602.25,7602.75,7524.375662621903
1781677800,7602.75,7608,7601.25,7608,7524.709492312035
1781678700,7608,7609.25,7607,7609,7525.045981364681
1781679600,7608.75,7612,7608.25,7611.75,7525.392105191569
1781680500,7611.5,7612.5,7603.5,7604.75,7525.7089031748355
1781681400,7604.75,7608.25,7603.25,7606.25,7526.030424519447
1781682300,7606.25,7607,7604.25,7605.75,7526.3486663377325
1781683200,7605.75,7608.25,7597.75,7598.5,7526.636695613829
1781684100,7598.75,7602.25,7598,7599.5,7526.927567088424
1781685000,7599.5,7600.5,7593.5,7594,7527.195321311624
1781685900,7594,7600,7591.75,7599.75,7527.484960747505
1781686800,7600,7601,7596.5,7598,7527.76645791019
1781687700,7598.25,7601.75,7597.25,7601,7528.058807379611
1781688600,7601,7602.75,7596,7597.25,7528.3350197254
1781689500,7597.25,7598.25,7590.5,7592.25,7528.590169347255
1781690400,7592.25,7592.5,7585.25,7589.25,7528.832324359841
1781691300,7589,7594.25,7586.75,7591.5,7529.082494721678
1781692200,7591.75,7595.75,7590.5,7595.75,7529.3486324673
1781693100,7595.75,7598.25,7590.25,7591,7529.594745710944
1781694000,7591.25,7596.5,7589.75,7595.75,7529.858838542437
1781694900,7595.5,7597.75,7593.5,7594.5,7530.11688709117
1781695800,7594.25,7594.5,7589,7589.5,7530.353945426135
1781696700,7589.5,7591,7583,7586.5,7530.578081372538
1781697600,7586.75,7593.5,7586.25,7592.75,7530.826272664463
1781698500,7592.75,7593.5,7589.25,7590.25,7531.063493132869
1781699400,7590.25,7596.5,7590,7594.75,7531.317730685232
1781700300,7594.5,7596.25,7592.75,7595.25,7531.572949325211
1781701200,7595.25,7595.75,7591,7594.25,7531.823157112336
1781702100,7594.25,7598.75,7590.25,7595.75,7532.078354089932
1781703000,7595.75,7598,7583.25,7598,7532.341514353046
1781703900,7598,7600.25,7581,7581,7532.53575980473
1781704800,7581.25,7595,7578.5,7594.75,7532.784120045031
1781705700,7594.75,7604.25,7593.25,7599.25,7533.049452899143
1781706600,7599.25,7599.75,7574,7584,7533.252848296751
1781707500,7584,7588.75,7560.5,7572.5,7533.409523553051
1781708400,7572.25,7579.75,7568,7578.25,7533.588527451043
1781709300,7578.25,7584.75,7575.5,7582.25,7533.782784826488
1781710200,7582,7590.5,7580,7586.25,7533.992234787261
1781711100,7586.25,7591.25,7585.5,7588.75,7534.210828660365
1781712000,7589,7592,7585.5,7588.75,7534.428549903238
1781712900,7588.75,7593.25,7587,7590.25,7534.651390023384
1781713800,7590.25,7591.25,7581.75,7584.75,7534.851384474388
1781714700,7585,7585.75,7581.5,7582.75,7535.042596512415
1781715600,7582.5,7583,7568.5,7575.25,7535.203105109172
1781716500,7575,7579.75,7572,7578.25,7535.374949000951
1781717400,7578.25,7579,7572.5,7574.25,7535.530138825299
1781718300,7574.25,7589.75,7573,7588.75,7535.742593360927
1781719200,7588.25,7590.75,7514.5,7546.25,7535.784539096013
1781720100,7546,7560.25,7533.75,7542.75,7535.812345327166
1781721000,7542.5,7584.25,7535.75,7580.25,7535.989741154203
1781721900,7580.25,7580.75,7531.5,7540.75,7536.008744183528
1781722800,7540.5,7552,7524.25,7547,7536.052621452256
1781723700,7547,7548.5,7497.25,7500.25,7535.90969681572
1781724600,7500.25,7503.75,7472.25,7479.75,7535.68550640927
1781725500,7479.75,7498.75,7474,7492.25,7535.512111174103
1781726400,7492.5,7504.5,7490.25,7492.5,7535.340406139476
1781727300,7492.5,7510,7490,7508,7535.231262801593
1781728200,7508.25,7515.25,7505.75,7511.5,7535.136527221547
1781729100,7511.25,7511.75,7507.25,7511,7535.040173819465
1781733600,7512.5,7521.75,7504.25,7519.75,7534.979135201424
1781734500,7520,7526.75,7518.25,7523.5,7534.9333103104
1781735400,7523.25,7527.25,7522.25,7524.25,7534.890662365049
1781736300,7524,7527.75,7524,7525.5,7534.8531746909375
1781737200,7525.75,7531.75,7524.25,7531.75,7534.84078676802
1781738100,7531.5,7539.25,7531,7537.75,7534.852400393696
1781739000,7538,7539.5,7534,7535.25,7534.853987617674
1781739900,7535.5,7541.25,7534.5,7541.25,7534.8795206012355
1781740800,7541.5,7559.25,7539.75,7558.75,7534.974811936161
1781741700,7559,7560.5,7549,7552.75,7535.045770770747
1781742600,7552.75,7558.25,7552.75,7556.25,7535.130418392421
1781743500,7556.25,7557,7548,7550.75,7535.192772011613
1781744400,7550.75,7560.75,7550,7559.25,7535.288808849889
1781745300,7559.25,7561.25,7554.75,7556.75,7535.3744822676545
1781746200,7557.25,7559.25,7553.75,7554.75,7535.451829643832
1781747100,7554.75,7556.25,7550.25,7553,7535.521882220104
1781748000,7553,7559.75,7552,7557.5,7535.609619217229
1781748900,7557.5,7558,7554.5,7555.5,7535.689021934924
1781749800,7555.75,7557.5,7553.25,7557,7535.774095699655
1781750700,7557,7558.5,7555.25,7556.75,7535.857831844566
1781751600,7556.5,7558.25,7552.5,7553,7535.92626365357
1781752500,7553,7557.5,7552.25,7556.5,7536.008394337588
1781753400,7556.75,7558.75,7550.25,7551.5,7536.070237074763
1781754300,7551.5,7556.5,7551.25,7555.5,7536.147800998617
1781755200,7555.5,7556.75,7549.25,7549.5,7536.201103190239
1781756100,7549.5,7551.5,7544.75,7546.75,7536.243214554749
1781757000,7546.5,7546.75,7540.5,7541,7536.262203718204
1781757900,7540.5,7546.25,7539.25,7544.75,7536.296087136494
1781758800,7545,7548,7542.75,7544.75,7536.329835291638
1781759700,7544.5,7549.5,7544,7548.25,7536.377420779496
1781760600,7548.5,7550.5,7546.5,7548,7536.423818301334
1781761500,7547.75,7548,7544.25,7546.5,7536.464042579572
1781762400,7546.25,7548.5,7541.25,7544.5,7536.496122249913
1781763300,7544.5,7550.75,7541,7550.25,7536.551027949515
1781764200,7550.25,7550.25,7543.75,7546.5,7536.590744404806
1781765100,7546.75,7557.25,7546.5,7556.75,7536.6712204750465
1781766000,7556.5,7559,7550.25,7551.5,7536.730417199697
1781766900,7551.5,7559.25,7550.5,7558.75,7536.818319725846
1781767800,7558.5,7558.5,7553.5,7556.75,7536.89788731177
1781768700,7556.75,7559.5,7554,7559.25,7536.987117302541
1781769600,7559.5,7568.25,7559.5,7565.25,7537.099943181573
1781770500,7565.25,7566,7555.5,7556.5,7537.177388518173
1781771400,7556.5,7560,7554.75,7557.25,7537.257518703729
1781772300,7557.25,7558.25,7547,7547.75,7537.299404856609
1781773200,7548.25,7553.75,7545.75,7553,7537.36208188313
1781774100,7553.25,7556.25,7551.75,7554,7537.428500717928
1781775000,7554,7560,7552.5,7559.25,7537.515612491509
1781775900,7559.25,7564,7559.25,7563.25,7537.618344577371
1781776800,7563.25,7563.5,7559,7563.25,7537.720666555107
1781777700,7563.25,7564.75,7559.75,7560.75,7537.812600021953
1781778600,7560.75,7563.25,7552,7552,7537.86923634921
1781779500,7552.25,7555.25,7551.5,7553.5,7537.931634607297
1781780400,7553.5,7554.75,7540,7544.25,7537.956857622838
1781781300,7544.5,7545,7535.5,7541.5,7537.971001903784
1781782200,7541.25,7543.75,7530.75,7538,7537.971117664647
1781783100,7538,7543.75,7537.25,7543.25,7537.992191047223
1781784000,7543.25,7548.25,7540.75,7546.5,7538.026154356416
1781784900,7546.75,7555.5,7544.25,7555,7538.093914219265
1781785800,7554.75,7560,7552.75,7555.5,7538.163399591643
1781786700,7555.25,7565,7555,7560.5,7538.252567657145
1781787600,7560.5,7562.75,7550.5,7561.75,7538.346369782266
1781788500,7561.75,7579.75,7560.75,7577,7538.500675691319
1781789400,7577.25,7581.5,7537,7538.25,7538.4996749899565
1781790300,7538.5,7554.75,7535.5,7544,7538.521632375227
1781791200,7544.25,7558.25,7540.75,7545.25,7538.548492126223
1781792100,7545,7566.25,7539,7550.5,7538.596202736498
1781793000,7550.5,7564.5,7541.25,7558.5,7538.675659012999
1781793900,7558.5,7570.75,7558.25,7566.25,7538.785736222528
1781794800,7566.5,7568.75,7557.25,7559,7538.86643188631
1781795700,7559.25,7561.5,7549.25,7551.75,7538.917863295946
1781796600,7551.5,7556.25,7541,7546,7538.946135298756
1781797500,7545.75,7563.25,7541,7560.5,7539.032178670817
1781798400,7560.25,7563.75,7555,7559.75,7539.114884544387
1781799300,7560,7566.75,7557,7564,7539.214226322652
1781800200,7564.25,7570.5,7560.5,7567.75,7539.328141586833
1781801100,7567.75,7568.5,7559.25,7564,7539.42663203958
1781802000,7564,7575.25,7561.5,7573.25,7539.561655464572
1781802900,7573.25,7579,7571,7572.75,7539.694143865911
1781803800,7573,7577,7569.5,7570.5,7539.817121335509
1781804700,7570.5,7572.75,7566.75,7567,7539.925635821196
1781805600,7567,7568,7562,7563.75,7540.020743063426
1781806500,7563.5,7566.75,7561,7562.75,7540.11147862006
1781807400,7562.75,7563.5,7559.25,7562.75,7540.201851958902
1781808300,7562.5,7567.25,7560.5,7561.5,7540.286874505972
1781809200,7561.5,7562.25,7549,7552.25,7540.334631493973
1781810100,7552.25,7560,7549.5,7557.75,7540.404153923138
1781811000,7557.75,7571.75,7553.75,7571.25,7540.527291033226
1781811900,7571,7580.75,7564.25,7564.25,7540.621992466227
1781812800,7564.5,7577.5,7562.25,7576.5,7540.765218045204
1781813700,7576.75,7583,7575,7577.5,7540.911863881351
1781814600,7577.5,7579.5,7572.25,7573,7541.039960233122
1781815500,7572.75,7575.25,7570.75,7574.75,7541.174531250155
1781820000,7576.75,7580,7572,7573.25,7541.302577033588
1781820900,7573,7573,7565,7566.25,7541.402167544432
1781821800,7566.5,7566.5,7560.25,7561.75,7541.48339641651
1781822700,7561.75,7564,7559.5,7561,7541.561307009658
1781823600,7561.25,7564,7560.5,7561.5,7541.640902590458
1781824500,7561.5,7566,7561.25,7564.25,7541.73115846834
1781825400,7564,7567.25,7562.75,7565.75,7541.827042067269
1781826300,7565.5,7568.25,7564.75,7565.75,7541.92254289734
1781827200,7565.5,7565.75,7556,7557.25,7541.983730350843
1781828100,7557.5,7561.75,7556.5,7559.5,7542.053655578983
1781829000,7559.75,7561.25,7556.75,7559,7542.121305656512
1781829900,7559.25,7560.25,7557.25,7558.25,7542.185691661875
1781830800,7558.25,7560.75,7551,7552.5,7542.22686654546
1781831700,7552.5,7556,7552.25,7555,7542.277857098173
1781832600,7555,7555,7550,7551.25,7542.313674035904
1781833500,7551.25,7552.75,7547.25,7547.75,7542.335375935961
1781834400,7547.5,7548.5,7544,7544.5,7542.34401714979
1781835300,7544.75,7546.75,7541.75,7546,7542.3586118917065
1781836200,7546,7549.25,7545.75,7548.75,7542.384126415093
1781837100,7548.5,7548.5,7544.5,7546.25,7542.399559044175
1781838000,7546.25,7548.5,7544.25,7544.25,7542.406946034018
1781838900,7544,7544.75,7537.5,7539,7542.393345451048
1781839800,7538.5,7541.25,7536,7538.75,7542.37880115783
1781840700,7538.75,7540,7536.25,7538.5,7542.363316921671
1781841600,7538.5,7539.5,7532,7538.25,7542.346896494838
1781842500,7538.25,7538.25,7534.25,7535.75,7542.320561578691
1781843400,7536.25,7536.25,7529.25,7531,7542.2753697161015
1781844300,7531,7531.25,7521.5,7525.25,7542.207404168333
1781845200,7525.5,7527,7522,7526.25,7542.1437019560835
1781846100,7526.25,7527.75,7520.75,7525.25,7542.076262028115
1781847000,7525.75,7528.5,7520.5,7522.5,7541.998113277504
1781847900,7522.5,7531.75,7522.5,7531.5,7541.956204641666
1781848800,7531.5,7535.5,7531,7532.75,7541.919453325731
1781849700,7533,7537.75,7530.25,7536.5,7541.897818781517
1781850600,7536.25,7537.75,7533.75,7536,7541.874274594765
1781851500,7536,7543,7534.5,7541.25,7541.871782480614
1781852400,7541.25,7546.75,7541,7546.5,7541.890258398855
1781853300,7546.75,7549.5,7545,7549.25,7541.919638604847
1781854200,7549.5,7556.5,7548.5,7550.75,7541.95488954854
1781855100,7550.5,7554.25,7548.5,7554.25,7542.003971825792
1781856000,7554.25,7556.5,7550.75,7554.75,7542.054854173793
1781856900,7554.75,7558.25,7554.25,7557,7542.114515434576
1781857800,7557,7558.5,7553,7557.5,7542.175934534637
1781858700,7557.5,7560.5,7555.75,7558.75,7542.2420984686305
1781859600,7559,7562.5,7555,7556.5,7542.299016239215
1781860500,7556.5,7558,7553.5,7554.25,7542.346724757223
1781861400,7554,7560.5,7554,7557.75,7542.408214877953
1781862300,7557.75,7559.75,7554.5,7555.25,7542.459479489218
1781863200,7555.25,7555.75,7551.25,7552.25,7542.498563403433
1781864100,7552,7553.25,7544.75,7545.25,7542.5095471822615
1781865000,7545.25,7545.5,7537.75,7542.5,7542.509509069758
1781865900,7542.5,7547.25,7540,7543.75,7542.51446112936
1781866800,7543.5,7543.5,7537.25,7540.75,7542.507417372356
1781867700,7541,7543.75,7537,7538.75,7542.492417702207
1781868600,7538.5,7546,7538.5,7544.5,7542.5004320027965
1781869500,7544.5,7545.75,7540.25,7544.25,7542.507416306178
1781870400,7544.25,7544.75,7541.5,7542.25,7542.506388696173
1781871300,7542.25,7543.25,7540,7540.25,7542.497381156468
1781872200,7540.5,7541.25,7533.25,7540.5,7542.489407578997
1781873100,7540.25,7562.25,7538,7558.75,7542.554320123592
1781874000,7559,7562.25,7554.5,7558.5,7542.617975532281
1781874900,7558.75,7560.5,7555.5,7559,7542.683372835545
1781875800,7559,7563.25,7556.25,7557.75,7542.743519051771
1781876700,7557.5,7562.75,7557,7559.5,7542.810411191284
1781877600,7559.25,7560,7553.5,7559,7542.875040288325
1781878500,7559.25,7561,7556.25,7559.75,7542.942405396954
1781879400,7559.75,7564,7557.5,7563.25,7543.023473638883
1781880300,7563.25,7566,7562.75,7565.25,7543.112202287031
1781881200,7565,7568.5,7564.5,7565.25,7543.200576728999
1781882100,7565.25,7566,7563.25,7566,7543.291592390759
1781883000,7566,7566.75,7558.5,7558.75,7543.353302600776
1781883900,7558.5,7566,7558.5,7563.75,7543.434726542489
1781884800,7563.75,7564,7559.5,7560,7543.500855378647
1781885700,7560.25,7565,7560.25,7564.75,7543.585682303284
1781886600,7565,7567,7563.75,7565.25,7543.672166605466
1781887500,7565,7566,7554,7556.25,7543.722377517221
1782079200,7543.25,7550,7528,7532.25,7543.67657960298
1782080100,7532.5,7543.5,7526,7541,7543.665894654466
1782081000,7541,7542.25,7536.25,7541.5,7543.65724836842
1782081900,7541.25,7543.75,7537,7538.25,7543.6356625465905
1782082800,7537.75,7538,7525,7526.5,7543.567256708081
1782083700,7526.75,7529,7523.5,7526,7543.497127938787
1782084600,7526.5,7527.25,7515.5,7519.5,7543.401331020868
1782085500,7519.75,7521.25,7513,7516,7543.291944469887
1782086400,7515.75,7537.25,7514.5,7533,7543.250858863221
1782087300,7533.25,7544,7531.25,7543.75,7543.252851442609
1782088200,7543.75,7545.5,7540.5,7543,7543.2518420556125
1782089100,7543,7549.75,7543,7548.75,7543.273790789922
1782090000,7549,7557.25,7549,7553.5,7543.314613980381
1782090900,7553.5,7556,7551,7554.75,7543.360264223972
1782091800,7554.5,7555.75,7552,7554,7543.402738219086
1782092700,7554,7555,7548.75,7549.5,7543.427078585477
1782093600,7549.75,7550.75,7544,7544.25,7543.430363700904
1782094500,7544.25,7547,7542.25,7542.5,7543.426649674154
1782095400,7542.25,7543,7538.25,7540,7543.4129704339375
1782096300,7540,7540.25,7537.25,7538.5,7543.393357777514
1782097200,7538.5,7539,7534.5,7536.25,7543.364841379201
1782098100,7536.25,7541,7536,7540.25,7543.352406882677
1782099000,7540.25,7542.25,7539,7540,7543.33902402087
1782099900,7540,7541.5,7533.5,7534.5,7543.303738495837
1782100800,7534.75,7536.5,7532.75,7533,7543.262605807231
1782101700,7533.25,7534.25,7530,7531,7543.213653289038
1782102600,7531,7532.5,7528.25,7529.75,7543.15990617012
1782103500,7529.75,7535.5,7529,7534.75,7543.1263336903985
1782104400,7534.75,7546.5,7534,7545.25,7543.134811400218
1782105300,7545.25,7547,7542.5,7545.25,7543.143255266883
1782106200,7545.25,7546.5,7541.25,7545,7543.150667421506
1782107100,7545,7547.5,7543.25,7546.25,7543.16304000665
1782108000,7546.5,7553.5,7546,7552.75,7543.201311304028
1782108900,7552.75,7560.25,7552,7558.75,7543.263381917585
1782109800,7558.5,7561.75,7554.5,7560.75,7543.333188776198
1782110700,7560.75,7562.75,7559.5,7561.75,7543.406708980684
1782111600,7561.75,7566.25,7561.25,7564,7543.488917727268
1782112500,7564.25,7567.25,7564,7566.75,7543.581776339135
1782113400,7566.5,7567.25,7562,7562.5,7543.657298190076
1782114300,7562.25,7565,7560.5,7562.75,7543.733516560575
1782115200,7562.75,7563.75,7552.5,7556,7543.782484558336
1782116100,7556.25,7557.5,7552.75,7555,7543.827265059102
1782117000,7554.75,7560.25,7553.25,7560,7543.891826875233
1782117900,7559.75,7560.5,7555.75,7559.5,7543.954134951579
1782118800,7559.5,7564.5,7556.25,7562.75,7544.029168344986
1782119700,7562.75,7563,7559.75,7560.5,7544.0949201679605
1782120600,7560.5,7561.75,7555.5,7556.5,7544.144441444735
1782121500,7556.5,7558,7554.25,7554.75,7544.186779003838
1782122400,7554.75,7564.75,7554.75,7563,7544.261881682465
1782123300,7563,7564.5,7562,7563,7544.33668455
1782124200,7563,7563,7557,7559.25,7544.396218743414
1782125100,7559.25,7562.5,7558,7558.75,7544.453519267392
1782126000,7558.75,7577.75,7558.5,7562.75,7544.526559110636
1782126900,7562.5,7564,7560.75,7561.75,7544.595315361692
1782127800,7561.5,7565.75,7561,7563.25,7544.669785160648
1782128700,7563.5,7565.25,7558.75,7563.5,7544.744955678969
1782129600,7563.75,7570,7563.75,7569.75,7544.844776215181
1782130500,7569.5,7574.75,7567.5,7574.25,7544.962162338074
1782131400,7574.25,7576.25,7570.25,7571,7545.066105801795
1782132300,7571,7571.5,7567.5,7568,7545.157658273644
1782133200,7568,7578,7568,7576.5,7545.282777402293
1782134100,7576.5,7579,7572.25,7573,7545.393424997493
1782135000,7573.25,7596.75,7571.5,7578.5,7545.525586973551
1782135900,7578.75,7596.5,7576.75,7596.25,7545.728079640323
1782136800,7596.25,7599.25,7589,7590,7545.904813853335
1782137700,7590,7591,7560.25,7561.25,7545.966072081465
1782138600,7561.25,7562.25,7540,7541,7545.946247442418
1782139500,7541,7549.25,7527.25,7543,7545.934485975582
1782140400,7542.75,7550,7536.25,7540.5,7545.912791420789
1782141300,7540.5,7547,7534.75,7539.75,7545.8881894590295
1782142200,7539.75,7558,7537.5,7555,7545.924563952207
1782143100,7555,7559.25,7539,7542.5,7545.910893038226
1782144000,7542.5,7546.5,7532.25,7546.25,7545.912246758632
1782144900,7546.25,7550.25,7540,7544.25,7545.905611043029
1782145800,7544.5,7545.25,7536.75,7539.75,7545.881037745452
1782146700,7540,7549.75,7538,7546,7545.881512644672
1782147600,7546.25,7547,7535.5,7542.25,7545.8670155882055
1782148500,7542,7549,7542,7543.25,7545.8565684201885
1782149400,7543.25,7544.5,7535.5,7539.25,7545.830194893561
1782150300,7539.5,7549.5,7538.25,7542.75,7545.817898706361
1782151200,7543,7546.75,7538.5,7545.5,7545.816629649649
1782152100,7545.5,7553.75,7544.25,7547.25,7545.822351686976
1782153000,7547.25,7551.5,7540.5,7541,7545.803100782037
1782153900,7541,7544.5,7531.5,7533,7545.751990599275
1782154800,7533,7539.75,7528.5,7535.5,7545.711064489098
1782155700,7535.5,7538.25,7530.25,7530.5,7545.650341676766
1782156600,7530.25,7536.25,7528,7529.5,7545.585869254903
1782157500,7529.5,7545.75,7528.75,7540.25,7545.564568379634
1782158400,7540.25,7547,7539,7545.5,7545.564310621631
1782159300,7545.25,7547.25,7541,7541.75,7545.549083832722
1782160200,7541.5,7542.75,7540.5,7542.5,7545.536911841374
1782161100,7542.25,7542.5,7539.5,7540.75,7545.517802412865
1782165600,7541.25,7549.5,7538.25,7541.25,7545.500765277485
1782166500,7541.5,7543.25,7539,7540.25,7545.479804138652
1782167400,7540,7540,7529.5,7530.25,7545.41900651734
1782168300,7530.5,7533.75,7529.5,7532,7545.365437629047
1782169200,7532,7533,7528,7528.5,7545.2981105327235
1782170100,7528.5,7531.25,7526,7531,7545.241032247164
1782171000,7531,7531.5,7528.25,7530.75,7545.18318381504
1782171900,7530.75,7532.25,7526.5,7532,7545.1305563347405
1782172800,7531.75,7535,7524,7524.75,7545.049196828414
1782173700,7525.25,7529,7522,7525.5,7544.971156122512
1782174600,7525.25,7541,7523.75,7541,7544.955303203859
1782175500,7541,7545.25,7538.25,7540.25,7544.936519558335
1782176400,7540.25,7542.25,7536.5,7536.5,7544.902840837543
1782177300,7536.5,7538,7532.75,7535.75,7544.866302550767
1782178200,7535.75,7536.75,7521,7522.25,7544.776017909846
1782179100,7522.25,7525.5,7512,7522.25,7544.686093686653
1782180000,7522.75,7525,7514,7519,7544.583554390499
1782180900,7519,7522.25,7517.25,7520,7544.48541644882
1782181800,7520,7520.25,7515.75,7517.5,7544.377690235451
1782182700,7517.5,7518,7510.5,7512.75,7544.251431990998
1782183600,7512.75,7513.75,7504.75,7506.25,7544.099729667681
1782184500,7506.25,7508.75,7505,7507.5,7543.95362296242
1782185400,7507.5,7507.75,7496.5,7500.75,7543.781153409675
1782186300,7500.25,7509,7497,7508.75,7543.641308485884
1782187200,7509,7512.25,7500,7501.75,7543.474077713486
1782188100,7501.75,7501.75,7493.5,7496.75,7543.287554449161
1782189000,7496.5,7496.75,7490.5,7492,7543.0828137128365
1782189900,7492.25,7493,7481.75,7483.25,7542.843960165081
1782190800,7483.5,7488,7482.75,7483.25,7542.606060124502
1782191700,7483.5,7484.5,7474.5,7476.75,7542.343161680891
1782192600,7477,7477.5,7467.25,7473.25,7542.067340676177
1782193500,7473.25,7476,7467,7468.75,7541.774656681462
1782194400,7468.75,7472.5,7463,7465.25,7541.469169030039
1782195300,7466,7468.5,7451.25,7454.75,7541.122984722534
1782196200,7454.75,7458.75,7447.75,7450.5,7540.7612163204485
1782197100,7450.5,7455.25,7444.75,7447.25,7540.387918051704
1782198000,7447,7455.5,7442.25,7452,7540.035072071458
1782198900,7452,7453,7440.5,7446.75,7539.662676574167
1782199800,7446.5,7447.25,7437.5,7439.5,7539.262825569878
1782200700,7439.5,7441.25,7428.25,7433.5,7538.840618681375
1782201600,7433.75,7435,7422.25,7429.75,7538.405127189633
1782202500,7429.25,7430.75,7421.75,7424.5,7537.950416103048
1782203400,7424.75,7438.5,7424.25,7434.5,7537.537440390062
1782204300,7434.5,7434.5,7423.5,7430.5,7537.110145218844
1782205200,7430.75,7439.5,7429.5,7438.25,7536.715493940525
1782206100,7438,7446.25,7434.75,7445,7536.349364224196
1782207000,7445,7445.5,7438.5,7440,7535.9647360236995
1782207900,7440,7446,7438,7444.5,7535.599607336978
1782208800,7444.5,7449.5,7441,7442.5,7535.227952217868
1782209700,7442.25,7449.75,7439.25,7440,7534.847800712008
1782210600,7439.75,7439.75,7427.25,7431.5,7534.435234641302
1782211500,7431.5,7437.75,7430.5,7436.75,7534.04527362477
1782212400,7436.5,7443,7432.5,7442.5,7533.679823430659
1782213300,7442.5,7448.5,7436,7440.25,7533.306850083631
1782214200,7440,7449.5,7438.25,7449,7532.97029579188
1782215100,7449,7453.5,7446.25,7450.75,7532.64207105818
1782216000,7450.75,7454.5,7444.25,7446.5,7532.298190534993
1782216900,7446.5,7447.25,7432.5,7437.25,7531.918756640642
1782217800,7437.25,7440.5,7427.5,7433.25,7531.524869388583
1782218700,7433.25,7435.5,7429.75,7432.75,7531.130558532741
1782219600,7432.5,7436,7429.5,7434,7530.742811792091
1782220500,7433.75,7434.25,7423.75,7429.5,7530.338648870765
1782221400,7429.5,7447,7415.25,7442.25,7529.986997577867
1782222300,7442,7466.5,7438.25,7465.25,7529.728566449812
1782223200,7465.25,7485.25,7463.75,7484,7529.546017282348
1782224100,7484,7491,7475.75,7483.75,7529.363198850083
1782225000,7483.75,7486,7466.25,7468.25,7529.119233984414
1782225900,7468.5,7474,7459.75,7464.75,7528.862270974496
1782226800,7464.75,7468.5,7450.5,7455.25,7528.56840961332
1782227700,7455.25,7457,7436.25,7439.75,7528.213845103885
1782228600,7439.75,7449.25,7435.75,7444.25,7527.878660093491
1782229500,7444,7456.5,7441.75,7453.75,7527.582737298707
1782230400,7454,7471.5,7452.5,7469.25,7527.34987207995
1782231300,7469.5,7471.25,7460.75,7469,7527.116938458872
1782232200,7469,7475.25,7464.5,7474,7526.904894792369
1782233100,7474,7474.75,7464.5,7469.75,7526.6767315397055
1782234000,7469.75,7473,7460.5,7468.75,7526.445487102421
1782234900,7469.25,7476.5,7464.5,7471,7526.224147832551
1782235800,7470.75,7475.75,7466,7467.25,7525.988722092701
1782236700,7467.25,7470.5,7452.5,7453.25,7525.698347952611
1782237600,7453.25,7461.25,7448.75,7453.75,7525.411128998708
1782238500,7453.75,7455.75,7447.75,7449.75,7525.109088563583
1782239400,7449.5,7451,7433,7433.75,7524.74438162321
1782240300,7433.75,7441.25,7428.75,7436,7524.390112634694
1782241200,7436,7452.25,7433.75,7441,7524.057217973477
1782242100,7441,7449.75,7433.5,7446.75,7523.748606324881
1782243000,7446.75,7449.25,7438.25,7442,7523.422264583065
1782243900,7442.25,7453,7433,7434.75,7523.068283486925
1782244800,7435,7442.25,7431.5,7438.75,7522.731683552845
1782245700,7438.5,7442,7435.25,7441,7522.405409367006
1782246600,7440.75,7443,7438.25,7440.25,7522.07744366095
1782247500,7440.5,7446.75,7439.25,7445.5,7521.771745283062
1782252000,7449.25,7452.25,7443.75,7449,7521.481239313868
1782252900,7449,7452,7436.75,7436.75,7521.142990853534
1782253800,7437,7440.75,7429.25,7430.5,7520.781142586653
1782254700,7430.5,7436.25,7430.5,7434.75,7520.437704891697
1782255600,7435,7435.5,7420.25,7433,7520.088652177558
1782256500,7433.25,7438.25,7432.5,7435.75,7519.75197093134
1782257400,7436,7437,7427.5,7433.5,7519.407651686105
1782258300,7433.5,7450.75,7433.25,7446.75,7519.117601180372
1782259200,7446.75,7459.75,7443.5,7454.25,7518.85864868065
1782260100,7454,7458.75,7448.5,7454.75,7518.602725931426
1782261000,7455,7458.25,7453.25,7456.5,7518.354810857847
1782261900,7456.25,7458.25,7448.75,7453.5,7518.095909417297
1782262800,7453.75,7454.75,7446,7451.75,7517.831055487487
1782263700,7451.75,7452.75,7442.5,7451,7517.564264846818
1782264600,7451,7454.25,7448,7452,7517.302531254615
1782265500,7452,7454.25,7449,7451.25,7517.038848495115
1782266400,7451,7453.25,7447.25,7451.5,7516.777216365394
1782267300,7451.25,7451.75,7442.75,7448,7516.502656619425
1782268200,7448.25,7450.5,7438.75,7440.25,7516.198254796593
1782269100,7440.25,7441,7429.75,7430.25,7515.8551479910175
1782270000,7430,7446.25,7426.75,7445,7515.572293108818
1782270900,7444.75,7448.25,7436.25,7448,7515.302543435729
1782271800,7447.75,7451.75,7445.75,7447.5,7515.031874599658
1782272700,7447.5,7448.5,7443.5,7448,7514.764282285887
1782273600,7448,7448.25,7438,7439.75,7514.4648240731685
1782274500,7439.75,7441.5,7434.75,7436.75,7514.154585254513
1782275400,7437,7450.5,7437,7448.25,7513.891493097809
1782276300,7448.25,7451.5,7447.75,7449.5,7513.634441229155
1782277200,7449.75,7453.25,7447.5,7451.5,7513.386399547601
1782278100,7451.5,7457.5,7450,7454.25,7513.150326096314
1782279000,7454.25,7459.25,7453.5,7454.25,7512.915195054013
1782279900,7454,7455,7449.75,7450.25,7512.6650345947155
1782280800,7450.25,7453.75,7445.75,7452,7512.42285880791
1782281700,7452,7452.5,7445.25,7447,7512.161689710872
1782282600,7447.5,7453.75,7446.75,7450,7511.913539252945
1782283500,7450,7451.75,7448.25,7448.75,7511.661389395648
1782284400,7449,7450.75,7442.75,7447.75,7511.40625410864
1782285300,7448,7450.5,7444.5,7444.5,7511.139163273874
1782286200,7444.5,7450.75,7439.75,7450.25,7510.896092761803
1782287100,7450,7452.75,7442,7442.75,7510.624052471337
1782288000,7443,7452.5,7442.5,7452.25,7510.391022321751
1782288900,7451.75,7453,7445.75,7448.5,7510.143952372363
1782289800,7448.5,7453.25,7447,7449,7509.899864738142
1782290700,7449,7449.25,7445,7447.5,7509.650763481703
1782291600,7447.5,7452.25,7444.25,7451.25,7509.417626701336
1782292500,7451.25,7451.5,7443,7447,7509.168454538856
1782293400,7446.75,7448.25,7440.75,7441.25,7508.897322983811
1782294300,7441.25,7448.75,7439.25,7447.75,7508.653221894056
1782295200,7447.75,7448,7442.25,7447.75,7508.410095259748
1782296100,7447.5,7450.5,7447,7450.5,7508.178917234759
1782297000,7450.5,7458.25,7449.75,7455.25,7507.967624151986
1782297900,7455.25,7456.25,7447.5,7449,7507.732224454772
1782298800,7449,7455.75,7448,7448,7507.493772460941
1782299700,7448.25,7449.25,7443.75,7447.5,7507.254276363293
1782300600,7447.75,7459,7447.5,7455.25,7507.046674461643
1782301500,7455.25,7465,7454.5,7463.75,7506.8738334458285
1782302400,7463.75,7464.5,7458.5,7460.25,7506.68771035822
1782303300,7460.25,7467.25,7457,7465,7506.521292352798
1782304200,7464.75,7467.25,7452.75,7454,7506.311626515062
1782305100,7454,7455.5,7447.75,7450.5,7506.08882561081
1782306000,7450.5,7455.75,7442,7442.75,7505.835976007574
1782306900,7443,7449.25,7438.75,7447.5,7505.603097859839
1782307800,7447.25,7468,7438.25,7452.5,7505.391109445229
1782308700,7452.75,7472.25,7437.75,7454.5,7505.187951323691
1782309600,7454.75,7460.5,7447,7451.25,7504.9726301607225
1782310500,7451,7466,7436.5,7461,7504.797090718963
1782311400,7461,7473.5,7457.5,7472.75,7504.669158221082
1782312300,7472.75,7494.25,7471.75,7493.75,7504.625568767106
1782313200,7493.75,7496.5,7476.25,7481.75,7504.5342491313095
1782314100,7481.75,7493.75,7478.25,7493.5,7504.490200232582
1782315000,7493.5,7496.5,7478.25,7481.75,7504.399420990137
1782315900,7481.75,7489.75,7474.5,7480.25,7504.303016115924
1782316800,7480.25,7485.5,7474.5,7481.25,7504.2109881074775
1782317700,7481.5,7485,7476.75,7477.75,7504.105355420422
1782318600,7477.75,7477.75,7455,7459.75,7503.928288133315
1782319500,7459.5,7464.5,7450.75,7453,7503.72498159386
1782320400,7453,7461.25,7442.25,7444,7503.486558513645
1782321300,7444,7447.75,7415.75,7416.75,7503.1403047870435
1782322200,7417,7424.5,7407.75,7414.75,7502.7874492789115
1782323100,7414.75,7427.25,7410.25,7414,7502.433008363626
1782324000,7414.25,7429.5,7413,7424.75,7502.122896553791
1782324900,7424.75,7443.25,7424.75,7440,7501.874900958766
1782325800,7440,7442.25,7425.25,7429.25,7501.58498119446
1782326700,7429.25,7429.25,7408.25,7415.5,7501.241328574921
1782327600,7415.5,7425.25,7404.25,7412.25,7500.886073770231
1782328500,7412.25,7419.75,7407.75,7416.25,7500.548205212266
1782329400,7416,7418.5,7405.25,7411,7500.190727347147
1782330300,7411.25,7431.5,7410.5,7428.25,7499.903538814823
1782331200,7428.25,7465.25,7421.25,7463.5,7499.7582153065805
1782332100,7463.75,7474,7460.75,7470.5,7499.64141604388
1782333000,7470.5,7480,7468,7479.25,7499.560013185422
1782333900,7479.25,7482.25,7474.75,7477.5,7499.47194926053
1782338400,7476.25,7486.75,7472.25,7473,7499.366272816376
1782339300,7473,7475.25,7468.25,7468.5,7499.243054162419
1782340200,7468.5,7471.5,7467,7470.75,7499.129309435224
1782341100,7470.75,7471,7465.75,7466.25,7498.99805470694
1782342000,7466.5,7468.75,7464,7464.75,7498.861335925675
1782342900,7465,7470.75,7464,7468.25,7498.739134983856
1782343800,7468.5,7475.75,7468,7474.25,7498.6413739659565
1782344700,7474.5,7478.5,7469.75,7471.75,7498.534023171681
1782345600,7472,7473,7464.75,7471.25,7498.425104915506
1782346500,7471,7472.25,7464.5,7466,7498.295663378917
1782347400,7466.25,7467,7454,7457,7498.130810431297
1782348300,7457,7460.5,7453,7454.5,7497.956635539355
1782349200,7455,7459,7452.25,7455.75,7497.788145976324
1782350100,7455.75,7460,7454.25,7456.25,7497.622325034303
1782351000,7456.75,7466.5,7455.75,7460.75,7497.475130123986
1782351900,7460.75,7465,7459.5,7460.25,7497.326526810118
1782352800,7460,7465,7454,7455.25,7497.158556643211
1782353700,7455.5,7463,7452.75,7461.25,7497.015209111702
1782354600,7461.25,7463.5,7458.5,7459.75,7496.866445801875
1782355500,7459.5,7464,7458.75,7463.25,7496.732248413444
1782356400,7463.5,7467.25,7462.25,7464,7496.601580755107
1782357300,7464,7468.25,7460.25,7466.5,7496.481414764068
1782358200,7466.5,7469.5,7464,7465,7496.355740453633
1782359100,7465,7469.75,7464.25,7469.25,7496.247533904916
1782360000,7469.5,7469.75,7465.25,7465.25,7496.123791254597
1782360900,7465.5,7467,7462.5,7463.75,7495.994554562962
1782361800,7464,7466.5,7459.75,7466.5,7495.876811830175
1782362700,7466.75,7467.75,7463,7464.5,7495.751555096322
1782363600,7464.25,7470.5,7464.25,7469.5,7495.646758469191
1782364500,7469.75,7474,7468.5,7473.75,7495.5593462597335
1782365400,7473.25,7476.5,7472.5,7474.5,7495.475277013187
1782366300,7474.5,7474.5,7470.75,7472,7495.381563332496
1782367200,7472,7478.5,7471,7477.5,7495.310179846138
1782368100,7477.5,7482.25,7476.75,7480,7495.249061363719
1782369000,7480,7482.25,7478,7479.25,7495.1851928552815
1782369900,7479.25,7481.25,7477,7477.75,7495.115591286997
1782370800,7478,7484,7478,7481.75,7495.062235633157
1782371700,7481.75,7488.75,7481.5,7486,7495.026059043803
1782372600,7485.75,7488.5,7483.25,7487,7494.994018887939
1782373500,7487,7488.25,7484.5,7488,7494.966098652858
1782374400,7488.25,7491.25,7483.5,7483.75,7494.9213238079365
1782375300,7483.5,7485.25,7480.25,7483.75,7494.876727704911
1782376200,7483.5,7485.5,7481.25,7481.5,7494.823327594312
1782377100,7481.25,7482.25,7475.5,7477,7494.752176585952
1782378000,7477,7482.75,7476.25,7480.25,7494.694283665449
1782378900,7480,7481.75,7476.75,7479,7494.631631834449
1782379800,7479,7482.75,7478.5,7481.75,7494.580208154471
1782380700,7481.5,7484.5,7479.75,7480.75,7494.5249977426765
1782381600,7480.5,7486,7479.75,7486,7494.49096581556
1782382500,7486,7486.75,7483.5,7486.25,7494.458067748432
1782383400,7486.25,7487.5,7481.75,7482.5,7494.410330951033
1782384300,7482,7486,7480,7483.75,7494.367774739651
1782385200,7483.75,7487,7480,7480.5,7494.31241436145
1782386100,7480.25,7481,7472.5,7473.75,7494.230328874976
1782387000,7473.75,7479,7472.25,7477.75,7494.164539138948
1782387900,7477.5,7480.5,7473,7476,7494.092026008653
1782388800,7475.75,7482.75,7474.75,7476.75,7494.022796363908
1782389700,7476.75,7479.5,7472.5,7474.5,7493.944861049082
1782390600,7474.25,7496,7474,7485.25,7493.910151024934
1782391500,7485.25,7492.75,7484.75,7487,7493.882565591701
1782392400,7487,7488.75,7480.5,7483.5,7493.841118224069
1782393300,7483.75,7488.25,7479.25,7485.75,7493.808818350919
1782394200,7485.75,7490.5,7436.25,7438.75,7493.58902266888
1782395100,7439,7444,7390.5,7393.25,7493.1884676881655
1782396000,7393.25,7454.25,7392.5,7437.25,7492.965160431925
1782396900,7437.25,7462,7427.5,7451,7492.797634841379
1782397800,7450.75,7467.75,7444.25,7450.75,7492.629780011673
1782398700,7450.75,7475.75,7444,7449.5,7492.457605241167
1782399600,7449.25,7462.25,7422.75,7426,7492.192305419845
1782400500,7426,7445,7414.25,7439.25,7491.980958891223
1782401400,7439.25,7451.5,7435.5,7443.75,7491.788420133174
1782402300,7443.75,7454.75,7436.25,7437.5,7491.571699893122
1782403200,7437.75,7458.25,7432.5,7453.5,7491.419717059217
1782404100,7453.5,7458.75,7435.25,7437.75,7491.205466691715
1782405000,7437.75,7438.25,7415.75,7417.75,7490.91223129574
1782405900,7417.5,7425.75,7409.75,7420.25,7490.630146540068
1782406800,7420.25,7432.5,7416.5,7427.25,7490.377131983022
1782407700,7427.25,7438,7415.75,7427.75,7490.127123472112
1782408600,7427.75,7433,7420.25,7421.5,7489.853162899369
1782409500,7421.5,7431,7410.75,7429.5,7489.612232109352
1782410400,7429.5,7435.5,7408.25,7427.5,7489.364279086959
1782411300,7427.75,7456.75,7425,7454.25,7489.224102324137
1782412200,7454.25,7454.5,7431.25,7434.75,7489.0066408378125
1782413100,7434.75,7439.5,7422.25,7434.5,7488.789049457222
1782414000,7434.25,7435,7418.75,7419.25,7488.511448461385
1782414900,7419.5,7424.75,7414.25,7419.75,7488.23695166114
1782415800,7419.5,7420.75,7411.5,7415.75,7487.947582592632
1782416700,7415.5,7430.25,7409,7428.5,7487.7102668936595
1782417600,7428.5,7451.75,7427.25,7438.25,7487.512820718435
1782418500,7438.25,7454.5,7438,7446.75,7487.350094887224
1782419400,7446.75,7447,7440,7440.5,7487.1630685603295
1782420300,7440.5,7441,7432,7433.75,7486.949842737733
1782424800,7431,7435.75,7416.75,7420.5,7486.684573904448
1782425700,7420.75,7425.75,7416.5,7417.25,7486.407389976686
1782426600,7417.25,7422.75,7416,7422.25,7486.15127265143
1782427500,7422.25,7426.5,7419.25,7425.25,7485.90815379853
1782428400,7425.25,7433.75,7424.5,7433.25,7485.697941607717
1782429300,7433.5,7454.25,7432,7449.75,7485.554436850801
1782430200,7450,7451.25,7430.25,7430.75,7485.335656663771
1782431100,7430.5,7430.75,7417.25,7423.75,7485.089805738966
1782432000,7423.75,7434.25,7419.75,7432,7484.877870386715
1782432900,7432.25,7434.75,7420.5,7429.5,7484.656801043853
1782433800,7429.25,7430.5,7421.75,7426,7484.42264215745
1782434700,7426,7429.25,7418.75,7421.25,7484.170455961213
1782435600,7421.75,7427.25,7411.25,7421.75,7483.921272504282
1782436500,7422,7427.75,7416.5,7417.5,7483.656117723825
1782437400,7417.75,7418.75,7402,7403,7483.33413721395
1782438300,7403,7407.5,7395,7399.75,7483.000468003515
1782439200,7399.75,7401.5,7391.75,7394.25,7482.646174718072
1782440100,7394.25,7397,7386,7388.75,7482.271339689258
1782441000,7389,7390,7378.25,7381.5,7481.869058892095
1782441900,7381.5,7381.5,7366.5,7370.75,7481.425469834642
1782442800,7371.25,7371.75,7365.25,7369.5,7480.978661571829
1782443700,7369,7371.75,7365.25,7368.5,7480.529644958769
1782444600,7368.25,7369.5,7357.25,7369.5,7480.086412843165
1782445500,7369.5,7383.5,7366.75,7383,7479.698842332813
1782446400,7383.25,7385.5,7378.25,7381,7479.304834978191
1782447300,7381.25,7385,7371.5,7376.5,7478.894436435364
1782448200,7376.75,7380,7369,7373,7478.471704154184
1782449100,7373.25,7373.25,7365.75,7367.75,7478.02970134319
1782450000,7367.75,7376.75,7364.5,7376.75,7477.625391158187
1782450900,7376.5,7380.25,7373.5,7378.75,7477.230679017835
1782451800,7378.75,7382.75,7367.75,7367.75,7476.793630399002
1782452700,7368,7375.75,7365.25,7372,7476.375292553098
1782453600,7372.25,7376.5,7369,7375.75,7475.973594778435
1782454500,7376,7388,7375.75,7386.5,7475.616414759359
1782455400,7386.75,7395.75,7384,7395.25,7475.295590748344
1782456300,7395.25,7409.5,7394.25,7404,7475.010977611624
1782457200,7404,7406.25,7394.75,7402.25,7474.720514627146
1782458100,7402.5,7409.75,7401.25,7409.25,7474.459155287317
1782459000,7409.5,7413.75,7406.5,7406.75,7474.188859258226
1782459900,7406.75,7412,7404.5,7410.75,7473.935610319072
1782460800,7411,7416,7401,7402.75,7473.651436225982
1782461700,7402.75,7409.5,7400.25,7407.5,7473.387358636258
1782462600,7407.25,7407.75,7397.25,7397.75,7473.0854130928
1782463500,7397.5,7398.75,7382.75,7388.5,7472.747746773069
1782464400,7388.75,7390,7382.25,7388.5,7472.411428422677
1782465300,7388.25,7389.75,7380.25,7383.5,7472.05649258067
1782466200,7383.5,7395.5,7379.75,7392.25,7471.737903787933
1782467100,7392.25,7396.75,7384.25,7385.25,7471.3926426949665
1782468000,7385.5,7388.75,7376.5,7387,7471.055745917741
1782468900,7387,7389.5,7381,7386.25,7470.717200025853
1782469800,7386.25,7389.25,7383.5,7385.25,7470.376013598604
1782470700,7385,7388.75,7383,7386.5,7470.041179212981
1782471600,7386.5,7394.75,7383.25,7390.5,7469.723649555444
1782472500,7390.75,7390.75,7384,7386.5,7469.391419417499
1782473400,7386.5,7390.75,7384.75,7385.75,7469.057521535592
1782474300,7385.75,7389,7377.75,7384.5,7468.719966559402
1782475200,7384.75,7401.25,7383,7398.25,7468.438649327628
1782476100,7398.5,7403.75,7390,7394.75,7468.144483062847
1782477000,7394.5,7397.25,7383.5,7384,7467.808576942835
1782477900,7384.25,7386.75,7380.25,7384,7467.474011765419
1782478800,7384,7385,7373.5,7377,7467.1128380657565
1782479700,7376.75,7383,7364.75,7381,7466.769074241142
1782480600,7380.75,7388.25,7360,7384.25,7466.439656779102
1782481500,7384.5,7405.75,7371.25,7401.5,7466.180416632279
1782482400,7401.25,7428,7398.75,7425.5,7466.0180197594955
1782483300,7425.75,7436.25,7418,7428.5,7465.868247225525
1782484200,7428.75,7433,7409.25,7415.25,7465.666178374326
1782485100,7415.25,7427.5,7411.75,7418,7465.475894229119
1782486000,7418,7428,7412.75,7414.25,7465.271399641379
1782486900,7414.5,7440.75,7409.5,7440.75,7465.173509822451
1782487800,7440.5,7459.5,7437.5,7456.5,7465.13888503274
1782488700,7456.5,7458.5,7435,7447.5,7465.06847032203
1782489600,7447.75,7449,7431.25,7434.75,7464.947438504378
1782490500,7434.75,7440.25,7420.75,7427.25,7464.796949727913
1782491400,7427.25,7441.5,7427.25,7433.75,7464.673009808839
1782492300,7433.75,7442.75,7432,7438.25,7464.567528731758
1782493200,7438.25,7452.25,7435,7444.5,7464.487418836621
1782494100,7444.5,7445.25,7431.25,7440.75,7464.392658681585
1782495000,7440.75,7447.75,7429.25,7436,7464.279314734752
1782495900,7436,7437.75,7427.75,7430,7464.142471162957
1782496800,7430.25,7439.5,7429.5,7434,7464.022141936757
1782497700,7434,7435.75,7420.25,7421.25,7463.851394863157
1782498600,7421.5,7429.75,7420.5,7420.75,7463.679333406618
1782499500,7420.75,7420.75,7405.25,7409,7463.461052634536
1782500400,7408.75,7421,7406.5,7420.5,7463.289551426414
1782501300,7420.5,7422.75,7411,7415,7463.096778766029
1782502200,7415.25,7426.75,7410.5,7426,7462.948687832832
1782503100,7426,7431.75,7368.75,7380.25,7462.618553350465
1782504000,7380,7413.5,7368.5,7412.25,7462.417481281202
1782504900,7412.5,7421,7410.25,7415.75,7462.231183950737
1782505800,7415.5,7416.75,7397.25,7399.75,7461.981758066702
1782506700,7400,7404.75,7395.25,7397.25,7461.723347854859
1782684000,7398,7437.75,7398,7435.25,7461.617665827494
1782684900,7435.25,7437.5,7427,7434.75,7461.510409676486
1782685800,7435,7438.5,7434.25,7437.75,7461.4155577416495
1782686700,7437.75,7438.5,7434,7434.5,7461.308110405355
1782687600,7434.5,7448.5,7432.5,7446.25,7461.247998188168
1782688500,7446.5,7451.5,7444.25,7449.5,7461.201099991808
1782689400,7449.5,7453.5,7449.25,7452,7461.164369053718
1782690300,7452,7455.75,7447,7447.25,7461.10882267027
1782691200,7447.5,7447.5,7432.5,7436.25,7461.009585853222
1782692100,7436.25,7438.5,7422.75,7423,7460.857850979557
1782693000,7423.25,7436.25,7422.5,7435.5,7460.756622033531
1782693900,7434.75,7440.25,7423,7438.5,7460.667773242978
1782694800,7438.5,7440.75,7430.5,7436.75,7460.572293110272
1782695700,7437,7437.25,7427,7429.25,7460.4472540160195
1782696600,7429.5,7443,7426.75,7440.5,7460.367624259468
1782697500,7440.25,7441.75,7434.75,7438.5,7460.280328354241
1782698400,7438.75,7439.75,7421.75,7422.75,7460.130506684164
1782699300,7422.5,7441,7420.75,7439.75,7460.049147376044
1782700200,7440,7443.75,7438,7441.5,7459.975098883525
1782701100,7441.75,7443,7440,7440.5,7459.897353977803
1782702000,7440.75,7450,7440.75,7444.5,7459.835887494857
1782702900,7444.5,7446.5,7443,7444.75,7459.775664391085
1782703800,7444.5,7446,7434,7436.75,7459.683745571161
1782704700,7436.75,7452.75,7436,7450.25,7459.646085908203
1782705600,7450.25,7450.5,7444.75,7445.25,7459.58861650338
1782706500,7445.25,7448,7441.5,7444.25,7459.527384501371
1782707400,7444.5,7446,7439.75,7441.5,7459.4554188945785
1782708300,7441.75,7445.25,7440,7442,7459.385736583622
1782709200,7442.25,7445,7439,7444.5,7459.326312485484
1782710100,7444.75,7447.25,7440.5,7442.75,7459.26013958135
1782711000,7442.5,7453.75,7442,7453,7459.235149004179
1782711900,7453.25,7458.5,7450,7457.25,7459.2272242576555
1782712800,7457,7457.75,7445.5,7447.75,7459.18140699515
1782713700,7447.75,7452.25,7446.75,7450.75,7459.147748683792
1782714600,7451,7454.75,7449.5,7451.75,7459.118216752919
1782715500,7451.75,7452,7444.25,7446.25,7459.06684662616
1782716400,7446.5,7446.75,7436.5,7442.75,7459.00170951388
1782717300,7442.75,7451.75,7442.75,7450.25,7458.966772549753
1782718200,7450.25,7453.25,7446.75,7450.75,7458.933971062528
1782719100,7450.5,7452.75,7448.25,7451.5,7458.90429453134
1782720000,7451.25,7459.75,7450.25,7458,7458.900684573131
1782720900,7457.75,7463.75,7455.25,7456.25,7458.890102997989
1782721800,7456.25,7461.75,7454,7455,7458.874573644704
1782722700,7454.75,7457.5,7450.75,7451.5,7458.845134228956
1782723600,7451.25,7454.75,7450.5,7453.75,7458.824794371755
1782724500,7453.5,7458.75,7452.25,7457.75,7458.820503775461
1782725400,7458,7459.25,7453.75,7455.5,7458.807248271367
1782726300,7455.25,7456.25,7447.5,7454.5,7458.790053667489
1782727200,7454.75,7461,7454.75,7456.75,7458.781909740673
1782728100,7456.75,7460.25,7452.5,7460,7458.786772376438
1782729000,7460.25,7465,7459.25,7461.75,7458.7986016284285
1782729900,7461.75,7466.75,7455.75,7466,7458.8273497257205
1782730800,7466,7470.5,7462.75,7463.25,7458.845005016236
1782731700,7463.25,7464.25,7458,7462,7458.857599806591
1782732600,7462,7473.75,7460.25,7464.5,7458.880124358261
1782733500,7464.5,7468.75,7462.5,7463.5,7458.898566975593
1782734400,7463.5,7467.75,7461.5,7466,7458.926916009623
1782735300,7466,7469.25,7464,7465.5,7458.953155865872
1782736200,7465.5,7467.75,7455.25,7459.25,7458.954340872396
1782737100,7459.25,7464,7457.5,7464,7458.974483224202
1782738000,7464,7468.25,7463,7467.5,7459.0085172233075
1782738900,7467.5,7468.75,7455,7457,7459.00049919048
1782739800,7457.25,7483.5,7444.5,7483.5,7459.098301588921
1782740700,7483.5,7490,7453.75,7458.5,7459.095913159424
1782741600,7458.5,7460.75,7415.5,7415.5,7458.921877577949
1782742500,7415.5,7450.75,7409,7449.75,7458.885263296201
1782743400,7449.5,7467.75,7448,7459.75,7458.8887153389305
1782744300,7459.75,7472.5,7447.75,7468,7458.925087732787
1782745200,7468,7469.5,7454.75,7464,7458.945346863594
1782746100,7464.25,7467.75,7453,7467,7458.977501167532
1782747000,7467,7474.75,7461.5,7474.25,7459.0384692267435
1782747900,7474.5,7475.75,7467.5,7475,7459.102187912465
1782748800,7475.25,7481.75,7474.75,7475.5,7459.167648240159
1782749700,7475.25,7479,7473,7473.75,7459.225861221236
1782750600,7474,7476.25,7470,7475.5,7459.290827843108
1782751500,7475.5,7480,7472,7477.25,7459.362521145132
1782752400,7477.25,7492.75,7477.25,7490.5,7459.486822457926
1782753300,7490.5,7494.75,7485,7491.75,7459.615617577854
1782754200,7491.75,7496.75,7490,7493,7459.7488885655675
1782755100,7493.25,7498.75,7491.25,7494,7459.885619549338
1782756000,7494,7498,7492.25,7495.75,7460.028790728782
1782756900,7495.75,7496.25,7491.25,7492,7460.156420306711
1782757800,7492.25,7500.75,7491.5,7499.75,7460.314478509079
1782758700,7500,7502,7495.5,7497,7460.460927696668
1782759600,7496.75,7499.25,7494.75,7495.5,7460.6008042328085
1782760500,7495.25,7500.5,7493,7498,7460.7501024195035
1782761400,7498,7498.75,7493.5,7495.5,7460.8888245655335
1782762300,7495.25,7505,7491.5,7497,7461.032980954494
1782763200,7497,7499,7491.75,7497.5,7461.178557876831
1782764100,7497.5,7500,7496.5,7497.25,7461.322555649778
1782765000,7497.25,7497.5,7492.5,7493.75,7461.452006525428
1782765900,7493.75,7495.75,7491.25,7493.5,7461.579942627123
1782770400,7495.5,7497.5,7490.5,7494,7461.709364013841
1782771300,7494.25,7496.75,7493,7494.25,7461.8392667523085
1782772200,7494.25,7497,7491.5,7495.75,7461.974638940922
1782773100,7495.75,7496,7493.25,7494.5,7462.104480701637
1782774000,7494.5,7498.75,7493.75,7496.25,7462.240790159914
1782774900,7496.5,7497.25,7495.25,7496.25,7462.376555468656
1782775800,7496,7498.5,7495,7496.25,7462.511778800119
1782776700,7496,7497,7491.75,7495.5,7462.643468305907
1782777600,7495.5,7501,7491.25,7499.5,7462.790600168957
1782778500,7499.25,7501,7489.25,7490.75,7462.90221453954
1782779400,7490.75,7491.5,7481.75,7484.75,7462.9894312479655
1782780300,7484.75,7493,7483.75,7492.5,7463.10723790965
1782781200,7492.75,7494,7484,7486.25,7463.19962418546
1782782100,7486.25,7499,7484.75,7499,7463.3425398573745
1782783000,7499,7501.5,7492,7497.5,7463.478896983693
1782783900,7497.25,7498.75,7493.5,7498.25,7463.617703782161
1782784800,7498.25,7498.5,7491.5,7492,7463.7310063618725
1782785700,7492.25,7495.5,7488.25,7494,7463.851840667813
1782786600,7494,7496.25,7492,7492.5,7463.966204577323
1782787500,7492.5,7494.75,7490.75,7491.5,7464.0761199283115
1782788400,7491.25,7494.75,7490.25,7493.25,7464.192582523408
1782789300,7493.25,7497.25,7493.25,7496.5,7464.321554249862
1782790200,7496.5,7504.5,7495.5,7503.75,7464.478953234892
1782791100,7503.75,7507,7501.5,7501.5,7464.626741844733
1782792000,7501.5,7508,7501.25,7506.75,7464.794898563916
1782792900,7506.75,7509,7505.75,7508.75,7464.970368030727
1782793800,7509,7513.25,7507.75,7513,7465.162103088488
1782794700,7513,7513.5,7510,7510.75,7465.344090700909
1782795600,7510.75,7515,7510.75,7512.75,7465.533335847812
1782796500,7512.5,7513.25,7508,7508.5,7465.704859457202
1782797400,7508.75,7509,7503.75,7506.5,7465.8677143096675
1782798300,7506.75,7511,7506.25,7510.25,7466.044889102843
1782799200,7510.25,7511.5,7507.25,7508.5,7466.21437058347
1782800100,7508.5,7508.75,7502.75,7508,7466.381179483336
1782801000,7508,7508.5,7501.5,7503,7466.527362399571
1782801900,7502.75,7508.75,7502.25,7508.75,7466.6959158430855
1782802800,7508.75,7512.75,7505.25,7506,7466.85281837465
1782803700,7505.75,7509.5,7504.5,7507.75,7467.016080576747
1782804600,7507.75,7510,7506.75,7507,7467.175697021551
1782805500,7507.25,7507.25,7501,7502,7467.314716195117
1782806400,7501.75,7508.75,7501.25,7502.75,7467.456174413899
1782807300,7502.75,7509,7499.5,7508.75,7467.621020025022
1782808200,7508.5,7510.25,7495,7498.5,7467.74428940616
1782809100,7498.75,7503,7494,7501.75,7467.880040745856
1782810000,7502,7504.5,7500.5,7503.75,7468.023234195972
1782810900,7503.75,7505.75,7502.5,7502.75,7468.16186399958
1782811800,7502.75,7505.5,7498.75,7504.75,7468.307924422736
1782812700,7504.5,7508.25,7504.5,7506,7468.458391790309
1782813600,7506.25,7508.75,7504,7507.25,7468.61324850971
1782814500,7506.75,7508.75,7506,7508.25,7468.771479054581
1782815400,7508.25,7509.25,7504.25,7507,7468.92408792063
1782816300,7507,7515,7505.5,7513.25,7469.101037669449
1782817200,7513,7517,7511.25,7516.5,7469.290255083943
1782818100,7516.75,7517.5,7509,7511.5,7469.458757059655
1782819000,7511.75,7515.25,7509.75,7514.25,7469.637564416702
1782819900,7514.25,7517.5,7510,7510.5,7469.800687912045
1782820800,7510.75,7511,7501.5,7502.75,7469.932222092037
1782821700,7502.5,7503.25,7495.75,7496,7470.036285077697
1782822600,7496,7500.75,7491.5,7499.5,7470.153904698146
1782823500,7499.5,7502,7496.25,7497,7470.261074739271
1782824400,7497,7499.5,7494.25,7496.5,7470.365820947896
1782825300,7496.5,7500.5,7492.25,7500,7470.484121063872
1782826200,7500,7510.5,7495.75,7506,7470.625901019705
1782827100,7506,7528,7503.5,7526.75,7470.849949319028
1782828000,7526.75,7532.75,7515.5,7523.75,7471.061127166058
1782828900,7523.5,7533.5,7520.5,7532.5,7471.306392127472
1782829800,7532.5,7541.75,7529,7535.75,7471.563652039138
1782830700,7535.5,7535.75,7516.75,7520.5,7471.759006721617
1782831600,7520.5,7536.75,7520,7535.75,7472.0144597885965
1782832500,7535.5,7541.5,7531,7540.5,7472.287855158702
1782833400,7540.5,7542.75,7535.5,7537.75,7472.549181086212
1782834300,7537.75,7547.75,7537.75,7545.75,7472.841399924191
1782835200,7545.5,7552.25,7545.25,7550.5,7473.151414295751
1782836100,7550.5,7555.25,7549.5,7550.5,7473.46019108499
1782837000,7550.75,7553.75,7548.75,7553,7473.777715272275
1782837900,7553.25,7558.25,7552.25,7555.75,7474.104949941847
1782838800,7555.75,7559.25,7553.25,7553.75,7474.422894253456
1782839700,7553.5,7556.25,7550.75,7552.25,7474.733581302345
1782840600,7552.5,7554,7548.5,7553.5,7475.048018103533
1782841500,7553.5,7554,7550.25,7552,7475.355211644038
1782842400,7552.25,7556,7550.5,7555,7475.673154910928
1782843300,7555.25,7558.25,7554.25,7555.25,7475.990826947212
1782844200,7555.5,7558.25,7553.25,7557.25,7476.31521486359
1782845100,7557,7561.75,7555.75,7558.75,7476.6442958421785
1782846000,7558.75,7565,7558.25,7564.5,7476.9950172160625
1782846900,7564.5,7567.75,7560.25,7561.5,7477.3323624567165
1782847800,7561.5,7562,7554.25,7558,7477.654388953895
1782848700,7558,7564,7544.5,7544.75,7477.922235704578
1782849600,7545,7553.25,7540.75,7545.25,7478.19100921474
1782850500,7545.25,7547,7541,7542.5,7478.447731732845
1782851400,7542.75,7543.75,7540.5,7540.75,7478.696443382613
1782852300,7540.5,7543,7538.5,7542,7478.949152191465
1782856800,7543.25,7547.25,7540.5,7546.5,7479.218816254573
1782857700,7546.5,7550.75,7546.25,7550.25,7479.502373874315
1782858600,7550,7550,7546.5,7547.5,7479.773821483599
1782859500,7547.25,7547.5,7541.75,7543.25,7480.027219401828
1782860400,7543.5,7545.75,7542,7543.75,7480.281601759505
1782861300,7543.5,7546.5,7542.5,7544.25,7480.536964626733
1782862200,7544,7546.75,7543.75,7544.75,7480.7933040893
1782863100,7545,7547,7542,7544.75,7481.04862024064
1782864000,7545,7547.5,7543.25,7544.25,7481.300921157843
1782864900,7544.5,7546,7541.75,7545.25,7481.556206901723
1782865800,7545.5,7548.75,7545.25,7547.5,7481.819455576766
1782866700,7547.5,7549.25,7544.75,7545,7482.071673318975
1782867600,7545,7545.75,7534.75,7539.5,7482.300928116105
1782868500,7539.5,7540.75,7534.5,7536.75,7482.518289680512
1782869400,7536.75,7538.75,7534,7535.25,7482.72879551013
1782870300,7535.25,7536.25,7531.75,7532.5,7482.927482953203
1782871200,7532.75,7533.25,7522,7524,7483.091445097102
1782872100,7523.75,7528,7517.5,7528,7483.2707207653775
1782873000,7528,7531,7526,7530.25,7483.45826279825
1782873900,7530.5,7530.5,7527,7529,7483.640066140373
1782874800,7529,7533.25,7528.5,7532.75,7483.836113780531
1782875700,7532.5,7533.25,7526.75,7527.5,7484.010420711547
1782876600,7527.75,7532,7526.25,7529.5,7484.192015838447
1782877500,7529.25,7534,7529.25,7532.5,7484.384862082606
1782878400,7532.5,7532.75,7527.75,7528,7484.558974409621
1782879300,7528,7531,7527.25,7530,7484.740375709383
1782880200,7530,7531.75,7527.5,7531,7484.925044868228
1782881100,7530.75,7534.75,7529.5,7530.5,7485.106980816858
1782882000,7530.25,7532.75,7528.75,7530.25,7485.287192470283
1782882900,7530.25,7531.25,7527.5,7528.5,7485.459698687967
1782883800,7528.25,7530.25,7526.25,7528.5,7485.631516258075
1782884700,7528.25,7530,7526,7527.5,7485.798655913732
1782885600,7527.25,7530,7524.75,7526.75,7485.962134333237
1782886500,7526.5,7527.75,7521.75,7525.75,7486.120968128314
1782887400,7525.75,7527.25,7524.5,7526.75,7486.283159872313
1782888300,7526.75,7529,7522.75,7524.25,7486.43472410436
1782889200,7524.5,7525.25,7514,7515.5,7486.5507531498515
1782890100,7515.5,7520.25,7510.5,7518.5,7486.678295053445
1782891000,7518.75,7522,7517.5,7519.5,7486.809319823691
1782891900,7519.5,7524.25,7518,7523,7486.95379359685
1782892800,7522.75,7525.25,7519.25,7524.25,7487.10268064836
1782893700,7524,7526.5,7522.75,7523.75,7487.248977332398
1782894600,7523.75,7528.25,7522,7527.75,7487.41065806161
1782895500,7527.5,7529.25,7525,7529,7487.576683378729
1782896400,7528.75,7528.75,7522,7525.75,7487.729071868235
1782897300,7525.5,7526.75,7523.25,7525.75,7487.8808520204575
1782898200,7525.75,7527.75,7524.75,7527,7488.037016283849
1782899100,7527.25,7531.25,7527.25,7531,7488.208525200879
1782900000,7531,7532,7526.25,7528.25,7488.368371407662
1782900900,7528.5,7535.25,7528.5,7534.75,7488.553527609628
1782901800,7534.75,7536.75,7531.25,7534.25,7488.735948657095
1782902700,7534.25,7537.5,7533.5,7536.25,7488.925625508763
1782903600,7536,7539.75,7535.75,7537.5,7489.119535187371
1782904500,7537.5,7539,7535.5,7536,7489.306682751493
1782905400,7536,7536.25,7531.75,7535.25,7489.490089207575
1782906300,7535.5,7536.25,7530,7530.75,7489.654799430299
1782907200,7531,7533.75,7527.25,7532.5,7489.825838155129
1782908100,7532.75,7538.25,7532.75,7535.75,7490.009168142533
1782909000,7535.75,7538.75,7524.75,7528,7490.1608281499475
1782909900,7528,7532,7525.75,7528.5,7490.313878736175
1782910800,7528.5,7534.75,7524,7527.5,7490.46232632605
1782911700,7527.25,7540,7527,7532,7490.628145382632
1782912600,7532.25,7534,7505.75,7515,7490.725438215436
1782913500,7515,7536.75,7511.25,7536.25,7490.907172993019
1782914400,7536.75,7552.25,7533,7549.75,7491.142074498037
1782915300,7549.75,7553.75,7546.75,7551.75,7491.384022304432
1782916200,7551.75,7554.5,7543.25,7549.75,7491.617020219384
1782917100,7549.75,7554,7540.25,7553.5,7491.86405806282
1782918000,7553.5,7564.75,7552.5,7564.5,7492.154021902888
1782918900,7564.25,7578,7564,7577.5,7492.494724410262
1782919800,7577.5,7578.5,7567.5,7572.75,7492.815104751938
1782920700,7572.5,7573.75,7568,7572.5,7493.133208126182
1782921600,7572.5,7576,7571,7575.75,7493.463015678572
1782922500,7575.5,7579,7573,7574.5,7493.786516613987
1782923400,7574.5,7576.75,7567.25,7570.5,7494.09275806463
1782924300,7570.5,7572.75,7557.5,7559.75,7494.3548628228555
1782925200,7559.75,7563.75,7554.75,7562.5,7494.626899298612
1782926100,7562.75,7568.5,7561.75,7564,7494.903837824367
1782927000,7564,7566.25,7559.25,7559.25,7495.160708731256
1782927900,7559.5,7562,7556.25,7556.75,7495.406574165462
1782928800,7556.75,7561.5,7555.5,7555.5,7495.6464680809695
1782929700,7555.5,7560.25,7551.5,7556,7495.88740034412
1782930600,7556,7558.5,7554.75,7556.5,7496.1293668098115
1782931500,7556.5,7557,7549.25,7553.5,7496.358391293605
1782932400,7553.5,7561.75,7552.75,7558.5,7496.606461587842
1782933300,7558.25,7560.75,7553.5,7553.75,7496.834579505655
1782934200,7553.75,7557.5,7548.5,7550.5,7497.048812721201
1782935100,7550.5,7552.5,7536.5,7542,7497.2282585786015
1782936000,7542,7543,7529,7535.25,7497.38004197749
1782936900,7535,7535.5,7531.25,7532.25,7497.519243406721
1782937800,7532.25,7533,7525.75,7530.5,7497.65090311368
1782938700,7530.5,7534,7528.75,7532.75,7497.791019268915
1782943200,7536,7538.75,7531.75,7532,7497.927582066245
1782944100,7532,7538.75,7532,7538,7498.087551798516
1782945000,7537.75,7540,7537.25,7538.75,7498.249876941037
1782945900,7539,7541,7535.75,7540,7498.416544098956
1782946800,7540.25,7540.5,7535.75,7536.25,7498.5675758590405
1782947700,7536.5,7537.5,7535.5,7537.25,7498.721996713894
1782948600,7537.75,7538,7534.25,7537.5,7498.876799122222
1782949500,7537.5,7537.5,7529,7534.75,7499.020005512952
1782950400,7534.75,7534.75,7522.75,7529,7499.139686129666
1782951300,7529.25,7536.75,7526.75,7536.5,7499.288829099209
1782952200,7536.5,7538.75,7529.75,7530.5,7499.413424591827
1782953100,7530.25,7541.75,7529.5,7541,7499.579438864913
1782954000,7541.25,7549.5,7540,7549.5,7499.778722542099
1782954900,7549.25,7550.75,7546.25,7550,7499.979206683647
1782955800,7550,7555,7549.5,7554,7500.194858553174
1782956700,7553.75,7556.25,7552,7552.75,7500.404659517033
1782957600,7552.75,7557,7551.25,7556.75,7500.629591015967
1782958500,7557,7558,7553.5,7554.5,7500.844642548837
1782959400,7554.75,7556.75,7553.25,7556,7501.064823616507
1782960300,7556,7557.75,7555.25,7557,7501.288117733807
1782961200,7557.25,7558,7552.25,7554.25,7501.499542413512
1782962100,7554,7554.75,7549.75,7552,7501.701141046592
1782963000,7552.25,7557.25,7551.25,7553,7501.905926910677
1782963900,7552.75,7556.25,7551,7554.5,7502.115883290276
1782964800,7554.75,7556,7549,7549.25,7502.304043436821
1782965700,7549.25,7551,7547,7549.75,7502.493448453041
1782966600,7549.75,7549.75,7542.25,7542.5,7502.653155245644
1782967500,7542.5,7549.5,7541.25,7548.25,7502.835178577996
1782968400,7548.5,7553.5,7546,7552.5,7503.033441338163
1782969300,7552.25,7555,7549.5,7549.75,7503.219934586315
1782970200,7550,7550,7541.75,7542.75,7503.377739238665
1782971100,7543,7544.75,7541.25,7542.75,7503.5349139323225
1782972000,7542.75,7544.5,7533.5,7533.75,7503.655533038381
1782972900,7533.5,7538.25,7533.25,7534,7503.776668635034
1782973800,7534,7540,7533.75,7535.5,7503.903308680403
1782974700,7535.75,7536,7526.25,7530.5,7504.009483096848
1782975600,7530.5,7532.25,7520.25,7521,7504.077309511631
1782976500,7521.25,7525.75,7520.25,7525,7504.160833226156
1782977400,7525,7536.75,7524.5,7536,7504.287935688327
1782978300,7535.75,7536.25,7530.5,7531,7504.3945706755985
1782979200,7531,7534.25,7522.5,7524.5,7504.474831870506
1782980100,7524.75,7538,7524,7536,7504.600680845075
1782981000,7535.75,7543,7534.75,7539.5,7504.739999484415
1782981900,7539.5,7545,7538.75,7542.25,7504.889740005436
1782982800,7542.25,7542.5,7534.5,7537.25,7505.018922680065
1782983700,7537.25,7538.25,7535,7537.75,7505.149585663378
1782984600,7537.75,7542.25,7537.25,7540.75,7505.29170308588
1782985500,7540.5,7540.5,7536,7537.25,7505.4192811174735
1782986400,7537.25,7537.25,7531.75,7534,7505.533375803631
1782987300,7534,7538.5,7533.25,7537.5,7505.660987077868
1782988200,7537.75,7543.75,7537.5,7541.5,7505.804056989733
1782989100,7541.75,7544.25,7539.25,7543,7505.9525437881775
1782990000,7543,7544.25,7538.5,7543,7506.100437824951
1782990900,7543,7544.25,7539.25,7543,7506.247741466368
1782991800,7543,7547.75,7541.75,7547.25,7506.411423137161
1782992700,7547.25,7549.5,7543.5,7543.5,7506.5594813282305
1782993600,7543.5,7552,7541,7550.5,7506.7348925804135
1782994500,7550.75,7557,7549.5,7555.5,7506.929563667917
1782995400,7556.75,7576.75,7555.25,7570,7507.181341856867
1782996300,7569.75,7573.75,7557.5,7561.75,7507.399180811531
1782997200,7561.75,7565.5,7552.5,7554.5,7507.5872080338395
1782998100,7554.5,7561.5,7552.5,7555,7507.776480656459
1782999000,7555.25,7583.5,7551.5,7578.5,7508.0588100749965
1782999900,7578.5,7593.75,7576,7588.75,7508.380930593659
1783000800,7588.75,7593.5,7577.5,7591,7508.710747237996
1783001700,7591,7593,7556.5,7559.75,7508.91449675002
1783002600,7559.75,7574.25,7543.75,7549.25,7509.075516723074
1783003500,7549.25,7557.75,7540.25,7557.25,7509.267830029568
1783004400,7557.25,7559,7522.5,7541.25,7509.3955033627835
1783005300,7541.25,7544.5,7524,7529.25,7509.474762830398
1783006200,7529,7547.5,7528,7533.25,7509.569673956823
1783007100,7533.25,7537.75,7520.75,7526.75,7509.638258092724
1783008000,7527,7529.5,7517,7525,7509.699582411715
1783008900,7525.25,7526.5,7513.75,7515.75,7509.723735775341
1783009800,7515.75,7516,7501.25,7512.25,7509.733820662465
1783010700,7512.25,7513.5,7498,7501.5,7509.700951118903
1783011600,7501.5,7503,7483.25,7497.5,7509.65224472721
1783012500,7497.25,7501.75,7491.25,7495,7509.593752732291
1783013400,7495,7500.75,7483.5,7490.75,7509.518528170485
1783014300,7490.75,7491,7479.5,7482,7509.408673766611
1783015200,7482.25,7508.75,7480,7501.75,7509.378100218641
1783016100,7501.75,7506.75,7493.5,7506.5,7509.36661079661
1783017000,7506.5,7513,7505.75,7510.5,7509.371135304408
1783017900,7510.25,7514.75,7505,7509,7509.369653726347
1783018800,7509.25,7510.75,7491.75,7499.5,7509.330253911072
1783019700,7499.75,7505.5,7493.5,7502.5,7509.302987428393
1783020600,7502.5,7513,7500.5,7511.75,7509.3127559416525
1783021500,7511.75,7534,7508.75,7526.25,7509.380369690389
1783022400,7526.25,7527.25,7517.75,7524.25,7509.439729492024
1783023300,7524.25,7525.25,7520,7520.75,7509.484880272495
1783024200,7521.25,7524.75,7519.25,7519.5,7509.524860790369
1783025100,7519.75,7524.5,7519.25,7523,7509.578653761266
1783029600,7523.75,7529.25,7523.75,7528.5,7509.654188077588
1783030500,7528.75,7531.5,7528.5,7529,7509.731416867697
1783031400,7529,7535.5,7527.25,7535,7509.832289455051
1783032300,7535.25,7536,7532.75,7535.5,7509.93475536541
1783033200,7535.25,7536,7529.25,7529.75,7510.013858138402
1783034100,7529.75,7537,7529.5,7536,7510.117595231662
1783035000,7536.25,7537.75,7533.25,7533.25,7510.209940160877
1783035900,7533.5,7537.25,7532.75,7536.25,7510.313892495564
1783036800,7536,7540.25,7527.25,7537,7510.420423862847
1783037700,7536.75,7537.75,7530,7531.25,7510.503575863395
1783038600,7531,7537,7527.5,7531.25,7510.586395919829
1783039500,7531.25,7533.25,7527.75,7529.75,7510.662897333323
1783040400,7530.25,7550.25,7529.5,7547.5,7510.809951635385
1783041300,7547.5,7550,7544.75,7547.75,7510.957416898317
1783042200,7547.75,7550.75,7546,7550,7511.113275513493
1783043100,7550,7550.75,7547.75,7549.25,7511.265517926613
1783044000,7549.5,7553,7548.75,7549,7511.416154581597
1783044900,7549.25,7552.75,7548.75,7552.5,7511.580161948536
1783045800,7552.25,7552.75,7548.25,7550,7511.733534555528
1783046700,7550,7553.25,7550,7552.75,7511.897272940536
1783047600,7552.5,7552.75,7549.75,7551.75,7512.0563656633285
1783048500,7551.75,7554,7551.25,7554,7512.22380532136
1783049400,7554.25,7555.25,7548.25,7548.5,7512.368620469777
1783050300,7548.5,7554.25,7548,7554,7512.534813601634
1783051200,7554.25,7555.25,7553.25,7554.75,7512.70333729983
1783052100,7554.75,7556,7554.25,7555.75,7512.875180264701
1783053000,7555.75,7556.75,7553.75,7556,7513.047335233704
1783053900,7556.25,7557.25,7554.25,7554.75,7513.213812937362
1783054800,7554.75,7555.5,7550.5,7552.75,7513.371642027432
1783055700,7552.75,7553.25,7550.5,7553,7513.529839065247
1783056600,7552.5,7555.75,7551.75,7552,7513.683412561993
1783057500,7552.25,7555,7551.5,7554.5,7513.846353030807
1783058400,7554.5,7561.5,7553.75,7559.25,7514.0276051145165
1783059300,7559.25,7560,7556,7558.25,7514.204141621045
1783060200,7558.5,7565.25,7557.5,7563.25,7514.3999334708615
1783061100,7563,7563.25,7558,7558.25,7514.574983636647
1783062000,7558.25,7560.75,7556.75,7557.25,7514.745342983407
1783062900,7557.25,7558.25,7555.25,7556.75,7514.91302624495
1783063800,7556.75,7557.5,7553,7553.25,7515.066068056347
1783064700,7553.25,7554.25,7551.5,7552,7515.21350890243
1783065600,7552,7553.5,7550.25,7551.5,7515.358365154316
1783066500,7551.25,7552.5,7549.5,7550.5,7515.498651121764
1783067400,7550.25,7553,7548.75,7552,7515.644365089342
1783068300,7552,7552,7546.5,7547.5,7515.771533292578
1783069200,7547.25,7551,7545.75,7550.75,7515.911167890213
1783070100,7550.75,7552.25,7549.5,7550.75,7516.050245064303
1783071000,7551,7553.25,7549.25,7552.25,7516.194755064047
1783071900,7552,7553,7548.25,7548.75,7516.324716121676
1783072800,7548.5,7551.25,7547,7550.5,7516.461144400631
1783073700,7550.5,7552,7549,7551.25,7516.600022067695
1783074600,7551.25,7553.75,7551,7553.5,7516.747327368822
1783075500,7553.5,7554,7551.25,7552,7516.888056600883
1783076400,7551.75,7551.75,7548.25,7549.25,7517.017245995689
1783077300,7549.5,7550,7546.5,7547.75,7517.139931640417
1783078200,7547.75,7549.75,7547,7548.5,7517.2651215340675
1783079100,7548.75,7552.75,7548.5,7552.5,7517.405779731536
1783080000,7552.5,7556.5,7550.75,7551.25,7517.540886399274
1783080900,7551,7552,7549,7550.75,7517.673457711054
1783081800,7551,7552.75,7550.25,7551.5,7517.808493808016
1783082700,7551.25,7553,7551.25,7552.75,7517.947980858682
1783083600,7552.75,7554.5,7551,7551.5,7518.081921054855
1783084500,7551.75,7555.5,7551.5,7554.75,7518.228300611522
1783085400,7554.75,7559.25,7552.25,7552.75,7518.366111786726
1783086300,7553,7554.75,7549.25,7554.25,7518.50936084147
1783087200,7554.25,7554.75,7550.5,7551,7518.639063991804
1783088100,7551,7556,7551,7554.5,7518.782221420978
1783089000,7554.75,7561.75,7554.25,7558.5,7518.940775427282
1783089900,7558.5,7561.5,7557.75,7560.25,7519.105682511404
1783090800,7560.25,7560.5,7557.25,7558.25,7519.261947251877
1783091700,7558.25,7560.5,7555.25,7555.25,7519.405612133107
1783092600,7555.25,7558.25,7554.25,7557.75,7519.558683541757
1783093500,7557.75,7560.25,7557.5,7559,7519.71613390686
1783094400,7559,7559,7556.75,7557,7519.864971695655
1783095300,7557,7558.75,7554.25,7554.75,7520.004233285693
1783096200,7555,7559,7553.25,7558.75,7520.158907005111
1783097100,7558.5,7559,7555,7557,7520.305977236628
1783288800,7562.25,7568.75,7551.5,7557.25,7520.453458365424
1783289700,7557.5,7562.5,7556,7561.5,7520.617316815063
1783290600,7561.5,7566,7561.5,7565.5,7520.796489203027
1783291500,7565.5,7567.75,7562,7563,7520.9649662920365
1783292400,7562.75,7568.75,7560.75,7568,7521.152730897657
1783293300,7568,7569,7564.75,7565.25,7521.328767900062
1783294200,7565.25,7568.75,7564.25,7565.5,7521.505100163934
1783295100,7565.25,7570.75,7564,7569.75,7521.697694574457
1783296000,7570,7570.5,7559.75,7570,7521.89051814901
1783296900,7569.75,7574.25,7559.5,7560,7522.0426518090935
1783297800,7559.75,7567.5,7557.25,7566.25,7522.2191282489775
1783298700,7566.25,7570.5,7564.25,7566,7522.393902188103
1783299600,7565.5,7566.25,7560,7563,7522.556002378969
1783300500,7563,7564.5,7552.75,7556.25,7522.690509355501
1783301400,7556.5,7561.5,7556.25,7557.5,7522.829469397993
1783302300,7557,7557,7549.75,7553.5,7522.951906645905
1783303200,7553.5,7555.75,7548.25,7548.75,7523.05489304652
1783304100,7549,7550.75,7546.5,7547,7523.150482295836
1783305000,7547.25,7548,7541,7541.75,7523.224731867509
1783305900,7541.75,7545.25,7540.5,7544.25,7523.308665073627
1783306800,7544.25,7547,7541.5,7544.25,7523.392263217045
1783307700,7544.5,7546,7542.75,7546,7523.482513663284
1783308600,7546,7548,7541.75,7542,7523.556435764429
1783309500,7541.75,7543,7538.25,7542.25,7523.631060771358
1783310400,7542,7546.75,7539.75,7546.5,7523.722353941931
1783311300,7546.75,7548.5,7545.5,7547.75,7523.81827268867
1783312200,7547.75,7551.5,7547,7550.75,7523.925784574144
1783313100,7550.75,7552.75,7549.5,7552.25,7524.038855294407
1783314000,7552.5,7554.25,7549.25,7552.75,7524.153470642533
1783314900,7552.75,7554.5,7548.5,7548.75,7524.251660380487
1783315800,7549,7552,7545,7550.5,7524.356444171383
1783316700,7550.5,7552.5,7548.25,7550,7524.4588136557295
1783317600,7550,7552,7546.25,7546.75,7524.547800427563
1783318500,7546.75,7552,7546.5,7551,7524.653398030647
1783319400,7550.75,7555.75,7550.25,7554.75,7524.773544146293
1783320300,7554.75,7555,7552.5,7554.5,7524.892212632734
1783321200,7554.25,7557.75,7552.5,7556.25,7525.017393420628
1783322100,7556.5,7559,7554.75,7555.25,7525.138082468849
1783323000,7555.5,7563,7554.75,7562.5,7525.287231840231
1783323900,7562.5,7563.5,7561.25,7563,7525.437781812924
1783324800,7563,7566.75,7558.75,7560.5,7525.577750747802
1783325700,7560.5,7562.75,7556.25,7562.25,7525.724146952402
1783326600,7562,7562.5,7558,7561.25,7525.865966725048
1783327500,7561.75,7563.5,7559.75,7562.75,7526.013208374848
1783328400,7562.75,7563,7558.75,7560,7526.148884189719
1783329300,7560,7562.75,7559,7562.25,7526.293000420498
1783330200,7562.25,7562.5,7559,7560.25,7526.428557305047
1783331100,7560.25,7565.5,7557.25,7565,7526.582535120197
1783332000,7565,7566.5,7560.5,7564.75,7526.7349002494575
1783332900,7564.75,7566,7562.25,7562.75,7526.878673102753
1783333800,7562.75,7565.75,7560.75,7560.75,7527.013887980586
1783334700,7560.75,7563,7559.25,7563,7527.157545114396
1783335600,7563,7565.25,7558.25,7560,7527.28865271873
1783336500,7560.25,7563,7559.25,7560,7527.419236939414
1783337400,7560,7562.5,7559.5,7561,7527.553291881772
1783338300,7561,7563,7556.25,7556.5,7527.668847602802
1783339200,7556.5,7563.25,7555.5,7562.5,7527.807894119358
1783340100,7562.75,7564.5,7556,7558.25,7527.929419492135
1783341000,7558.5,7563.5,7556.5,7559,7528.05345374566
1783341900,7559,7562.75,7559,7562.75,7528.191962912344
1783342800,7562.75,7563.5,7555,7555.25,7528.299979028462
1783343700,7555.5,7564.75,7551.75,7564.75,7528.445488094217
1783344600,7564.75,7573,7552.5,7565,7528.591414289449
1783345500,7565,7574,7560.75,7564,7528.732765929012
1783346400,7564.25,7573.5,7558.5,7573,7528.909481434285
1783347300,7572.75,7579,7568.5,7578.75,7529.108445580257
1783348200,7578.5,7581,7570,7576,7529.295637414268
1783349100,7575.75,7582.25,7574,7582,7529.506034071296
1783350000,7582.25,7583.5,7577.5,7580.5,7529.709602797559
1783350900,7580.75,7587.25,7575.25,7587,7529.938306978008
1783351800,7587,7589,7582.75,7587.5,7530.1680941757
1783352700,7587.5,7589,7585.25,7587.5,7530.39696405923
1783353600,7587.5,7590.25,7585.5,7588.75,7530.629910310491
1783354500,7588.75,7590.5,7584.75,7585.5,7530.848952584701
1783355400,7585.75,7586.75,7583,7586.5,7531.071112454622
1783356300,7586.25,7590.25,7582.75,7583.75,7531.281407414884
1783357200,7583.75,7594.75,7583.25,7592.75,7531.526791018018
1783358100,7592.75,7593.75,7585.25,7586,7531.744248938106
1783359000,7586,7586.75,7575.25,7579.5,7531.934890658911
1783359900,7579.5,7584.25,7577.25,7580,7532.126767342907
1783360800,7580,7590,7580,7589,7532.35380619583
1783361700,7589,7595,7589,7592,7532.59191475393
1783362600,7592,7594,7588.75,7591.25,7532.826078766888
1783363500,7591.25,7599,7590.75,7598.25,7533.087252105143
1783364400,7598.25,7600,7595,7596.25,7533.339398803327
1783365300,7596.25,7602.5,7595,7600.75,7533.60850299972
1783366200,7600.75,7601,7595.5,7598.5,7533.867550891937
1783367100,7598.5,7600.5,7587.75,7593.5,7534.105604580991
1783368000,7593.75,7597.5,7591.25,7596.5,7534.354684003822
1783368900,7596.25,7598.25,7594,7595.5,7534.598777081651
1783369800,7595.75,7597,7595,7596.5,7534.845887751983
1783370700,7596.75,7598.75,7594,7596.75,7535.093009956567
1783375200,7597,7599.75,7596,7599.25,7535.349125685283
1783376100,7599.5,7601.25,7598.5,7598.75,7535.602222987936
1783377000,7598.75,7601,7597.5,7599,7535.855307926108
1783377900,7598.75,7598.75,7592.5,7594,7536.087422465325
1783378800,7593.75,7598,7593.5,7596,7536.326594431532
1783379700,7595.5,7595.5,7591.75,7593,7536.552835571526
1783380600,7593,7593.75,7590,7590.25,7536.767195509364
1783381500,7590.25,7590.25,7584.25,7585.75,7536.962735647051
1783382400,7585.5,7590.5,7583.25,7586,7537.1584931893785
1783383300,7586.25,7595,7585.25,7590.25,7537.370435332336
1783384200,7590.25,7591,7583.5,7587,7537.568557346977
1783385100,7587,7589.5,7584.75,7585,7537.757904423436
1783386000,7585.25,7587.25,7583.75,7585,7537.946495623342
1783386900,7585,7586,7580.75,7581.75,7538.121359912271
1783387800,7581.75,7586,7579.25,7586,7538.312492208031
1783388700,7586,7589,7582.75,7583.25,7538.4918834567015
1783389600,7583.5,7587.25,7582.25,7586,7538.681536616555
1783390500,7586,7587,7582.25,7582.5,7538.856460622077
1783391400,7582.25,7583.25,7579.75,7582.5,7539.030686328177
1783392300,7582.25,7582.25,7578.75,7579,7539.1902444665875
1783393200,7579.25,7583.25,7578.75,7580,7539.35315766233
1783394100,7579.75,7580.25,7574.75,7575.25,7539.496458430145
1783395000,7575.25,7577,7573.25,7574.5,7539.636193127031
1783395900,7574.5,7574.75,7570.75,7574,7539.773373992792
1783396800,7574.25,7575,7571.5,7571.75,7539.901025194417
1783397700,7571.75,7572.25,7569.25,7571.25,7540.026170802424
1783398600,7571.5,7573,7567.5,7568.75,7540.140836787245
1783399500,7568.75,7569.25,7566.5,7568.5,7540.254047019631
1783400400,7568.75,7568.75,7564.75,7565.25,7540.353831263065
1783401300,7565.25,7566.5,7563,7566,7540.4562111781825
1783402200,7566,7572.25,7566,7570.75,7540.577144466893
1783403100,7571,7575,7568.75,7573.5,7540.708573031895
1783404000,7573.25,7574.5,7567,7567.75,7540.816522840151
1783404900,7567.75,7572,7567.5,7570.75,7540.936017758953
1783405800,7570.75,7573.5,7569,7573.5,7541.066013696043
1783406700,7573.25,7574.5,7570.5,7573.5,7541.195490687277
1783407600,7573.75,7577.75,7571.25,7576.5,7541.336426852198
1783408500,7576.5,7580,7576.25,7579.25,7541.48777844161
1783409400,7579,7579.5,7576.75,7577,7541.629543797133
1783410300,7577,7578,7571.75,7572.25,7541.751781147244
1783411200,7572.25,7578.5,7571.25,7578,7541.896484615719
1783412100,7577.75,7581.75,7577.25,7581.75,7542.055580485517
1783413000,7581.75,7582.75,7579.75,7581,7542.211047230086
1783413900,7581,7582.25,7578.25,7578.75,7542.356911313
1783414800,7578.75,7582.75,7576.25,7582.25,7542.516165160054
1783415700,7582.5,7583.5,7580,7580.25,7542.666799231271
1783416600,7580.25,7582.5,7578,7581.5,7542.821821988831
1783417500,7581.75,7582.75,7579.75,7581.75,7542.97722389706
1783418400,7582,7584.5,7578.25,7579.25,7543.122025398469
1783419300,7579.25,7583.25,7579,7581.5,7543.275230885901
1783420200,7581.25,7581.25,7578.25,7578.75,7543.416846730667
1783421100,7579,7579.75,7573.25,7577.5,7543.55290722276
1783422000,7577.5,7578,7572,7574,7543.674452503308
1783422900,7573.75,7578.25,7573.75,7575.75,7543.8024986011
1783423800,7575.75,7575.75,7572.5,7575.25,7543.92803752884
1783424700,7575.25,7579.5,7573.5,7579,7544.068045363056
1783425600,7579,7585.75,7578,7583.5,7544.225458355619
1783426500,7583.5,7584.25,7578.75,7583.5,7544.382242953002
1783427400,7583.5,7587,7580.75,7585.5,7544.546385695705
1783428300,7585.5,7586.25,7578.75,7580.75,7544.69091110211
1783429200,7580.75,7581.5,7575.75,7580.75,7544.834859560784
1783430100,7580.75,7583.25,7578.25,7580.75,7544.978233374913
1783431000,7580.75,7587.5,7569,7580,7545.11804082651
1783431900,7580,7580.75,7560.5,7566.25,7545.202399944967
1783432800,7566.25,7570,7547.5,7548,7545.213568009059
1783433700,7548,7555.25,7538.5,7544.5,7545.2107194341725
1783434600,7544.5,7547.75,7529.5,7535,7545.1699580791455
1783435500,7535,7546.5,7534,7542.25,7545.158301559867
1783436400,7542,7544.5,7536.5,7538,7545.129725505736
1783437300,7537.75,7541,7534.5,7540.5,7545.11124356759
1783438200,7540.75,7541.5,7531.25,7541.25,7545.095829421612
1783439100,7541.25,7551.25,7541,7551,7545.119398964839
1783440000,7551,7559,7549.75,7557.75,7545.169820525858
1783440900,7558,7567.25,7555.75,7565,7545.248982918968
1783441800,7565.25,7567.5,7559.75,7566,7545.331821310509
1783442700,7566.25,7568.75,7562.75,7567.5,7545.4203170338205
1783443600,7567.25,7571.25,7565,7565.75,7545.501473452847
1783444500,7565.75,7569.25,7561.75,7566.25,7545.584301902137
1783445400,7566.25,7570.25,7565.75,7568.75,7545.676779738855
1783446300,7568.75,7569.25,7564,7569.25,7545.7708844105555
1783447200,7569.25,7570.25,7565.5,7567.25,7545.856629382968
1783448100,7567.25,7570.5,7566,7567.5,7545.943030064074
1783449000,7567.25,7568.25,7561.5,7564.75,7546.018107788369
1783449900,7564.75,7566,7551.5,7552.5,7546.043983605581
1783450800,7552.5,7554.5,7542.25,7544.75,7546.038818002366
1783451700,7545,7548.25,7537,7544.25,7546.031677012336
1783452600,7544,7550,7541.25,7542.75,7546.018576505301
1783453500,7543,7556.75,7542.5,7553,7546.0464464593715
1783454400,7553,7554.5,7549.25,7552,7546.070213140172
1783455300,7552.25,7552.5,7546.5,7550.75,7546.088894924043
1783456200,7550.75,7553,7550.25,7551.75,7546.111494145904
1783457100,7552,7553,7550.75,7551.75,7546.134003151309
1783461600,7545,7547.5,7537.5,7545.75,7546.132470204598
1783462500,7545.75,7547.75,7544.5,7546.75,7546.134935393402
1783463400,7546.5,7548.5,7545,7545.5,7546.132400721172
1783464300,7545.5,7549,7544.25,7547.5,7546.137860199331
1783465200,7547.25,7549.25,7544.5,7547.25,7546.142299879174
1783466100,7547.25,7553.25,7547,7551.75,7546.164685907601
1783467000,7551.75,7552.75,7543.75,7544.25,7546.157042450884
1783467900,7544.5,7546.5,7538,7539,7546.128471423136
1783468800,7538.75,7549.5,7533.25,7547.75,7546.134944591107
1783469700,7547.5,7556,7545.25,7552.5,7546.160353993937
1783470600,7552.25,7559.75,7548,7559,7546.211610065818
1783471500,7559.25,7562,7557.25,7561.75,7546.273639566553
1783472400,7561.75,7563,7556.5,7562.5,7546.338415456507
1783473300,7562.5,7562.75,7555.5,7556.5,7546.378980664266
1783474200,7556.75,7558,7550.5,7554.25,7546.410401899139
1783475100,7554,7558.25,7551.75,7553,7546.436707679981
1783476000,7553.25,7553.75,7547.25,7548,7546.442948367885
1783476900,7548,7553.25,7546.5,7548.75,7546.45215815484
1783477800,7548.75,7552.25,7546.25,7552.25,7546.475303232066
1783478700,7552.5,7555,7551.5,7553,7546.50134992575
1783479600,7553.25,7557.75,7553.25,7556.75,7546.542262700497
1783480500,7556.5,7560.25,7555,7559.75,7546.594988198699
1783481400,7559.75,7561.5,7555.25,7555.5,7546.630537148006
1783482300,7555.75,7556.75,7554,7554.5,7546.661952169371
1783483200,7554.5,7555,7550.75,7552.25,7546.684259745542
1783484100,7552.25,7556.25,7551,7553.75,7546.712466293464
1783485000,7554,7554.25,7548.75,7551.25,7546.730580200476
1783485900,7551.25,7553,7547,7551.25,7546.7486217964815
1783486800,7551.5,7554.75,7549.75,7550.5,7546.763597358172
1783487700,7550.75,7553.25,7547,7548,7546.768533097261
1783488600,7548.25,7548.25,7542.75,7544.25,7546.758479072921
1783489500,7544.25,7545.5,7538.75,7543.5,7546.74547117243
1783490400,7543.75,7544.25,7539.75,7541.5,7546.72453116775
1783491300,7541.5,7545,7539,7540,7546.69768673195
1783492200,7540,7541.25,7533.75,7534,7546.646997363759
1783493100,7534,7541.5,7532.75,7539.25,7546.617468432167
1783494000,7539.25,7540.25,7532,7535.5,7546.573087320661
1783494900,7535.5,7541.75,7532.5,7541.5,7546.5528354750695
1783495800,7541.5,7548,7540,7544.75,7546.545638527065
1783496700,7545,7545.5,7540.5,7541.5,7546.525496257496
1783497600,7541.5,7546.75,7536.5,7545.75,7546.522400464053
1783498500,7545.75,7546.5,7496.5,7497.25,7546.325704254616
1783499400,7497,7498.75,7477.5,7486.5,7546.08687908793
1783500300,7486.75,7494.5,7479,7480.75,7545.826053223308
1783501200,7480.75,7483.5,7468.5,7468.75,7545.5183643880855
1783502100,7468.75,7477.5,7468.75,7474.75,7545.235855947414
1783503000,7474.5,7483.75,7473.5,7479.25,7544.972439356806
1783503900,7479.25,7480.25,7473,7474.5,7544.691112253585
1783504800,7474.75,7478,7469,7473.25,7544.405918192692
1783505700,7473.5,7481.5,7470.5,7481,7544.152800754798
1783506600,7480.75,7488.75,7477.25,7487.75,7543.927639873541
1783507500,7487.75,7490.5,7484.75,7485.75,7543.6953938061815
1783508400,7485.5,7489,7481,7485,7543.461080856855
1783509300,7485,7487,7479.5,7482.75,7543.218721252636
1783510200,7482.75,7506.5,7480.5,7498,7543.03820739534
1783511100,7498,7504.5,7493.5,7498.5,7542.860410160229
1783512000,7498.5,7512,7492.5,7508,7542.721246846216
1783512900,7508,7512.75,7504.25,7512.25,7542.599605142239
1783513800,7512.25,7515,7507.75,7512,7542.477451029895
1783514700,7512,7519,7504.5,7505.25,7542.328838450933
1783515600,7505.5,7515.75,7504.75,7513.75,7542.214751271488
1783516500,7513.75,7514.5,7503.75,7507,7542.074173422101
1783517400,7507,7523.25,7501.75,7518.75,7541.981062949358
1783518300,7518.75,7524.75,7507.25,7515.75,7541.876348127204
1783519200,7515.75,7522.5,7505.75,7507.75,7541.740115200549
1783520100,7507.5,7520.75,7501.75,7506,7541.597440089968
1783521000,7506,7512,7494.75,7499.25,7541.428388432922
1783521900,7499.5,7503.25,7484,7493.25,7541.236059536982
1783522800,7493.5,7495.25,7484.5,7485.75,7541.014558301305
1783523700,7486,7490.75,7470,7474.25,7540.748033118466
1783524600,7474.25,7487.5,7469.5,7482.25,7540.514508036157
1783525500,7482,7485,7475,7481,7540.2769251697455
1783526400,7481,7498.5,7480.75,7497.5,7540.106159001403
1783527300,7497.75,7510,7494.5,7506,7539.970006670061
1783528200,7506,7517.5,7499.5,7514.5,7539.868329996727
1783529100,7514.5,7522.75,7510.75,7522,7539.7969993380575
1783530000,7522,7523,7514.5,7518.25,7539.710983372636
1783530900,7518,7533,7518,7532.75,7539.683195015859
1783531800,7532.75,7536.5,7523.5,7525,7539.624579466894
1783532700,7525,7525,7514.5,7519.5,7539.544241824312
1783533600,7519.25,7530,7515.5,7528,7539.49815702661
1783534500,7528,7529.25,7521.5,7521.75,7539.427306100356
1783535400,7521.5,7528,7517.75,7525.5,7539.371708072012
1783536300,7525.5,7530.5,7522.75,7528.25,7539.3273100357965
1783537200,7528.5,7532.5,7522.5,7523.75,7539.265125165394
1783538100,7523.5,7528.5,7521.75,7526.75,7539.215164585891
1783539000,7526.75,7528.5,7523,7527.75,7539.169395465788
1783539900,7528,7536.5,7518.25,7526.75,7539.119817040774
1783540800,7526.5,7529.5,7518.5,7523.75,7539.058460485721
1783541700,7523.75,7524,7516.5,7517.75,7538.973396771207
1783542600,7517.75,7518.75,7508,7514.75,7538.876696584496
1783543500,7514.75,7518.75,7512,7515.5,7538.78337643845
1783548000,7517.25,7523,7516.75,7520.5,7538.710388907758
1783548900,7520.5,7522.75,7517,7519,7538.631704720501
1783549800,7519.5,7523.25,7516.75,7516.75,7538.544352605849
1783550700,7517,7519.5,7516.25,7519,7538.466331238161
1783551600,7519,7522.75,7518.75,7522.25,7538.401595384915
1783552500,7522,7522.25,7516.25,7520.25,7538.329133926292
1783553400,7520,7525.25,7517.75,7524.25,7538.272929798842
1783554300,7524.25,7528.25,7523.25,7527,7538.227928083078
1783555200,7527,7534,7525.75,7533.25,7538.208056114682
1783556100,7533.25,7534.25,7527,7533.5,7538.189261479494
1783557000,7533.5,7537,7531,7531.75,7538.163555844845
1783557900,7531.5,7536.25,7528.75,7532.25,7538.139948835485
1783558800,7532.25,7535.5,7527.75,7532.75,7538.118432073667
1783559700,7533,7537.5,7531,7533.75,7538.100993223073
1783560600,7534,7536.5,7531.5,7536,7538.092606024577
1783561500,7536,7538,7528.5,7530.25,7538.0612982160965
1783562400,7530.25,7539,7527,7538.5,7538.063049520623
1783563300,7538.5,7543.5,7536.75,7539.25,7538.06778784589
1783564200,7539.25,7541,7531.5,7531.5,7538.041569131934
1783565100,7531.75,7532.5,7527,7528.5,7538.0034790355985
1783566000,7528.75,7530.5,7525.5,7527.75,7537.96254698356
1783566900,7527.75,7535.25,7525,7535,7537.950720448695
1783567800,7535.25,7539.5,7534.25,7539.5,7537.956905197403
1783568700,7539.5,7540,7537.25,7539,7537.961069248511
1783569600,7539,7540.75,7537.75,7538,7537.961224660693
1783570500,7538.25,7540.75,7535,7536.25,7537.954393424523
1783571400,7536.5,7544,7536.5,7543.5,7537.976531574525
1783572300,7543.5,7547,7541.75,7546,7538.008561388599
1783573200,7546,7554,7540.75,7549,7538.052439387048
1783574100,7549.25,7550.5,7540.5,7541.25,7538.065204100074
1783575000,7541.5,7545,7536,7545,7538.092887916042
1783575900,7545,7552.75,7544.25,7552.5,7538.150401337535
1783576800,7552.25,7553.5,7547,7550.25,7538.198703128603
1783577700,7550,7553.5,7549.75,7551.5,7538.2518021181095
1783578600,7551.5,7552.25,7548.25,7551.75,7538.305687139594
1783579500,7551.75,7551.75,7548,7549.75,7538.351373019276
1783580400,7549.75,7553.5,7548,7553,7538.409850572093
1783581300,7553.25,7554.25,7549.25,7551.5,7538.462106657634
1783582200,7551.75,7556.75,7549.25,7556.5,7538.534114215887
1783583100,7556.5,7557.75,7551.25,7553.5,7538.593858270913
1783584000,7553.5,7558,7551.5,7553,7538.651367818734
1783584900,7552.75,7557.25,7550.25,7553.25,7538.709645791513
1783585800,7553,7553.75,7545.75,7547.25,7538.7437390218865
1783586700,7547.25,7547.75,7542,7545.75,7538.771708127588
1783587600,7545.5,7546.5,7541.25,7542.5,7538.786591528276
1783588500,7542.75,7543.75,7540.5,7542.25,7538.8004175102
1783589400,7542.25,7543.25,7533.25,7536.75,7538.792232210758
1783590300,7536.5,7542,7536.5,7541.75,7538.804039667002
1783591200,7541.75,7542.75,7539.25,7541.75,7538.815799987693
1783592100,7541.75,7544,7539,7540.5,7538.822523341036
1783593000,7540.25,7541.5,7536.5,7539.75,7538.8262258426685
1783593900,7540,7541,7526.75,7534.5,7538.808955480023
1783594800,7534.5,7539,7531,7537.25,7538.802732104853
1783595700,7537.25,7540,7534.5,7538.5,7538.801523593456
1783596600,7538.5,7541.75,7536.25,7541,7538.810299946376
1783597500,7541,7546.5,7540,7543.25,7538.828023299884
1783598400,7543.25,7550,7542.25,7546.25,7538.857651949385
1783599300,7546.5,7550.75,7545,7550.5,7538.904128388709
1783600200,7550.25,7554.5,7547.5,7547.75,7538.939441249433
1783601100,7547.75,7548,7543.25,7544.5,7538.961639088757
1783602000,7544.75,7548.5,7544.25,7547.25,7538.994726357863
1783602900,7547.5,7550.5,7544.5,7546.75,7539.0256855340795
1783603800,7546.75,7559.25,7530.25,7558,7539.101431300411
1783604700,7558,7566.5,7551.5,7561.25,7539.18984874033
1783605600,7561.25,7564.5,7546.25,7549.25,7539.230009024799
1783606500,7549.5,7555.75,7529.5,7552.75,7539.28398104466
1783607400,7552.75,7559,7544.75,7553,7539.338735611348
1783608300,7553.25,7563.75,7546.75,7562,7539.429199740644
1783609200,7562,7570.75,7560.5,7566.75,7539.53826481154
1783610100,7566.75,7575,7564.5,7572.75,7539.67084658874
1783611000,7573,7577.75,7569.75,7576.25,7539.816871153255
1783611900,7576.5,7578,7573.25,7573.75,7539.952332745458
1783612800,7573.75,7581.25,7573.75,7580.75,7540.115197684598
1783613700,7580.75,7583.5,7579.25,7581.5,7540.280406476276
1783614600,7581.75,7584.25,7578.5,7582,7540.446951759804
1783615500,7582.25,7582.75,7577.5,7579.5,7540.60285215198
1783616400,7579.75,7589.5,7579.5,7587.25,7540.7890683110545
1783617300,7587.5,7593.5,7587.25,7593.25,7540.998493188056
1783618200,7593.25,7594.25,7590,7592.5,7541.204088025629
1783619100,7592.5,7595,7588,7591.5,7541.404870109359
1783620000,7591.25,7593.75,7589.5,7592.5,7541.608842683772
1783620900,7592.5,7594,7587.25,7589.5,7541.800024948508
1783621800,7589.5,7590.75,7585.25,7587.75,7541.983457982646
1783622700,7587.5,7588,7583,7585,7542.15518070527
1783623600,7585.25,7585.5,7581,7583.25,7542.319231880099
1783624500,7583.5,7588.5,7582.75,7585,7542.4896141879635
1783625400,7585,7589,7583.5,7588,7542.671292374838
1783626300,7588,7591,7582.5,7590.75,7542.863223343402
1783627200,7590.25,7592,7585.75,7590.75,7543.054388120474
1783628100,7590.75,7591.75,7586,7587,7543.229819704823
1783629000,7586.75,7590,7586.5,7587.5,7543.406546971471
1783629900,7587.75,7588,7584.75,7586.25,7543.577578720087
1783634400,7587.25,7589,7584.25,7584.75,7543.74193968328
1783635300,7585.25,7586.75,7583.75,7584.75,7543.9056445148835
1783636200,7584.5,7586.25,7584,7585.75,7544.072687850154
1783637100,7586,7587.25,7585.25,7586.75,7544.24305636173
1783638000,7586.75,7589.75,7585,7589.25,7544.422724799408
1783638900,7589.5,7591.75,7588,7591.25,7544.60966002975
1783639800,7591.5,7591.75,7589.25,7589.75,7544.789860987715
1783640700,7589.75,7591.5,7586.75,7588.5,7544.964352560618
1783641600,7588.5,7589.5,7580.5,7583.5,7545.118187480535
1783642500,7583.5,7584.5,7577.5,7579.5,7545.2554402251235
1783643400,7579.75,7580.25,7575.75,7577,7545.382165014644
1783644300,7577,7580.75,7574.5,7580.75,7545.523353976661
1783645200,7580.75,7581.25,7576,7577.75,7545.652003262184
1783646100,7577.5,7580,7577,7579.5,7545.787125005648
1783647000,7579.25,7581.75,7577.5,7579.5,7545.9217073409545
1783647900,7579.5,7583.75,7579,7580.25,7546.058746433406
1783648800,7580.25,7582.25,7577.25,7580,7546.194240459619
1783649700,7580.25,7580.25,7577,7579.25,7546.326199579541
1783650600,7579.5,7582.5,7578,7581.5,7546.466613952477
1783651500,7581.75,7586.5,7581,7586.25,7546.625429864843
1783652400,7586.25,7588.5,7585.5,7586.75,7546.785607789534
1783653300,7586.75,7587,7583.25,7583.5,7546.932172229496
1783654200,7583.5,7583.75,7582,7583,7547.076155573889
1783655100,7582.75,7584,7581.75,7583.25,7547.220562138465
1783656000,7583.25,7584.25,7582.5,7583.75,7547.366388237712
1783656900,7584,7584,7580.5,7581.25,7547.501652156923
1783657800,7581.25,7581.5,7579.75,7580.75,7547.634380092424
1783658700,7580.75,7580.75,7577.25,7577.5,7547.753604123991
1783659600,7577.75,7578.5,7576.25,7578,7547.874348219304
1783660500,7578,7579.75,7576.75,7578.25,7547.9956083062525
1783661400,7578.25,7579,7576.75,7578.5,7548.11738232499
1783662300,7578.5,7579,7575.75,7576.5,7548.230686187964
1783663200,7576.5,7579.5,7575.75,7576.25,7548.342539736116
1783664100,7576,7576.25,7570.5,7571.75,7548.435982691261
1783665000,7571.75,7576.75,7570.5,7572.75,7548.533044636606
1783665900,7572.75,7575.25,7572.5,7574,7548.6347091290745
1783666800,7574,7577.75,7572,7577.5,7548.749939831154
1783667700,7577.75,7579.5,7575.5,7578.75,7548.869700550391
1783668600,7578.75,7578.75,7575.5,7575.5,7548.976009131028
1783669500,7575.75,7576,7569.5,7572.25,7549.0689192742175
1783670400,7572,7578.5,7569.75,7578.5,7549.186408618432
1783671300,7578.5,7579.25,7574.5,7575.5,7549.291452895404
1783672200,7575.25,7576.25,7573,7575.5,7549.396077833946
1783673100,7575.5,7577.25,7573.75,7574.25,7549.495295088102
1783674000,7574.25,7581,7568.5,7580,7549.617070357211
1783674900,7580.25,7582.25,7580,7581,7549.74235151347
1783675800,7580.75,7582.5,7579.5,7580.5,7549.865136537368
1783676700,7580.75,7581.75,7580.25,7581,7549.989427409474
1783677600,7581,7586,7581,7585,7550.129190174306
1783678500,7585,7586.75,7581.5,7586.25,7550.27338502391
1783679400,7586.25,7590.75,7586.25,7590.5,7550.4339703132355
1783680300,7590.5,7590.75,7587.25,7590.5,7550.593914543522
1783681200,7590.25,7592.25,7589.25,7590,7550.751224265903
1783682100,7590,7591.5,7586.5,7586.75,7550.894931953464
1783683000,7586.75,7586.75,7580.75,7584.75,7551.030081925705
1783683900,7584.5,7585.75,7582.25,7583.25,7551.158704353148
1783684800,7583.5,7595.5,7577.25,7589,7551.3097674096225
1783685700,7589,7590.25,7585.25,7587.75,7551.455237400003
1783686600,7587.75,7592.5,7584.25,7588.5,7551.603120683835
1783687500,7588.75,7592.25,7587.75,7588,7551.748417607253
1783688400,7588.25,7591.25,7586.75,7591,7551.905110550937
1783689300,7590.75,7594,7589.25,7592.25,7552.066167993848
1783690200,7592.25,7604.5,7590,7594.25,7552.23456652481
1783691100,7594.5,7604.5,7592.75,7601.5,7552.431234921917
1783692000,7601.5,7605.75,7596.75,7599.25,7552.6181361797135
1783692900,7599,7603.75,7593,7598,7552.799301304744
1783693800,7597.75,7602.75,7552.75,7593.25,7552.9607811398555
1783694700,7593.5,7598.25,7583,7584.25,7553.085688201173
1783695600,7584.25,7593,7578.5,7591.75,7553.240036751268
1783696500,7591.75,7606.75,7591.5,7605.25,7553.447661355056
1783697400,7605.25,7606.5,7586,7592.5,7553.603558914517
1783698300,7592.75,7601.5,7588,7600.25,7553.789772252183
1783699200,7600.25,7606.25,7600,7604,7553.990212283113
1783700100,7604.25,7609.25,7603.5,7604.25,7554.19085015823
1783701000,7604,7608.75,7601.5,7608.5,7554.40765315161
1783701900,7608.5,7614,7608.25,7612.75,7554.640556731843
1783702800,7612.5,7613,7607.25,7610.5,7554.863548521337
1783703700,7610.5,7613.25,7610.25,7613,7555.095630163966
1783704600,7613,7617,7611.5,7614,7555.3307773489405
1783705500,7614,7616.75,7612,7612.75,7555.559995802638
1783706400,7612.75,7619,7612,7616,7555.801273264504
1783707300,7616,7620,7613.75,7617.25,7556.046577562849
1783708200,7617.5,7619.5,7616.25,7618.5,7556.295892622478
1783709100,7618.25,7620.25,7618,7618.5,7556.544212412408
1783710000,7618.5,7625.5,7618.25,7624.75,7556.816491005572
1783710900,7624.5,7625.25,7622.25,7622.75,7557.0796986263085
1783711800,7622.75,7625.25,7621.25,7623.5,7557.344849529996
1783712700,7623.5,7627.25,7617.75,7620.75,7557.59796390313
1783713600,7621,7624.75,7618,7622.5,7557.857053867589
1783714500,7622.75,7625.25,7621.75,7624.75,7558.1240915767
1783715400,7624.75,7626,7624,7625.75,7558.394055282981
1783716300,7625.5,7628.75,7624.75,7626,7558.663939293827
1783893600,7607,7612,7593,7593.25,7558.802007400438
1783894500,7593.5,7598,7591.75,7596.25,7558.951500384867
1783895400,7596.25,7600.5,7595.75,7599.5,7559.113370642812
1783896300,7599.5,7602,7596.75,7600.75,7559.279584732062
1783897200,7600.75,7601,7598,7598.75,7559.437151260078
1783898100,7598.75,7599,7596.25,7598,7559.591094768022
1783899000,7597.75,7598.5,7595.75,7597.25,7559.741429719048
1783899900,7597.25,7599.5,7593,7599,7559.898150558493
1783900800,7599.25,7615.25,7596.25,7613,7560.110133989398
1783901700,7612.75,7614.5,7607,7607.75,7560.300313095228
1783902600,7608,7608.25,7596.5,7600.75,7560.461788891255
1783903500,7600.75,7603,7592.75,7597,7560.607650013446
1783904400,7597,7598,7590.5,7593.75,7560.739954803811
1783905300,7593.75,7599.25,7591.75,7594.75,7560.875723447309
1783906200,7594.5,7599,7592.75,7594.5,7561.009952096221
1783907100,7594.75,7594.75,7588.75,7592.25,7561.134662866296
1783908000,7592.25,7593.5,7587.5,7589.5,7561.247897745073
1783908900,7589.5,7594.25,7588.5,7592.75,7561.373654640302
1783909800,7592.75,7593,7588.5,7590,7561.487931468086
1783910700,7590,7590.75,7585.75,7586.25,7561.586782041068
1783911600,7586.25,7586.5,7583.25,7584.5,7561.67825197304
1783912500,7584.75,7586.75,7583.25,7586,7561.775344779534
1783913400,7586,7586.75,7583.25,7584.25,7561.865063962051
1783914300,7584.25,7586,7582.25,7583.25,7561.95043296819
1783915200,7583.25,7583.25,7579,7580.25,7562.02348513199
1783916100,7580.25,7583.25,7579.5,7580.75,7562.098241678369
1783917000,7580.75,7581.5,7576,7576.75,7562.156731731549
1783917900,7576.75,7578.5,7575.5,7577.5,7562.217982303479
1783918800,7577.25,7584.25,7575.25,7583.5,7562.3029404579565
1783919700,7583.75,7583.75,7570.75,7571.25,7562.338657262516
1783920600,7571.5,7578.75,7566.5,7575.25,7562.390199548893
1783921500,7575.5,7578.5,7571.25,7578.5,7562.454510129536
1783922400,7578.25,7581,7574,7575,7562.504591925426
1783923300,7575.25,7583.5,7575,7583.5,7562.588405929716
1783924200,7583.5,7584.75,7578.75,7582.5,7562.667893331194
1783925100,7582.75,7584.75,7581,7584,7562.7530514416485
1783926000,7584.25,7591.25,7581.5,7590.5,7562.863817703358
1783926900,7590.75,7591.25,7585.5,7586.75,7562.959171724502
1783927800,7586.5,7588.75,7582,7587.25,7563.056141098856
1783928700,7587.25,7589.25,7584.5,7587.75,7563.154719377902
1783929600,7587.75,7596.25,7586.75,7595.75,7563.28484025863
1783930500,7596,7598.5,7595,7595.75,7563.414441694723
1783931400,7595.75,7597.25,7593.25,7596.5,7563.5465197717895
1783932300,7596.25,7599.5,7595.5,7598.5,7563.686054623
1783933200,7598.5,7598.75,7594.75,7597,7563.819044424904
1783934100,7596.75,7603,7596.5,7602.5,7563.97345941722
1783935000,7602.5,7603.75,7601,7602.75,7564.128255986412
1783935900,7602.75,7602.75,7600,7601.5,7564.277444585268
1783936800,7601.75,7602.5,7598,7599,7564.416057580936
1783937700,7599,7601.5,7597.25,7598,7564.550125215343
1783938600,7598,7599.5,7597,7597.5,7564.681661641629
1783939500,7597.5,7599.75,7597,7598,7564.814668980385
1783940400,7597.75,7604.5,7596.25,7597.75,7564.946147347729
1783941300,7597.75,7600.75,7595,7599.5,7565.084086879275
1783942200,7599.5,7602.25,7597.75,7598,7565.215487730056
1783943100,7597.75,7598.25,7592,7594.25,7565.331393966663
1783944000,7594.25,7598.25,7587.5,7592.5,7565.439851475779
1783944900,7592.5,7593.25,7589,7589.5,7565.535899972881
1783945800,7589.75,7591.5,7586,7590.75,7565.63655506281
1783946700,7590.75,7597.25,7590.75,7597,7565.761758435812
1783947600,7597,7599.75,7595,7596.25,7565.883467982974
1783948500,7596.25,7596.75,7593,7595.75,7566.002695655697
1783949400,7595.5,7609.75,7594.5,7601,7566.142405453478
1783950300,7601.25,7608.75,7590.25,7607.5,7566.307505631308
1783951200,7607.5,7610.5,7593.5,7603.5,7566.455978662721
1783952100,7603.75,7604.75,7573.5,7602,7566.597870963468
1783953000,7601.75,7603.75,7583.25,7585.75,7566.6743265684045
1783953900,7585.75,7599,7580.75,7598.5,7566.801375164938
1783954800,7598.5,7601.75,7590.25,7592,7566.901968477652
1783955700,7592,7597,7589.75,7594.75,7567.013138264168
1783956600,7595,7596.5,7587.75,7588,7567.096918151337
1783957500,7588,7589,7581.75,7583.25,7567.16140151201
1783958400,7583.25,7589,7580.5,7585.5,7567.234609490007
1783959300,7585.25,7585.5,7570.25,7574,7567.261617036953
1783960200,7574,7576.25,7560,7575,7567.292508785308
1783961100,7574.75,7578,7563.25,7570.25,7567.304315137462
1783962000,7570.25,7578,7569,7572,7567.323060386415
1783962900,7572,7575.25,7566.75,7569.75,7567.332748768106
1783963800,7569.75,7572.75,7566,7571.5,7567.349384501567
1783964700,7571.5,7574.25,7563.25,7563.5,7567.33401769717
1783965600,7563.75,7574,7562.75,7569,7567.340668325125
1783966500,7569,7569.5,7561.5,7563.5,7567.325336315843
1783967400,7563.75,7572,7561,7570.25,7567.337011619971
1783968300,7570.25,7572.25,7566,7567.25,7567.336664268195
1783969200,7567.25,7571.25,7562.25,7564.25,7567.324342255149
1783970100,7564.25,7565.75,7551.75,7555,7567.2751432840705
1783971000,7555,7561.5,7551,7561,7567.250092811879
1783971900,7561.25,7568.25,7557.5,7563.25,7567.2341243775
1783972800,7563,7563.5,7557.5,7559.5,7567.203249629486
1783973700,7559.5,7559.75,7547.25,7555.75,7567.157528074079
1783974600,7555.5,7555.5,7552.75,7554.25,7567.106001015899
1783975500,7554,7555.75,7552,7554.25,7567.054679654558
1783980000,7557,7563.25,7555.25,7557.5,7567.016537220807
1783980900,7558,7560.25,7555.25,7555.5,7566.970563020324
1783981800,7555.25,7557.5,7554.5,7557.25,7566.931758377528
1783982700,7557,7559,7551,7552,7566.872150559654
1783983600,7552,7552.25,7546.25,7547.5,7566.7948166252845
1783984500,7547.75,7551.25,7546.75,7547.75,7566.718789413208
1783985400,7547.5,7548.25,7542,7542.5,7566.622107619143
1783986300,7542.5,7553.5,7541.5,7553.25,7566.568725952001
1783987200,7553.5,7556.75,7539.75,7556.25,7566.52753343323
1783988100,7556,7557.5,7540,7545.75,7566.444589187988
1783989000,7545.75,7554.5,7541.75,7544.25,7566.355988033544
1783989900,7544.25,7560.5,7544.25,7558.5,7566.324626803869
1783990800,7558.5,7560.25,7554.25,7554.75,7566.278420708843
1783991700,7554.75,7559.75,7553.75,7556,7566.237389089248
1783992600,7556.25,7557.5,7547.25,7551.5,7566.178557196676
1783993500,7551.5,7555.75,7546.25,7548.25,7566.106986110062
1783994400,7548.5,7554.75,7545.75,7546.25,7566.027716704433
1783995300,7546.25,7547.75,7539.25,7543.25,7565.936787695633
1783996200,7543.25,7549.75,7539,7548.25,7565.866181756728
1783997100,7548.25,7549.5,7539.5,7540.5,7565.764919554106
1783998000,7540.5,7541,7534.5,7535.25,7565.643103507982
1783998900,7535.25,7540.5,7531.5,7540.25,7565.5417338333
1783999800,7540.25,7544.25,7535,7536.25,7565.424800764105
1784000700,7536,7544.75,7535.25,7544,7565.339272617342
1784001600,7544.25,7547.75,7538.5,7541,7565.242109852403
1784002500,7540.75,7550,7539.5,7548.75,7565.176273086525
1784003400,7548.75,7557,7548,7556,7565.139641257836
1784004300,7556,7561.5,7555.75,7560.25,7565.120121731857
1784005200,7560.5,7563.25,7558,7562.5,7565.1096621640645
1784006100,7562.5,7569.75,7561.5,7569.75,7565.128186466803
1784007000,7570,7573.75,7567,7568.75,7565.14264480426
1784007900,7569,7570.25,7567.5,7568.25,7565.15504941582
1784008800,7568,7573.5,7567.75,7573.5,7565.188362591804
1784009700,7573.5,7575.25,7566,7567.5,7565.19759068525
1784010600,7567.5,7570.5,7563.25,7564,7565.192809884112
1784011500,7563.75,7563.75,7559,7559,7565.168088088167
1784012400,7559.25,7566,7555.75,7563,7565.159433045898
1784013300,7563,7563.5,7557.25,7560.5,7565.140832514777
1784014200,7560.5,7561.5,7555,7555.75,7565.1033441614245
1784015100,7555.5,7562.25,7552.5,7559,7565.078979514074
1784016000,7559,7561,7552.5,7557.25,7565.04772610284
1784016900,7557.5,7564.5,7557.25,7562.75,7565.038553543547
1784017800,7562.5,7564,7558.75,7559.75,7565.017441553353
1784018700,7560,7560,7552.75,7554.25,7564.974457754737
1784019600,7554.5,7563.75,7551.25,7563,7564.966575687852
1784020500,7562.75,7564,7554,7554.25,7564.923794946583
1784021400,7554.25,7559,7554.25,7557.5,7564.894159038613
1784022300,7557.25,7561.75,7556.75,7557.5,7564.864641437661
1784023200,7557.75,7560.75,7556.25,7557.5,7564.835241671442
1784024100,7557.75,7559,7555.5,7558.5,7564.809951285529
1784025000,7558.25,7566,7553.75,7556.75,7564.777775831295
1784025900,7556.75,7560,7553.25,7557,7564.746726825981
1784026800,7557,7558,7544,7553,7564.699833704919
1784027700,7553,7564.25,7552.5,7558.5,7564.67508386977
1784028600,7558.5,7562.5,7553,7553.75,7564.63147076051
1784029500,7553.75,7559.75,7553.5,7555.75,7564.596015787414
1784030400,7555.5,7555.75,7544.75,7547.5,7564.527768219401
1784031300,7547.75,7563,7545.5,7560.75,7564.512687308345
1784032200,7561,7613.75,7558.75,7588,7564.6064490356575
1784033100,7588.25,7590.25,7575.75,7579.5,7564.665904328928
1784034000,7579.5,7584,7577.25,7579.25,7564.724124271727
1784034900,7579.25,7585,7570.75,7579.25,7564.7821117995845
1784035800,7579.5,7585.5,7564.25,7583.25,7564.855835904177
1784036700,7583,7588.25,7576,7583.5,7564.930263704959
1784037600,7583.5,7585.25,7567.75,7574.5,7564.968466245058
1784038500,7574.5,7583.5,7556.5,7577.25,7565.01749432392
1784039400,7577.25,7603.75,7575,7581.75,7565.084290753764
1784040300,7581.5,7590.5,7575.25,7587.5,7565.173774623011
1784041200,7587.5,7601.5,7583.25,7596,7565.296833406951
1784042100,7596,7598,7587,7597.25,7565.424390958221
1784043000,7597,7600.5,7577.75,7586.25,7565.50752712206
1784043900,7586,7590,7576.25,7579.75,7565.564383301214
1784044800,7580,7580.75,7570,7575.25,7565.603048437736
1784045700,7575.5,7579.25,7570,7578.25,7565.65353527032
1784046600,7578,7588.25,7576.5,7585,7565.7307666664465
1784047500,7585.25,7589.25,7580,7589.25,7565.8246558214705
1784048400,7589.25,7592.75,7586,7588.75,7565.916174161504
1784049300,7588.75,7596.75,7585.25,7593.75,7566.027287238704
1784050200,7594,7595.75,7588.75,7590.75,7566.125980702821
1784051100,7590.75,7593.75,7587.75,7593.25,7566.234260220974
1784052000,7593.5,7596.75,7589.75,7596.25,7566.354083533465
1784052900,7596.5,7598.25,7593.5,7595.5,7566.470434497403
1784053800,7595.25,7596.25,7587,7590.25,7566.565362902604
1784054700,7590.5,7593.5,7588.75,7592,7566.666898380038
1784055600,7592.25,7592.75,7587.5,7590.25,7566.761042498281
1784056500,7590.25,7594.75,7588.25,7591.5,7566.859800811661
1784057400,7591.5,7594.75,7587,7593.25,7566.965150908221
1784058300,7593,7596,7589.25,7590,7567.057106393618
1784059200,7590,7592.5,7587.75,7589.25,7567.1457007792715
1784060100,7589.25,7590,7585.75,7586,7567.220967442828
1784061000,7586,7589.5,7585.75,7588.75,7567.306911684573
1784061900,7588.75,7591.75,7586.75,7591,7567.40149487146
1784066400,7589.75,7591.5,7583,7584,7567.467756368979
1784067300,7584.25,7592.25,7584,7590.5,7567.559701453335
1784068200,7590.5,7592.25,7590.25,7590.75,7567.652277495437
1784069100,7590.75,7590.75,7588,7589,7567.737497944558
1784070000,7589,7592.75,7587.75,7592,7567.834354240188
1784070900,7592,7600,7591,7599.5,7567.9607640037
1784071800,7599.5,7603.25,7599.5,7601,7568.09265716137
1784072700,7601,7604.25,7600.25,7602.75,7568.231009827393
1784073600,7602.75,7604.5,7598,7603,7568.369808191355
1784074500,7603,7604.5,7601,7602.25,7568.505058458057
1784075400,7602.5,7603,7592.5,7594,7568.606834671797
1784076300,7594,7603.5,7592.75,7601.5,7568.738144713027
1784077200,7601.75,7603,7596,7598.5,7568.856954514572
1784078100,7598.5,7603.75,7598.25,7601.5,7568.987266073396
1784079000,7601.5,7603.25,7597.5,7597.5,7569.101089362524
1784079900,7597.75,7604.5,7597.5,7604.25,7569.24140437505
1784080800,7604.5,7606.25,7602.5,7603.5,7569.3781652358275
1784081700,7603.75,7605.5,7603.25,7604.5,7569.518372161034
1784082600,7604.75,7607.5,7604.25,7606.75,7569.667001413884
1784083500,7606.5,7606.75,7602.75,7603.25,7569.801065280495
1784084400,7603.25,7604,7601.25,7602,7569.92960394205
1784085300,7602.25,7605.5,7602.25,7604.75,7570.068607519127
1784086200,7604.5,7606.5,7604.5,7605,7570.2080541956975
1784087100,7605,7608.25,7604.75,7607,7570.354928230844
1784088000,7607.25,7607.75,7605.75,7606.5,7570.499219934513
1784088900,7606.75,7608.25,7606.25,7607,7570.644931631382
1784089800,7606.75,7608,7606,7606.75,7570.789063640837
1784090700,7607,7608.5,7606.75,7608.5,7570.9396063009535
1784091600,7608.5,7613.5,7603.25,7604.75,7571.074577932487
1784092500,7604.5,7608,7602.75,7603.75,7571.205018739144
1784093400,7603.5,7608,7602.5,7606,7571.343920859946
1784094300,7606,7609.25,7605.25,7609,7571.494244529167
1784095200,7609.25,7609.75,7607,7608.25,7571.640974091925
1784096100,7608,7610.5,7606.25,7610,7571.794103935869
1784097000,7610,7611,7606.5,7607.25,7571.93564443912
1784097900,7607.5,7608.75,7606.75,7607.75,7572.0786159184045
1784098800,7607.5,7609,7604.75,7607.25,7572.219020645277
1784099700,7607,7607.5,7593.5,7599,7572.325930742501
1784100600,7599,7602.5,7597,7602,7572.444390100814
1784101500,7602,7606.25,7600.75,7604.5,7572.572356607398
1784102400,7604.5,7605.25,7597.25,7600.25,7572.68284620178
1784103300,7600.25,7602.5,7595.75,7601.25,7572.796886735905
1784104200,7601.25,7604.75,7600,7604,7572.921450062308
1784105100,7604,7607.25,7603.75,7606.75,7573.056494173836
1784106000,7606.75,7610.75,7606.5,7609.5,7573.201977231026
1784106900,7609.75,7610.5,7607.75,7608.25,7573.341889497568
1784107800,7608.25,7610.25,7607,7609.5,7573.486233252069
1784108700,7609.75,7609.75,7603.75,7604.5,7573.610040704157
1784109600,7604.75,7606.25,7603.5,7605.75,7573.738343934879
1784110500,7605.75,7606.75,7597,7598.25,7573.836194857295
1784111400,7598.25,7602.25,7597.75,7599.5,7573.938645177225
1784112300,7599.5,7603,7599.5,7601.5,7574.048670545779
1784113200,7601,7603.75,7599.25,7600.25,7574.153266671345
1784114100,7600.25,7602.25,7600,7600.5,7574.258443251499
1784115000,7600.75,7603.5,7598,7601.75,7574.368189985025
1784115900,7602,7602,7598.25,7600,7574.4705125798955
1784116800,7600,7600.75,7594.75,7596,7574.556458637461
1784117700,7596,7597.5,7592.5,7595.25,7574.639067585016
1784118600,7594.5,7613.25,7593.75,7610.75,7574.783223003838
1784119500,7610.75,7614.75,7608,7611.5,7574.929796963903
1784120400,7611.5,7615.5,7606.5,7607.25,7575.058819730514
1784121300,7607,7612.5,7605.75,7612.5,7575.208285520013
1784122200,7612.5,7626.25,7611.75,7613.5,7575.361146655662
1784123100,7613.5,7616.75,7601.25,7614.5,7575.517389583185
1784124000,7614.5,7623.5,7614.5,7617.75,7575.685982838342
1784124900,7617.75,7626,7603.25,7616.5,7575.848913046572
1784125800,7616.25,7618.75,7597.75,7605,7575.965284651177
1784126700,7605,7608.25,7597.25,7604.75,7576.080193694486
1784127600,7605,7611.5,7599.5,7601,7576.179673959179
1784128500,7601.25,7606.25,7592,7605.75,7576.297719172915
1784129400,7605.75,7608.5,7600,7601.5,7576.398327080408
1784130300,7601.5,7602.5,7592.5,7596.25,7576.477575275696
1784131200,7596.25,7598,7581,7581.5,7576.497624875394
1784132100,7581.5,7583.25,7573.75,7577.75,7576.502624376889
1784133000,7577.75,7581.5,7571.75,7578.75,7576.511595936263
1784133900,7578.75,7593.25,7577,7586.75,7576.552467808773
1784134800,7587,7594.25,7586,7588,7576.598166540075
1784135700,7588,7598.75,7587.5,7598.25,7576.684601004985
1784136600,7598.5,7605,7598.5,7603.25,7576.790650501971
1784137500,7603.5,7616.25,7602.75,7612.5,7576.933202795376
1784138400,7612.5,7618.25,7611.75,7616.25,7577.09015607763
1784139300,7616.25,7619,7612.75,7616.75,7577.248478807859
1784140200,7616.75,7619.75,7610.25,7610.5,7577.381219411421
1784141100,7610.75,7611,7601,7602,7577.479497976645
1784142000,7602,7609,7600.5,7608,7577.601336308076
1784142900,7608,7608.5,7601.75,7606.5,7577.71670023499
1784143800,7606.5,7612.75,7601.25,7611.25,7577.850565703114
1784144700,7611.25,7618,7605.25,7617,7578.006850869968
1784145600,7617,7619.75,7608.75,7614.5,7578.15253210402
1784146500,7614.75,7618,7613.5,7617,7578.30761181618
1784147400,7616.75,7617.25,7614.75,7616.5,7578.460076439668
1784148300,7616.75,7617.75,7615.25,7616,7578.609936413961
1784152800,7615,7622.25,7614,7619,7578.771174192748
1784153700,7619,7619.25,7616.5,7616.75,7578.922786271819
1784154600,7617,7617.75,7615,7615.75,7579.069801097081
1784155500,7615.5,7619.5,7613.25,7618.25,7579.2262090767335
1784156400,7618.25,7619.75,7617.25,7618.5,7579.382990677225
1784157300,7618.5,7620,7617,7619.75,7579.544136423025
1784158200,7619.75,7622,7618.75,7620,7579.705636876426
1784159100,7620.25,7620.75,7615.5,7616.25,7579.851522557558
1784160000,7616.25,7626.75,7615.75,7626.75,7580.038742028387
1784160900,7626.5,7627.75,7618,7619,7580.194275992346
1784161800,7619.25,7622,7615.25,7615.5,7580.335217006348
1784162700,7615.25,7620.5,7614.25,7616.5,7580.47958739754
1784163600,7616.75,7618.25,7613.25,7615,7580.617393435873
1784164500,7614.75,7615.25,7610.25,7611.25,7580.73967929042
1784165400,7611.25,7615.5,7610.75,7612.5,7580.866466997843
1784166300,7612.5,7619,7612.25,7614.5,7581.000732598651
1784167200,7614.75,7615,7611,7613,7581.128474185083
1784168100,7613,7620.5,7612.75,7619.5,7581.281653928855
1784169000,7619.5,7621,7618,7618.75,7581.431228164668
1784169900,7618.75,7623.5,7618.25,7622.75,7581.596173361616
1784170800,7622.75,7625,7622,7623.75,7581.764452110671
1784171700,7623.75,7624,7621,7621.75,7581.924075056338
1784172600,7621.75,7625.25,7621.5,7623,7582.088050804616
1784173500,7623,7624.5,7621.75,7624.5,7582.25735998304
1784174400,7624.5,7626.5,7623.75,7626.25,7582.432979304465
1784175300,7626.25,7626.25,7622,7622.5,7582.592927490875
1784176200,7622.75,7623.25,7620.5,7621.5,7582.748245145602
1784177100,7621.25,7623,7620.5,7621.75,7582.903940773763
1784178000,7622,7626.75,7621.75,7626.75,7583.07897494233
1784178900,7626.75,7630,7626,7627.5,7583.256304383678
1784179800,7627.75,7632,7616.75,7620,7583.402985803305
1784180700,7620,7620.75,7615.5,7617,7583.537105620457
1784181600,7617.25,7625,7613.5,7622,7583.690650108998
1784182500,7622,7623.5,7617,7618,7583.827613581617
1784183400,7617.75,7618.5,7611,7615.5,7583.954050253946
1784184300,7615.5,7619,7613.75,7618.25,7584.090960232972
1784185200,7618.25,7618.75,7610,7610.25,7584.195387537431
1784186100,7610,7613.25,7608.5,7610.5,7584.300395970416
1784187000,7610.75,7611.75,7605.75,7606.25,7584.388019140194
1784187900,7606.25,7606.5,7600,7601.75,7584.457328445023
1784188800,7601.75,7603,7593.5,7594,7584.495422942249
1784189700,7594.25,7603.75,7593.75,7601.5,7584.563305485394
1784190600,7601.5,7606,7600.5,7603.75,7584.639899076271
1784191500,7603.75,7610,7603.75,7609.5,7584.7391409961265
1784192400,7609.75,7613.75,7609.75,7613,7584.851958796541
1784193300,7613.25,7615.5,7610.5,7610.75,7584.955344190567
1784194200,7610.75,7613,7608.75,7608.75,7585.050332836513
1784195100,7608.5,7610.25,7605,7605,7585.1299722263875
1784196000,7605.25,7607.75,7602.25,7606.25,7585.214283714506
1784196900,7606,7606.25,7601.5,7604.5,7585.291272601873
1784197800,7604.5,7607.25,7602,7603.5,7585.363962132405
1784198700,7603.75,7604.5,7600.75,7603,7585.434365477186
1784199600,7602.75,7603.25,7596,7600.75,7585.4955057347615
1784200500,7600.75,7603.5,7595.75,7599.75,7585.552409903485
1784201400,7600,7600,7594.75,7596.75,7585.597110861954
1784202300,7596.75,7598,7580.75,7597.25,7585.643629381468
1784203200,7597,7599,7588.25,7591.5,7585.667008106492
1784204100,7591.25,7594.5,7584,7587,7585.672329431416
1784205000,7587.25,7591,7580.5,7583,7585.661661449654
1784205900,7582.75,7590.25,7581.75,7586.5,7585.665008110534
1784206800,7586.75,7596.25,7586,7595.75,7585.705267559194
1784207700,7595.75,7598,7594.25,7596.75,7585.749358307461
1784208600,7597,7604.25,7579.75,7582,7585.734390809228
1784209500,7581.75,7591.5,7575.5,7588,7585.743435157295
1784210400,7587.75,7605.5,7585.25,7602.75,7585.811325635708
1784211300,7602.75,7613,7600,7612.5,7585.9178672499365
1784212200,7612.5,7613.75,7606.5,7612.75,7586.024981552332
1784213100,7613,7615,7602.75,7611.25,7586.12568022877
1784214000,7611,7613.25,7599.75,7602.25,7586.190048770771
1784214900,7602.5,7613.5,7598.75,7607.25,7586.274120432365
1784215800,7607.25,7613.25,7601.75,7605.75,7586.351868454591
1784216700,7605.5,7610.25,7599.25,7605,7586.426312093495
1784217600,7605,7605.5,7588.5,7589.25,7586.4375843007065
1784218500,7589,7594.25,7583,7588.25,7586.444819493119
1784219400,7588.5,7594.25,7586.75,7588.75,7586.454021810512
1784220300,7588.75,7599.25,7586,7598.25,7586.501111543804
1784221200,7598.25,7598.75,7590.5,7591.25,7586.520069182351
1784222100,7591.25,7597.25,7589.25,7596,7586.557913217552
1784223000,7596.25,7597.25,7579.5,7583,7586.543709971174
1784223900,7583.25,7588,7579.75,7582.25,7586.526569412407
1784224800,7582.25,7584,7573.25,7576.25,7586.485545183216
1784225700,7576.25,7586.5,7573.75,7578.5,7586.453666759331
1784226600,7578.5,7578.5,7568,7574.5,7586.405947530751
1784227500,7574.25,7578.75,7570.5,7571.5,7586.346442750189
1784228400,7571.25,7576.25,7564.75,7566.5,7586.267215433822
1784229300,7566.5,7569.5,7558,7560.25,7586.1633542943655
1784230200,7560.25,7561.25,7553,7554.5,7586.03695367842
1784231100,7554.5,7579.5,7548.25,7577,7586.000878015033
1784232000,7577,7578,7567,7567.25,7585.926024210582
1784232900,7567.25,7573.75,7566.25,7569.25,7585.85945325565
1784233800,7569,7570.75,7566.5,7568.75,7585.791152045049
1784234700,7568.75,7570,7567.25,7569.25,7585.725119501955
1784239200,7572.75,7575,7569.5,7570.25,7585.663342577795
1784240100,7570.5,7570.75,7566.5,7567,7585.5888382162075
1784241000,7567.25,7568.25,7565.25,7567.25,7585.515629281213
1784241900,7567.25,7567.5,7563.75,7565.75,7585.436724573503
1784242800,7566,7567,7561.25,7564.75,7585.354142838679
1784243700,7564.75,7564.75,7558.75,7561,7585.2569207115785
1784244600,7560.75,7564,7557,7562.25,7585.165076716722
1784245500,7562.25,7563.5,7558.75,7560.5,7585.066613336616
1784246400,7560.25,7563.5,7552.25,7553.25,7584.9396009081265
1784247300,7553.25,7557.5,7549.5,7550.25,7584.801119467375
1784248200,7550.5,7551,7546,7548.5,7584.656204818803
1784249100,7548.5,7555.5,7547.75,7552.25,7584.526838731703
1784250000,7552.25,7556,7545.25,7546,7584.373038976287
1784250900,7546,7548.5,7543.5,7548.25,7584.228835227878
1784251800,7548.25,7548.75,7537.75,7538.75,7584.04728299144
1784252700,7539,7540.5,7535.5,7538,7583.863461502452
1784253600,7538.25,7539.5,7533.75,7535,7583.668397783879
1784254500,7535,7535.25,7530,7531.5,7583.460140706898
1784255400,7531.5,7532.5,7528,7532.5,7583.256707011461
1784256300,7532.5,7533,7525.5,7530,7583.044105386664
1784257200,7530.25,7535.25,7528.5,7534,7582.848320534821
1784258100,7534,7541.5,7534,7539.5,7582.675273347058
1784259000,7539.5,7539.75,7528.5,7530.25,7582.465990818726
1784259900,7530.25,7530.5,7524.25,7524.25,7582.233591653781
1784260800,7524.5,7524.75,7517.5,7518.5,7581.979166138198
1784261700,7518.75,7519.5,7512.5,7514.25,7581.708790225471
1784262600,7514.25,7516,7507.75,7514,7581.438495653712
1784263500,7514.25,7519.25,7513.5,7513.75,7581.168282098209
1784264400,7513.75,7516,7510.75,7512,7580.892161211589
1784265300,7512.25,7514.75,7510,7511.75,7580.616144599966
1784266200,7511.75,7514.25,7503,7508,7580.3262597911835
1784267100,7508,7511.75,7505.25,7511.25,7580.050506259083
1784268000,7511,7515.75,7509.25,7513.75,7579.785833579406
1784268900,7513.75,7523,7513.25,7522,7579.555151609029
1784269800,7522,7523.5,7514.25,7515.5,7579.299442420969
1784270700,7515.25,7515.25,7509,7512,7579.030781972183
1784271600,7512.25,7516.25,7510,7514.5,7578.773174060118
1784272500,7514.75,7517,7510.25,7516.75,7578.525576558881
1784273400,7517,7519,7512.75,7515.5,7578.273977450862
1784274300,7515.25,7516.25,7510.5,7511.75,7578.008412670619
1784275200,7511.75,7516.75,7506.25,7507.75,7577.727939965347
1784276100,7507.5,7508.25,7495,7500.25,7577.4186467918325
1784277000,7500.25,7502.5,7491.25,7495,7577.089630237773
1784277900,7495,7504,7494,7499.5,7576.779891194908
1784278800,7499.5,7506,7496.75,7505.5,7576.495340731056
1784279700,7505.5,7510.25,7502,7510.25,7576.230888273048
1784280600,7510.25,7510.5,7503,7503.5,7575.9405454056905
1784281500,7503.75,7510.5,7503.5,7510.25,7575.67830769948
1784282400,7510.25,7517.25,7507,7516.25,7575.441068946188
1784283300,7516.5,7517.75,7511,7515.5,7575.201783241812
1784284200,7515.5,7522,7515.5,7519.25,7574.978422829669
1784285100,7519.25,7520.5,7516.25,7518.25,7574.7519620598905
1784286000,7518.25,7522,7512,7513,7574.5054472412885
1784286900,7513,7517.25,7509.25,7517,7574.275884577651
1784287800,7517.25,7518.5,7513.25,7514,7574.035262283927
1784288700,7514,7520.5,7512.25,7519,7573.815560638083
1784289600,7518.75,7519.5,7509.5,7510.5,7573.562803908989
1784290500,7510.5,7512.5,7507.5,7509.25,7573.306066168833
1784291400,7509.25,7512.25,7505.25,7508,7573.045363309876
1784292300,7507.75,7510.25,7502.5,7504.25,7572.770731121014
1784293200,7504.5,7504.5,7492.75,7493.25,7572.453283092587
1784294100,7493.5,7496.5,7483.25,7485,7572.104168190022
1784295000,7485.25,7492.25,7473,7475.75,7571.719520812018
1784295900,7475.75,7514,7475,7513.75,7571.488105559276
1784296800,7513.75,7533.75,7512.5,7528.75,7571.317494359439
1784297700,7528.5,7539,7527.5,7529.25,7571.149560250219
1784298600,7529.5,7534,7521.75,7524.5,7570.963334460797
1784299500,7524.75,7531.5,7514.25,7516.25,7570.7449179559635
1784300400,7516.25,7518,7506.5,7509,7570.498431257536
1784301300,7509,7521.5,7504.75,7520.25,7570.297838717586
1784302200,7520.25,7525,7510,7520.75,7570.100042954243
1784303100,7520.5,7536.5,7514.5,7534.25,7569.956929010314
1784304000,7534.25,7536.75,7513.5,7528.25,7569.7904342837255
1784304900,7528.5,7531,7516.5,7524.75,7569.610632150856
1784305800,7524.75,7530,7520.75,7529.75,7569.451507870813
1784306700,7529.75,7538.5,7527,7529.25,7569.291022809452
1784307600,7529,7538,7527.75,7530,7569.134172418995
1784308500,7530,7536,7525.25,7534.5,7568.9959122496575
1784309400,7534.5,7535.5,7520.25,7521.5,7568.806307809539
1784310300,7521.25,7524.25,7508.75,7510.75,7568.574546101717
1784311200,7511,7516.75,7506,7506.5,7568.326743522469
1784312100,7506.25,7507.25,7497.75,7502.25,7568.062964107209
1784313000,7502.25,7508.5,7495.75,7497.5,7567.781275627739
1784313900,7497.5,7511.75,7495.75,7508.5,7567.544623828826
1784314800,7508.75,7510,7492.25,7492.5,7567.245044492184
1784315700,7492.25,7498,7486.25,7496.75,7566.963627148902
1784316600,7497,7501.5,7491,7499.75,7566.695309276051
1784317500,7500,7509.25,7494.25,7497,7566.417084488522
1784318400,7496.75,7497.75,7484,7488.75,7566.107036247051
1784319300,7488.75,7493.75,7487.25,7493,7565.8151917909745
1784320200,7492.75,7496.25,7492.5,7496,7565.536488430532
1784321100,7496.25,7497.75,7493.5,7494.75,7565.253907638394
1784498400,7485,7497,7482,7483.75,7564.928542737642
1784499300,7484,7496.75,7483.75,7487.5,7564.619446758649
1784500200,7487,7502.5,7486,7500.5,7564.363480903326
1784501100,7500.75,7502,7494.5,7495.75,7564.089574791935
1784502000,7496,7498.5,7492.25,7495.75,7563.816762118115
1784502900,7495.75,7498.25,7492,7493.5,7563.536056480916
1784503800,7493.5,7502,7491.25,7502,7563.290403560833
1784504700,7501.75,7505.25,7494.75,7504,7563.053715323064
1784505600,7504.5,7517.5,7496.75,7514.75,7562.860886120178
1784506500,7514.75,7517.25,7510.25,7511.5,7562.6558526426525
1784507400,7511.5,7512,7503.5,7504.5,7562.423693550267
1784508300,7504.5,7506.5,7502,7503.25,7562.187471220725
1784509200,7503.5,7511.75,7502.75,7503.5,7561.953189898486
1784510100,7503.75,7507.5,7498,7499.25,7561.702877763163
1784511000,7499,7500.75,7492.75,7495.25,7561.437596814008
1784511900,7495.25,7498.25,7490,7494.75,7561.171378862655
1784512800,7494.75,7506.5,7494.75,7499.5,7560.925185733463
1784513700,7499.75,7500,7493.75,7496.5,7560.66799936327
1784514600,7496.25,7509.25,7496.25,7506.75,7560.452757848845
1784515500,7507,7511,7505.25,7505.5,7560.233385562024
1784516400,7505.5,7507.75,7501.25,7503.5,7560.006904980938
1784517300,7503.5,7507.75,7502.5,7504.25,7559.784322525924
1784518200,7503.75,7508.25,7502.5,7507.5,7559.575602675521
1784519100,7507.5,7510.25,7504,7505.5,7559.359732006157
1784520000,7505.75,7507.75,7501.25,7502,7559.130751040065
1784520900,7501.75,7508.25,7499,7507.75,7558.925638261461
1784521800,7508,7513.5,7506.25,7512.25,7558.739308368202
1784522700,7512.25,7515,7508.75,7509.25,7558.541746258948
1784523600,7509.5,7510.25,7498,7503.25,7558.3210207249795
1784524500,7503,7503,7499,7500.25,7558.089200282963
1784525400,7500.25,7500.5,7497.25,7497.25,7557.846329223949
1784526300,7497.5,7499.75,7494,7496,7557.599437690122
1784527200,7496.25,7499.75,7494.5,7495,7557.349539735271
1784528100,7495,7498,7492.75,7494.5,7557.098643369062
1784529000,7494.75,7498.25,7491,7496.5,7556.85673261709
1784529900,7496.5,7497.75,7493.5,7497,7556.617783584686
1784530800,7497.25,7502.5,7497.25,7499.5,7556.389768480555
1784531700,7499.75,7510,7496.75,7509.5,7556.202583776042
1784532600,7509.5,7519.5,7509.5,7517.25,7556.04708443961
1784533500,7517.25,7518.75,7511.75,7516,7555.887215839053
1784534400,7516,7520.75,7514.25,7520,7555.743953500374
1784535300,7520,7521.75,7517,7517.75,7555.59228103131
1784536200,7517.5,7518.25,7512,7512.75,7555.421253961325
1784537100,7513,7516,7512.25,7514.25,7555.256897658087
1784538000,7514.25,7516,7510.5,7513,7555.088207447875
1784538900,7512.75,7518.25,7512.75,7517,7554.936158715548
1784539800,7517,7521,7516,7520.5,7554.798689020077
1784540700,7520.5,7527.75,7520.5,7521.75,7554.666758125785
1784541600,7521.75,7522.75,7518,7518.25,7554.521381845842
1784542500,7518.5,7521,7516,7520,7554.383571938274
1784543400,7519.75,7523,7517.5,7519.5,7554.244316162073
1784544300,7519.5,7524.25,7518.5,7522,7554.115596337075
1784545200,7522,7529.75,7520.75,7527.5,7554.009346451498
1784546100,7527.5,7528.25,7522.75,7523.5,7553.887552653288
1784547000,7523.5,7545.25,7523.25,7539.25,7553.829119309363
1784547900,7539.25,7540.75,7531,7535.5,7553.7559491724
1784548800,7535.5,7536,7521,7526,7553.645146980095
1784549700,7526,7530.25,7523.25,7530,7553.550755175783
1784550600,7530.25,7532.75,7524.25,7525.25,7553.437778109213
1784551500,7525.25,7530.75,7522.75,7527.25,7553.333236080833
1784552400,7527.25,7531.25,7526,7527.25,7553.229111385899
1784553300,7527.25,7536.25,7526.25,7534.25,7553.153346470187
1784554200,7534.5,7551.5,7532.75,7550.25,7553.1417562647175
1784555100,7550,7552,7519,7520.5,7553.011449852484
1784556000,7520.75,7527.5,7511.25,7514,7552.855715521735
1784556900,7514,7521.25,7506,7520.5,7552.726550988714
1784557800,7520.75,7522.75,7511.25,7512.75,7552.566963958819
1784558700,7512.75,7521.5,7500.75,7505.25,7552.378073883135
1784559600,7505,7518.75,7502,7512,7552.216883967433
1784560500,7512,7524.25,7509.75,7522.5,7552.098253692114
1784561400,7522.5,7524.25,7516.5,7523.5,7551.984089006716
1784562300,7523.75,7528.25,7514.5,7523.5,7551.870380068565
1784563200,7523.75,7534,7519.5,7531.75,7551.790059190048
1784564100,7532,7532.75,7525.25,7528.75,7551.698082905856
1784565000,7528.75,7531.5,7508.25,7518,7551.563559620802
1784565900,7518,7526,7511,7513.75,7551.412607286987
1784566800,7513.75,7515.75,7502,7502.75,7551.21834538165
1784567700,7502.5,7508.5,7499.25,7505,7551.033841008869
1784568600,7504.75,7509.25,7499.25,7501.25,7550.83510312061
1784569500,7501.25,7512.5,7500.75,7509,7550.668096720927
1784570400,7509.25,7516,7508.5,7514,7550.521717093298
1784571300,7514,7517.75,7504.75,7508.25,7550.352967723665
1784572200,7508.5,7508.5,7488.5,7488.75,7550.107047692832
1784573100,7489,7495.75,7487.75,7490.5,7549.869095406632
1784574000,7490.25,7495.25,7480.25,7480.25,7549.5911748660865
1784574900,7480.25,7492.75,7478,7490.5,7549.355281952449
1784575800,7490.75,7497.25,7486.75,7493.75,7549.133304778987
1784576700,7493.75,7496.25,7480.25,7486,7548.881275618192
1784577600,7486,7493.25,7481,7482,7548.61428449796
1784578500,7481.75,7482,7476.75,7479,7548.336383162639
1784579400,7479,7483.25,7478.75,7481.75,7548.0705692577985
1784580300,7482,7484,7480.75,7483.25,7547.811804510263
1784584800,7484,7485.75,7473.25,7476,7547.525130639962
1784585700,7476,7477.5,7475,7476,7547.239601176329
1784586600,7475.75,7477,7473,7476,7546.955211550875
1784587500,7476.25,7477,7474,7475.5,7546.669961205363
1784588400,7475.5,7483.25,7474.5,7482.75,7546.414791699553
1784589300,7483,7490,7482.75,7489.75,7546.188584946261
1784590200,7489.5,7491,7487.75,7489,7545.960287201964
1784591100,7488.75,7491,7480.5,7485.25,7545.717930766028
1784592000,7485,7485,7474.25,7477.5,7545.445603697101
1784592900,7477.75,7488.5,7473.75,7486.25,7545.209293901903
1784593800,7486,7494,7486,7492.25,7544.99787955499
1784594700,7492.5,7495.75,7490.75,7492.25,7544.787309177525
1784595600,7492.25,7498.75,7489.5,7497.75,7544.599535488193
1784596500,7498,7499.25,7494.5,7495.5,7544.4035293585
1784597400,7495.75,7498.25,7491,7491.75,7544.193335628526
1784598300,7491.75,7496,7490.75,7492.5,7543.986975007255
1784599200,7493,7500,7492.25,7493,7543.783434188863
1784600100,7493,7497.25,7488.75,7494,7543.584697924636
1784601000,7494,7501.5,7493.75,7500.5,7543.412703122542
1784601900,7500.5,7501.75,7498.25,7501.75,7543.246384946404
1784602800,7501.5,7504.5,7501.5,7503.75,7543.088714747017
1784603700,7503.75,7508,7503.5,7507.75,7542.947642033456
1784604600,7508,7511.25,7507.25,7509.5,7542.814118512364
1784605500,7509.5,7513,7509.25,7512.75,7542.6941020711965
1784606400,7512.75,7516.75,7512.5,7514.25,7542.580552761531
1784607300,7514,7515,7513,7513.75,7542.465460734539
1784608200,7514,7516.25,7513.5,7514.5,7542.353822168732
1784609100,7514.5,7515.75,7513,7514.25,7542.241631261871
1784610000,7514.25,7514.5,7511.25,7511.75,7542.119908182981
1784610900,7511.75,7517,7510,7516.5,7542.017633100414
1784611800,7516.75,7522,7514.5,7521,7541.9337303734665
1784612700,7521.25,7523.75,7519,7520.75,7541.849164583552
1784613600,7520.75,7522.75,7519.5,7521.25,7541.766932389605
1784614500,7521.25,7522.75,7518,7520,7541.68003844793
1784615400,7520.25,7530.25,7520,7525.25,7541.61444947209
1784616300,7525.25,7525.5,7522.25,7523.75,7541.543134304537
1784617200,7524,7528,7520.75,7523,7541.469109816295
1784618100,7522.75,7522.75,7515.75,7516.75,7541.370430735192
1784619000,7517,7520.75,7514,7517.5,7541.275139594532
1784619900,7517.5,7518.5,7514.25,7517.75,7541.18122686162
1784620800,7517.75,7523,7516,7523,7541.10864711367
1784621700,7522.75,7524.5,7521.25,7523.5,7541.038353113216
1784622600,7523.5,7525.75,7522.25,7524.5,7540.972331743502
1784623500,7524.5,7524.5,7521.25,7523.25,7540.90158391219
1784624400,7523.25,7526.25,7523,7525.25,7540.8391025392875
1784625300,7525.5,7528.25,7523,7523,7540.767888557095
1784626200,7523,7525.25,7521.25,7523,7540.696958862256
1784627100,7522.75,7527.25,7522,7522.5,7540.624316311908
1784628000,7522.75,7528,7520.75,7523.25,7540.554957763757
1784628900,7523.5,7526.25,7522.5,7524,7540.4888701080135
1784629800,7523.75,7530.25,7521,7523.25,7540.420052263271
1784630700,7523,7527,7519.5,7522,7540.346519120503
1784631600,7522.25,7523.5,7516,7519,7540.261303475311
1784632500,7519,7519.25,7511,7514.5,7540.15846394048
1784633400,7514.5,7520.75,7514.5,7516.75,7540.065016978642
1784634300,7516.75,7518.75,7513.75,7515,7539.964957030624
1784635200,7515,7522,7513.5,7518,7539.87727257142
1784636100,7518,7518.25,7510.5,7510.75,7539.760996034209
1784637000,7510.75,7512.75,7505.25,7510,7539.642189662814
1784637900,7509.75,7517.5,7509.5,7515.5,7539.5458136561765
1784638800,7515.75,7516.5,7512,7514,7539.443834360144
1784639700,7514,7526,7513.75,7526,7539.390166358707
1784640600,7526,7530.25,7505.5,7508,7539.2648563133625
1784641500,7507.75,7516.75,7504.5,7516.5,7539.173978643449
1784642400,7516.75,7521.75,7512.5,7520.5,7539.0994318225175
1784643300,7520.5,7533.25,7510.75,7532,7539.071090777318
1784644200,7531.75,7536,7520.75,7529.5,7539.0328828301035
1784645100,7529.5,7536.5,7525.75,7531.25,7539.001813437568
1784646000,7531,7538.75,7521.5,7535.5,7538.987834142408
1784646900,7535.5,7544,7534.75,7543.75,7539.006844784554
1784647800,7543.5,7544,7537.25,7539.25,7539.007815464057
1784648700,7539.25,7543.5,7538,7538.75,7539.006786260607
1784649600,7538.5,7546.5,7538.25,7545.5,7539.032707273539
1784650500,7545.5,7550.75,7545.5,7549.75,7539.075490877238
1784651400,7549.75,7551.25,7548,7549.75,7539.118103688107
1784652300,7549.75,7554,7547.5,7550.5,7539.163540399931
1784653200,7550.25,7552,7548.5,7549.25,7539.203805707715
1784654100,7549.25,7549.75,7545.5,7547,7539.23492823982
1784655000,7546.75,7550.5,7545.25,7549.75,7539.276904574192
1784655900,7550,7552.5,7548,7549.25,7539.316717330383
1784656800,7549,7550.75,7544.25,7544.75,7539.338407081559
1784657700,7544.75,7547,7543.5,7545,7539.361008250894
1784658600,7545.25,7549.25,7542.25,7548.25,7539.396493247897
1784659500,7548.5,7549.25,7545.25,7547,7539.426846568264
1784660400,7546.75,7547.75,7544,7546,7539.453086701725
1784661300,7545.75,7548,7545,7545.75,7539.4782240801605
1784662200,7545.75,7548.75,7544,7548,7539.512243145708
1784663100,7548,7549.5,7543.5,7545.75,7539.537144370675
1784664000,7545.5,7547,7541,7544.5,7539.556956169595
1784664900,7544.25,7544.25,7540.75,7541.25,7539.5637148276
1784665800,7541.5,7543.75,7541.25,7542.25,7539.574438520903
1784666700,7542.25,7543,7540.75,7542.75,7539.587115413035
1784671200,7545,7545.5,7541.25,7544.5,7539.606727726755
1784672100,7544.25,7545.5,7540.75,7541.5,7539.614285699901
1784673000,7541.5,7542.5,7540.25,7541,7539.619817493514
1784673900,7540.75,7540.75,7538.25,7540.5,7539.623331196135
1784674800,7540.5,7542,7539.5,7541.5,7539.630822887967
1784675700,7541.75,7544,7540.25,7543,7539.644272696797
1784676600,7542.75,7544,7539.5,7540.25,7539.646690769864
1784677500,7540.25,7544,7540,7543.25,7539.661075237848
1784678400,7543,7547,7542,7544.75,7539.681390306759
1784679300,7545,7545.5,7540.5,7541.75,7539.689648229686
1784680200,7542,7542.75,7539,7540.75,7539.693881170885
1784681100,7540.75,7542.25,7537.5,7542,7539.703087234076
1784682000,7542,7543,7536,7538.25,7539.697286486634
1784682900,7538.25,7539.25,7534.5,7536.25,7539.683524863933
1784683800,7536.25,7538.5,7534.25,7538.25,7539.677802209785
1784684700,7538.25,7544.5,7537.5,7541,7539.683080444476
1784685600,7541,7541.75,7536,7539.75,7539.6833475884105
1784686500,7539.5,7542.75,7538.25,7541.5,7539.690599693846
1784687400,7541.25,7541.75,7538,7541.25,7539.696824844768
1784688300,7541.5,7543,7539.5,7541.25,7539.7030251447895
1784689200,7541,7542.5,7537.75,7538.5,7539.698222649202
1784690100,7538.5,7544.75,7538.25,7544,7539.715395413077
1784691000,7544,7544.5,7538.5,7539,7539.712539543165
1784691900,7539.25,7540.5,7534.25,7535.5,7539.695723018042
1784692800,7535.5,7538.5,7534.25,7537.5,7539.686957656693
1784693700,7537.5,7539.25,7537.5,7538.75,7539.683217306766
1784694600,7538.5,7538.5,7535.75,7537.75,7539.675499872407
1784695500,7537.75,7538.25,7535.25,7538.25,7539.669809254154
1784696400,7538.5,7538.75,7534.5,7535.25,7539.652165305035
1784697300,7535.25,7536.5,7533.75,7534.5,7539.631597778867
1784698200,7534.5,7536.5,7532.75,7533,7539.60512433464
1784699100,7533,7537,7532,7536.25,7539.591730624721
1784700000,7536.25,7536.5,7532.75,7533.75,7539.568410342786
1784700900,7534,7534,7523.5,7524.5,7539.508257008084
1784701800,7524.5,7529.5,7524.25,7525.5,7539.452335822423
1784702700,7525.25,7526.25,7521,7522.75,7539.385659831116
1784703600,7522.5,7523.25,7516,7523.25,7539.3212460194145
1784704500,7523.25,7527.25,7521.25,7525.25,7539.265073380614
1784705400,7525,7526.25,7512,7517,7539.1761908521485
1784706300,7517,7518.75,7512.75,7516,7539.083671128188
1784707200,7516.25,7522.75,7514.75,7516.25,7538.992518748435
1784708100,7516.25,7523.75,7516.25,7523.5,7538.930672366206
1784709000,7523.5,7526.5,7521,7522.25,7538.864082855762
1784709900,7522.25,7526,7522.25,7525,7538.808737215619
1784710800,7525.25,7531.75,7524.5,7528,7538.76558856406
1784711700,7528,7531.25,7527,7527.25,7538.719618150631
1784712600,7527,7527.5,7522.25,7524.75,7538.663851211905
1784713500,7524.5,7526.5,7520.25,7526.25,7538.614294919642
1784714400,7526.25,7530.5,7525.5,7525.5,7538.561942444912
1784715300,7525.25,7533,7524.5,7531.75,7538.534749061899
1784716200,7531.75,7532.75,7526.25,7526.25,7538.48570814748
1784717100,7526,7532,7525.75,7530,7538.451833065055
1784718000,7530,7530.25,7525.25,7525.25,7538.399131136652
1784718900,7525.25,7527,7522.5,7523,7538.33765755926
1784719800,7523,7526.5,7511.5,7516.25,7538.2494832775865
1784720700,7516,7523.25,7515.5,7517.25,7538.165653005021
1784721600,7517.5,7520.25,7514,7518.75,7538.088145408195
1784722500,7518.75,7519.25,7512,7516.5,7538.001965187004
1784723400,7516.5,7523.25,7516.25,7521.75,7537.937087082465
1784724300,7521.75,7522,7504,7514.75,7537.844523860579
1784725200,7514.75,7521,7514.75,7519,7537.769296220417
1784726100,7519,7528.75,7518.75,7528,7537.730297033909
1784727000,7527.75,7539.25,7525.25,7537.5,7537.729377684472
1784727900,7537.25,7550,7535.5,7549.75,7537.777364200701
1784728800,7550,7556.25,7543.25,7544.5,7537.804201070159
1784729700,7544.75,7546.75,7532.75,7534.5,7537.791010646725
1784730600,7534.5,7540,7529.5,7529.5,7537.757912799832
1784731500,7529.75,7542.25,7528.75,7541.75,7537.773849275682
1784732400,7542,7552.75,7541.25,7551,7537.826648280569
1784733300,7551.25,7559.5,7547.5,7557,7537.903188606794
1784734200,7556.75,7558,7550,7552.5,7537.961459310959
1784735100,7552.5,7560.75,7552.5,7560,7538.049437517303
1784736000,7560.25,7561.75,7557.25,7559.5,7538.135068505258
1784736900,7559.75,7563.5,7559.25,7561.5,7538.228341684878
1784737800,7561.5,7562.75,7559.25,7560.5,7538.317250500507
1784738700,7560.5,7562.5,7557.5,7561,7538.407800398709
1784739600,7561,7562.5,7554.75,7555.5,7538.476032732447
1784740500,7555.5,7557,7552,7553,7538.534012641699
1784741400,7552.75,7556.25,7550.75,7553.5,7538.5937571022105
1784742300,7553.5,7555,7546,7547.5,7538.629310966074
1784743200,7547.75,7549.75,7542.25,7542.75,7538.645760822496
1784744100,7542.5,7548.25,7542.5,7547,7538.679111078694
1784745000,7547,7547.25,7542.5,7545.25,7538.705342172193
1784745900,7545.5,7549,7543.5,7546.75,7538.7374565746995
1784746800,7547,7547.25,7541,7541.75,7538.749482696157
1784747700,7541.5,7544.75,7539,7542.5,7538.764454821123
1784748600,7542.5,7542.75,7536.25,7540.75,7538.772381149182
1784749500,7540.75,7546.25,7535.75,7536.5,7538.76330976735
1784750400,7536.75,7553.25,7531.75,7553.25,7538.821140866083
1784751300,7552.75,7554,7546.25,7548.5,7538.859779026298
1784752200,7548.25,7549.25,7543,7544.75,7538.88329288248
1784753100,7544.5,7548.75,7541,7541,7538.8917428110935
1784757600,7530.25,7536,7522.75,7525.25,7538.837284755959
1784758500,7525.5,7527.25,7521.75,7522.25,7538.771068050347
1784759400,7522.25,7523,7515.75,7517.5,7538.686153607032
1784760300,7517.5,7524.5,7516.25,7522.5,7538.621538223371
1784761200,7522.5,7522.75,7517,7521,7538.551192761402
1784762100,7521,7521,7517.25,7519.5,7538.4751400956875
1784763000,7519.25,7523.5,7519.25,7523.25,7538.41436109331
1784763900,7523,7530.5,7522.5,7530.25,7538.381768833457
1784764800,7530.5,7533.5,7527.75,7532,7538.3562927103685
1784765700,7531.75,7545,7530.25,7540.75,7538.365848428091
1784766600,7540.75,7546.25,7540.5,7544.5,7538.390336059117
1784767500,7544.5,7549.25,7543.5,7546.5,7538.422709967064
1784768400,7546.5,7549.5,7544.5,7547.25,7538.4579486498305
1784769300,7547.5,7548,7543.25,7543.75,7538.479074603324
1784770200,7544,7546,7539,7539.25,7538.482152149818
1784771100,7539,7542.25,7538.25,7538.75,7538.483221402713
1784772000,7538.75,7541.75,7536,7536.25,7538.474306347213
1784772900,7536.25,7537,7529.5,7530.75,7538.443470792933
1784773800,7531,7534.25,7526.5,7528,7538.401780290766
1784774700,7528,7531.75,7527.5,7530.75,7538.371234261661
1784775600,7531,7531.25,7521.5,7523.75,7538.3128660610155
1784776500,7523.75,7525.5,7520.75,7525.25,7538.2607188911115
1784777400,7525.25,7528.25,7522.75,7527.75,7538.218759933462
1784778300,7527.75,7529,7525.75,7527,7538.173974464666
1784779200,7527,7529,7521.25,7528.5,7538.135355804128
1784780100,7529,7533.75,7527.25,7532.25,7538.111861369781
1784781000,7532,7533.25,7529.75,7530,7538.079478689662
1784781900,7530,7531.75,7525.75,7527.25,7538.036247237807
1784782800,7527.5,7528,7524,7527,7537.992190362606
1784783700,7526.75,7533.75,7524.5,7533.75,7537.975255470939
1784784600,7533.75,7535.5,7528.25,7529.75,7537.942420119758
1784785500,7529.75,7530,7521.5,7522.75,7537.881771736046
1784786400,7522.5,7526.25,7522,7524.25,7537.8273534856025
1784787300,7524.25,7526.5,7522.5,7525.75,7537.779140497636
1784788200,7525.75,7526.5,7520,7520.25,7537.709163888863
1784789100,7520.25,7525.5,7519.25,7519.75,7537.637470619846
1784790000,7519.75,7520.5,7498.5,7505,7537.507181315974
1784790900,7505.25,7513.25,7505.25,7509.5,7537.39537620094
1784791800,7509.5,7510.25,7497.5,7498.5,7537.240105238062
1784792700,7498.25,7504.5,7495.25,7504.5,7537.109406215155
1784793600,7504.25,7512.75,7498.75,7511.25,7537.006175052619
1784794500,7511,7515.25,7508.75,7513.5,7536.912338026461
1784795400,7513.25,7514.5,7507.75,7508.25,7536.797917515377
1784796300,7508,7519.5,7507.5,7518.75,7536.725869940466
1784797200,7518.75,7526,7515.25,7515.25,7536.640137924735
1784798100,7515.25,7517,7512.5,7513.75,7536.548760128629
1784799000,7513.75,7514,7510,7513.25,7536.455751106159
1784799900,7513.5,7515.5,7509.25,7511.25,7536.3551293452565
1784800800,7511.25,7514.25,7508.5,7509.25,7536.246925236093
1784801700,7509.25,7514.25,7508.75,7512.5,7536.152127131359
1784802600,7512.25,7524.25,7511.75,7520.5,7536.089643589916
1784803500,7520.5,7522.5,7519.5,7520.5,7536.027409483769
1784804400,7520.25,7521.75,7510.5,7514,7535.939475713374
1784805300,7513.75,7515.75,7502.5,7504.5,7535.813968824299
1784806200,7504.5,7505.75,7490,7493,7535.643054777096
1784807100,7492.75,7503.25,7490.75,7500,7535.500767133275
1784808000,7500,7501.5,7492.25,7492.5,7535.32910738424
1784808900,7492.75,7496.75,7477.75,7481.5,7535.114220728015
1784809800,7481.25,7482.5,7466.75,7470.75,7534.857277731097
1784810700,7470.75,7471.75,7462,7466,7534.582398378878
1784811600,7465.75,7468,7453.25,7458.25,7534.277678225669
1784812500,7458.25,7459,7449.25,7453.5,7533.955212444329
1784813400,7453.5,7486.25,7445,7479,7533.7358303587225
1784814300,7479,7480.5,7453,7455.75,7533.424509678648
1784815200,7455.75,7469.75,7448.75,7457,7533.11942181566
1784816100,7456.75,7464.75,7450,7457.75,7532.818545880268
1784817000,7457.75,7467,7446,7448.75,7532.482942902702
1784817900,7448.5,7454.75,7440,7443.5,7532.127721573749
1784818800,7443.75,7445,7424.25,7426.25,7531.705056018564
1784819700,7426.25,7437,7418,7419.25,7531.256133639249
1784820600,7419,7437,7411.75,7426.5,7530.837945481008
1784821500,7426.5,7439.25,7423.5,7438.25,7530.468332924198
1784822400,7438.25,7448.75,7435.25,7446,7530.131133990369
1784823300,7446,7457,7442,7454.75,7529.830211299788
1784824200,7454.75,7457.5,7449.75,7449.75,7529.510529817553
1784825100,7449.75,7449.75,7437.75,7446.75,7529.180148460996
1784826000,7446.75,7449.75,7438,7446,7528.848091980114
1784826900,7445.75,7452.25,7441.5,7447.75,7528.52434710195
1784827800,7447.5,7448,7433,7437.75,7528.161974458829
1784828700,7437.5,7443.25,7431.75,7432,7527.778094321268
1784829600,7431.75,7434.25,7428.25,7430,7527.387762607411
1784830500,7430,7435.5,7428.75,7435,7527.018949183828
1784831400,7434.75,7437.5,7426.75,7429,7526.627655973513
1784832300,7429,7435.5,7427,7431.25,7526.24690684787
1784833200,7431.25,7435,7425.5,7427,7525.850711610953
1784834100,7427.25,7440.75,7427,7436.25,7525.493024139452
1784835000,7436.25,7438.5,7424,7424,7525.08786236644
1784835900,7424.25,7447.75,7418.5,7444,7524.764158325057
1784836800,7444,7456,7443.5,7453.25,7524.478672663081
1784837700,7453.25,7458,7452.75,7455.25,7524.2023106963625
1784838600,7455.25,7458.25,7452.5,7453.5,7523.9200659430835
1784839500,7453.5,7456.5,7452.25,7455.75,7523.647929951295
1784844000,7450.5,7454,7442.75,7445,7523.333966159074
1784844900,7444.75,7450,7443.5,7446.5,7523.027243739278
1784845800,7447,7450,7446.5,7448.5,7522.729729792215
1784846700,7448.5,7454,7448.25,7453.25,7522.452365601428
1784847600,7453.25,7453.75,7447.75,7449.25,7522.160140589047
1784848500,7449.25,7451,7448,7450.25,7521.87307415955
1784849400,7449.75,7450.75,7444.5,7448.5,7521.580167675879
1784850300,7449,7452.25,7445,7449,7521.290426487552
1784851200,7449.25,7455.25,7443.5,7447.25,7520.994855922731
1784852100,7447.5,7455.25,7444.5,7450.75,7520.714437336213
1784853000,7451,7456,7446.75,7454.25,7520.449110241059
1784853900,7454.5,7457,7448.5,7454.25,7520.184842335905
1784854800,7454.5,7457.25,7452.5,7453,7519.916639372488
1784855700,7453.25,7457.5,7451,7453.25,7519.650505083576
1784856600,7453.25,7459.25,7452.5,7457,7519.4004032668745
1784857500,7456.75,7457.25,7450.25,7451,7519.127347764811
1784858400,7451,7453.25,7448.5,7451.5,7518.857378312656
1784859300,7451.5,7452.75,7448,7450,7518.582498558912
1784860200,7450,7450,7442.25,7442.25,7518.277778005783
1784861100,7442.25,7443,7439.25,7439.5,7517.963295858055
1784862000,7439.5,7443,7439.25,7441.75,7517.659051164011
1784862900,7441.75,7444,7440,7442.25,7517.358017027627
1784863800,7442.25,7443.25,7438,7439,7517.045210572427
1784864700,7438.75,7441.25,7436.75,7437.25,7516.726666817647
1784865600,7437.5,7441,7435.25,7437,7516.408396690631
1784866500,7437.25,7444.75,7436.75,7444.25,7516.120339218812
1784867400,7444.25,7444.5,7437.5,7439.75,7515.815467605164
1784868300,7439.75,7443.75,7438.5,7443.5,7515.526783103745
1784869200,7443.25,7448,7441.5,7446.25,7515.250229079379
1784870100,7445.75,7449.25,7444.25,7446.75,7514.976775071078
1784871000,7447,7448.25,7444.75,7447.75,7514.708404711513
1784871900,7447.5,7450.5,7442,7442,7514.418151598892
1784872800,7442.25,7442.75,7436.5,7437.5,7514.111093109475
1784873700,7437.75,7447.25,7437,7441.75,7513.822226470315
1784874600,7441.75,7445,7437.5,7437.5,7513.517546923527
1784875500,7437.75,7443.5,7433.75,7442.5,7513.234043742196
1784876400,7442.75,7456.25,7442,7456,7513.005564525661
1784877300,7456,7462.75,7454.25,7461.75,7512.800951493622
1784878200,7462,7463.25,7454.5,7456.75,7512.577195200234
1784879100,7456.75,7458.5,7455.5,7456.5,7512.3533341415505
1784880000,7456.75,7456.75,7449.25,7451.25,7512.109408655955
1784880900,7451.25,7459,7451,7458.75,7511.896397044554
1784881800,7458.75,7462,7457.25,7459.5,7511.687229790883
1784882700,7459.25,7459.75,7456,7457.25,7511.469915500301
1784883600,7457.5,7465.25,7456.25,7459.75,7511.263448771757
1784884500,7459.5,7465,7457.75,7463.5,7511.07277632157
1784885400,7463.75,7467,7462,7466.25,7510.893843082761
1784886300,7466.25,7467.5,7463.75,7465.75,7510.7136281403145
1784887200,7465.75,7467,7460,7461.5,7510.517166550932
1784888100,7461.25,7462.75,7459.25,7461.75,7510.322487243344
1784889000,7461.75,7464.5,7459,7460.75,7510.124593082692
1784889900,7460.25,7461.75,7457.75,7458.5,7509.918506882761
1784890800,7458.5,7463,7458,7460.75,7509.722225418159
1784891700,7461,7462.5,7458.75,7459.75,7509.52273549633
1784892600,7459.5,7460.75,7455.25,7455.25,7509.306077869598
1784893500,7455.25,7469,7453,7465,7509.12920729926
1784894400,7465,7467.75,7457.5,7466.5,7508.959030823015
1784895300,7466.5,7467.75,7460.5,7466,7508.787537685997
1784896200,7465.75,7466.5,7454.5,7455.5,7508.574812984656
1784897100,7455.75,7456.5,7449,7450.25,7508.341979399887
1784898000,7450,7451.75,7446.5,7450.25,7508.110075290507
1784898900,7450,7453.75,7443.5,7443.75,7507.853148842241
1784899800,7444,7455,7442.25,7446.5,7507.608226092372
1784900700,7446.75,7457.25,7432.5,7433.5,7507.312384870446
1784901600,7433.75,7458.25,7431.5,7454,7507.099560978748
1784902500,7454,7458.5,7438.5,7450.25,7506.872616623543
1784903400,7450.25,7451,7437,7437.5,7506.595680030236
1784904300,7437.75,7466.5,7432.75,7465,7506.429629411353
1784905200,7464.75,7481.25,7454.75,7478,7506.316137876776
1784906100,7478,7491,7472.25,7485.25,7506.2320415179865
1784907000,7485.5,7492,7479.5,7481.75,7506.134308817316
1784907900,7482,7491,7478,7489.75,7506.068902394892
1784908800,7489.75,7496.5,7485.75,7489,7506.000763063974
1784909700,7489,7495.25,7487.5,7491.25,7505.941877782281
1784910600,7491.25,7491.5,7475.5,7475.75,7505.821351324068
1784911500,7475.5,7477.5,7466.25,7473.5,7505.692323973473
1784912400,7473.75,7475,7461,7468.5,7505.543851622282
1784913300,7468.25,7477.5,7465.5,7476.25,7505.4269100988395
1784914200,7476.25,7481,7469.75,7470,7505.285485308026
1784915100,7469.75,7474.5,7468.25,7469,7505.140633071268
1784916000,7469,7472.25,7464,7465.25,7504.981389027072
1784916900,7465,7465.75,7448.75,7449.5,7504.759906436145
1784917800,7449.5,7450.75,7435.5,7437.5,7504.491403815641
1784918700,7437.5,7446.25,7436.75,7443.25,7504.246927153703
1784919600,7443.25,7448.5,7434,7435.5,7503.97248832275
1784920500,7435.5,7439.5,7432,7435.5,7503.699145055993
1784921400,7435.75,7445.75,7435.5,7442,7503.452841083713
1784922300,7442,7451,7435.5,7447.75,7503.23047445264
1784923200,7448,7449,7441.75,7444.75,7502.997019464805
1784924100,7445,7450,7443.25,7443.75,7502.760504417041
1784925000,7443.75,7444.5,7439.25,7444.25,7502.526929549109
1784925900,7444.5,7447.25,7442.25,7444,7502.293289111787
1785103200,7490,7509.5,7486,7494.25,7502.261180173217
1785104100,7494.25,7497.75,7491.5,7494.75,7502.231195422027
1785105000,7495,7498.5,7494.25,7495.25,7502.203326378426
1785105900,7495.25,7495.25,7491.25,7491.75,7502.161596532604
1785106800,7492,7499,7491,7498.75,7502.147977384769
1785107700,7498.75,7500.5,7497.25,7498.75,7502.13441260479
1785108600,7498.5,7505.5,7498.5,7504.25,7502.142858063453
1785109500,7504.25,7512,7501.75,7511,7502.178215915495
1785110400,7511,7512,7500.75,7509.25,7502.206446590482
1785111300,7509.25,7509.25,7496.25,7500,7502.197638420461
1785112200,7500,7502.25,7494.75,7494.75,7502.167907328962
1785113100,7494.75,7499.5,7492.5,7492.75,7502.130310892519
1785114000,7492.5,7496.5,7490,7491,7502.085878513707
1785114900,7491,7492.5,7487,7489.75,7502.0366334897
1785115800,7489.75,7499.25,7489.5,7496,7502.012535152416
1785116700,7495.75,7498.5,7493.5,7498,7501.9965170480145
1785117600,7498.25,7500.5,7495.75,7498.5,7501.982558896127
1785118500,7498.5,7502,7497.25,7500,7501.974644489355
1785119400,7500,7502.25,7496.75,7501.5,7501.972749700974
1785120300,7501.25,7502.5,7498,7499.25,7501.961880440691
1785121200,7499.25,7503.25,7499,7503,7501.966024630548
1785122100,7503,7503.5,7500.5,7500.75,7501.961170240806
1785123000,7501,7502.5,7498.25,7500.5,7501.955337225872
1785123900,7500.25,7501,7498,7499.5,7501.9455354804595
1785124800,7499.5,7502,7498.75,7502,7501.945752903691
1785125700,7501.75,7503.75,7499.5,7501.5,7501.9439734509815
1785126600,7501.5,7505.75,7500,7505.25,7501.957171161756
1785127500,7505.25,7507,7504,7504.75,7501.968320179075
1785128400,7504.75,7509.5,7504.25,7509,7501.996390757203
1785129300,7508.75,7510.5,7508,7510.5,7502.030337301087
1785130200,7510.5,7517,7509.5,7512.25,7502.071134357769
1785131100,7512.5,7515.25,7512,7514.5,7502.120750587877
1785132000,7514.5,7520,7514.5,7517.5,7502.182144797108
1785132900,7517.25,7518.25,7514,7515,7502.233313879754
1785133800,7514.75,7516.75,7512.75,7513.75,7502.279288674645
1785134700,7513.75,7514,7510.75,7511.75,7502.317095905484
1785135600,7511.75,7517,7511,7516.75,7502.374712289095
1785136500,7516.75,7517.25,7512.75,7513,7502.417128607302
1785137400,7513,7513,7508.75,7511.5,7502.453387574938
1785138300,7511.25,7512.25,7505.75,7505.75,7502.466547704379
1785139200,7505.75,7512.25,7505.5,7512.25,7502.505603402166
1785140100,7512,7515.75,7509.75,7514.75,7502.554483228904
1785141000,7515,7519.75,7512.75,7519,7502.620133994457
1785141900,7519,7520,7517.25,7519.25,7502.686520685098
1785142800,7519.25,7519.25,7516.5,7517,7502.743660323082
1785143700,7517,7520,7516.5,7517.75,7502.803565870694
1785144600,7517.75,7522.5,7517,7522,7502.880198342268
1785145500,7521.75,7524.75,7521.5,7522.25,7502.957522899784
1785146400,7522.25,7523.25,7518.5,7520.5,7503.027552748487
1785147300,7520.75,7522,7519.75,7520.75,7503.098301040908
1785148200,7521,7522.75,7519.25,7522.5,7503.175752932961
1785149100,7522.25,7524.25,7521.5,7521.75,7503.249901623847
1785150000,7521.75,7522,7516.75,7517.75,7503.307786248103
1785150900,7517.5,7519.25,7508.25,7509,7503.330509656294
1785151800,7509,7515,7507.75,7512.25,7503.366116404173
1785152700,7512.25,7513.25,7511.25,7511.75,7503.3995850013625
1785153600,7511.75,7515.25,7504.5,7505.25,7503.406971887584
1785154500,7505.25,7509.5,7505,7508.25,7503.426305333143
1785155400,7508.25,7511.75,7506.5,7511.75,7503.4595336551665
1785156300,7511.5,7514.5,7510.75,7513.25,7503.49861735315
1785157200,7513.5,7515.25,7510,7512.5,7503.534551016411
1785158100,7512.5,7514,7507,7507.5,7503.550381152074
1785159000,7507.75,7514,7492.5,7493.25,7503.509261866037
1785159900,7493.5,7500,7473.75,7474,7503.391460421462
1785160800,7474,7479.25,7462.5,7467.5,7503.248181138343
1785161700,7467.75,7473.5,7439.75,7440.75,7502.998687401264
1785162600,7441,7443.5,7423,7426,7502.691307411638
1785163500,7426,7457.25,7426,7455.5,7502.502918958897
1785164400,7455.75,7461.75,7449.5,7452.25,7502.302308503971
1785165300,7452.25,7453.5,7436.75,7441,7502.057588709545
1785166200,7441,7441.5,7421.25,7432.5,7501.779913704716
1785167100,7432.5,7434.5,7424.75,7433,7501.505343190925
1785168000,7433,7445.25,7431.75,7432.75,7501.230870763016
1785168900,7432.5,7455.25,7426.75,7445.5,7501.008392237016
1785169800,7445.5,7452,7438.25,7441.5,7500.770833784972
1785170700,7441.5,7446.25,7424.25,7428,7500.480331454492
1785171600,7428.25,7429,7418.5,7424.25,7500.176018754075
1785172500,7424.5,7425.75,7416.25,7420,7499.8559548069525
1785173400,7420,7430.75,7419.75,7426,7499.561120656026
1785174300,7426,7436.5,7423.25,7436,7499.30738364742
1785175200,7436.25,7437.5,7432.5,7435.5,7499.052663553019
1785176100,7435.5,7436.25,7428,7434.25,7498.793970285342
1785177000,7434.25,7434.5,7424,7432.75,7498.530321701369
1785177900,7432.75,7450.5,7431.25,7448.75,7498.331597862241
1785178800,7448.75,7454,7442.75,7448.75,7498.133667331853
1785179700,7448.75,7455.75,7448.75,7454.75,7497.960479039111
1785180600,7454.5,7456.75,7446.5,7448.25,7497.762034013007
1785181500,7448.25,7451,7443.75,7449.25,7497.568373198584
1785182400,7449.25,7454.25,7445,7448,7497.370495461264
1785183300,7448,7449.25,7446.25,7448.75,7497.176401667008
1785184200,7448.5,7456.5,7448,7452.75,7496.99905076215
1785185100,7452.75,7453.5,7449.75,7453.5,7496.825401856911
1785189600,7453,7456,7446.75,7447,7496.626498057083
1785190500,7447.25,7448.75,7444,7444.75,7496.419406248472
1785191400,7444.75,7448.5,7444.75,7445.5,7496.216135165644
1785192300,7445.75,7447.25,7444,7444.5,7496.009683528257
1785193200,7444.5,7447.25,7440,7444,7495.802060041118
1785194100,7443.5,7449,7441.75,7449,7495.6152254700955
1785195000,7448.5,7448.75,7444.75,7445.25,7495.414166685784
1785195900,7445.5,7450,7442,7447.75,7495.22389057127
1785196800,7448.25,7452,7438.25,7441.75,7495.0104219462355
1785197700,7441.5,7444,7436.25,7440.5,7494.7928154714
1785198600,7440.5,7445,7434.25,7443.5,7494.588053732991
1785199500,7443.25,7443.25,7435.5,7437.75,7494.361155314896
1785200400,7437.5,7438.75,7425,7427.75,7494.095242519227
1785201300,7427.75,7441.25,7426.25,7438,7493.871309415358
1785202200,7437.75,7443.5,7436.5,7441.25,7493.661244307912
1785203100,7441,7443.5,7432,7434.25,7493.424073671952
1785204000,7434.5,7435,7429,7430.75,7493.17387776907
1785204900,7430.5,7435.75,7428,7430.25,7492.922684644243
1785205800,7430.25,7431,7427,7428,7492.663512250454
1785206700,7428.25,7433.5,7426.75,7430.5,7492.415354516919
1785207600,7430.5,7431,7424,7428.5,7492.160203401083
1785208500,7428.5,7438,7427.75,7429.75,7491.911060872536
1785209400,7429.75,7442,7425.75,7440.25,7491.704829092606
1785210300,7440.5,7442,7437.5,7440.5,7491.500418597227
1785211200,7440.5,7440.5,7430,7430.75,7491.25790195612
1785212100,7430.75,7435.75,7429.75,7430.5,7491.015355441325
1785213000,7430.25,7431.75,7428.5,7430.75,7490.774775180082
1785213900,7430.5,7434.75,7426,7427.25,7490.521183263195
1785214800,7427.5,7431.5,7426.5,7427.25,7490.26860368929
1785215700,7427,7429,7424,7424.75,7490.007052377157
1785216600,7424.75,7425.25,7419,7422,7489.7355671381265
1785217500,7422,7425.5,7419.5,7420.75,7489.460175652545
1785218400,7421.25,7424.5,7419.5,7423,7489.1948655701
1785219300,7423,7426.5,7419.75,7425.5,7488.94059464966
1785220200,7425.5,7429.5,7423.75,7427.25,7488.694324810739
1785221100,7427.25,7431.5,7424.25,7429.75,7488.459018124868
1785222000,7429.75,7436.75,7429,7435.75,7488.2486028828525
1785222900,7435.75,7438.5,7434,7435.25,7488.037031613859
1785223800,7435,7437.5,7433.25,7434.5,7487.823310928773
1785224700,7434.25,7436.5,7429.25,7433.25,7487.605453400115
1785225600,7433.5,7436.5,7425.25,7426.25,7487.360521450414
1785226500,7426.25,7444.5,7425.5,7442.75,7487.182435536441
1785227400,7443,7446.25,7438.75,7444.5,7487.012046572223
1785228300,7444.5,7449,7440.25,7442,7486.832357763551
1785229200,7441.75,7445.25,7440.25,7441.5,7486.651390267489
1785230100,7441.75,7445.75,7441.75,7445.25,7486.486115256441
1785231000,7445.5,7445.5,7441.5,7442.25,7486.309523977972
1785231900,7442.5,7444.75,7438,7439.75,7486.123657614787
1785232800,7439.5,7441.25,7438,7439,7485.935539221115
1785233700,7439,7442.5,7436.75,7442.5,7485.762143854962
1785234600,7442.5,7444.25,7433.75,7437,7485.567484598057
1785235500,7437,7442.5,7436.5,7442.25,7485.394560507845
1785236400,7442.25,7446.25,7432.5,7433.25,7485.18639858965
1785237300,7433.25,7450,7433.25,7438,7484.998029733005
1785238200,7438,7450,7433,7437.5,7484.808416839859
1785239100,7437.5,7452.5,7437,7450.75,7484.672455095987
1785240000,7450.75,7455,7448.25,7450.5,7484.536038109576
1785240900,7450.75,7458,7448.5,7457,7484.426113805745
1785241800,7457.25,7460.5,7451.25,7459.5,7484.326608361411
1785242700,7459.5,7467,7455.5,7456.5,7484.215524096495
1785243600,7456.5,7459.25,7452.75,7456.25,7484.1038852777465
1785244500,7456,7462.25,7449,7449.75,7483.966744019152
1785245400,7449.75,7452.5,7423.25,7428.25,7483.7443218873395
1785246300,7428,7439.5,7417,7422,7483.497837568428
1785247200,7421.75,7439.5,7420,7423.25,7483.257327238814
1785248100,7423.5,7436.25,7421,7434.75,7483.063685213908
1785249000,7434.75,7444,7429,7439.75,7482.890776290898
1785249900,7439.75,7456,7435.75,7444,7482.735523690934
1785250800,7444.25,7454.75,7437.5,7451.5,7482.610830981589
1785251700,7451.5,7477.25,7449.25,7469.25,7482.557494330964
1785252600,7469.25,7478.5,7467.25,7478.25,7482.540298744812
1785253500,7478.25,7482.25,7475,7479.5,7482.528161823675
1785254400,7479.75,7481,7472.5,7474,7482.494117265496
1785255300,7474,7478.5,7469.5,7470,7482.444240549866
1785256200,7469.75,7479.25,7466.75,7477,7482.422507054656
1785257100,7477,7485.75,7471.25,7484,7482.428804431684
1785258000,7484,7485.5,7469.5,7471,7482.383180461897
1785258900,7471,7479.5,7468.25,7470.75,7482.336740619733
1785259800,7470.75,7477,7464,7465.5,7482.269528082329
1785260700,7465.5,7471.75,7462.75,7469.5,7482.218551922319
1785261600,7469.75,7473.25,7462,7462.25,7482.138837144186
1785262500,7462.25,7467.5,7462,7463.75,7482.065428612673
1785263400,7464,7469,7463,7465.5,7481.9992991571335
1785264300,7465.5,7474,7464.75,7472.25,7481.96037979922
1785265200,7472.25,7477.5,7471.25,7472.5,7481.9226138119975
1785266100,7472.5,7476.75,7470.75,7475,7481.89497862712
1785267000,7475.25,7475.5,7467.25,7471,7481.851485698468
1785267900,7471,7475,7462.5,7466,7481.7882063144425
1785268800,7466,7469.25,7458.25,7467,7481.729171558696
1785269700,7467.25,7474,7464.25,7472.5,7481.692328558462
1785270600,7472.5,7473.5,7465.75,7467.5,7481.635672556232
1785271500,7467.5,7469.25,7466,7467.5,7481.579242725668
1785276000,7464,7474,7464,7467.25,7481.522040159897
1785276900,7467.25,7468.25,7457.25,7462,7481.444107863849
1785277800,7461.75,7463,7450.75,7453.25,7481.331556535051
1785278700,7453.25,7457.25,7450.5,7451.75,7481.213466489004
1785279600,7452,7465.5,7449.25,7463.5,7481.14275404793
1785280500,7463.5,7471,7459.5,7468.75,7481.093281975882
1785281400,7468.75,7484,7467.5,7482.75,7481.099895620689
1785282300,7482.5,7495.25,7479.75,7494.75,7481.154387055337
1785283200,7494.75,7499.25,7490.25,7494.5,7481.207662955316
1785284100,7494.25,7501,7490.75,7493,7481.2547381530985
1785285000,7493,7495.25,7487.5,7492.75,7481.300627421949
1785285900,7492.75,7494.75,7485.25,7486.75,7481.322381404297
1785286800,7486.75,7489.25,7471.5,7472.75,7481.288160320846
1785287700,7472.5,7481,7468.75,7478.25,7481.2760319363315
1785288600,7478,7479,7467,7467.5,7481.221037796865
1785289500,7467.25,7468.75,7455,7455.5,7481.118359003265
1785290400,7455.25,7465.25,7453.25,7463,7481.046030224809
1785291300,7462.75,7466.5,7457.75,7466.5,7480.98796223988
1785292200,7466.25,7468.75,7463.5,7466.25,7480.9291280592815
1785293100,7466.25,7466.5,7460.75,7463.25,7480.858552697768
1785294000,7463.25,7468,7457.25,7461,7480.779277038296
1785294900,7460.75,7462.25,7455.5,7455.75,7480.67935976469
1785295800,7455.5,7457.5,7451.25,7454.75,7480.575849346468
1785296700,7454.75,7456.75,7445,7447.25,7480.442812023728
1785297600,7447.75,7448.5,7443.75,7445,7480.301323752176
1785298500,7445,7448.25,7442.25,7445,7480.160400304064
1785299400,7444.75,7447,7439.75,7440,7480.000079344766
1785300300,7440.25,7450.5,7438.5,7450.5,7479.882314556963
1785301200,7450.75,7461,7448.5,7461,7479.806936055737
1785302100,7460.75,7461.5,7454.75,7459.75,7479.726868446733
1785303000,7459.75,7462.75,7457,7460.75,7479.651112484869
1785303900,7461.25,7462,7456.5,7457.75,7479.5636828941115
1785304800,7457.5,7458.25,7451.25,7455,7479.465624279764
1785305700,7455,7461.25,7454,7461,7479.391909212779
1785306600,7460.75,7474.25,7460.75,7473.75,7479.3693866211115
1785307500,7473.5,7480,7471.5,7478.75,7479.36691401983
1785308400,7478.75,7483.25,7474.75,7479.5,7479.367445301188
1785309300,7479.5,7482.5,7476.75,7482,7479.377954501582
1785310200,7482.25,7485,7479.75,7482.5,7479.390417757065
1785311100,7482.5,7483.25,7478.5,7481.25,7479.3978412390725
1785312000,7481.25,7482,7474.25,7474.75,7479.379286982629
1785312900,7474.75,7477.5,7469,7471.25,7479.346834739185
1785313800,7471.5,7483.25,7470,7482.5,7479.359422225257
1785314700,7482.25,7486,7479.25,7480.75,7479.364973433939
1785315600,7481,7483.75,7479.5,7482.5,7479.377488510051
1785316500,7482.5,7482.75,7478.75,7480,7479.379973585859
1785317400,7480,7484,7477.5,7482.75,7479.393426785117
1785318300,7483,7492,7482.75,7485.75,7479.4188023268935
1785319200,7485.75,7488.5,7481.25,7483.5,7479.4350945331735
1785320100,7483.75,7485.75,7481,7484.5,7479.455313716674
1785321000,7484.5,7486.25,7477.25,7480.75,7479.46048212499
1785321900,7480.75,7481.75,7476,7477.5,7479.4526558490425
1785322800,7478,7484,7476.25,7481.5,7479.460828879585
1785323700,7481.25,7484.75,7480,7481.75,7479.469967287251
1785324600,7481.75,7482.75,7476.5,7478,7479.464099154368
1785325500,7478,7482.75,7476.75,7480.75,7479.4692324910775
1785326400,7480.75,7481.5,7470.75,7471.75,7479.438417191712
1785327300,7472,7472.75,7456.5,7459,7479.356826703921
1785328200,7458.75,7466.5,7455.5,7466.25,7479.304504042429
1785329100,7466.25,7467,7462.5,7463.5,7479.2414122099235
1785330000,7463.5,7464.5,7453.75,7454.5,7479.142644097309
1785330900,7454.5,7464.75,7452,7456.5,7479.052254300514
1785331800,7456.25,7461,7444.25,7453.25,7478.949251289334
1785332700,7453.5,7459,7422,7430,7478.753845096562
1785333600,7430,7439.75,7406,7410,7478.479378649071
1785334500,7410.25,7420.5,7398.25,7404.75,7478.185049792189
1785335400,7404.75,7414.5,7393,7398,7477.864949793018
1785336300,7397.75,7409.5,7394.5,7403.75,7477.569081729972
1785337200,7403.75,7412.5,7400,7402.25,7477.268406753006
1785338100,7402.25,7410.75,7399,7400,7476.9599500394215
1785339000,7400.25,7405.75,7393,7395.75,7476.635758622098
1785339900,7395.5,7401.5,7385.75,7393,7476.3018833381775
1785340800,7393.25,7396,7375.5,7375.5,7475.899480610281
1785341700,7375.5,7394.75,7371.75,7394,7475.572536575909
1785342600,7393.75,7398.75,7384,7387.75,7475.2219476075425
1785343500,7387.75,7404.5,7385.5,7404.5,7474.939624463401
1785344400,7404.25,7422,7402.75,7421.5,7474.726292629216
1785345300,7421.75,7428.25,7412.5,7413,7474.479880283391
1785346200,7413,7419.5,7408.5,7413.25,7474.235449623578
1785347100,7413.5,7420,7409.25,7419.5,7474.016944834661
1785348000,7419.75,7451.5,7418.5,7429.5,7473.8392324800325
1785348900,7429.75,7438.25,7418.25,7428.5,7473.658237539992
1785349800,7428.5,7466,7414.75,7463.25,7473.616687689533
1785350700,7463.25,7482.75,7460.5,7475.25,7473.623207898358
1785351600,7475.25,7482,7434.25,7443.25,7473.501957567426
1785352500,7443.5,7452.25,7396.5,7405.5,7473.230492666958
1785353400,7405.5,7411,7362.25,7366.5,7472.804422835952
1785354300,7366.5,7375.25,7345.75,7350.25,7472.3151836230345
1785355200,7350.25,7358,7326.25,7336.5,7471.773007241306
1785356100,7337,7343.25,7324,7331,7471.211039148527
1785357000,7330.75,7346.5,7324.5,7341,7470.691234601028
1785357900,7340.75,7343.5,7334.5,7335.25,7470.150551029766
1785362400,7338,7374,7331,7369,7469.7467564148765
1785363300,7369.25,7376.5,7366.5,7371.25,7469.353555790466
1785364200,7371.25,7373.25,7367.5,7372.5,7468.966914849187
1785365100,7372.5,7375.75,7367.5,7370,7468.571837344799
1785366000,7370,7379.75,7369.5,7373.25,7468.191311048014
1785366900,7373.5,7379.75,7372.5,7378.25,7467.832263898122
1785367800,7378.25,7382.75,7375.25,7377.5,7467.471656058209
1785368700,7377.5,7382.25,7374.5,7378.25,7467.115481782528
1785369600,7378.5,7387.75,7372,7384.5,7466.785679460043
1785370500,7384.5,7385.75,7374.5,7378.5,7466.433241617887
1785371400,7378.75,7381.25,7368,7370.75,7466.051272589472
1785372300,7370.5,7377.75,7369.25,7375.75,7465.690788467358
1785373200,7376.25,7389,7374.25,7378,7465.340725439544
1785374100,7378,7387,7377.25,7386,7465.023995996672
1785375000,7386,7392,7385.75,7391,7464.7284910226335
1785375900,7391,7392.25,7388.25,7388.75,7464.425183673242
1785376800,7389,7392.75,7386.25,7387,7464.116101103688
1785377700,7386.75,7390.5,7384.75,7386,7463.80426038072
1785378600,7386,7387.5,7381.5,7387,7463.497656546865
1785379500,7387.25,7388.75,7377.5,7378.25,7463.15734654069
1785380400,7378.25,7384,7372.25,7373.75,7462.800430985637
1785381300,7374,7375,7370.75,7373.25,7462.442944235196
1785382200,7373.25,7378.25,7369.5,7375.25,7462.094868609506
1785383100,7375.25,7378.5,7372.75,7375,7461.747184503281
1785384000,7375,7376.5,7370.25,7370.75,7461.383922289695
1785384900,7370.5,7379.25,7368.75,7378.5,7461.053048348419
1785385800,7378.5,7378.75,7369,7369.75,7460.688565121479
1785386700,7369.5,7375.25,7366.25,7367.5,7460.316554881473
1785387600,7367.75,7368.5,7361.75,7365.75,7459.939043684341
1785388500,7365.75,7370.75,7365.25,7368.5,7459.574017561849
1785389400,7368.25,7373,7366.75,7372.25,7459.225418689347
1785390300,7372.5,7377,7365.25,7368.5,7458.863241369229
1785391200,7368.5,7369.25,7363.25,7364,7458.484545794901
1785392100,7363.75,7367.5,7359,7364.5,7458.109357987337
1785393000,7364.5,7364.5,7358.5,7358.75,7457.7127138436745
1785393900,7358.75,7364.5,7358.5,7363.75,7457.3376131896075
1785394800,7364,7382.25,7361.75,7375.5,7457.0109161309665
1785395700,7375.5,7376.25,7362.5,7365.25,7456.644605088528
1785396600,7365.25,7368,7354.25,7365.75,7456.281752373604
1785397500,7365.5,7367.75,7358.5,7359.5,7455.895398072711
1785398400,7359.5,7371.5,7351.5,7368.25,7455.545516244078
1785399300,7368.25,7378.75,7366.25,7376.5,7455.229965281027
1785400200,7376.5,7378.75,7373,7374,7454.90569396254
1785401100,7374,7376.25,7368.5,7372.75,7454.577727120374
1785402000,7372.5,7383.75,7371.25,7379.75,7454.279013638856
1785402900,7380,7385,7378,7383.25,7453.995464682213
1785403800,7383,7388,7380.5,7382.75,7453.7110516495495
1785404700,7382.75,7384.5,7374,7374.5,7453.394839866517
1785405600,7374.5,7382.25,7371.5,7377.25,7453.0908684498845
1785406500,7377.5,7388.5,7377,7386,7452.823040631722
1785407400,7386,7391.5,7384,7389.75,7452.571252046366
1785408300,7389.5,7392.5,7383.75,7385,7452.301506529215
1785409200,7385.25,7393,7385.25,7390.5,7452.0547939283
1785410100,7390.5,7397.75,7389.75,7397.5,7451.837010319803
1785411000,7397.5,7399.25,7393.75,7395.25,7451.611114071022
1785411900,7395.25,7402,7395.25,7399.75,7451.404083675528
1785412800,7399.5,7404.75,7395.75,7404.25,7451.215843820536
1785413700,7404.25,7404.75,7396,7399.75,7451.010391350194
1785414600,7399.75,7406,7393,7395,7450.786796973547
1785415500,7395.25,7400.75,7392.75,7398.75,7450.579065249101
1785416400,7398.75,7410,7397.75,7402.5,7450.387132852898
1785417300,7402.5,7414.75,7401.25,7414.25,7450.242872841509
1785418200,7414.5,7421.5,7399.75,7417.5,7450.112162770285
1785419100,7417.25,7440,7416.75,7439.75,7450.070796851042
1785420000,7439.5,7443.75,7427.5,7433,7450.002649957425
1785420900,7433,7446.5,7426.75,7439.5,7449.960723211088
1785421800,7439.75,7444.5,7430,7431.5,7449.887027709247
1785422700,7431.75,7434.5,7408.75,7415.25,7449.7487561415455
1785423600,7415.25,7421.25,7401,7401.5,7449.556146336589
1785424500,7401.5,7414.5,7399,7401,7449.362309425066
1785425400,7400.75,7422.75,7399.25,7419.25,7449.242100605006
1785426300,7419.5,7430,7416.25,7424.5,7449.143329744307
1785427200,7424.5,7443,7421.75,7441.75,7449.113815453911
1785428100,7441.75,7445.5,7439,7441,7449.081424973057
1785429000,7441,7444.25,7431.25,7434.25,7449.022217687736
1785429900,7434.25,7445.75,7433.75,7443.75,7449.001170910539
1785430800,7443.75,7455.5,7443.75,7451,7449.009150268182
1785431700,7450.75,7456.5,7450.25,7451.75,7449.0200917840775
1785432600,7451.75,7455.5,7445.75,7453.25,7449.036977645219
1785433500,7453.25,7457.75,7450.25,7451.5,7449.046810069789
1785434400,7451.75,7456.75,7450.5,7456,7449.0745673150195
1785435300,7455.75,7458,7454.25,7457.5,7449.108201776836
1785436200,7457.5,7459.75,7454,7457,7449.139705961359
1785437100,7457,7462.5,7456.75,7461.5,7449.189048452531
1785438000,7461.5,7477.75,7461.25,7474.25,7449.289092171283
1785438900,7474.5,7478.5,7471.25,7471.5,7449.377758470001
1785439800,7471.5,7473.5,7468,7471.75,7449.46706881543
1785440700,7471.5,7476.5,7464.25,7472.75,7449.560014648502
1785441600,7473,7492,7468,7486.75,7449.708477663878
1785442500,7486.75,7492,7485.25,7490.25,7449.870320068413
1785443400,7490.5,7498,7476.25,7481,7449.99459024778
1785444300,7480.75,7482,7472,7474.5,7450.092416234815
1785448800,7479.5,7480.25,7468.25,7476.5,7450.1978357308835
1785449700,7476.25,7480.75,7472.75,7475,7450.296846366688
1785450600,7475,7482.5,7472.5,7482.25,7450.424403866223
1785451500,7482.25,7485.5,7481.5,7484.5,7450.56043419011
1785452400,7484.5,7489.25,7482.25,7483,7450.68993345482
1785453300,7482.75,7484,7480.25,7482.75,7450.817917752405
1785454200,7482.75,7487.75,7482,7487.75,7450.965351214471
1785455100,7487.75,7491.5,7485,7487.75,7451.112196119803
1785456000,7487.75,7496.5,7484.75,7495.75,7451.290390945673
1785456900,7495.5,7498,7493,7494.25,7451.461886390999
1785457800,7494,7497.25,7493.75,7496.5,7451.641679259697
1785458700,7497,7497,7491.25,7495,7451.814766368441
1785459600,7495,7502,7495,7500,7452.007122590523
1785460500,7500,7504.5,7499.75,7502.25,7452.207692959423
1785461400,7502.25,7502.75,7496.5,7497,7452.386504564375
1785462300,7497,7498,7494.25,7497.75,7452.567596362522
1785463200,7497.75,7500.5,7494.25,7494.75,7452.735989191414
1785464100,7495,7495,7491.25,7492.5,7452.894727757516
1785465000,7492.5,7493.75,7488.5,7492.25,7453.051834632735
1785465900,7492.5,7493.75,7489.25,7493,7453.211308346777
1785466800,7492.75,7493.5,7488.25,7491.25,7453.36315941126
1785467700,7491,7497.25,7491,7496.25,7453.534364363711
1785468600,7496.5,7498.75,7496,7497.25,7453.708877879225
1785469500,7497.25,7498,7493.25,7497.25,7453.8826947339985
1785470400,7496.75,7498.5,7492.5,7498.25,7454.05980972508
1785471300,7498,7503.25,7496.75,7503,7454.255179746138
1785472200,7503,7507.75,7502.25,7507.5,7454.467733918808
1785473100,7507.5,7509.25,7506,7508.75,7454.684429591787
1785474000,7508.75,7509.75,7507,7508.25,7454.898264204196
1785474900,7508.25,7510.25,7507.5,7509,7455.114239197393
1785475800,7509.25,7510.75,7505.5,7506.75,7455.32036997904
1785476700,7506.5,7509.75,7505.75,7508.25,7455.531665907268
1785477600,7508.25,7511.25,7507.25,7510.25,7455.750102370712
1785478500,7510.5,7511,7506.5,7508,7455.958684796377
1785479400,7508,7508,7493.25,7496.5,7456.120526374037
1785480300,7496.5,7498.25,7491.75,7496.5,7456.2817218775335
1785481200,7496.25,7507.5,7493.25,7505.75,7456.479200033711
1785482100,7505.75,7509.25,7500.75,7505.25,7456.673893845952
1785483000,7505.25,7507.5,7502.75,7506.75,7456.873798461337
1785483900,7506.75,7508.25,7502.75,7506.75,7457.072905054306
1785484800,7506.5,7510.5,7503,7510.5,7457.286186870457
1785485700,7510.5,7513,7508,7511.5,7457.502609278159
1785486600,7511.25,7512.25,7507.25,7508.25,7457.705193672258
1785487500,7508.25,7513.75,7508,7513,7457.92593142207
1785488400,7513,7517.75,7511.25,7516,7458.157764031163
1785489300,7516,7516.75,7511.5,7511.75,7458.371705092915
1785490200,7511.75,7512.5,7504,7506.5,7458.5638340147
1785491100,7506.25,7508.25,7503.75,7504.25,7458.746213918833
1785492000,7504,7508.25,7502,7507.25,7458.939841807381
1785492900,7507.5,7512,7506.75,7509.5,7459.141678766234
1785493800,7509.5,7510.5,7504.25,7508.25,7459.337719968764
1785494700,7508.25,7509.5,7504.75,7506.75,7459.526990547731
1785495600,7506.75,7511.5,7506,7506.75,7459.715505555524
1785496500,7507,7507,7499.25,7499.75,7459.87532389662
1785497400,7500,7500,7494.5,7496.25,7460.020532184458
1785498300,7496.25,7500.5,7495.75,7499.25,7460.177136846396
1785499200,7499.5,7499.5,7489.75,7490.5,7460.298186200303
1785500100,7490.25,7492.75,7486,7491.5,7460.422744339224
1785501000,7491,7492,7479.5,7483,7460.512873104337
1785501900,7483.25,7487,7480.25,7483,7460.60264207398
1785502800,7483,7491,7481,7490,7460.71999679624
1785503700,7490,7499.5,7490,7498.75,7460.871813176294
1785504600,7499,7515.5,7479.75,7482.75,7460.959151247447
1785505500,7483,7487.75,7466.75,7470.75,7460.998236472008
1785506400,7470.5,7475.25,7430.5,7435.75,7460.897445108846
1785507300,7435.5,7456.5,7427.5,7456,7460.877894429769
1785508200,7456,7468.25,7452,7467.5,7460.904329980948
1785509100,7467.5,7481.25,7466,7477,7460.968584152681
1785510000,7477,7479.75,7462.5,7473.25,7461.0176117608535
1785510900,7473,7482.5,7452.5,7454.75,7460.992591354622
1785511800,7454.5,7475.25,7449.25,7470,7461.028549073765
1785512700,7470,7485,7462.75,7482.5,7461.1142634487205
1785513600,7482.5,7488,7475.75,7486.75,7461.216601718386
1785514500,7486.75,7496,7479,7496,7461.3554575997505
1785515400,7496,7501,7492.5,7493.5,7461.483779126298
1785516300,7493.5,7503,7491.25,7497.5,7461.627556455135
1785517200,7497.5,7505,7496.5,7504,7461.796707926372
1785518100,7504,7516,7502.75,7514.75,7462.008098313891
1785519000,7514.75,7517,7507.5,7510,7462.1996827517605
1785519900,7510,7513,7503.25,7506,7462.3745343176215
1785520800,7505.75,7512,7504.25,7508.5,7462.55866791316
1785521700,7508.5,7516,7508,7512,7462.7560385003335
1785522600,7512,7514.5,7508,7512,7462.952621180971
1785523500,7512.25,7516.75,7510,7513,7463.152411116376
1785524400,7512.75,7517.25,7509,7514.75,7463.358389515113
1785525300,7514.75,7531,7514.25,7526.75,7463.61144983641
1785526200,7526.75,7533.25,7520,7532.75,7463.887452032673
1785527100,7532.75,7541,7514.75,7520,7464.111454220167
1785528000,7520.25,7527.75,7516.75,7521.75,7464.341548215296
1785528900,7521.75,7521.75,7517,7519,7464.55974562761
1785529800,7518.75,7521,7517,7518.5,7464.775075984386
1785530700,7518.5,7519.75,7499,7503.5,7464.929666499418
1785708000,7550,7559,7545.5,7555.5,7465.291224716985
1785708900,7555.5,7556.25,7549.5,7551.25,7465.63437352051
1785709800,7551.25,7552.75,7549.25,7549.25,7465.968168436596
1785710700,7549,7550.25,7544.5,7545.5,7466.285660778167
1785711600,7545.75,7550.5,7543.5,7545,7466.599889677256
1785712500,7545.25,7549.75,7545.25,7548.75,7466.927834229443
1785713400,7549,7551.5,7548,7550,7467.2594596417
1785714300,7550.25,7555,7546.75,7551.5,7467.595749223969
1785715200,7551.5,7554.25,7546.25,7554,7467.940676372775
1785716100,7553.75,7556.75,7545.5,7547,7468.256282455119
1785717000,7546.75,7553.75,7546.5,7549.5,7468.580608672863
1785717900,7549.5,7554.5,7548.25,7554.25,7468.922602251015
1785718800,7554,7556.25,7550.75,7551.75,7469.253250545422
1785719700,7551.75,7555.75,7549.75,7555.25,7469.596550942446
1785720600,7555,7557.25,7552.75,7556.75,7469.944468902756
1785721500,7557,7558.75,7555.75,7558,7470.295987988972
1785722400,7558,7560,7556.5,7559,7470.650095821352
1785723300,7559,7561.75,7557,7557,7470.994806017674
1785724200,7557,7560.5,7556.5,7558.5,7471.34412814934
1785725100,7558.75,7561,7558.5,7560.5,7471.700039813414
1785726000,7560.5,7562,7560.5,7561.5,7472.05852268841
1785726900,7561.75,7562.5,7558.75,7558.75,7472.404596450134
1785727800,7559,7562.5,7558.25,7562.5,7472.764258739754
1785728700,7562.5,7564.5,7561.5,7561.75,7473.119491239795
1785729600,7561.75,7563,7561,7562.5,7473.476299657999
1785730500,7562.5,7565,7562.5,7564.5,7473.839667723237
1785731400,7564.75,7565.5,7564,7565.25,7474.204579229332
1785732300,7565.25,7567,7563,7563.25,7474.560049970932
1785733200,7563.5,7565.25,7562,7563.75,7474.916097675638
1785734100,7563.5,7564.5,7561.75,7563.25,7475.268728024239
1785735000,7563.25,7564,7562.25,7563,7475.618952662865
1785735900,7563,7563.5,7560.25,7563,7475.967779199141
1785736800,7563.25,7566,7562,7563.75,7476.31820722629
1785737700,7563.5,7564,7558.75,7559.75,7476.651268275286
1785738600,7559.75,7562,7558.25,7558.25,7476.977011715305
1785739500,7558,7559,7555.75,7556.75,7477.295466758357
1785740400,7557,7561.25,7553,7560,7477.6256245756895
1785741300,7560,7561.75,7552.75,7556.75,7477.941490345846
1785742200,7556.75,7560,7553.25,7554,7478.245117130893
1785743100,7553.75,7560,7553.5,7559.75,7478.570485924782
1785744000,7559.75,7560,7550.75,7555,7478.875593765401
1785744900,7555,7555.25,7547.5,7550.25,7479.160521534801
1785745800,7550.5,7557.25,7547.75,7554.5,7479.4612779358595
1785746700,7554.5,7559.5,7552.25,7559.5,7479.780793792403
1785747600,7559.5,7560.25,7554,7556,7480.085062080657
1785748500,7556,7558.75,7555.25,7556.25,7480.3891137290375
1785749400,7556,7559.75,7555.75,7556.5,7480.692949602375
1785750300,7556.75,7558.75,7553.5,7557.5,7480.999564574022
1785751200,7557.5,7560,7555.5,7558.25,7481.307949545782
1785752100,7558.25,7560.5,7557.25,7560.25,7481.623087471748
1785753000,7560,7562.5,7558.5,7562.5,7481.945949398008
1785753900,7562.5,7563,7560.75,7562.75,7482.268520458296
1785754800,7562.75,7563.25,7557.25,7560,7482.578825765848
1785755700,7560,7564,7559.5,7561.5,7482.893880353608
1785756600,7561.5,7567.75,7560.5,7564,7483.217657278345
1785757500,7563.75,7564.5,7555.75,7557.5,7483.514193576635
1785758400,7557.25,7557.5,7553.25,7556.5,7483.805554081319
1785759300,7556.5,7558.75,7553.75,7558,7484.101739494168
1785760200,7558.25,7565.75,7558.25,7565.5,7484.42668264988
1785761100,7565.75,7566.25,7562.25,7563.25,7484.741346591397
1785762000,7563.5,7565,7561.75,7562.5,7485.051760377459
1785762900,7562.5,7565.75,7544.75,7546,7485.295066723257
1785763800,7546.25,7571,7542.75,7567.25,7485.622232125559
1785764700,7567.5,7588.25,7565,7588,7486.030925809689
1785765600,7587.75,7592.5,7582.75,7591,7486.449964030009
1785766500,7591,7600,7590,7597.25,7486.892279542863
1785767400,7597,7603.75,7595,7601.25,7487.348797389
1785768300,7601.25,7606,7598.75,7606,7487.822454884453
1785769200,7606,7606.25,7599.75,7602.5,7488.2802494757325
1785770100,7602.5,7609,7602,7603.25,7488.73921055567
1785771000,7603,7610.5,7602.5,7608.5,7489.21729753948
1785771900,7608.5,7614,7608.5,7611.5,7489.70545204032
1785772800,7611.5,7613.5,7609.25,7611.5,7490.191657820598
1785773700,7611.25,7617.75,7611,7617,7490.697878747462
1785774600,7617.25,7618,7613.75,7616.25,7491.199084820326
1785775500,7616.5,7616.5,7611.75,7613.75,7491.688310030624
1785776400,7614,7617.75,7611,7616.5,7492.1865602899825
1785777300,7616.75,7623.25,7616.5,7622.5,7492.706773622158
1785778200,7622.5,7626.25,7621.75,7625,7493.234890294325
1785779100,7625.25,7629.75,7624.75,7628,7493.772874764208
1785780000,7628.25,7635,7628,7631.75,7494.323681651376
1785780900,7631.75,7634.75,7626.25,7627.5,7494.8553236407915
1785781800,7627.5,7632.75,7625,7632.5,7495.404803386737
1785782700,7632.5,7634.25,7629,7631.25,7495.9470995808015
1785783600,7631,7637.75,7631,7633.5,7496.496212955728
1785784500,7633.5,7637.25,7633.25,7635.5,7497.0511182932305
1785785400,7635.5,7637,7630.25,7632.5,7497.59183239186
1785786300,7632.5,7635.75,7625.75,7628.5,7498.114419887302
1785787200,7628.5,7633,7625.25,7632,7498.6488932610055
1785788100,7632,7636.5,7632,7633,7499.185225024435
1785789000,7633,7636.5,7632.75,7635.5,7499.729395782821
1785789900,7635.5,7635.75,7630.25,7631.25,7500.254428134985
1785794400,7631,7635.5,7629,7632.5,7500.782354569576
1785795300,7632.5,7635,7632.5,7633.75,7501.313163533369
1785796200,7633.75,7636.5,7633.25,7636,7501.850835535232
1785797100,7636,7636,7634.25,7635.25,7502.383367129902
1785798000,7635.25,7635.75,7633.5,7634.5,7502.910778837966
1785798900,7634.5,7636.25,7634,7634.75,7503.437083114062
1785799800,7634.75,7636.25,7632.75,7632.75,7503.953302343148
1785800700,7633,7636,7632.75,7635.5,7504.4784388607395
1785801600,7635.5,7637.25,7632.25,7634,7504.995491001016
1785802500,7634,7634,7630.75,7631.25,7505.49950101698
1785803400,7631.25,7635.25,7629.25,7634.75,7506.0154710728
1785804300,7634.75,7635.75,7631.75,7632.75,7506.521397335982
1785805200,7632.75,7635.25,7629.5,7634.25,7507.031291957395
1785806100,7634,7636.25,7632.25,7636.25,7507.547135103274
1785807000,7636.25,7640.5,7635.75,7640,7508.075889054958
1785807900,7640,7647.5,7639.75,7646.5,7508.628480316215
1785808800,7646.25,7647.5,7639.75,7640.75,7509.155911532518
1785809700,7640.75,7642.5,7639,7640,7509.678243223007
1785810600,7640.25,7644,7640.25,7643.75,7510.213459816927
1785811500,7643.75,7644.25,7641.75,7642.5,7510.741549797697
1785812400,7642.25,7644,7638.25,7639.5,7511.255555586928
1785813300,7639.5,7644.5,7639.25,7643.5,7511.783477520712
1785814200,7643.5,7645.5,7641.75,7642.75,7512.3062979697315
1785815100,7642.75,7645.25,7641.75,7644.75,7512.835015343106
1785816000,7644.75,7645.25,7641.75,7642.75,7513.353638036347
1785816900,7643,7645.75,7642.75,7645.5,7513.881168423427
1785817800,7645.5,7646,7644.75,7645.25,7514.405594896786
1785818700,7645,7646.5,7644.25,7645.5,7514.928925855282
1785819600,7645.25,7645.75,7642.75,7643.25,7515.441185632307
1785820500,7643.25,7646,7643,7645.5,7515.96038249605
1785821400,7645.25,7649.5,7645.25,7647.25,7516.484492745567
1785822300,7647,7647.75,7646,7647.5,7517.00750874259
1785823200,7647.75,7650,7646.75,7649.75,7517.53741888733
1785824100,7649.75,7649.75,7647,7647.25,7518.05523358239
1785825000,7647,7648.25,7642.75,7644,7518.558007101024
1785825900,7644,7644.75,7643,7644.5,7519.0607695477265
1785826800,7644.5,7647.5,7641.5,7643,7519.555536934761
1785827700,7643,7646,7642.5,7645,7520.056313234423
1785828600,7645,7648,7642,7642.5,7520.54511038718
1785829500,7642.5,7646.75,7642,7643.5,7521.035948269866
1785830400,7643.5,7645,7642,7643.75,7521.525824723878
1785831300,7644,7645.75,7642,7643.25,7522.011749575279
1785832200,7643.25,7643.25,7637,7638.25,7522.4757745270745
1785833100,7638.25,7638.5,7635.25,7637.25,7522.933955067884
1785834000,7637,7637,7632,7633.75,7523.376334488771
1785834900,7634,7634.5,7631.75,7634.25,7523.818943931929
1785835800,7634.25,7638.25,7634.25,7637.75,7524.2737585270115
1785836700,7637.75,7638.5,7634.75,7637.5,7524.725759490975
1785837600,7637.75,7639.75,7636.25,7638.5,7525.179948075842
1785838500,7638.5,7638.5,7636,7636.5,7525.624339500689
1785839400,7636.5,7644.75,7635.5,7643.75,7526.09589902364
1785840300,7643.5,7647.75,7641.5,7643,7526.5625820614705
1785841200,7643.25,7645.25,7641.5,7643.5,7527.0293981011455
1785842100,7643.5,7648.75,7643,7648.5,7527.514310683576
1785843000,7648.5,7657,7645,7654.75,7528.022237587034
1785843900,7654.75,7657.75,7651.75,7654.5,7528.527138834192
1785844800,7654.5,7656.25,7651.25,7651.75,7529.019046463596
1785845700,7651.75,7655.5,7651.25,7654.5,7529.519968433801
1785846600,7654.75,7655.75,7652.5,7655.25,7530.021884727479
1785847500,7655,7655.25,7651,7651,7530.504831295433
1785848400,7651,7654.75,7649.25,7654,7530.99782598088
1785849300,7654,7666,7653.25,7657.5,7531.502824679559
1785850200,7657.5,7673.5,7656,7670,7532.05570761497
1785851100,7669.75,7686.5,7669.75,7685.5,7532.668259680379
1785852000,7685.25,7700.75,7682.5,7700.5,7533.338246667683
1785852900,7700.75,7706.25,7693.5,7697,7533.991587000347
1785853800,7696.75,7711.75,7692.75,7710,7534.694215395555
1785854700,7710.25,7716.5,7707.75,7715.25,7535.414996970822
1785855600,7715.5,7724,7714,7721.25,7536.15685327034
1785856500,7721.5,7731,7721,7726,7536.914710143513
1785857400,7726,7735.75,7723.75,7735.25,7537.706467787651
1785858300,7735.25,7741.25,7733.75,7736.5,7538.50005474259
1785859200,7736.5,7741.75,7733.25,7734.75,7539.283487657789
1785860100,7734.5,7745.75,7734.5,7744.5,7540.102715251969
1785861000,7744.5,7752.75,7742.25,7752.25,7540.949610600264
1785861900,7752.5,7755.75,7752.25,7755.25,7541.80510117671
1785862800,7755.25,7765.75,7754.25,7764.75,7542.695100772811
1785863700,7765,7769,7762,7765.5,7543.584541488289
1785864600,7765.5,7776,7762,7775.75,7544.5113497059
1785865500,7776,7783.75,7768,7768.25,7545.404517970547
1785866400,7768.25,7774.75,7763.5,7774.25,7546.318072789028
1785867300,7774.25,7777,7771.75,7776,7547.23496671003
1785868200,7776,7777.25,7766,7769.25,7548.121254268073
1785869100,7769.5,7775,7769.25,7773,7549.018973811913
1785870000,7773,7782.5,7772.75,7780.75,7549.944047768752
1785870900,7780.75,7783,7773,7775,7550.842474723767
1785871800,7775,7785.25,7773,7784.25,7551.774241291736
1785872700,7784.25,7786,7761.25,7764,7552.621449909334
1785873600,7764.25,7781.25,7763.5,7773.75,7553.504198612291
1785874500,7773.25,7773.25,7761.25,7767,7554.356477260545
1785875400,7766.75,7773.25,7765,7771,7555.221321662699
1785876300,7771,7775.5,7770.5,7774.5,7556.096685648077
1785880800,7772,7778.75,7771,7778.25,7556.983525226328
1785881700,7778,7781.5,7777.5,7780.25,7557.874808558759
1785882600,7780.25,7783.25,7777.75,7778,7558.7535518379655
1785883500,7778.25,7780.75,7777.5,7780.75,7559.639765203881
1785884400,7780.75,7782.75,7778.75,7782,7560.52743081185
1785885300,7782,7782.5,7779,7779.5,7561.401572804617
1785886200,7779.5,7780,7775.75,7779.25,7562.271227204598
1785887100,7779.25,7781.25,7777.25,7777.5,7563.130423902384
1785888000,7777.25,7780.5,7776,7780.25,7563.997168717145
1785888900,7780.25,7783.75,7778.5,7783.25,7564.872429520669
1785889800,7783.5,7785.5,7780.25,7780.5,7565.733218225178
1785890700,7780.5,7784.25,7779,7784.25,7566.605540707313
1785891600,7784.25,7784.5,7778.5,7782.25,7567.466396832234
1785892500,7782.25,7782.5,7777.75,7779,7568.3108423538615
1785893400,7779,7783.75,7778.5,7782.5,7569.165888891371
1785894300,7782.25,7786,7782.25,7784.25,7570.024508097394
1785895200,7784.5,7787,7783,7785.5,7570.884689701796
1785896100,7785.75,7787,7784,7785.25,7571.740439443505
1785897000,7785,7786.5,7783.75,7786.5,7572.597763038541
1785897900,7786.5,7788.75,7786,7786.75,7573.452662188088
1785898800,7786.75,7792,7786.5,7790.75,7574.320116630451
1785899700,7790.75,7792.5,7787.25,7787.5,7575.171134128932
1785900600,7787.5,7791.5,7786.5,7791.25,7576.03372441185
1785901500,7791.25,7792,7789.5,7792,7576.895865232561
1785902400,7792,7793,7790.5,7790.75,7577.749574353389
1785903300,7791,7791,7788.25,7789.5,7578.594885433815
1785904200,7789.25,7792,7789,7791.5,7579.444806050846
1785905100,7791.25,7792.5,7789.25,7791.25,7580.290335767209
1785906000,7791.25,7795.5,7790.5,7794.75,7581.146462171332
1785906900,7794.75,7796.25,7794,7794,7581.9961768932035
1785907800,7794.25,7796.25,7793.25,7796.25,7582.851481576265
1785908700,7796,7800,7795.75,7798.75,7583.713351909293
1785909600,7798.5,7799.5,7797,7798.75,7584.57178164219
1785910500,7798.75,7798.75,7791,7792.75,7585.402832414077
1785911400,7792.75,7796,7792.5,7794.25,7586.236553641965
1785912300,7794.5,7798.25,7794,7798,7587.081916701279
1785913200,7798.25,7799.5,7792.25,7793.75,7587.906938989896
1785914100,7794,7794.75,7790.75,7790.75,7588.716691728459
1785915000,7790.75,7792.25,7788,7791,7589.524209925152
1785915900,7790.75,7793,7790,7793,7590.336488528245
1785916800,7792.75,7796.75,7786.25,7787.75,7591.1245664183525
1785917700,7788,7789.25,7782.25,7785,7591.898520245026
1785918600,7785.25,7785.5,7780.25,7782.5,7592.659404395744
1785919500,7782.75,7785,7780.25,7784.25,7593.424237112727
1785920400,7784.25,7787.5,7782.5,7785.75,7594.192004629243
1785921300,7785.75,7788.75,7784,7788.75,7594.968683253477
1785922200,7788.75,7792,7788.5,7790.25,7595.7482493881935
1785923100,7790,7790.75,7787.25,7788.5,7596.517717454508
1785924000,7788.5,7790,7787.5,7789,7597.2861097999985
1785924900,7788.75,7793.5,7788.25,7793,7598.067402774849
1785925800,7793,7795,7791.75,7793,7598.845576815668
1785926700,7793.25,7798,7792.5,7797.5,7599.638608445147
1785927600,7797.5,7799,7795.25,7797.5,7600.428474279697
1785928500,7797.75,7799.75,7794.5,7794.5,7601.203210909319
1785929400,7794.5,7798,7793.25,7794.5,7601.9748547779445
1785930300,7794.25,7798.25,7792.5,7798,7602.757390287813
1785931200,7798,7802.75,7797.5,7800.5,7603.546781943351
1785932100,7800.5,7805.25,7799.25,7803,7604.343002374714
1785933000,7803.25,7804.5,7795.5,7802.5,7605.134048273418
1785933900,7802.25,7803.25,7798.5,7799.5,7605.909960256358
1785934800,7799.5,7808.5,7799.25,7806.5,7606.71071889805
1785935700,7806.25,7810.25,7803,7809.75,7607.521254950353
1785936600,7809.75,7820.25,7804,7817,7608.357497445561
1785937500,7817,7819.5,7795,7819.25,7609.1993836833035
1785938400,7818.75,7818.75,7801,7814,7610.016951013909
1785939300,7813.75,7816.75,7799.25,7799.75,7610.774368375131
1785940200,7799.75,7802.5,7788,7792.25,7611.4988219943925
1785941100,7792,7800.5,7776,7786.25,7612.1964314874285
1785942000,7786.5,7791.5,7781.75,7782.5,7612.876286052349
1785942900,7782.25,7783.5,7761,7768.75,7613.49853640743
1785943800,7768.75,7777.25,7768.25,7771.5,7614.129280773069
1785944700,7771.5,7771.5,7754.5,7758,7614.703614981559
1785945600,7757.75,7762,7750.5,7756,7615.267672406782
1785946500,7756,7772.5,7753.75,7772.25,7615.894348365238
1785947400,7772.25,7773.75,7763.25,7767.25,7616.498562543421
1785948300,7767.25,7773,7764,7769.5,7617.109346724885
1785949200,7769.75,7773,7762,7766.5,7617.705716598239
1785950100,7766.25,7769.5,7761.75,7764.75,7618.292719725591
1785951000,7764.75,7771.75,7762.25,7768.75,7618.893347590958
1785951900,7768.75,7771.75,7765,7767,7619.484591712351
1785952800,7767,7774.5,7766.75,7769.5,7620.0834556176915
1785953700,7769.25,7772.75,7768.5,7771,7620.685916872711
1785954600,7771,7771,7763.25,7767.75,7621.272999040883
1785955500,7767.5,7771.5,7765,7765.5,7621.848755531738
1785956400,7765.5,7770,7764,7768.75,7622.435187645384
1785957300,7769,7771.5,7767.75,7769.25,7623.0212747206515
1785958200,7769.25,7770,7763.5,7766.25,7623.593046079052
1785959100,7766.25,7768.5,7745.75,7747.75,7624.088682621651
1785960000,7747.75,7760.5,7746.75,7759.5,7624.629246762882
1785960900,7759.75,7760.5,7754.75,7757.25,7625.158670927501
1785961800,7757.25,7761.25,7756.5,7761.25,7625.701949686273
1785962700,7761.25,7761.75,7758,7758.75,7626.233079627646
1785967200,7756.75,7761,7756.75,7758.25,7626.760093281827
1785968100,7758.25,7767.5,7758,7767,7627.319933228806
1785969000,7766.75,7770.75,7766,7768.75,7627.884524313721
1785969900,7769,7770.75,7764,7764.25,7628.428897470153
1785970800,7764.25,7766.5,7762.75,7766.25,7628.979081512189
1785971700,7766,7767.75,7765,7765.75,7629.525073202759
1785972600,7765.5,7766.75,7761.75,7763.5,7630.059903249854
1785973500,7763,7763.5,7760,7761.75,7630.585612218916
1785974400,7762,7763.25,7757.75,7760.25,7631.103234525427
1785975300,7760,7762.5,7756.75,7758,7631.609808439497
1785976200,7758.25,7762,7757.75,7760,7632.122344134349
1785977100,7760.25,7761.25,7757,7757,7632.620857730619
1785978000,7757,7757.5,7752.75,7755,7633.109397220716
1785978900,7755,7755,7748,7749.75,7633.575028369536
1785979800,7749.75,7754.25,7749.5,7750.75,7634.042792727342
1785980700,7750.75,7756.5,7750.25,7755,7634.525655830227
1785981600,7755,7763.75,7755,7761,7635.030543431703
1785982500,7761,7763.75,7759.5,7760.5,7635.531419505828
1785983400,7760,7767.25,7758.5,7767.25,7636.057242182452
1785984300,7767,7768,7763.75,7765,7636.571983730626
1785985200,7765,7767.25,7764,7765,7637.08467042232
1785986100,7765,7765.75,7760,7760.75,7637.57834439269
1785987000,7760.75,7763,7759,7761.75,7638.074039624656
1785987900,7761.5,7764,7759.25,7763.25,7638.573744057292
1785988800,7763.5,7763.75,7759.5,7761.25,7639.063469629918
1785989700,7761.25,7765,7761,7763.75,7639.561220250157
1785990600,7763.75,7765.25,7759.75,7760.75,7640.045007794069
1785991500,7760.75,7763,7760,7763,7640.535846086308
1785992400,7763,7765.5,7761.5,7763.5,7641.026720952231
1785993300,7763.75,7765.25,7761.25,7763.75,7641.516634241842
1785994200,7763.75,7764.5,7761.25,7764.5,7642.007585801755
1785995100,7764.25,7765.25,7760.5,7765,7642.498573483185
1785996000,7765.25,7765.25,7755.5,7756.25,7642.95267099423
1785996900,7756.25,7761.5,7754,7761.25,7643.4249158206
1785997800,7761,7761.5,7755.5,7757.25,7643.879307374211
1785998700,7757.5,7760.5,7755.25,7759.75,7644.341865029403
1785999600,7759.75,7764.5,7758,7763.5,7644.81754620693
1786000500,7763.5,7764.25,7759.75,7760.25,7645.278354405705
1786001400,7760.25,7760.25,7754.75,7756,7645.720356982927
1786002300,7756.25,7759,7755.25,7758.5,7646.170575118724
1786003200,7758.25,7758.75,7750,7753.25,7646.598037892701
1786004100,7753.25,7760.5,7751.5,7760.5,7647.052736344227
1786005000,7760.5,7763.5,7760,7761.5,7647.509611648242
1786005900,7761.5,7765.5,7760,7764.75,7647.977637150644
1786006800,7764.75,7764.75,7755.25,7756.25,7648.409862152039
1786007700,7756.5,7761.75,7756.25,7760.25,7648.8563297681985
1786008600,7760.25,7762.25,7758.5,7761,7649.3040090904815
1786009500,7761,7767.5,7761,7767,7649.773853365569
1786010400,7767,7767.25,7763,7763.5,7650.22784995892
1786011300,7763.5,7766,7762.25,7765.25,7650.6870202185655
1786012200,7765.25,7765.5,7759.25,7760,7651.123399379369
1786013100,7759.75,7762,7758.75,7761.75,7651.565022535539
1786014000,7761.75,7761.75,7750.5,7756,7651.981928633202
1786014900,7756,7762.75,7755.75,7762,7652.421122530874
1786015800,7762.25,7765.5,7761.5,7762.25,7652.859561163485
1786016700,7762,7764.25,7754.5,7759.75,7653.286269502153
1786017600,7759.75,7760.5,7753.25,7754.25,7653.689318326496
1786018500,7754.25,7760.25,7751.75,7757,7654.101736217408
1786019400,7756.75,7761.5,7754.75,7758.25,7654.517497749474
1786020300,7758.25,7760,7752.5,7754.25,7654.915631490993
1786021200,7754.25,7754.75,7747.5,7749,7655.291217792426
1786022100,7749.25,7754.25,7748,7751.75,7655.676282791259
1786023000,7752,7759,7740.25,7755.25,7656.073782660355
1786023900,7755.25,7765.5,7755,7759.25,7656.485663767499
1786024800,7759.25,7767.75,7756,7765.75,7656.92184874248
1786025700,7765.75,7768.5,7750.75,7754.5,7657.3113822804335
1786026600,7754.75,7759.75,7746.25,7751.5,7657.687384746379
1786027500,7751.5,7760.75,7745.25,7760,7658.095818340206
1786028400,7759.75,7762.5,7749,7749.5,7658.46070529294
1786029300,7749.5,7751,7736,7742.25,7658.795193495363
1786030200,7742.25,7744.5,7732.75,7733,7659.091420267836
1786031100,7732.75,7747.5,7729.25,7731,7659.378480466367
1786032000,7731,7735,7727.25,7729.5,7659.65840669205
1786032900,7729.5,7734.75,7724.25,7732,7659.947195487691
1786033800,7732.25,7738.5,7730,7730.25,7660.227845405903
1786034700,7730.25,7740,7728.75,7739.5,7660.5443011128655
1786035600,7739.5,7741.5,7730.5,7731,7660.825561387864
1786036500,7731,7734.25,7727.75,7727.75,7661.092724815457
1786037400,7727.75,7732.5,7726.75,7731,7661.371795774277
1786038300,7731,7736.25,7729.25,7736.25,7661.6707107612065
1786039200,7736.25,7742.75,7734.5,7741.25,7661.988392554575
1786040100,7741.5,7747.25,7735.75,7744,7662.315784201063
1786041000,7744,7744.25,7734.5,7737.25,7662.614922787087
1786041900,7737.5,7741.25,7736.5,7739.5,7662.921849243027
1786042800,7739.5,7747.75,7739.5,7743.25,7663.242520503534
1786043700,7743.25,7744.75,7735.25,7736.5,7663.534965531464
1786044600,7736.5,7740,7730.5,7732.75,7663.8112730542925
1786045500,7733,7739.25,7727,7735.25,7664.096457592998
1786046400,7735.25,7741.5,7735.25,7737.75,7664.390483710392
1786047300,7738,7739,7728.75,7730.25,7664.653395951069
1786048200,7730.25,7731.75,7727.75,7730.25,7664.915258641883
1786049100,7730.25,7732.75,7729.75,7731.5,7665.181065992614
1786053600,7735,7740,7729.75,7739.5,7665.477748363901
1786054500,7739.25,7741,7736,7736.5,7665.76127032652
1786055400,7736.5,7736.75,7733.25,7735.75,7666.040666452961
1786056300,7736,7738.5,7735.5,7737.75,7666.32693125754
1786057200,7737.75,7738.5,7736.25,7736.75,7666.60806127248
1786058100,7737,7740.75,7736.75,7738,7666.893059031871
1786059000,7738,7740,7737.25,7739.75,7667.1839051036
1786059900,7739.75,7741.25,7738.25,7740,7667.474588117159
1786060800,7740,7742.5,7736.5,7738,7667.75612668755
1786061700,7738.25,7738.25,7729,7730.25,7668.00560322772
1786062600,7730.25,7739.5,7729.75,7734.75,7668.272047925414
1786063500,7734.75,7737,7730.5,7735.75,7668.541420987588
1786064400,7735.75,7737.75,7730.75,7731.75,7668.793750644324
1786065300,7732,7734.25,7727.25,7733.75,7669.0530570289775
1786066200,7733.75,7739.25,7729.5,7732.75,7669.307336242435
1786067100,7732.5,7734.5,7729.75,7732.75,7669.560600369212
1786068000,7732.75,7735.25,7729,7732.5,7669.8118554575585
1786068900,7732.5,7734.25,7731.5,7732.5,7670.06210753158
1786069800,7732.75,7732.75,7726.5,7729.5,7670.299384547422
1786070700,7729.5,7733.5,7729,7732,7670.545694389548
1786071600,7732.25,7734.25,7731.75,7732,7670.791020958851
1786072500,7732,7732.5,7728.5,7730.75,7671.030378160612
1786073400,7730.5,7732.5,7729.25,7730.25,7671.266783836617
1786074300,7730.25,7731.25,7728.5,7729,7671.497255757429
1786075200,7729.25,7730.5,7727.75,7728.25,7671.723813618677
1786076100,7728.25,7732.25,7725.5,7730.5,7671.958449093253
1786077000,7730.75,7733.5,7729.5,7729.5,7672.1881558833
1786077900,7729.5,7732.25,7729,7731.5,7672.42492971211
1786078800,7731.5,7737,7731.25,7733.75,7672.669740371942
1786079700,7733.75,7735.5,7733.75,7734.5,7672.916567755687
1786080600,7734.75,7734.75,7731.75,7733,7673.156421776622
1786081500,7733,7733.75,7731.5,7731.75,7673.390328276516
1786082400,7731.75,7738.25,7731.75,7737.75,7673.647253113735
1786083300,7737.5,7740,7736.25,7739.75,7673.911136334838
1786084200,7739.75,7739.75,7734.25,7734.75,7674.154006050068
1786085100,7734.5,7738.5,7734.25,7738,7674.408880277413
1786086000,7738,7742.75,7736,7742.25,7674.679703110637
1786086900,7742.25,7742.5,7739.75,7741.5,7674.94645080281
1786087800,7741.75,7743.75,7739.75,7740.75,7675.209139621961
1786088700,7740.75,7741.5,7738.25,7740.25,7675.468783775167
1786089600,7740.5,7746.5,7740.25,7746,7675.750345516583
1786090500,7746,7746.5,7742,7744,7676.022799227096
1786091400,7744.25,7747.25,7742,7743.75,7676.293167294053
1786092300,7743.75,7746.25,7743.25,7745.25,7676.568444071322
1786093200,7745.5,7747.75,7744.25,7747,7676.849607967245
1786094100,7747,7749.5,7745,7746.75,7677.128651448414
1786095000,7747,7748.75,7745.75,7747,7677.4075789875415
1786095900,7747.25,7748.5,7745.5,7745.75,7677.680403023519
1786096800,7746,7747.25,7745.25,7745.25,7677.950141933605
1786097700,7745.25,7747,7744,7747,7678.225790069599
1786098600,7747,7749,7746,7748.75,7678.507323841776
1786099500,7749,7749.5,7744.75,7746.5,7678.778751690711
1786100400,7746.25,7751.75,7746.25,7750,7679.063068051227
1786101300,7749.75,7754.75,7749.75,7753.5,7679.36022147218
1786102200,7753.5,7756.75,7753,7756,7679.666168691851
1786103100,7755.75,7756,7748.25,7748.75,7679.941952449569
1786104000,7748.5,7755.75,7747.25,7753,7680.233601341985
1786104900,7753,7759.5,7750.5,7757,7680.540054031239
1786105800,7756.5,7776.5,7754.5,7772.25,7680.906161599977
1786106700,7772.5,7778.75,7772.25,7774.75,7681.280787701375
1786107600,7774.75,7776,7760,7761.5,7681.601024077816
1786108500,7761.5,7762.25,7753.25,7757.25,7681.903015997665
1786109400,7757.25,7768.5,7753.25,7767,7682.242724516636
1786110300,7767.25,7770.75,7751.75,7758,7682.545148770063
1786111200,7758,7763.5,7743.5,7745.75,7682.797463545432
1786112100,7746,7780.5,7744,7779.5,7683.183501615111
1786113000,7779.25,7781.25,7764.5,7767.25,7683.519096419042
1786113900,7767.25,7777.5,7766.25,7776.25,7683.889279666871
1786114800,7776.25,7781.75,7771.25,7778.75,7684.267965177182
1786115700,7778.75,7786.75,7775.25,7784.25,7684.667095056714
1786116600,7784,7786.75,7776.5,7779.5,7685.045669527545
1786117500,7779.5,7784,7775.5,7778,7685.416744699092
1786118400,7778,7781.25,7774.75,7777.5,7685.784342524645
1786119300,7777.5,7781.25,7760.75,7764.75,7686.099574690215
1786120200,7764.75,7774,7757.75,7773.25,7686.447480579675
1786121100,7773.25,7776.25,7766.75,7767,7686.769047523469
1786122000,7767,7771,7765,7768,7687.093322782856
1786122900,7767.75,7771.75,7764.25,7768.25,7687.417301534222
1786123800,7768.25,7771.5,7764.5,7769,7687.742980969215
1786124700,7769,7772.25,7767,7768.75,7688.0663622827105
1786125600,7768.75,7770.25,7761.75,7763,7688.365498561023
1786126500,7763,7765.5,7761.75,7762,7688.659448666568
1786127400,7762.25,7764,7756,7757,7688.932265238757
1786128300,7757.25,7765.5,7756.25,7764.5,7689.233932842594
1786129200,7764.5,7778.25,7763.75,7776.5,7689.582300376157
1786130100,7776.75,7782.5,7775.5,7778.25,7689.9362632489065
1786131000,7778.5,7779,7772.75,7773.25,7690.268853016376
1786131900,7773.25,7785.5,7773,7778.25,7690.620075160024
1786132800,7778.5,7781.25,7774,7775.25,7690.957919171361
1786133700,7775.5,7777,7773,7773.25,7691.286430472074
1786134600,7773.25,7777.25,7773,7776,7691.6246083943415
1786135500,7776,7779.5,7775.25,7777.25,7691.966426324903
1786312800,7776.75,7779.25,7767,7768.25,7692.270951569115
1786313700,7768.5,7770.25,7763,7769.25,7692.578253159657
1786314600,7769.25,7770.5,7766.5,7768.75,7692.882331989359
1786315500,7768.75,7769.5,7767.75,7768.5,7693.184198927525
1786316400,7769,7772.25,7767.25,7771.75,7693.497834859951
1786317300,7771.5,7773.25,7771.25,7771.75,7693.810218752726
1786318200,7771.75,7772,7767.75,7771.25,7694.1193595960285
1786319100,7771.25,7772.5,7766.75,7767,7694.410300276284
1786320000,7767,7778,7765.25,7776.25,7694.737005664403
1786320900,7776.25,7776.25,7770.5,7771,7695.041448755564
1786321800,7771,7773,7768.75,7769.75,7695.339686485082
1786322700,7770,7773,7769,7770.75,7695.64072566079
1786323600,7770.75,7777.25,7769.75,7776.75,7695.96451517911
1786324500,7777,7780.5,7776.5,7779.25,7696.296992164423
1786325400,7779.25,7780.25,7776,7780,7696.631135908277
1786326300,7780,7781.5,7779.25,7780.5,7696.965941752955
1786327200,7780.5,7781.5,7779.5,7779.5,7697.295419031386
1786328100,7779.75,7780,7777.5,7779.75,7697.624579035252
1786329000,7779.75,7782.75,7778.75,7782.75,7697.964401075032
1786329900,7782.75,7783.25,7781.75,7782.25,7698.300870531818
1786330800,7782,7783,7780.5,7781,7698.6310067772
1786331700,7781,7783.25,7780.75,7782.75,7698.966811141363
1786332600,7782.75,7785.75,7782.25,7785.75,7699.313251017046
1786333500,7785.75,7786.25,7783,7783.75,7699.650323867278
1786334400,7783.5,7786,7782.25,7786,7699.995033153236
1786335300,7786,7788.75,7785.75,7787.25,7700.343356374182
1786336200,7787.25,7787.25,7783.5,7786.25,7700.686297067299
1786337100,7786.25,7788.75,7785.75,7787.25,7701.031860751661
1786338000,7787.5,7790.75,7787.25,7790.25,7701.388020988182
1786338900,7790.25,7790.5,7788.75,7789,7701.73776940739
1786339800,7789,7790.25,7788.5,7789,7702.086121625325
1786340700,7789,7791.25,7788.75,7790.75,7702.4400692435875
1786341600,7790.75,7792.75,7790.25,7791.75,7702.796595913273
1786342500,7791.5,7792,7784.75,7785.25,7703.125751219009
1786343400,7785.25,7787,7784.5,7785.5,7703.4545905355
1786344300,7785.75,7788.25,7785.5,7787,7703.788105144141
1786345200,7787,7788.75,7783.5,7785.25,7704.113302329194
1786346100,7785.5,7792.5,7785.25,7792.25,7704.465145433668
1786347000,7792.25,7794.25,7791.25,7794,7704.822570002795
1786347900,7794,7796.25,7789.5,7792.25,7705.171581699391
1786348800,7792.25,7793.75,7789.5,7791.25,7705.515208119753
1786349700,7791.25,7792.75,7789,7790.75,7705.855466769974
1786350600,7791,7793.25,7790,7791.25,7706.1963631102135
1786351500,7791.25,7792.25,7789.5,7791.75,7706.537894594803
1786352400,7791.75,7792.5,7790.5,7792,7706.879060684245
1786353300,7792,7793.25,7790.5,7792.25,7707.219862837202
1786354200,7792.25,7793.25,7788.5,7789.75,7707.549324462602
1786355100,7789.75,7790,7788.75,7789,7707.874476859957
1786356000,7789,7791,7786.5,7787,7708.190347211814
1786356900,7786.75,7791,7786.5,7790.25,7708.517930656078
1786357800,7790.25,7790.25,7784.75,7786,7708.827240314137
1786358700,7785.75,7788,7784,7785.5,7709.133319195119
1786359600,7785.5,7786.25,7778.5,7780.5,7709.41821612448
1786360500,7780.5,7786,7780,7785.5,7709.721935820589
1786361400,7785.75,7787.25,7784,7784,7710.01845503887
1786362300,7783.75,7785.25,7780.75,7782.5,7710.3078025237455
1786363200,7782.25,7785.75,7781,7781.25,7710.591004908881
1786364100,7781.5,7781.5,7776.5,7778.75,7710.8630967056515
1786365000,7778.75,7779.25,7772.75,7774.5,7711.117136239761
1786365900,7774.25,7775.5,7771.5,7773.75,7711.367167632017
1786366800,7773.75,7777.25,7772.75,7776.5,7711.627178938876
1786367700,7776.25,7777.75,7769.75,7773,7711.872180220556
1786368600,7773,7783.5,7771.25,7773,7712.116203453209
1786369500,7773,7781.75,7771.25,7780.75,7712.390190664973
1786370400,7780.75,7789.5,7780.25,7789,7712.6960182471485
1786371300,7788.75,7791.25,7784,7790.25,7713.005614980692
1786372200,7790,7793.5,7788.25,7792.5,7713.322957835061
1786373100,7792.5,7798,7781.25,7781.5,7713.595121676039
1786374000,7781.75,7786.75,7779.25,7784.75,7713.879173086513
1786374900,7784.75,7788.5,7780.75,7784.25,7714.160094551237
1786375800,7784.25,7785.5,7778,7784.5,7714.440892576981
1786376700,7784.5,7790.75,7781.5,7790,7714.7425257403465
1786377600,7790,7791.25,7784.25,7784.5,7715.020998691483
1786378500,7784.25,7785.75,7780,7780.25,7715.281393906288
1786379400,7780.25,7781.25,7764.5,7767.75,7715.490849419636
1786380300,7768,7776.25,7765.75,7776.25,7715.733400918959
1786381200,7776,7779,7771.5,7777.5,7715.979974168784
1786382100,7777.5,7779.5,7775,7777.5,7716.225563094258
1786383000,7777.5,7779.25,7772.5,7773,7716.452207552964
1786383900,7773,7774.75,7771.25,7773.75,7716.6809412553475
1786384800,7773.75,7777.25,7772.75,7773.25,7716.906765841154
1786385700,7773.5,7774,7771.25,7771.5,7717.124702903664
1786386600,7771.5,7775.75,7769.25,7775.25,7717.356740017821
1786387500,7775.25,7779.75,7774,7778.5,7717.600824888009
1786388400,7778.75,7780.75,7777.25,7779.75,7717.848925387458
1786389300,7779.75,7781.25,7775.25,7775.75,7718.080067401879
1786390200,7776,7779.5,7773.75,7777.5,7718.317272721632
1786391100,7777.5,7779,7770.25,7778,7718.5555271219455
1786392000,7777.75,7778.25,7775,7775.5,7718.782850366968
1786392900,7775.25,7776.75,7773,7776.25,7719.0122601459425
1786393800,7776,7776.5,7775,7776.25,7719.240754117416
1786394700,7776.5,7778.5,7776,7777.25,7719.4723279532745
1786399200,7778.25,7781.25,7776.75,7777.5,7719.703975346674
1786400100,7777.75,7778,7773.5,7774.5,7719.922721952077
1786401000,7774.5,7774.5,7771.25,7772.25,7720.13161328161
1786401900,7772.25,7773.75,7772,7773.5,7720.34466073358
1786402800,7773.5,7774,7771.75,7772.75,7720.553863684743
1786403700,7772.75,7772.75,7769.25,7770,7720.751253450473
1786404600,7770,7772,7768.5,7771.5,7720.953843257058
1786405500,7771.5,7773,7766.5,7770.75,7721.1526303099245
1786406400,7770.75,7777,7767.75,7776.25,7721.372579889526
1786407300,7776.25,7778.25,7773.25,7778,7721.5986374548365
1786408200,7778,7780.25,7776.75,7779.5,7721.829780618689
1786409100,7779.75,7781.25,7779,7779.75,7722.060999059333
1786410000,7779.5,7785.25,7778,7784.75,7722.31125455211
1786410900,7784.75,7786.25,7782.5,7784.75,7722.5605110209635
1786411800,7784.75,7785.75,7783.5,7784,7722.805778442037
1786412700,7784,7786.5,7783.25,7783.25,7723.047072739673
1786413600,7783,7784.25,7782.5,7783.75,7723.289399794605
1786414500,7783.75,7785,7783,7784.75,7723.534751492031
1786415400,7784.75,7786.5,7784.75,7786.5,7723.786109769509
1786416300,7786.25,7786.75,7784,7784.5,7724.028480588792
1786417200,7784.25,7786.5,7784.25,7785.75,7724.274873879855
1786418100,7786,7789.25,7785.5,7788.5,7724.531261608877
1786419000,7788.75,7789,7786.75,7787.25,7724.781635814031
1786419900,7787.5,7788,7786.25,7786.75,7725.029014513376
1786420800,7786.75,7788.25,7786.75,7787.75,7725.279397688972
1786421700,7788,7788,7786.75,7788,7725.529779334924
1786422600,7788,7789.5,7787,7787.25,7725.776167441371
1786423500,7787.25,7788,7786.75,7787,7726.020573958572
1786424400,7787,7788.75,7786.25,7788.75,7726.270990828996
1786425300,7788.75,7788.75,7784.75,7785,7726.505437971396
1786426200,7785.25,7786.25,7783,7785.5,7726.740945205042
1786427100,7785.25,7785.5,7780.5,7780.5,7726.955552210212
1786428000,7780.75,7784.5,7780.25,7783.5,7727.181278548694
1786428900,7783.5,7783.75,7775,7775.5,7727.374167656284
1786429800,7775.25,7778.5,7770.5,7777,7727.572274771429
1786430700,7777.25,7777.5,7773,7774.75,7727.760609003878
1786431600,7775,7777,7771.75,7774.25,7727.94619539508
1786432500,7774,7775,7770.75,7772.75,7728.125052898493
1786433400,7773,7777.5,7773,7776,7728.3161704517925
1786434300,7775.75,7776.75,7773.5,7776,7728.506525060768
1786435200,7776,7780.5,7771,7771.25,7728.677157695256
1786436100,7771.25,7774.75,7770,7772.75,7728.853097185494
1786437000,7772.75,7776.25,7771,7776,7729.041308374374
1786437900,7776,7777.5,7774.25,7775,7729.224776205215
1786438800,7775,7776,7771.5,7774,7729.403519613577
1786439700,7774,7778.25,7773.25,7776.75,7729.592527519311
1786440600,7776.5,7780.5,7776.5,7778.25,7729.786768926419
1786441500,7778.25,7779.75,7777.25,7778,7729.979236914737
1786442400,7778,7778.5,7775.75,7776,7730.162952535836
1786443300,7776,7787.75,7775,7786,7730.385854920923
1786444200,7786,7786,7782.5,7784.75,7730.602877456168
1786445100,7784.5,7786.25,7784.25,7785.25,7730.821029641972
1786446000,7785.25,7796,7784.75,7793.5,7731.071245092503
1786446900,7793.5,7794.25,7787,7788.25,7731.299503595128
1786447800,7788.25,7789.25,7785.75,7788.25,7731.526850886165
1786448700,7788.25,7790.5,7787,7789.25,7731.7572826191545
1786449600,7789.25,7792.75,7788,7792.75,7732.000766520874
1786450500,7793,7795.25,7785.25,7788.25,7732.225314359114
1786451400,7788,7791.25,7786.5,7789.75,7732.45495382275
1786452300,7789.75,7790,7786.75,7787.5,7732.674694526053
1786453200,7787.75,7791.75,7787,7787.75,7732.894556024951
1786454100,7787.75,7793.5,7786.25,7791.75,7733.129507897107
1786455000,7791.75,7792.5,7774.75,7778.75,7733.311625630053
1786455900,7779,7782.5,7771.75,7782,7733.505990397996
1786456800,7782.25,7787,7780.75,7784,7733.707563290619
1786457700,7784,7785.75,7779.25,7784.75,7733.911325513011
1786458600,7784.75,7785.25,7778,7779.5,7734.093316229526
1786459500,7779.75,7786.25,7779.5,7782,7734.284560476115
1786460400,7782,7784,7771,7772.25,7734.436119116929
1786461300,7772,7774,7767.5,7769.5,7734.576094689317
1786462200,7769.75,7771.25,7762.25,7767.25,7734.706529441056
1786463100,7767.25,7768,7763,7765.5,7734.829457467239
1786464000,7765.5,7769.5,7764.75,7765.25,7734.950896758787
1786464900,7765.25,7769.75,7759.25,7763.5,7735.0648652348
1786465800,7763.25,7765.25,7760,7761.5,7735.170394714901
1786466700,7761.25,7761.5,7755.75,7756.75,7735.256540843783
1786467600,7756.75,7758,7748.25,7748.5,7735.3094089442075
1786468500,7748.5,7755.5,7747.75,7753.5,7735.38202607417
1786469400,7753.75,7758.5,7752.5,7757.75,7735.471319383256
1786470300,7758,7759,7756.25,7757.5,7735.559258228033
1786471200,7757.75,7757.75,7752,7753.75,7735.631875959658
1786472100,7753.75,7755,7738,7740.25,7735.65031158457
1786473000,7740.5,7747.75,7740.5,7743.25,7735.680649662077
1786473900,7743.25,7750.25,7743.25,7746.25,7735.722842677397
1786474800,7746,7749,7743.75,7747.75,7735.770855281479
1786475700,7747.75,7752.25,7747,7751.75,7735.834644282351
1786476600,7751.75,7756.5,7751.25,7752.75,7735.902170652482
1786477500,7752.75,7753,7743.25,7749.75,7735.95745140836
1786478400,7749.75,7753,7746.75,7752.25,7736.022491522498
1786479300,7752,7757,7751.5,7756.5,7736.104238063326
1786480200,7756.75,7757.75,7755.75,7756.5,7736.185658270659
1786481100,7756.5,7756.5,7752.5,7753.25,7736.253779395327
1786485600,7756,7756.5,7751.5,7755.25,7736.329612611314
1786486500,7755.75,7755.75,7754,7754.5,7736.402149087915
1786487400,7754.25,7755.25,7751.75,7752,7736.464415957824
1786488300,7751.75,7753.75,7750.5,7752.75,7736.529428269369
1786489200,7753,7753.75,7751.75,7752.5,7736.593183046737
1786490100,7752.5,7754.25,7752.5,7754,7736.662671337967
1786491000,7753.75,7753.75,7752,7753,7736.727890214862
1786491900,7753,7755.75,7752,7755.25,7736.801830772886
1786492800,7755.25,7755.5,7749,7752.25,7736.863500111118
1786493700,7752,7754.75,7750.25,7752.5,7736.925921268359
1786494600,7752.75,7754,7751.25,7752.5,7736.9880932393435
1786495500,7752.5,7753.25,7751,7752.5,7737.050017018827
1786496400,7752.5,7754,7751.25,7752.25,7737.110695593602
1786497300,7752.5,7752.5,7748.5,7751,7737.1661419185775
1786498200,7750.75,7752.5,7749.25,7752.25,7737.226356920899
1786499100,7752.25,7752.75,7748.75,7749.75,7737.276351504049
1786500000,7749.75,7751.5,7749.75,7751.5,7737.333132535969
1786500900,7751.5,7753,7751,7752.75,7737.3946769170625
1786501800,7752.75,7754.5,7752.75,7753.75,7737.459967627972
1786502700,7753.75,7755.5,7753.75,7755.5,7737.5319837252655
1786503600,7755.5,7756.5,7755.25,7756.25,7737.606706345125
1786504500,7756.25,7756.5,7754.5,7756,7737.6801326671
1786505400,7755.75,7756,7753.75,7754,7737.74528183809
1786506300,7754.25,7755.5,7754.25,7755.25,7737.815160952508
1786507200,7755.5,7756.25,7754.25,7755.5,7737.885759112379
1786508100,7755.5,7756.5,7754.5,7756,7737.958071451251
1786509000,7756.25,7756.25,7754.5,7755.25,7738.027101106137
1786509900,7755.25,7758,7754.75,7757.25,7738.103839225473
1786510800,7757.5,7757.5,7755,7755,7738.171288969084
1786511700,7754.75,7755.5,7752.75,7755.5,7738.240465460226
1786512600,7755.5,7757.5,7755.25,7755.5,7738.30936579771
1786513500,7755.5,7757.5,7755.5,7756.75,7738.382981103907
1786514400,7756.75,7757.75,7754.25,7755.25,7738.450314512674
1786515300,7755.25,7756.5,7754.25,7756,7738.520373137374
1786516200,7756,7758.75,7755.5,7756.5,7738.592148094909
1786517100,7756.75,7759.75,7756.75,7759.75,7738.676610577564
1786518000,7759.5,7761.5,7759,7760,7738.761733888632
1786518900,7760,7761,7757.25,7758.75,7738.841527366122
1786519800,7758.5,7760.5,7758,7760.5,7738.927988334721
1786520700,7760.25,7760.5,7757,7759.5,7739.010112133784
1786521600,7759.5,7762.75,7759,7761.75,7739.100890129258
1786522500,7761.5,7762.75,7761,7762,7739.192303741516
1786523400,7761.75,7761.75,7758.25,7760.5,7739.277364405223
1786524300,7760.25,7763.5,7760,7762.25,7739.369071533346
1786525200,7762.5,7765.25,7762.25,7764.75,7739.470392605069
1786526100,7765,7773.75,7764.25,7768.25,7739.585281257344
1786527000,7768.25,7770.5,7768.25,7769.25,7739.703703288253
1786527900,7769.25,7771,7765,7766.5,7739.810674532611
1786528800,7766.25,7769.75,7766.25,7769.25,7739.928196789966
1786529700,7769.25,7770,7768.25,7768.25,7740.0412578806245
1786530600,7768.25,7770.25,7767.75,7769.5,7740.158857649564
1786531500,7769.25,7770,7759.25,7766.5,7740.264011910444
1786532400,7766.25,7769.5,7765.75,7766.75,7740.369744397828
1786533300,7766.5,7766.75,7764.5,7765.75,7740.471062783466
1786534200,7766,7769.25,7765.5,7768.5,7740.582954748402
1786535100,7768.5,7771.5,7767.75,7770.5,7740.702384070763
1786536000,7770.5,7772.25,7768.25,7769.5,7740.817344613395
1786536900,7769.75,7782.25,7768.75,7781.25,7740.97875241933
1786537800,7780,7788,7760.75,7783,7741.14650191067
1786538700,7783,7785,7779.5,7784.75,7741.320567771306
1786539600,7784.75,7787.5,7783,7785.75,7741.497930774215
1786540500,7785.75,7793.75,7785.25,7791.75,7741.698537836993
1786541400,7791.75,7794,7769.25,7772.75,7741.822495769779
1786542300,7772.75,7781.25,7765.5,7770.5,7741.936976824591
1786543200,7770.5,7772.75,7763.5,7768.25,7742.042018833275
1786544100,7768.5,7777.75,7766.5,7772.5,7742.163607580447
1786545000,7772.25,7775.5,7756.5,7775,7742.29469098332
1786545900,7775.25,7776.75,7762.75,7766.75,7742.392316967418
1786546800,7766.75,7768.75,7761.75,7766.25,7742.487557219045
1786547700,7766.25,7768.25,7761.5,7768.25,7742.590401302003
1786548600,7768.25,7769.5,7760.25,7762.5,7742.6698807379225
1786549500,7762.5,7766.5,7762,7764.75,7742.758024926594
1786550400,7764.75,7770.75,7764.25,7769.75,7742.865777322097
1786551300,7769.75,7771.25,7767.75,7768.75,7742.969107552348
1786552200,7769,7773.5,7766.25,7772,7743.084999338566
1786553100,7772,7776.25,7770,7773.25,7743.205418502884
1786554000,7773.25,7777.5,7772,7774.75,7743.331344975926
1786554900,7774.75,7774.75,7770.25,7772.5,7743.447786712549
1786555800,7772.5,7774.5,7771.25,7773,7743.565759619884
1786556700,7773,7774.25,7770.75,7772.5,7743.681265569506
1786557600,7772.5,7776.75,7772.25,7775.5,7743.808286465436
1786558500,7775.5,7777.5,7774.25,7775.5,7743.934800291921
1786559400,7775.25,7781,7775.25,7779.5,7744.076777137064
1786560300,7779.75,7781,7774.75,7775,7744.200223136517
1786561200,7775,7778.75,7774.75,7775.75,7744.326170349545
1786562100,7775.75,7777,7772.75,7774.5,7744.446624759326
1786563000,7774.5,7775,7770.25,7773.5,7744.562606297213
1786563900,7773.25,7774.75,7764.5,7769.5,7744.662156771076
1786564800,7769.75,7777.75,7768.5,7772.25,7744.77228788177
1786565700,7772.25,7773.5,7767,7768,7744.865013279448
1786566600,7768.25,7769,7767.25,7768,7744.9573685158575
1786567500,7768.25,7769,7766.5,7766.75,7745.044365048729
1786572000,7770,7771,7768,7769.25,7745.140994329971
1786572900,7769,7769.75,7767.75,7769,7745.236239861588
1786573800,7768.5,7768.75,7766.5,7768,7745.327113155554
1786574700,7768,7769.25,7768,7768.75,7745.420617693855
1786575600,7768.5,7771.25,7768.5,7771,7745.522730996475
1786576500,7771.25,7771.75,7770.25,7770.75,7745.623438657168
1786577400,7770.75,7771.5,7769.25,7770.75,7745.723744291271
1786578300,7771,7771,7767.5,7768.25,7745.813669463761
1786579200,7768.25,7773.5,7767.5,7770.25,7745.911219685462
1786580100,7770.5,7772.75,7768.75,7769,7746.003390465161
1786581000,7769,7770.5,7767.75,7769.5,7746.097189305619
1786581900,7769.5,7770.5,7768,7770.5,7746.194605715577
1786582800,7770.25,7770.75,7766,7766.25,7746.274667169807
1786583700,7766.25,7767,7764.25,7765.25,7746.350417001464
1786584600,7765.25,7768,7765.25,7767,7746.432850466528
1786585500,7767,7771.25,7766.5,7770,7746.526930903788
1786586400,7770.25,7772,7770,7771.75,7746.627621798383
1786587300,7771.75,7773,7770.5,7771,7746.724916721344
1786588200,7770.75,7774.5,7768,7773.25,7746.830805277346
1786589100,7773.25,7773.5,7772.5,7773,7746.935273120551
1786590000,7772.75,7773.25,7772,7773.25,7747.040321930449
1786590900,7773,7774,7772.75,7773.5,7747.145949387813
1786591800,7773.5,7774.75,7772.5,7774.5,7747.255147194648
1786592700,7774.5,7775.5,7774.25,7774.75,7747.3649070860865
1786593600,7775,7777.25,7773.5,7773.75,7747.470236798317
1786594500,7773.5,7775.25,7772,7774.75,7747.5791380486235
1786595400,7774.5,7776.25,7774.5,7775,7747.688602567391
1786596300,7775,7777.5,7774.5,7775.75,7747.800624114028
1786597200,7775.75,7779.75,7775,7779.5,7747.927168528743
1786598100,7779.5,7780,7778.5,7779.5,7748.053207776134
1786599000,7779.75,7780.5,7778.25,7778.5,7748.174751856867
1786599900,7778.5,7778.75,7776.25,7776.25,7748.286828695762
1786600800,7776.5,7778.75,7775.75,7778.25,7748.4064421540625
1786601700,7778.25,7779.75,7777.75,7778.25,7748.525578113527
1786602600,7778.5,7779,7774.5,7775,7748.6312644284435
1786603500,7775,7778.25,7773.75,7777.75,7748.747506885815
1786604400,7778,7778.75,7774,7775,7748.852307257528
1786605300,7775,7777.75,7774,7777.5,7748.966669304405
1786606200,7777.5,7779.5,7776.75,7779.5,7749.0885588481
1786607100,7779.5,7780,7777.5,7777.75,7749.202975778846
1786608000,7777.75,7780.25,7775.25,7779.5,7749.323921983321
1786608900,7779.75,7782,7777.25,7781.5,7749.452369400554
1786609800,7781.5,7782.25,7780.25,7781.75,7749.581302057637
1786610700,7781.5,7783,7780.75,7781.5,7749.708722009503
1786611600,7781.5,7782.25,7779.5,7779.5,7749.82764926695
1786612500,7779.25,7781.75,7778,7780.5,7749.950093780854
1786613400,7780.25,7783.75,7780.25,7783.5,7750.084025542208
1786614300,7783.25,7784.75,7782.5,7784.25,7750.2204166578085
1786615200,7784.25,7784.5,7783,7783.5,7750.353269285921
1786616100,7783.5,7784.75,7783,7783.5,7750.48559156422
1786617000,7783.75,7784.75,7783.5,7784.5,7750.62137762584
1786617900,7784.5,7785.5,7784,7785,7750.758617635318
1786618800,7785,7785.75,7783.75,7784.75,7750.894311776495
1786619700,7784.75,7785,7782.75,7783.75,7751.025472208525
1786620600,7783.75,7788.5,7783.5,7788.5,7751.175071121864
1786621500,7788.5,7789,7783.75,7784,7751.306108762096
1786622400,7784,7784.5,7780.75,7782.5,7751.430635274024
1786623300,7782.5,7783.5,7778.5,7783.5,7751.558656690096
1786624200,7783.5,7790.25,7778,7784.25,7751.689161054606
1786625100,7784,7788.5,7783.75,7788.5,7751.8361105114745
1786626000,7788.5,7791.75,7788,7790.75,7751.9914553796925
1786626900,7790.75,7793.5,7790,7793.25,7752.1561601486355
1786627800,7793.25,7809.25,7785.5,7801.5,7752.353141545248
1786628700,7801.5,7821.5,7800.5,7820.75,7752.626182896365
1786629600,7820.75,7830.25,7819.75,7829.75,7752.934062405761
1786630500,7829.75,7837,7824.5,7836.5,7753.267658963024
1786631400,7836.5,7838.5,7830.25,7830.25,7753.574973697702
1786632300,7830.25,7830.5,7818,7822.25,7753.849125499309
1786633200,7822,7826.75,7813.75,7815.5,7754.09523677476
1786634100,7815.75,7817,7803.5,7806,7754.302441418374
1786635000,7806,7808,7800,7803.75,7754.4998368618135
1786635900,7803.5,7805.5,7797.75,7799,7754.677482223643
1786636800,7798.75,7807,7798.5,7801,7754.862402454287
1786637700,7801,7809.5,7800,7809.5,7755.080516616146
1786638600,7809.5,7811.25,7806,7808.25,7755.292770042828
1786639500,7808.5,7812.25,7808.25,7811.5,7755.517150202338
1786640400,7811.5,7818.25,7811.5,7816,7755.758598704524
1786641300,7816.25,7819.25,7815,7815.5,7755.99708733245
1786642200,7815.5,7816.75,7810.5,7810.5,7756.214663830125
1786643100,7810.5,7813.75,7810.5,7811.75,7756.436361778907
1786644000,7811.75,7815.75,7811,7815.25,7756.671146761825
1786644900,7815.5,7816.25,7811,7814.5,7756.902000467367
1786645800,7814.5,7821.5,7814.5,7820.5,7757.155884697037
1786646700,7820.5,7823.75,7820.25,7822,7757.414743440761
1786647600,7822,7828.75,7821.75,7824,7757.680552848184
1786648500,7824,7828.5,7822.5,7825,7757.949293156175
1786649400,7825,7827.25,7821.75,7821.75,7758.20398659667
1786650300,7821.75,7824.75,7818,7823.25,7758.463651320835
1786651200,7823.25,7825.25,7818.5,7822.5,7758.719285447299
1786652100,7822.25,7823,7819.75,7820.5,7758.965915046311
1786653000,7820.5,7823.75,7820.25,7823.5,7759.223536143931
1786653900,7823.75,7825.5,7823.5,7825.25,7759.487114841959
1786658400,7825,7827,7823.75,7824,7759.744651309656
1786659300,7824,7826,7822.75,7824.25,7760.002157691653
1786660200,7824.5,7824.75,7824,7824.75,7760.260632112046
1786661100,7824.5,7824.75,7823.25,7824,7760.5150806864485
1786662000,7824,7827.5,7823.75,7827.25,7760.781487549975
1786662900,7827.5,7827.5,7825,7825.75,7761.040842889097
1786663800,7825.75,7826.75,7825,7826,7761.300160881556
1786664700,7826,7826.75,7825,7825.75,7761.557445668455
1786665600,7825.75,7828.75,7825,7825.5,7761.812705366386
1786666500,7825.5,7826.25,7824,7824.25,7762.061956043566
1786667400,7824,7825,7823.5,7823.75,7762.308215700079
1786668300,7823.75,7824.5,7823,7824.25,7762.555488292095
1786669200,7824,7824.25,7820.25,7820.5,7762.786803708094
1786670100,7820.5,7822.75,7820.25,7822.25,7763.024181737203
1786671000,7822.5,7824.25,7821.75,7823.75,7763.266600173382
1786671900,7823.75,7825,7823,7823.5,7763.507052867301
1786672800,7823.5,7826.25,7823.5,7826,7763.756525710147
1786673700,7826,7826.5,7825,7826.25,7764.006000657412
1786674600,7826,7827,7825.75,7826.25,7764.254479696704
1786675500,7826.5,7827,7824.25,7825,7764.496976783743
1786676400,7825,7826,7824.5,7826,7764.742497834506
1786677300,7825.75,7827.75,7825.75,7827.25,7764.992028781275
1786678200,7827.5,7827.5,7825,7825.25,7765.232579564583
1786679100,7825.25,7825.75,7824.25,7824.25,7765.468178049355
1786680000,7824.25,7825.5,7823.75,7825.25,7765.706828037181
1786680900,7825,7825.5,7824.25,7824.5,7765.94153131847
1786681800,7824.5,7825,7822.5,7823.75,7766.172303648536
1786682700,7823.75,7824,7823,7823,7766.3991607197995
1786683600,7823.25,7823.75,7821.5,7823,7766.6251121740115
1786684500,7823.25,7823.75,7822.25,7823.75,7766.853155638387
1786685400,7823.5,7824.5,7822.5,7824.25,7767.082284757595
1786686300,7824.25,7826,7824,7824.75,7767.312495197684
1786687200,7824.75,7824.75,7821.25,7821.5,7767.528812582124
1786688100,7821.5,7822.25,7821.25,7822,7767.746262432096
1786689000,7822,7822.25,7820.5,7821.5,7767.960848210811
1786689900,7821.5,7822.25,7821.25,7821.75,7768.175575363662
1786690800,7821.75,7823,7820,7820.25,7768.383457298338
1786691700,7820.25,7822,7820.25,7821.5,7768.595499384971
1786692600,7821.5,7824,7821,7824,7768.816675036129
1786693500,7823.75,7824.75,7822.75,7823.5,7769.0349717425715
1786694400,7823.5,7826,7822,7823.5,7769.252397005076
1786695300,7823.5,7825.75,7822.75,7825.75,7769.47793633839
1786696200,7825.75,7828.25,7825.5,7826.75,7769.706567331051
1786697100,7826.75,7828.75,7826.25,7826.25,7769.932289617154
1786698000,7826.25,7826.25,7824.5,7825.75,7770.155114808304
1786698900,7825.75,7827.5,7825,7826.25,7770.379046485716
1786699800,7826,7826,7824,7824.75,7770.596096200344
1786700700,7825,7827.75,7824.75,7827.75,7770.824255496949
1786701600,7827.5,7829.5,7827,7828.25,7771.053499985984
1786702500,7828.25,7828.25,7826.25,7826.75,7771.275841303405
1786703400,7827,7828,7825.5,7827.25,7771.499291038721
1786704300,7827.25,7828.75,7826.5,7828.75,7771.727836783078
1786705200,7828.75,7829.5,7826.75,7827,7771.9484841412295
1786706100,7827,7827.75,7826.25,7827,7772.168250671604
1786707000,7827,7829.75,7827,7828.75,7772.394125918424
1786707900,7828.75,7830.75,7828,7829.25,7772.621095475636
1786708800,7829.25,7830,7821,7826.75,7772.837178926831
1786709700,7826.5,7828.5,7825,7828,7773.057389789399
1786710600,7828,7831.75,7827.75,7829,7773.280713582655
1786711500,7828.75,7831.25,7828.5,7830.5,7773.509133887715
1786712400,7830.25,7831,7826,7826.25,7773.719676267405
1786713300,7826,7829.5,7825.75,7827.75,7773.935366182505
1786714200,7827.75,7828,7819.25,7826.25,7774.144207036068
1786715100,7826.5,7828.75,7820.25,7826.25,7774.352214193609
1786716000,7825.75,7830.75,7823.25,7825.25,7774.555398967287
1786716900,7825.5,7826,7813.75,7816.75,7774.723840488376
1786717800,7816.75,7817.5,7810.5,7813.75,7774.8796335403185
1786718700,7813.75,7816.75,7809.5,7809.5,7775.017838596046
1786719600,7809.75,7813.75,7806.5,7806.75,7775.144513891072
1786720500,7806.75,7809.5,7801,7805,7775.263697468354
1786721400,7805,7807,7800.5,7802.5,7775.372425222971
1786722300,7802.5,7805.75,7800,7804.25,7775.4877049626
1786723200,7804.5,7808,7803,7807.5,7775.615498555564
1786724100,7807.5,7810.25,7806.5,7808.75,7775.747772014424
1786725000,7808.75,7809.5,7803.25,7803.25,7775.8575613477
1786725900,7803.25,7804.25,7798.5,7799.25,7775.950944336331
1786726800,7799.25,7803.5,7798.25,7802.75,7776.05792659447
1786727700,7802.75,7803.75,7798.75,7799.75,7776.152505729821
1786728600,7800,7802,7796.5,7798.25,7776.240719279802
1786729500,7798.25,7801.5,7796.75,7800.5,7776.33756271581
1786730400,7800.5,7805.5,7799.5,7804,7776.447991607164
1786731300,7804.25,7805.75,7801.5,7801.75,7776.548997628693
1786732200,7801.75,7805.25,7800.5,7804.5,7776.660578476482
1786733100,7804.75,7807.5,7802.75,7804.25,7776.770715887754
1786734000,7804.5,7804.75,7801.5,7803.25,7776.876421612753
1786734900,7803,7806,7800.75,7804.25,7776.985697374778
1786735800,7804,7805.75,7802.5,7804.25,7777.0945369062165
1786736700,7804.25,7806.5,7801.25,7805.5,7777.207931968467
1786737600,7805.5,7806.25,7800,7800.75,7777.301912279971
1786738500,7801,7801.75,7799.75,7800.75,7777.395517420569
1786739400,7800.75,7803.25,7800.25,7802.5,7777.495734915897
1786740300,7802.75,7803,7801.5,7802.5,7777.595552341382
1786917600,7809.25,7811.25,7804,7810.75,7777.727905425848
1786918500,7810.75,7811,7809.25,7809.75,7777.855738138719
1786919400,7810,7810.25,7808.5,7809.5,7777.982062537367
1786920300,7809.5,7811,7809,7810.25,7778.110876658974
1786921200,7810.5,7810.5,7809,7809.5,7778.236182540575
1786922100,7809.25,7810.25,7808.75,7809.75,7778.361986203087
1786923000,7809.75,7811.25,7809,7811.25,7778.493275679322
1786923900,7811,7813.25,7811,7812.25,7778.62803306184
1786924800,7812.25,7814,7811.5,7812.5,7778.763250494727
1786925700,7812.75,7812.75,7808.25,7809.25,7778.884954085566
1786926600,7809.25,7810,7808,7809,7779.005173829736
1786927500,7809.25,7811,7808.75,7810.75,7779.131899682711
1786928400,7810.75,7812.75,7810.5,7810.75,7779.258119644058
1786929300,7810.75,7813.5,7810.25,7813.25,7779.393815773224
1786930200,7813,7813.25,7808.5,7809.5,7779.514000141395
1786931100,7809.5,7809.5,7807,7807.75,7779.626718703705
1786932000,7807.5,7807.75,7806.25,7807.5,7779.737989287722
1786932900,7807.75,7810,7807.5,7809.5,7779.856799709727
1786933800,7809.25,7809.75,7808.25,7809.25,7779.974137834638
1786934700,7809.25,7809.75,7808.5,7808.5,7780.088013531905
1786935600,7808.75,7809.5,7808,7808.5,7780.20143463557
1786936500,7808.5,7810.25,7808.5,7810,7780.3203909843305
1786937400,7810.25,7811.25,7809.25,7811.25,7780.4438624774075
1786938300,7811.25,7812.75,7811.25,7812.75,7780.572829094264
1786939200,7812.75,7813.5,7812.5,7813.25,7780.703276882311
1786940100,7813,7813.25,7812.25,7812.25,7780.829211904737
1786941000,7812.25,7813.25,7811.5,7813,7780.957638204519
1786941900,7813,7813.25,7812,7812.25,7781.082557812485
1786942800,7812.25,7814,7812,7813.75,7781.2129667633335
1786943700,7813.75,7814,7812.25,7813.75,7781.3428551195675
1786944600,7813.75,7816.5,7813.75,7816,7781.481206995338
1786945500,7816,7817.5,7816,7817.25,7781.6239965881705
1786946400,7817.5,7819.25,7816.75,7818.5,7781.771206182629
1786947300,7818.5,7819,7816.5,7818.75,7781.918826118027
1786948200,7818.5,7820,7818,7818.5,7782.064858748295
1786949100,7818.75,7820.25,7818.25,7819.75,7782.21529843393
1786950000,7820,7821.25,7815.5,7815.75,7782.349169498066
1786950900,7815.75,7817.25,7813.25,7817.25,7782.488494170728
1786951800,7817.25,7819.25,7815.75,7819,7782.634248685016
1786952700,7819,7820,7818.25,7819,7782.779421344956
1786953600,7819,7819.25,7815.5,7815.75,7782.911040421423
1786954500,7815.75,7817,7814.75,7816.25,7783.04413008042
1786955400,7816.25,7817,7814,7814.25,7783.168704411436
1786956300,7814.25,7816.5,7813.75,7816,7783.299767467678
1786957200,7816.25,7818,7815.5,7817.5,7783.436295342059
1786958100,7817.5,7817.75,7814.75,7815.25,7783.563296159056
1786959000,7815.5,7815.75,7814,7815.75,7783.691785994749
1786959900,7815.5,7817,7814.25,7815,7783.81676888499
1786960800,7815,7816.75,7814.75,7816.5,7783.947240865489
1786961700,7816.75,7824.5,7812.75,7824,7784.1071321195195
1786962600,7824,7824.5,7814.75,7817,7784.238440973334
1786963500,7817.25,7817.5,7816,7816.5,7784.367229632123
1786964400,7816.25,7818.5,7815,7816,7784.493508156545
1786965300,7816,7816.25,7813.25,7815.5,7784.617286567098
1786966200,7815.5,7817,7814.75,7815.75,7784.741568856251
1786967100,7815.75,7816,7813.25,7813.25,7784.855374968602
1786968000,7813.5,7814.25,7809.25,7813.75,7784.970722773118
1786968900,7813.75,7815,7805.75,7808,7785.062656015541
1786969800,7808.25,7809.75,7802.25,7804,7785.138254195119
1786970700,7804,7805,7801.25,7803.75,7785.212552581565
1786971600,7803.5,7806.5,7803.25,7806,7785.295536403595
1786972500,7806,7808,7802.75,7803,7785.366212904978
1786973400,7803,7809.5,7794.5,7797.25,7785.413653172823
1786974300,7797,7802,7793.25,7794.25,7785.448928010456
1786975200,7794.5,7799,7791.5,7798,7785.499032090255
1786976100,7797.75,7798,7791,7795.75,7785.539954117839
1786977000,7795.75,7797.25,7790.5,7792.75,7785.5687367361315
1786977900,7792.5,7796.25,7790,7794,7785.602394473712
1786978800,7794,7797.25,7792.75,7794.75,7785.638911861042
1786979700,7794.75,7800,7794.25,7798.5,7785.69025353026
1786980600,7798.75,7799.5,7788.25,7792.25,7785.716440142914
1786981500,7792.25,7795.5,7791.25,7794.25,7785.750506250128
1786982400,7794.25,7796,7791.75,7795,7785.787430376874
1786983300,7795,7797.5,7793,7794,7785.820215085949
1786984200,7794,7795.25,7790.5,7790.75,7785.839894866045
1786985100,7791,7792,7787,7788,7785.848518040232
1786986000,7787.75,7789,7784,7784,7785.841138726699
1786986900,7784,7785.75,7775.75,7776.75,7785.804846755734
1786987800,7776.75,7779.75,7772,7778.5,7785.775685690841
1786988700,7778.75,7779.5,7774,7775,7785.732668981496
1786989600,7775.25,7778.5,7773.75,7778,7785.701800043446
1786990500,7777.75,7779,7775,7776.5,7785.665066310738
1786991400,7776.75,7777.75,7773.25,7776.75,7785.62947722367
1786992300,7776.75,7779.25,7775.5,7776,7785.591036196829
1786993200,7776,7776.75,7772,7772.5,7785.538776571293
1786994100,7772.5,7775.75,7772,7772,7785.4847295590325
1786995000,7772.25,7772.5,7767.75,7770.75,7785.425908283348
1786995900,7770.75,7774.75,7766.25,7768.75,7785.359337791198
1786996800,7768.75,7769.5,7765.25,7767.25,7785.287045025565
1786997700,7767,7767.5,7764.75,7765.75,7785.209052829854
1786998600,7765.75,7766,7764.25,7764.5,7785.126381960274
1786999500,7764.5,7766.5,7763.5,7765.5,7785.048033130093
1787004000,7766,7768.5,7765,7766,7784.971993077677
1787004900,7766,7766.5,7762.5,7765.25,7784.893262566389
1787005800,7765,7765.5,7764,7764.75,7784.812850340575
1787006700,7764.75,7766,7764.75,7765.25,7784.734755129634
1787007600,7765.25,7766,7763.5,7765.25,7784.656971676023
1787008500,7765.25,7765.5,7763.75,7765.25,7784.579498735201
1787009400,7765,7768.25,7765,7767.25,7784.510319099531
1787010300,7767.5,7768.5,7764.5,7768.25,7784.445407646041
1787011200,7768,7769.75,7767,7769.5,7784.385745340069
1787012100,7769.5,7770.5,7766.75,7767.5,7784.318337175038
1787013000,7767.5,7768.5,7766.25,7767.5,7784.251198104479
1787013900,7767.5,7769.25,7766.25,7766.75,7784.1813330421855
1787014800,7767,7767.75,7765.5,7767.5,7784.1147408943125
1787015700,7767.5,7768,7765.75,7765.75,7784.041428555413
1787016600,7766,7767,7761.75,7762.25,7783.954436824653
1787017500,7762.5,7762.75,7755.25,7761.5,7783.864798354295
1787018400,7761.5,7762,7754.5,7754.75,7783.748571614357
1787019300,7754.75,7755.5,7748,7749.25,7783.610852765598
1787020200,7749.25,7753.25,7747.25,7747.25,7783.4656996607455
1787021100,7747.25,7749.75,7742.75,7749,7783.3281120373495
1787022000,7749.25,7749.75,7746.75,7747.25,7783.184087637998
1787022900,7747.25,7747.5,7742.25,7744.25,7783.028662138446
1787023800,7744.25,7746,7741,7745.25,7782.877849115937
1787024700,7745,7746.5,7743,7743.75,7782.721650117471
1787025600,7743.75,7744.5,7741.25,7742.75,7782.562082651932
1787026500,7742.75,7744.25,7739.5,7743.75,7782.407144198231
1787027400,7743.75,7744.75,7740.75,7741.75,7782.244840229376
1787028300,7741.75,7744.5,7741.25,7743.5,7782.0901702085
1787029200,7743.5,7743.5,7736.75,7738.25,7781.915159548986
1787030100,7738.25,7740.25,7738,7738,7781.739849530826
1787031000,7738.25,7738.5,7735.5,7736.5,7781.559251329107
1787031900,7736.25,7738.5,7734.25,7735,7781.37338605434
1787032800,7735.25,7736.5,7726,7735.5,7781.190258764702
1787033700,7735.25,7738.25,7733,7736.25,7781.010856534104
1787034600,7736,7737.75,7734.25,7737,7780.835164492052
1787035500,7737,7742.25,7737,7742,7780.680133895277
1787036400,7741.75,7742.25,7737,7737,7780.50576210328
1787037300,7736.75,7738.75,7735.25,7735.5,7780.326098382309
1787038200,7735.75,7736.5,7730.5,7730.75,7780.128189805932
1787039100,7730.5,7732.25,7726,7726.25,7779.913107211897
1787040000,7726.5,7727.25,7716.5,7725.75,7779.696887223027
1787040900,7725.75,7728.5,7722.75,7726.25,7779.483526395789
1787041800,7726.25,7731.75,7725.25,7730.75,7779.288981380238
1787042700,7730.75,7730.75,7725.75,7729.75,7779.091220975526
1787043600,7729.75,7731.25,7727,7727.25,7778.884269993588
1787044500,7727.25,7728,7723.75,7726.5,7778.6751511512975
1787045400,7726.25,7729,7722.5,7725.5,7778.462875098798
1787046300,7725.25,7730.75,7722.75,7729.5,7778.267414519561
1787047200,7729.5,7732.25,7728.5,7730,7778.0747302300615
1787048100,7730.25,7732,7728.25,7730.75,7777.885809151298
1787049000,7730.75,7734,7729.25,7729.75,7777.693650232531
1787049900,7729.75,7734.25,7729.5,7731.75,7777.510242447172
1787050800,7731.75,7736,7730.75,7735.75,7777.343534892492
1787051700,7735.5,7736.75,7734.5,7735.25,7777.175496829049
1787052600,7735.25,7736.5,7732.25,7736.25,7777.012121592206
1787053500,7736.25,7738.5,7733.75,7734.75,7776.843410527966
1787054400,7734.75,7738.75,7732.75,7733.75,7776.671380945019
1787055300,7734,7739.25,7732.25,7732.75,7776.496046090948
1787056200,7732.75,7734.25,7728.5,7729.5,7776.308437124517
1787057100,7729.75,7735.75,7729,7735.75,7776.146527195876
1787058000,7735.5,7736.5,7730,7730.75,7775.965303534415
1787058900,7730.75,7732,7724.25,7726.5,7775.767837252841
1787059800,7726.25,7735.25,7719,7727.5,7775.575151275783
1787060700,7727.5,7731.25,7721.25,7724.75,7775.372256460311
1787061600,7725,7732.75,7716.5,7721.25,7775.156199548294
1787062500,7721.5,7730.75,7720,7726.5,7774.961963222752
1787063400,7726.5,7732.75,7723.75,7724.25,7774.759520255795
1787064300,7724.25,7728,7717.25,7719.25,7774.537925364554
1787065200,7719.5,7724.25,7714.25,7717.25,7774.309231051721
1787066100,7717.5,7720.25,7713.25,7718.5,7774.086439710198
1787067000,7718.25,7722.75,7716,7720.5,7773.872521787203
1787067900,7720.75,7726.5,7720.5,7723.25,7773.670435871885
1787068800,7723.25,7727.25,7722,7725.5,7773.478138722696
1787069700,7725.25,7728.75,7721.25,7721.75,7773.271639166916
1787070600,7721.75,7725.75,7720.5,7723.5,7773.072949988606
1787071500,7723.5,7728.5,7721.5,7726,7772.885034020587
1787072400,7726,7728,7723.25,7726,7772.697868216113
1787073300,7726,7726.25,7720.75,7722.75,7772.498475528624
1787074200,7722.5,7724,7720,7720.75,7772.291894787991
1787075100,7720.75,7722,7715.75,7716,7772.067176645124
1787076000,7715.75,7721.25,7714.25,7720.75,7771.862317656521
1787076900,7720.75,7726,7720.25,7723.75,7771.670252516175
1787077800,7723.5,7724.5,7721,7721.25,7771.468974063017
1787078700,7721.25,7722.25,7716.75,7717,7771.251533048794
1787079600,7717,7719.5,7715.5,7716.5,7771.032964054587
1787080500,7716.25,7722.25,7716,7720.75,7770.832233659159
1787081400,7720.75,7722.75,7717.75,7719.5,7770.627314562716
1787082300,7719.5,7720.25,7710.25,7715.25,7770.406247438713
1787083200,7715.25,7716,7712.75,7714.25,7770.182070802231
1787084100,7714.5,7715.25,7712.25,7714.5,7769.959787086454
1787085000,7714.5,7716,7714,7714.75,7769.739388734811
1787085900,7714.5,7715.25,7711.25,7713.25,7769.513882192955
1787090400,7714,7716.25,7712.25,7713.25,7769.289275876816
1787091300,7713.5,7717.5,7711.25,7711.25,7769.057582160741
1787092200,7711.5,7712.5,7709.5,7711,7768.825815365688
1787093100,7711,7711.25,7707.5,7707.75,7768.581999735486
1787094000,7707.75,7711.75,7706.75,7710.5,7768.350135465084
1787094900,7710.5,7714.5,7708.5,7711.25,7768.122190812529
1787095800,7711.5,7712.25,7710.75,7711.75,7767.89715212665
1787096700,7711.5,7714.25,7710.5,7710.75,7767.669019782831
1787097600,7710.5,7710.75,7702,7703.5,7767.412856031203
1787098500,7703.5,7711,7702.25,7711,7767.187655009122
1787099400,7711,7716,7711,7714.75,7766.978323052997
1787100300,7714.75,7715.5,7710.5,7711,7766.754856693505
1787101200,7711,7715.25,7709.5,7713.75,7766.5432604592
1787102100,7714,7717,7711.75,7715.75,7766.340492952377
1787103000,7715.75,7716,7710,7711.25,7766.120570824823
1787103900,7710.75,7713,7709.75,7711.25,7765.901526629913
1787104800,7711.25,7712,7706,7706.75,7765.665392791071
1787105700,7706.75,7711.5,7706.25,7709.5,7765.441179646196
1787106600,7709.5,7709.75,7706.5,7707.75,7765.210875535832
1787107500,7708,7710.75,7707.5,7709.25,7764.987478827106
1787108400,7709.5,7710.75,7707,7708.5,7764.761979909633
1787109300,7708.5,7710.25,7707.5,7708.75,7764.538379191431
1787110200,7708.5,7712,7708,7708.25,7764.313675082883
1787111100,7708,7709,7705.75,7706.75,7764.083879972772
1787112000,7706.5,7706.75,7704.5,7705.75,7763.851010192441
1787112900,7705.5,7709,7704.75,7707.5,7763.626056059937
1787113800,7707.75,7708.5,7703.75,7704,7763.388027892032
1787114700,7704,7704.75,7699.5,7704.25,7763.151947940368
1787115600,7704.25,7708.25,7702,7703,7762.9118204036795
1787116500,7702.75,7704.5,7699.5,7704.25,7762.677641479912
1787117400,7704.25,7704.75,7698.75,7700.25,7762.428429338276
1787118300,7700.25,7701,7698.25,7699.75,7762.178216047505
1787119200,7699.5,7701.25,7698.25,7698.75,7761.925009596218
1787120100,7699,7708.5,7699,7705.75,7761.700758060903
1787121000,7705.75,7707.75,7703.75,7707.25,7761.483389765251
1787121900,7707.5,7715,7707.5,7714.5,7761.295831323074
1787122800,7714.5,7715,7709.5,7714.5,7761.109021617193
1787123700,7714.5,7715.75,7711.75,7715.75,7760.927947678601
1787124600,7715.75,7719,7713.75,7715.5,7760.746598586072
1787125500,7715.5,7718.75,7714.5,7718.5,7760.57794948992
1787126400,7718.25,7720.75,7716.75,7718.75,7760.410971647645
1787127300,7718.75,7722,7718,7721.5,7760.255638427495
1787128200,7721.5,7721.5,7718.5,7720.5,7760.096933284071
1787129100,7720.5,7721,7717.75,7718.25,7759.929879658187
1787130000,7718,7720.75,7716.5,7716.5,7759.756506885101
1787130900,7716.5,7717,7714,7714.25,7759.574844182965
1787131800,7714.5,7716.5,7713.5,7714,7759.392908677244
1787132700,7713.75,7715,7711.75,7713.5,7759.209703452983
1787133600,7713.5,7714.25,7710.25,7713.5,7759.027229586904
1787134500,7713.25,7713.5,7709.5,7713,7758.843488151427
1787135400,7713.25,7716.25,7712,7716,7758.672456262599
1787136300,7716,7716.25,7713.25,7713.5,7758.492127095882
1787137200,7713.5,7719.25,7713.25,7717.5,7758.328485869951
1787138100,7717.75,7719,7716.5,7717.5,7758.165497902406
1787139000,7717.25,7717.75,7713.25,7715.5,7757.995176553494
1787139900,7715.75,7718,7715,7718,7757.835515170047
1787140800,7718,7718.5,7715,7717.75,7757.675493153401
1787141700,7717.5,7720.25,7715.75,7717,7757.513115935223
1787142600,7717,7740.75,7714.75,7740.5,7757.445199304743
1787143500,7740.75,7758.25,7740.75,7748.25,7757.40849192229
1787144400,7748,7749.5,7740.25,7748.5,7757.372929080285
1787145300,7748.5,7750.75,7743.25,7743.75,7757.318546129864
1787146200,7743.5,7746,7732,7740.5,7757.251406225155
1787147100,7740.75,7745.75,7720.75,7739.5,7757.180542328048
1787148000,7739.75,7742.25,7726.5,7727.5,7757.062057129134
1787148900,7727.75,7741.25,7726.75,7739.5,7756.991949116642
1787149800,7739.5,7753.25,7737.75,7750.5,7756.9660331521045
1787150700,7750.5,7762.25,7746.5,7761.75,7756.985130824152
1787151600,7762,7764.75,7754.5,7758,7756.989182198108
1787152500,7757.75,7758.25,7748.25,7750.75,7756.964275283146
1787153400,7750.75,7751.25,7740,7744.25,7756.913519693193
1787154300,7744.25,7748.25,7739.75,7745.75,7756.868954744318
1787155200,7745.75,7756.25,7743.25,7755,7756.8614938471355
1787156100,7755,7759.5,7745.75,7746,7756.81813459026
1787157000,7746,7747,7741.75,7743.25,7756.763970380319
1787157900,7743,7743.75,7734.25,7736,7756.6810802790005
1787158800,7736,7741.5,7733.75,7737.75,7756.605507104234
1787159700,7737.5,7739.25,7729.75,7735,7756.519257574875
1787160600,7734.75,7737,7730.75,7735,7756.433352355016
1787161500,7735,7738.5,7732.75,7734.75,7756.346792066173
1787162400,7734.5,7745,7729,7734,7756.257583315411
1787163300,7734,7735.75,7730,7735,7756.172722703373
1787164200,7735,7740.5,7735,7737.25,7756.097182892182
1787165100,7737.5,7738,7734,7734.75,7756.011964597204
1787166000,7734.75,7739.25,7733.75,7736.5,7755.934072522963
1787166900,7736.5,7740,7735.25,7735.75,7755.853497383151
1787167800,7735.75,7743.5,7729.25,7729.5,7755.748293800783
1787168700,7729.25,7731.75,7721.75,7731.25,7755.65049622074
1787169600,7731.25,7732.75,7725.75,7728.5,7755.542111006286
1787170500,7728.5,7729.5,7726.25,7729.5,7755.438150483307
1787171400,7729.25,7730,7727.5,7728.75,7755.33161096042
1787172300,7729,7731.5,7729,7730.5,7755.2324827729535
1787176800,7733,7743.25,7731.5,7741,7755.175666474459
1787177700,7741,7741,7738.25,7739,7755.111092955599
1787178600,7738.75,7742,7737.75,7740.5,7755.052765239209
1787179500,7740.5,7742.5,7739.25,7742,7755.000658391947
1787180400,7742.25,7746.5,7740,7742.25,7754.949757560043
1787181300,7742,7743,7740.5,7741.75,7754.897063917088
1787182200,7741.75,7743.75,7740.25,7743,7754.849570647958
1787183100,7742.75,7743.75,7739.75,7740,7754.790290924812
1787184000,7740,7740,7734,7739.5,7754.729251839284
1787184900,7739.5,7742.75,7738.5,7739,7754.666460414776
1787185800,7739,7742,7737.25,7740.5,7754.6099076785895
1787186700,7740.75,7742.75,7739.75,7742.25,7754.560566729773
1787187600,7742.25,7744,7739,7740.5,7754.5044367228675
1787188500,7740.25,7743.25,7738,7739.75,7754.44553677587
1787189400,7739.75,7742.25,7737.5,7742,7754.39585399433
1787190300,7742,7742.5,7737,7738.75,7754.3333954953505
1787191200,7738.75,7743,7738.5,7741.75,7754.283162379601
1787192100,7741.25,7741.5,7735.5,7736.75,7754.213169715411
1787193000,7736.75,7740.75,7735,7739.25,7754.153436502974
1787193900,7739,7739.75,7735.75,7737.75,7754.087953722523
1787194800,7737.75,7741.25,7736.25,7738.5,7754.025726362353
1787195700,7738.75,7742,7738.25,7739.75,7753.9687374347595
1787196600,7739.5,7740,7736.25,7739,7753.908981995898
1787197500,7739.25,7740.75,7738,7739.5,7753.851461109687
1787198400,7739.25,7742.75,7738.75,7742.5,7753.806145895676
1787199300,7742.5,7742.75,7740.75,7741.25,7753.756021560764
1787200200,7741,7741.25,7737.75,7740.5,7753.70310331102
1787201100,7740.25,7741.75,7738.75,7739.25,7753.645406291814
1787202000,7739.25,7739.25,7734.75,7735.5,7753.57296954015
1787202900,7735.5,7740.75,7735.25,7737.5,7753.508805989091
1787203800,7737.5,7739.5,7735.75,7736.75,7753.441904567977
1787204700,7736.5,7737,7734.25,7735,7753.36828419046
1787205600,7734.75,7743.25,7734.75,7741.25,7753.319907806466
1787206500,7741.25,7741.25,7738.25,7741,7753.270726537778
1787207400,7740.75,7744.25,7740,7743.5,7753.231721641419
1787208300,7743.5,7745.25,7742.25,7742.5,7753.188880437262
1787209200,7742.5,7742.5,7735.75,7736.5,7753.122258160068
1787210100,7736.25,7737.25,7731.25,7732.75,7753.040931780187
1787211000,7733,7736,7730,7732.5,7752.958932052521
1787211900,7732.25,7735.5,7730,7730,7752.867279629158
1787212800,7730.25,7733.5,7724.5,7726.75,7752.763019031836
1787213700,7726.75,7729.5,7721.75,7723,7752.644204584603
1787214600,7723,7724.5,7716.5,7720.75,7752.516882410613
1787215500,7720.5,7721.5,7715.5,7718.5,7752.381086472847
1787216400,7718.75,7727,7717.5,7724.75,7752.270782734432
1787217300,7724.75,7726.5,7722.75,7724.5,7752.159921326311
1787218200,7724.5,7725.5,7721.75,7725.25,7752.052496490677
1787219100,7725.25,7726.75,7722.25,7724,7751.940510476742
1787220000,7723.75,7729,7722,7728.5,7751.846935584619
1787220900,7728.25,7729.25,7724.75,7727.25,7751.748744225
1787221800,7727.25,7729.25,7724.25,7725.5,7751.643958818912
1787222700,7725.5,7730.5,7725.25,7730.5,7751.559551797679
1787223600,7730.5,7733.5,7720.5,7724.25,7751.450531630822
1787224500,7724.25,7726.25,7714.5,7714.75,7751.304022522516
1787225400,7714.75,7719.25,7713,7714,7751.155104268933
1787226300,7714.25,7714.75,7703.25,7704.25,7750.967858343708
1787227200,7704.5,7704.75,7684.75,7687.25,7750.7134956357495
1787228100,7687.25,7692.75,7685.75,7687,7750.4591503437905
1787229000,7687.25,7689,7680.25,7688.75,7750.212806430242
1787229900,7688.75,7697.5,7687.75,7696.75,7749.999382053275
1787230800,7697,7701.75,7694.5,7695,7749.779823641885
1787231700,7695.25,7698.75,7692.5,7698,7749.573117759083
1787232600,7698,7716.25,7697.25,7712,7749.423125273019
1787233500,7712.25,7713.75,7700,7703.75,7749.2407974276175
1787234400,7703.75,7707.75,7696.75,7698.25,7749.037241350062
1787235300,7698.25,7707.75,7691.75,7700.25,7748.8424819035545
1787236200,7700.25,7711,7697.5,7710,7748.687422095556
1787237100,7710,7713.25,7703,7710,7748.532981288788
1787238000,7709.75,7720,7698.5,7706,7748.363188948313
1787238900,7706,7709,7697.75,7705.5,7748.192078413589
1787239800,7705.5,7707,7691.25,7691.5,7747.965762731299
1787240700,7691.75,7698.5,7690.5,7696.5,7747.760310584667
1787241600,7696.5,7699,7692.75,7693.25,7747.542704554389
1787242500,7693.25,7699,7692.75,7695.5,7747.334949246787
1787243400,7695.5,7704.75,7691.75,7704.75,7747.164949449395
1787244300,7704.5,7704.5,7698.25,7702,7746.984650249996
1787245200,7702.25,7702.25,7692.75,7693.25,7746.77014066816
1787246100,7693,7693.5,7685,7685.75,7746.526547292239
1787247000,7685.75,7687,7680.25,7682.75,7746.27195029706
1787247900,7682.5,7688.25,7682,7683.5,7746.021363669128
1787248800,7683.5,7683.5,7671.5,7673.75,7745.7328552313265
1787249700,7673.75,7677.75,7669.25,7673.75,7745.445498523816
1787250600,7673.75,7674.5,7670.25,7673.75,7745.159288948871
1787251500,7674,7676.75,7670.5,7670.5,7744.861247875223
1787252400,7670.5,7675.5,7670,7673.5,7744.576372634204
1787253300,7673.5,7676.25,7670.5,7673.25,7744.291636615704
1787254200,7673.5,7675,7668,7669.25,7743.992069204065
1787255100,7669.25,7673.25,7659,7665.25,7743.677729606444
1787256000,7665.25,7667.5,7660.75,7661.5,7743.349674797636
1787256900,7661.75,7664.5,7657.75,7662.75,7743.027919608823
1787257800,7663,7667.25,7662,7666,7742.720422923758
1787258700,7666,7668.5,7665.75,7667.75,7742.421139798314
1787263200,7669,7671.5,7663.25,7664.25,7742.109079359997
1787264100,7664,7666.25,7663.75,7665.5,7741.803254691893
1787265000,7665.75,7667.5,7664,7667,7741.5046389047
1787265900,7667,7669.75,7666.75,7669.5,7741.217195236418
1787266800,7669.25,7669.5,7668,7668,7740.924911023897
1787267700,7668,7669.25,7667.5,7667.75,7740.632795610628
1787268600,7667.75,7668.75,7665.75,7667.75,7740.3418463267535
1787269500,7668,7668,7664.25,7666.25,7740.046070493114
1787270400,7666.25,7673,7665.5,7672.5,7739.776425501125
1787271300,7672.5,7672.5,7665.5,7667,7739.485900848426
1787272200,7667,7669.75,7665.5,7668.25,7739.20152599474
1787273100,7668.5,7669.5,7664.25,7664.5,7738.90331631013
1787274000,7664.75,7666.75,7661.25,7665.25,7738.609291095319
1787274900,7665,7668,7663.25,7665.75,7738.318435641845
1787275800,7665.5,7667.5,7663.25,7666.5,7738.031735299962
1787276700,7666.5,7669.25,7664.5,7667.25,7737.749173482397
1787277600,7667.25,7669.75,7666.75,7669.75,7737.47771969604
1787278500,7669.5,7673,7669,7671.75,7737.215333589469
1787279400,7671.75,7672.5,7670.25,7670.5,7736.949004912465
1787280300,7670.5,7672.5,7670,7670.75,7736.684737427785
1787281200,7671,7671.75,7667.75,7667.75,7736.409548855219
1787282100,7667.75,7669,7666.75,7668.5,7736.138452851806
1787283000,7668.5,7670.75,7667.75,7668.5,7735.868439067966
1787283900,7668.25,7669.25,7666.5,7668,7735.597507175479
1787284800,7668,7670,7668,7669.75,7735.3346428753775
1787285700,7669.75,7670,7665.75,7666,7735.057857873879
1787286600,7665.75,7666.75,7664.25,7665.5,7734.780181794542
1787287500,7665.25,7670,7665.25,7668.75,7734.516588254444
1787288400,7669,7670.5,7668.25,7669.75,7734.258038999936
1787289300,7669.75,7671,7667,7667.25,7733.99054183826
1787290200,7667.25,7670.5,7666.75,7668.5,7733.729102549484
1787291100,7668.25,7668.75,7665.75,7668.5,7733.468706930525
1787292000,7668.5,7670.5,7667.25,7669.75,7733.214340834994
1787292900,7669.75,7670.5,7668.5,7670.25,7732.962986180962
1787293800,7670,7675.25,7670,7670.25,7732.712634938723
1787294700,7670.25,7674.25,7669.25,7673.5,7732.476257154536
1787295600,7673.75,7678,7671,7678,7732.258787066095
1787296500,7677.75,7679.25,7676,7676.5,7732.0361970977665
1787297400,7676.5,7682,7676.25,7679.5,7731.8264717600505
1787298300,7679.5,7682.25,7678.5,7682,7731.627563689152
1787299200,7682,7683.75,7677.5,7679.75,7731.420467626521
1787300100,7679.75,7684.25,7678.5,7683.75,7731.23016635855
1787301000,7683.75,7686.75,7683.25,7686.5,7731.051602820193
1787301900,7686.5,7690.25,7685.75,7687.5,7730.8777441263
1787302800,7687.5,7687.75,7681.75,7686,7730.698591455137
1787303700,7686,7687,7684.75,7685,7730.51616194833
1787304600,7685,7688.5,7684.25,7687.5,7730.344440742947
1787305500,7687.5,7689,7686,7687.75,7730.17440305535
1787306400,7688,7692.25,7685.5,7686.75,7730.001052144949
1787307300,7687,7689,7685.75,7688.75,7729.836377286088
1787308200,7688.75,7689.25,7686,7686.75,7729.664375779956
1787309100,7686.75,7689,7686.75,7688.5,7729.500046934527
1787310000,7688.5,7689.75,7684.75,7687.5,7729.3323820765045
1787310900,7687.75,7698,7687.5,7696.5,7729.201314682986
1787311800,7696.75,7699.5,7693.75,7698.5,7729.078754544531
1787312700,7698.5,7698.75,7693,7695,7728.942711612218
1787313600,7695,7696.75,7693,7694,7728.803219749494
1787314500,7694,7701,7693.25,7701,7728.69222885229
1787315400,7701,7704.75,7698.25,7704,7728.593657080424
1787316300,7704.25,7704.5,7700,7700.75,7728.48250475675
1787317200,7701,7702.25,7690.75,7691.75,7728.335868011214
1787318100,7691.75,7696.5,7685.25,7695.75,7728.20578470578
1787319000,7695.75,7696,7681.25,7686.5,7728.039294547274
1787319900,7686.5,7689.5,7676.75,7680.5,7727.849516924331
1787320800,7680.5,7690.75,7680.5,7682.25,7727.667482924633
1787321700,7682.5,7687.5,7680,7681.75,7727.484179599584
1787322600,7681.75,7684,7677.25,7681.5,7727.300610020345
1787323500,7681.5,7694.25,7680.75,7693.5,7727.165677445413
1787324400,7693.75,7699.75,7692.25,7692.25,7727.026293503515
1787325300,7692.5,7695.5,7689.5,7694.75,7726.897446024459
1787326200,7694.75,7709.75,7693.5,7708.5,7726.824003126158
1787327100,7708.5,7714,7704.75,7707.25,7726.745863393119
1787328000,7707.5,7708.75,7697.5,7697.5,7726.629113439454
1787328900,7697.5,7705.75,7693.75,7700.5,7726.5248056013725
1787329800,7700.5,7701,7695.5,7699,7726.414926137894
1787330700,7699,7699.5,7693,7699,7726.305485314989
1787331600,7699.25,7700.75,7696,7697.5,7726.190493357643
1787332500,7697.25,7698.25,7692.25,7693.5,7726.0599923861555
1787333400,7693.75,7694.5,7690,7692,7725.924024352677
1787334300,7692.25,7694.25,7689.5,7689.5,7725.778619065841
1787335200,7689.75,7692.75,7688,7688.5,7725.629802223262
1787336100,7688.5,7691.5,7687.75,7688,7725.479583451912
1787337000,7688,7690.5,7685.75,7689.25,7725.334954376255
1787337900,7689,7697.75,7688.5,7697.25,7725.222838789923
1787338800,7697.25,7699,7693.75,7695.25,7725.103186738866
1787339700,7695.5,7697.25,7693.5,7695.5,7724.985010344699
1787340600,7695.5,7700,7694.75,7699.5,7724.883273776457
1787341500,7699.5,7703,7688.75,7691.75,7724.751005218467
1787342400,7691.75,7692.25,7688.75,7691,7724.616270666696
1787343300,7691,7692,7687.5,7687.5,7724.46810192152
1787344200,7687.75,7690,7687.5,7689.5,7724.328508700277
1787345100,7689.5,7690,7687,7687.75,7724.182486709457
1787522400,7693.5,7695,7681.5,7684.25,7724.023075584869
1787523300,7684,7685.5,7681.75,7684,7723.863302828043
1787524200,7683.75,7689.5,7683.25,7689.25,7723.725125970446
1787525100,7689.25,7690.75,7689,7689.5,7723.588498721063
1787526000,7689.25,7690.75,7689.25,7690,7723.454412897825
1787526900,7689.75,7695,7689.5,7695,7723.340822427175
1787527800,7695,7697,7694.5,7694.5,7723.225689403514
1787528700,7694.75,7702.5,7694.5,7702.25,7723.141954116473
1787529600,7702.25,7703.25,7697,7698.25,7723.042585038164
1787530500,7698,7698.25,7684.75,7689,7722.906686495098
1787531400,7689.25,7690.25,7687,7688,7722.767338445217
1787532300,7688,7698,7687,7697.5,7722.6664708266735
1787533200,7697.5,7702.5,7696,7701,7722.579977929162
1787534100,7701,7702.75,7697,7697.25,7722.478860252798
1787535000,7697.5,7698.5,7694.5,7697,7722.377148235821
1787535900,7696.75,7699.5,7690.25,7690.5,7722.249894151047
1787536800,7690.5,7695.75,7687.25,7695,7722.141112138467
1787537700,7695,7696.5,7693.25,7695,7722.03276438542
1787538600,7695,7696.5,7694,7696.25,7721.929839178292
1787539500,7696.25,7697.5,7692.75,7696.5,7721.828322854227
1787540400,7696.5,7696.5,7688.25,7688.75,7721.696273661196
1787541300,7688.75,7690.75,7688.25,7689,7721.565749614644
1787542200,7688.75,7689,7685,7685.25,7721.4207765622905
1787543100,7685,7687.25,7682.25,7683,7721.267400208749
1787544000,7683,7684.75,7681.75,7684.5,7721.120624160011
1787544900,7684.75,7685,7680.5,7683.5,7720.970442027636
1787545800,7683.5,7684.5,7680.75,7683.75,7720.821857428723
1787546700,7683.75,7684,7679.5,7679.75,7720.657897918029
1787547600,7680,7685.5,7679.75,7685.25,7720.516549024145
1787548500,7685,7685,7680.25,7680.5,7720.356802321454
1787549400,7680.5,7682,7675.5,7678.25,7720.188711294222
1787550300,7678.25,7679.25,7675,7676.5,7720.014305261112
1787551200,7676.5,7678.75,7672,7673.25,7719.827621407774
1787552100,7673.25,7676.25,7669,7673.25,7719.64168279936
1787553000,7673,7675.5,7671,7671.75,7719.450498436888
1787553900,7671.5,7675.75,7670.25,7673.5,7719.267063313388
1787554800,7673.5,7678.5,7672,7677.75,7719.101326533693
1787555700,7678,7679.5,7674.75,7675,7718.925273333958
1787556600,7674.75,7679.25,7672.5,7672.5,7718.739942901488
1787557500,7672.5,7674.75,7670.5,7671,7718.549364287111
1787558400,7671,7681.5,7668.75,7675.75,7718.378508541454
1787559300,7675.5,7679.5,7674.25,7677.25,7718.2143228786135
1787560200,7677.25,7683,7676.5,7682.5,7718.071750731394
1787561100,7682.25,7684,7680.5,7680.5,7717.921763702526
1787562000,7680.5,7684.5,7678.75,7682,7717.778363448224
1787562900,7682.25,7682.5,7677.75,7678.5,7717.621563594139
1787563800,7678.25,7681.75,7678.25,7680.75,7717.474371723503
1787564700,7681,7682.5,7679.75,7680.5,7717.326769441174
1787565600,7680.5,7682,7676.75,7677,7717.165784333624
1787566500,7677,7680,7675.25,7676,7717.001449865226
1787567400,7676,7680.25,7673.5,7674.5,7716.8317833986985
1787568300,7674.5,7674.75,7669.75,7670.5,7716.646826179542
1787569200,7670.5,7671.5,7664.5,7667.75,7716.451629268645
1787570100,7667.5,7672,7667.25,7670.25,7716.267191626854
1787571000,7670.25,7686.5,7670.25,7681.25,7716.127402438722
1787571900,7681.25,7681.25,7676.25,7679.75,7715.98218326731
1787572800,7680,7680,7675.75,7677,7715.826565769236
1787573700,7677,7681.25,7675.75,7680.75,7715.686539558581
1787574600,7680.75,7682.5,7669.25,7676.25,7715.529108262938
1787575500,7676.25,7679.5,7675.25,7678,7715.379291463485
1787576400,7678,7679.75,7676.75,7677,7715.22608071912
1787577300,7677.25,7681.75,7676,7681.75,7715.092443670341
1787578200,7681.75,7682.75,7655.75,7656,7714.856545691617
1787579100,7656,7671,7655,7668.5,7714.671489620991
1787580000,7668.75,7674,7659.5,7664.25,7714.470206229291
1787580900,7664.25,7669.25,7660.5,7663.25,7714.265734348136
1787581800,7663.25,7675.5,7661.75,7671.25,7714.09401484974
1787582700,7671.25,7674,7668.25,7670.75,7713.92098485034
1787583600,7670.75,7672.5,7660.75,7661.25,7713.710721437764
1787584500,7661.25,7674.25,7657.75,7671.5,7713.542215563761
1787585400,7671.5,7678.75,7668,7676.75,7713.39534045173
1787586300,7676.75,7681.5,7675.5,7679.5,7713.260029711403
1787587200,7679.25,7686,7678.25,7680.75,7713.130249153673
1787588100,7680.75,7686.5,7680.25,7683.25,7713.010966721921
1787589000,7683.25,7684,7675.75,7677.25,7712.868208371734
1787589900,7677.25,7678.75,7675.25,7676,7712.7210298952
1787590800,7676,7682,7672.75,7679.25,7712.587413009392
1787591700,7679.25,7679.75,7667.25,7668.25,7712.410417348676
1787592600,7668,7670,7665,7665.25,7712.22215220956
1787593500,7665,7669,7664.5,7667,7712.041624655829
1787594400,7667,7677,7666.75,7676.75,7711.900739926664
1787595300,7676.5,7682.75,7675.25,7682,7711.781375695419
1787596200,7682,7685.25,7675.25,7677.5,7711.644523896236
1787597100,7677.5,7678.75,7674,7674.25,7711.495244359724
1787598000,7674,7676.5,7672.5,7675.25,7711.350552765473
1787598900,7675.5,7676.75,7673.5,7674.25,7711.20244676641
1787599800,7674.25,7677,7670,7671.25,7711.042955960955
1787600700,7671.25,7674.25,7668,7669.75,7710.87811382139
1787601600,7669.5,7673.5,7668,7670.75,7710.717921750246
1787602500,7671,7671.25,7666.5,7667,7710.543399108528
1787603400,7666.75,7671.5,7666.5,7671.25,7710.386539231848
1787604300,7671,7675,7670,7674.25,7710.242281590204
1787608800,7676,7677.5,7673.5,7674,7710.097601823377
1787609700,7674.25,7675,7673.75,7674.25,7709.9544976244815
1787610600,7674.5,7674.75,7673.25,7673.75,7709.809968691849
1787611500,7673.75,7674.5,7673.5,7674.5,7709.669010732999
1787612400,7674.5,7675.5,7674,7675.25,7709.531609492547
1787613300,7675.5,7675.75,7672.5,7672.5,7709.38377871613
1787614200,7672.5,7672.75,7667.75,7669.25,7709.223564030636
1787615100,7669.25,7671.25,7668.5,7670.5,7709.068978944686
1787616000,7670.5,7671.25,7663.5,7664.25,7708.8900608650665
1787616900,7664.25,7668.5,7660.25,7668.25,7708.72782509315
1787617800,7668,7674.25,7667.25,7673.25,7708.586197048867
1787618700,7673,7675.75,7671.5,7673.75,7708.447130393981
1787619600,7673.75,7675.25,7672.25,7674,7708.309616899394
1787620500,7674.25,7675.25,7670.5,7672.5,7708.166664336922
1787621400,7672.25,7676.75,7671.75,7674.5,7708.032266475298
1787622300,7674.75,7676.25,7673,7673.25,7707.893415112123
1787623200,7673.25,7675.5,7668.25,7669.5,7707.740147985927
1787624100,7669.5,7672.5,7668,7672,7707.597472744466
1787625000,7671.75,7675.25,7671,7672.25,7707.45636506884
1787625900,7672.25,7672.5,7666.5,7668,7707.298854629443
1787626800,7668,7677,7668,7674.75,7707.16891908202
1787627700,7675,7677.75,7674.75,7677.5,7707.050480283289
1787628600,7677.25,7678.75,7675.75,7676.25,7706.927524274174
1787629500,7676.25,7676.25,7673.25,7675.25,7706.801067091443
1787630400,7675,7678.25,7674.75,7678.25,7706.687090775708
1787631300,7678.25,7678.5,7677,7677.75,7706.571573447262
1787632200,7677.75,7679.5,7677,7678.5,7706.459511277812
1787633100,7678.5,7679.25,7675.25,7677,7706.34190843838
1787634000,7676.75,7680,7676,7677.75,7706.227769083337
1787634900,7677.75,7680,7677.75,7678.75,7706.11807739039
1787635800,7679,7680.5,7677.5,7677.75,7706.004831572464
1787636700,7677.75,7681,7677,7680,7705.9010198695805
1787637600,7680,7683,7680,7681.5,7705.803610608624
1787638500,7681.5,7690.75,7680.25,7685.25,7705.721560266873
1787639400,7685,7688,7683.5,7687.75,7705.6498175113165
1787640300,7687.75,7689.75,7685.25,7689.75,7705.586345185922
1787641200,7689.75,7692.5,7687.25,7688,7705.51614021512
1787642100,7688,7690,7682.5,7684.75,7705.433241451786
1787643000,7684.75,7686.5,7683.25,7685.5,7705.353667633615
1787643900,7686,7686,7681.5,7682.75,7705.263433431485
1787644800,7682.75,7685.25,7680.5,7681.5,7705.16856942577
1787645700,7681.5,7699.75,7681.5,7691.25,7705.1130062743705
1787646600,7691.5,7695,7689.25,7692.75,7705.06365295591
1787647500,7692.75,7697.25,7692.75,7697,7705.031462724549
1787648400,7697,7700.75,7694.5,7699,7705.007385029042
1787649300,7699,7701,7697.5,7699.25,7704.984401456071
1787650200,7699.25,7709.5,7698.75,7705.25,7704.9854617297
1787651100,7705,7714,7704.5,7709.5,7705.003483838563
1787652000,7709.25,7710,7705,7707.75,7705.014447974936
1787652900,7708,7708,7703.25,7703.5,7705.008402274438
1787653800,7703.75,7704.5,7700.25,7700.25,7704.989406656576
1787654700,7700,7703,7699.75,7702.25,7704.978470901459
1787655600,7702,7702.5,7693,7698.5,7704.952608742172
1787656500,7698.5,7700.75,7696.5,7698.75,7704.92784782903
1787657400,7699,7703.25,7698.5,7701.5,7704.91416380576
1787658300,7701.75,7706.5,7701.5,7704.75,7704.913508461226
1787659200,7704.75,7705.5,7701.25,7704.25,7704.910859724854
1787660100,7704.25,7709,7703.25,7705.25,7704.912213578248
1787661000,7705.25,7705.25,7694.75,7697.5,7704.882623903285
1787661900,7697.25,7701.5,7696.5,7698,7704.855148358761
1787662800,7697.75,7700.25,7695.5,7698.25,7704.828780501041
1787663700,7698.25,7701.25,7694.75,7695,7704.789543852335
1787664600,7695,7701.25,7692,7694.75,7704.749465832964
1787665500,7694.75,7700.5,7688,7690,7704.690585729839
1787666400,7690,7691.25,7684,7684.75,7704.610982593193
1787667300,7684.75,7689.5,7680,7680,7704.512735157691
1787668200,7680,7683.75,7663.25,7676.5,7704.400907871633
1787669100,7676.25,7681.75,7673.25,7680.25,7704.304497061766
1787670000,7680,7681,7676.25,7678.75,7704.20248310144
1787670900,7679,7687,7677.75,7686,7704.129818498241
1787671800,7686.25,7691,7682,7685,7704.053451957329
1787672700,7685,7689.25,7679,7687.75,7703.988368316781
1787673600,7687.75,7691.5,7686.25,7688.25,7703.925540499149
1787674500,7688.25,7691.5,7687,7690.75,7703.872943531089
1787675400,7690.5,7692.75,7688,7688.75,7703.812572499029
1787676300,7688.75,7692,7686.25,7690.75,7703.760426501029
1787677200,7690.75,7691.5,7682.25,7686,7703.689526594837
1787678100,7686,7687.5,7679.25,7681.25,7703.599947646355
1787679000,7681,7683.5,7680.25,7681.5,7703.511724302457
1787679900,7681.5,7684.75,7681.5,7683.5,7703.431837179493
1787680800,7683.25,7683.75,7680.75,7680.75,7703.3412909232875
1787681700,7681,7683,7680,7682.75,7703.259090161118
1787682600,7682.75,7689,7682.75,7688.75,7703.201169641513
1787683500,7688.75,7692,7688.25,7689.5,7703.1464743535225
1787684400,7689.5,7691.5,7683.75,7684.25,7703.071039326163
1787685300,7684,7685,7681.75,7684.5,7702.9969034406295
1787686200,7684.5,7689.25,7683,7686.5,7702.931047538671
1787687100,7686.5,7695,7685,7691,7702.8834186063805
1787688000,7691,7693.5,7689,7692,7702.839971825517
1787688900,7692,7696,7691.25,7694.25,7702.805680520824
1787689800,7694.25,7695.5,7691.5,7691.75,7702.761546067647
1787690700,7691.5,7692,7689.75,7690.75,7702.713595783944
1787695200,7691.5,7694,7690.5,7691.75,7702.669828934507
1787696100,7691.75,7693,7690.5,7692.75,7702.630228819
1787697000,7693,7693.25,7691.75,7692.75,7702.590786787787
1787697900,7692.75,7692.75,7691.75,7692.25,7702.549506201807
1787698800,7692,7692.5,7691.25,7691.5,7702.50539639661
1787699700,7691.5,7691.5,7687.5,7687.5,7702.445494614588
1787700600,7687.5,7688,7684.25,7684.75,7702.374853917524
1787701500,7684.75,7684.75,7680.5,7682,7702.293517175338
1787702400,7681.75,7684.25,7679.5,7681.25,7702.20951111875
1787703300,7681.5,7686,7679.25,7680.75,7702.123844407697
1787704200,7680.75,7681.25,7676.25,7677.75,7702.026543631619
1787705100,7677.5,7679.25,7673.5,7674,7701.914661221911
1787706000,7674.25,7678,7673.75,7676.5,7701.81320548849
1787706900,7676.5,7677.25,7672.75,7673.25,7701.699180716081
1787707800,7673.5,7674.75,7670.75,7673.25,7701.585611132385
1787708700,7673.25,7674.25,7671.75,7674.25,7701.476486936247
1787709600,7674.5,7676,7672.25,7675,7701.370792377619
1787710500,7675,7679,7674.75,7678.5,7701.279491809246
1787711400,7678.25,7685,7678.25,7684.75,7701.213505813999
1787712300,7684.75,7687,7684,7685.75,7701.151775251868
1787713200,7686,7688.25,7684.75,7688,7701.099273155054
1787714100,7688,7688,7685.25,7685.25,7701.036002603537
1787715000,7685.25,7688.25,7684.5,7687.5,7700.981966665
1787715900,7687.75,7692,7687.5,7689.75,7700.93712847472
1787716800,7689.75,7691.5,7689,7690.5,7700.895463291188
1787717700,7690.5,7691,7689.25,7689.75,7700.850970423759
1787718600,7690,7690.25,7687.25,7687.25,7700.796675132646
1787719500,7687.25,7687.25,7682.25,7683.25,7700.72662852533
1787720400,7683.25,7687.5,7683,7686,7700.667839589101
1787721300,7685.75,7686.25,7684,7686,7700.609285339245
1787722200,7686.25,7687.75,7685,7686,7700.550964838889
1787723100,7686,7686,7684,7685,7700.488885138933
1787724000,7685,7686.25,7680.5,7682.75,7700.418071226203
1787724900,7682.5,7684,7679.75,7682.5,7700.346541999751
1787725800,7682.5,7688.75,7681.25,7688.75,7700.300248418914
1787726700,7688.5,7691,7685.5,7688.5,7700.253141638798
1787727600,7688,7688.75,7682.25,7687.5,7700.202230893733
1787728500,7687.75,7688.75,7682.25,7683,7700.133559313319
1787729400,7683,7684.25,7680.75,7683.5,7700.067157878934
1787730300,7683.25,7686.25,7682.75,7686,7700.011001560057
1787731200,7686,7690.25,7683.75,7685,7699.951077402132
1787732100,7685.25,7689,7683,7689,7699.907360526275
1787733000,7689,7691,7686,7690.25,7699.868808188845
1787733900,7690,7690.25,7685.5,7688.5,7699.823423725017
1787734800,7688.75,7689.75,7686,7686.5,7699.770236404757
1787735700,7686.5,7687,7683,7685,7699.711273385177
1787736600,7685,7687.5,7685,7686.5,7699.658533770865
1787737500,7686.75,7689.5,7686.5,7689,7699.615984733855
1787738400,7689,7689.25,7684.25,7684.5,7699.555641481425
1787739300,7684.5,7686.5,7683.75,7683.75,7699.492545108245
1787740200,7683.75,7690.25,7681.75,7687.25,7699.4436726726835
1787741100,7687.25,7689,7686,7687,7699.393997332672
1787742000,7687.25,7690.75,7686.75,7690,7699.356496345316
1787742900,7690.25,7694.75,7688,7690,7699.319145062501
1787743800,7690,7691.75,7683.75,7686,7699.265974822731
1787744700,7686.25,7688.25,7683,7687.5,7699.219004863358
1787745600,7687.5,7688.25,7685.25,7687.75,7699.173220412806
1787746500,7687.75,7698.5,7685,7696,7699.160552866248
1787747400,7696,7696.75,7679.75,7681,7699.088055649217
1787748300,7680.75,7684.25,7676.5,7679.5,7699.009859818281
1787749200,7679.25,7682.25,7676.75,7682,7698.941956186272
1787750100,7682,7682.25,7678.25,7678.75,7698.86134957475
1787751000,7678.75,7698.5,7678.75,7695.25,7698.846933009581
1787751900,7695.5,7701.75,7688.5,7701.25,7698.856526091379
1787752800,7701.25,7702.5,7693,7694,7698.8371387616735
1787753700,7694,7695.75,7680.5,7682.75,7698.772918646857
1787754600,7682.75,7688.25,7681.25,7685.75,7698.7209309476675
1787755500,7686,7691.5,7682.75,7690.75,7698.689110864044
1787756400,7690.5,7697,7690.5,7695,7698.674383874567
1787757300,7694.75,7694.75,7687.75,7690.5,7698.641751603611
1787758200,7690.75,7693.5,7683,7693,7698.619229641121
1787759100,7692.75,7695.5,7685,7685.25,7698.565859462913
1787760000,7685.5,7686.5,7681,7682.5,7698.501724295396
1787760900,7682.5,7683.25,7679.25,7679.75,7698.42686711258
1787761800,7679.75,7682,7671,7672,7698.321370637081
1787762700,7672,7680,7671.25,7679.25,7698.245237420964
1787763600,7679.25,7683.75,7677.75,7683.75,7698.187372201719
1787764500,7683.75,7689.5,7683.75,7688.5,7698.1487000572015
1787765400,7688.75,7690.75,7687,7689,7698.112178300486
1787766300,7689,7691,7686.5,7688.75,7698.074804335215
1787767200,7688.75,7690.75,7685.75,7686.5,7698.028597531482
1787768100,7686.25,7692,7685.5,7688.25,7697.989561213991
1787769000,7688.25,7691,7687.25,7690.75,7697.9606607700225
1787769900,7690.75,7698.5,7690.5,7697.25,7697.957823800881
1787770800,7697.25,7705.5,7696.75,7702,7697.973960232814
1787771700,7702,7704.75,7700.25,7701.5,7697.988036239868
1787772600,7701.5,7701.5,7698.25,7699.25,7697.9930740193495
1787773500,7699.25,7704.5,7687,7692,7697.969149572166
1787774400,7692.25,7704,7690.25,7702.75,7697.988234803415
1787775300,7703,7707,7690.25,7697.25,7697.985287758292
1787776200,7697.5,7699,7692.75,7696.75,7697.980356469835
1787777100,7696.75,7710.25,7696,7710,7698.028339078738
1787781600,7722,7735,7721.25,7733.25,7698.168944511557
1787782500,7733.25,7738.5,7731.25,7738,7698.327950721092
1787783400,7738,7741.25,7737.25,7741,7698.498298223203
1787784300,7741.25,7741.25,7735.75,7736.25,7698.649003619517
1787785200,7736,7737,7734.25,7735,7698.794117377523
1787786100,7735.25,7736,7733.25,7734,7698.934659823122
1787787000,7734.5,7735.5,7733.5,7734,7699.074641221034
1787787900,7734,7739.25,7733.75,7738.5,7699.232027882826
1787788800,7738.75,7739.25,7731,7732,7699.362838150759
1787789700,7732,7732.5,7729.25,7732,7699.493126222013
1787790600,7732.25,7732.25,7720.5,7721,7699.578982005558
1787791500,7720.75,7721.5,7714.5,7716.5,7699.646530979588
1787792400,7716.25,7721,7714.5,7717.75,7699.718800316994
1787793300,7717.5,7723.5,7717.25,7723,7699.8117392378845
1787794200,7723,7726.25,7719.75,7720,7699.892331097214
1787795100,7720,7726.75,7720,7724.5,7699.990565304411
1787796000,7724.5,7727.75,7724,7727,7700.0983873990035
1787796900,7727,7727.5,7725.25,7726.5,7700.203783058089
1787797800,7726.5,7728.75,7726,7727.5,7700.312749991989
1787798700,7727.5,7729.75,7727.25,7728,7700.423277936133
1787799600,7728,7729,7725.75,7727,7700.52937263499
1787800500,7727.25,7730.75,7727,7729.75,7700.646021846028
1787801400,7729.75,7730.5,7727.75,7727.75,7700.754221359616
1787802300,7727.75,7728.75,7725.5,7726,7700.855002911075
1787803200,7726,7727,7725.25,7726.25,7700.956380144963
1787804100,7726.25,7727.5,7724,7724,7701.048370643386
1787805000,7724.25,7724.5,7719.5,7720.75,7701.127019862374
1787805900,7720.75,7722.5,7719,7719.75,7701.201363096457
1787806800,7720,7720.75,7715.25,7717,7701.264431507249
1787807700,7716.75,7716.75,7712.25,7714,7701.315272100035
1787808600,7714.25,7714.75,7710,7710.5,7701.351937680474
1787809500,7710.5,7713.25,7710.25,7712,7701.394444915283
1787810400,7712.25,7712.25,7707,7710.75,7701.431792440571
1787811300,7710.75,7713.25,7710.5,7712.75,7701.476974905879
1787812200,7712.5,7716.5,7712.5,7716,7701.534951053959
1787813100,7716.25,7718,7714.75,7718,7701.600679792266
1787814000,7718,7720.75,7713.5,7720.75,7701.6771241843135
1787814900,7720.75,7721.25,7718,7721.25,7701.75525941711
1787815800,7721.25,7722,7716,7717,7701.816116664946
1787816700,7717,7722,7716.75,7720.5,7701.890703025565
1787817600,7720.75,7732.75,7720.5,7731.75,7702.009901815882
1787818500,7731.75,7734.5,7726.75,7734.25,7702.138604802644
1787819400,7734.25,7734.25,7728.5,7730,7702.249827937165
1787820300,7730,7734,7727.5,7728,7702.35262303522
1787821200,7728.25,7728.75,7721,7721,7702.427063661826
1787822100,7721,7726,7718.75,7724.75,7702.516177180142
1787823000,7724.75,7728.5,7724.75,7726.75,7702.612918987807
1787823900,7726.75,7728.5,7723.75,7724.25,7702.69929456071
1787824800,7724.25,7724.25,7720.5,7722.75,7702.7793372969945
1787825700,7723,7724,7719.75,7720,7702.848082457485
1787826600,7720.25,7723,7718.25,7722.5,7702.926533226118
1787827500,7722.75,7724.5,7719.75,7724,7703.010658841982
1787828400,7724,7729.75,7721.75,7728.25,7703.1114146949085
1787829300,7728.25,7729.25,7722.25,7722.5,7703.188814237044
1787830200,7722.5,7725.25,7717.75,7721,7703.25991677502
1787831100,7721,7722.5,7715,7722.25,7703.3357254904895
1787832000,7722,7726.5,7721.25,7725.5,7703.424205628252
1787832900,7725.5,7725.75,7722,7723.25,7703.503350515964
1787833800,7723.25,7723.5,7711.75,7712.25,7703.538267280371
1787834700,7712.25,7714.25,7711,7711.5,7703.570050644521
1787835600,7711.5,7715.5,7710.25,7713.25,7703.608693156918
1787836500,7713.25,7718,7712,7716.25,7703.659157455692
1787837400,7716.25,7723.75,7702.75,7723.5,7703.738362415949
1787838300,7723.5,7728.5,7707.25,7715.25,7703.784317057003
1787839200,7715.25,7722.25,7712,7718,7703.841066290309
1787840100,7717.75,7730.25,7717.75,7728.5,7703.939505147433
1787841000,7728.5,7732.25,7721.75,7727.75,7704.034557023092
1787841900,7727.5,7736,7725,7735.25,7704.159169569906
1787842800,7735.5,7740.25,7733.75,7740,7704.302246737292
1787843700,7740,7742.75,7733.75,7734.75,7704.423794654508
1787844600,7734.75,7737.75,7727.25,7727.75,7704.516913238722
1787845500,7728,7740.5,7725.25,7738,7704.650578255733
1787846400,7738,7741.5,7736,7737.5,7704.781713671878
1787847300,7737.75,7740.75,7735,7740.75,7704.925299645243
1787848200,7740.5,7749.75,7739.75,7748.5,7705.099250544863
1787849100,7748.5,7752.25,7747.75,7751.75,7705.28548108161
1787850000,7752,7755.5,7749.25,7753.5,7705.477954211025
1787850900,7753.75,7755,7748.5,7749.25,7705.652692916769
1787851800,7749.25,7752.5,7747.75,7747.75,7705.8207460388585
1787852700,7747.75,7748.25,7742.75,7743.75,7705.972160226328
1787853600,7743.75,7745.5,7730.75,7734,7706.084047810255
1787854500,7734.25,7736.25,7723.75,7725.75,7706.162554605423
1787855400,7726,7732.5,7725.25,7730.25,7706.258712072068
1787856300,7730,7732.25,7722.75,7727.5,7706.343507632659
1787857200,7727.5,7733.75,7726.25,7730,7706.437944727937
1787858100,7730.25,7734,7729,7730.75,7706.5349988408
1787859000,7730.5,7738.25,7729.75,7737.75,7706.65960962387
1787859900,7737.75,7744.75,7735.25,7741.25,7706.797695014593
1787860800,7741.25,7743.25,7735.25,7735.25,7706.911277070423
1787861700,7735.25,7736.5,7731.75,7733.25,7707.016421672936
1787862600,7733.5,7734.25,7732.25,7733.75,7707.123142544501
1787863500,7733.5,7734.25,7731.75,7733,7707.226443372667
1787868000,7733.75,7734.75,7727.5,7731.5,7707.3233437983245
1787868900,7731.75,7734,7731,7733.75,7707.428839431864
1787869800,7733.5,7734,7732,7733,7707.530919913173
1787870700,7733,7733.25,7731.5,7732.25,7707.629598875596
1787871600,7732.25,7732.5,7729.5,7730.75,7707.721895886072
1787872500,7730.75,7730.75,7729.75,7729.75,7707.8098324294415
1787873400,7730,7730.5,7728.75,7729.25,7707.895421920741
1787874300,7729.25,7729.5,7727.25,7728.75,7707.978673729441
1787875200,7729,7735.5,7728.25,7735,7708.0865432953915
1787876100,7735,7736,7732,7736,7708.19797426028
1787877000,7735.75,7736.75,7734,7736.25,7708.30995839497
1787877900,7736.25,7737.5,7735.5,7735.75,7708.4194994792215
1787878800,7735.75,7740.25,7735.75,7739.5,7708.543573333596
1787879700,7739.25,7740,7737.5,7738.25,7708.6621618632025
1787880600,7738,7740.25,7737.25,7738.75,7708.782272993489
1787881500,7738.5,7743,7737.75,7742.75,7708.917872702097
1787882400,7743,7746.75,7743,7745.75,7709.064907142408
1787883300,7745.75,7747.25,7745.25,7745.5,7709.2103566148935
1787884200,7745.25,7745.25,7739.75,7740,7709.333269362938
1787885100,7740,7741.25,7738.75,7740.75,7709.458685453305
1787886000,7741,7746.25,7740.75,7745.25,7709.601564952493
1787886900,7745.25,7747.5,7744.75,7746.5,7709.748864094399
1787887800,7746.75,7746.75,7739,7739.5,7709.867631104003
1787888700,7739.25,7742.25,7738,7741.5,7709.993908025743
1787889600,7741.5,7741.5,7738.25,7740.5,7710.115688832027
1787890500,7740.25,7741,7739.25,7739.75,7710.233989475412
1787891400,7739.75,7740,7737.75,7738.25,7710.345829836788
1787892300,7738.25,7738.75,7736.75,7737.75,7710.455227721671
1787893200,7737.5,7738,7735.5,7735.75,7710.556204856514
1787894100,7735.75,7736.25,7734,7735.25,7710.654782881039
1787895000,7735,7735.5,7732,7734,7710.7479773605555
1787895900,7734,7734,7731.5,7731.75,7710.831817770294
1787896800,7731.75,7735.25,7731,7733.75,7710.923307519714
1787897700,7733.75,7737,7733,7733.5,7711.013434036602
1787898600,7733.5,7739.5,7733.5,7739,7711.12515685482
1787899500,7738.75,7743.5,7738.5,7743.5,7711.254397745619
1787900400,7743.5,7744.5,7739,7740.5,7711.371146656814
1787901300,7740.5,7743.25,7739.75,7741.75,7711.492419524451
1787902200,7741.75,7743.25,7738.5,7739.25,7711.603228228944
1787903100,7739.25,7743.25,7739,7740.25,7711.717586599288
1787904000,7740.25,7741.25,7736.25,7738.25,7711.823504417254
1787904900,7738,7740.25,7736.75,7739,7711.931993421576
1787905800,7739.25,7745,7738.75,7742.75,7712.055019395942
1787906700,7742.75,7742.75,7738,7740.25,7712.167574208732
1787907600,7740,7740.25,7737.75,7738.5,7712.272693672969
1787908500,7738.5,7740.5,7736.25,7739.25,7712.380387510601
1787909400,7739.25,7739.5,7737.5,7738.25,7712.483659416746
1787910300,7738,7740.75,7737.5,7738.75,7712.588515067778
1787911200,7738.75,7739.25,7737,7738.25,7712.6909561253915
1787912100,7738.25,7740,7737.5,7739,7712.795982248644
1787913000,7739.25,7740.5,7736.75,7737.25,7712.8936030779905
1787913900,7737,7739.75,7736.25,7739.75,7713.000814243348
1787914800,7739.75,7741,7737.25,7739.75,7713.107597420021
1787915700,7739.75,7743,7739.75,7742.25,7713.223934356468
1787916600,7742.25,7743.5,7738.5,7739,7713.326832822111
1787917500,7739,7741.25,7738.75,7739.75,7713.432314527412
1787918400,7740,7748,7739.5,7746.75,7713.565319259837
1787919300,7746.5,7751,7746.25,7750.5,7713.712763095127
1787920200,7750.25,7750.25,7743.75,7750,7713.857622324288
1787921100,7750,7751.25,7748.75,7749.75,7714.000905269101
1787922000,7749.75,7755,7748.75,7749.75,7714.143616226111
1787922900,7749.75,7750.5,7742.75,7746.25,7714.271785422813
1787923800,7746.25,7757.5,7743.75,7755,7714.434373105756
1787924700,7755,7758,7745.5,7746.25,7714.561381596352
1787925600,7746.25,7760.5,7726.5,7731,7714.627004823512
1787926500,7731.25,7751.5,7730.25,7742,7714.73627825735
1787927400,7742,7764.75,7738,7763.25,7714.929945809217
1787928300,7763.25,7780,7761,7779.25,7715.186712492614
1787929200,7779.25,7782.5,7767.25,7771.25,7715.4105180315655
1787930100,7771.25,7781.5,7771,7779,7715.664368258985
1787931000,7779.25,7779.5,7755.5,7757.5,7715.831376768929
1787931900,7757.5,7759.5,7737.25,7739.75,7715.926860294801
1787932800,7739.75,7745.25,7733.75,7738.75,7716.017970632945
1787933700,7738.75,7741.5,7720,7725.25,7716.054825041596
1787934600,7725,7735.25,7724.25,7725.5,7716.092530330851
1787935500,7725.5,7736,7725.25,7725.75,7716.131083103982
1787936400,7725.75,7726.25,7711.75,7722.5,7716.15650792193
1787937300,7722.5,7723.25,7714.5,7717,7716.159875155775
1787938200,7717.25,7724,7714.75,7719.5,7716.173208987489
1787939100,7719.5,7726.5,7717.75,7724.25,7716.205451666181
1787940000,7724.25,7727.25,7720.75,7721,7716.224591579689
1787940900,7721,7724.75,7717.75,7719.5,7716.237667062405
1787941800,7719.5,7724.75,7719,7721.75,7716.259672383513
1787942700,7721.75,7722.25,7712.25,7716,7716.258635767212
1787943600,7716,7723.25,7713.75,7721.75,7716.2805573809155
1787944500,7721.75,7725.25,7719.25,7724.5,7716.3133695271
1787945400,7724.5,7727.25,7720.25,7725.5,7716.35004270264
1787946300,7725.25,7728.25,7719.5,7722.5,7716.374593430374
1787947200,7722.5,7724,7719,7720.5,7716.391062119275
1787948100,7720.75,7721.25,7719.5,7720.5,7716.407465064907
1787949000,7720.25,7724,7719.25,7723.75,7716.436776581614
1787949900,7723.75,7725.5,7723,7724.75,7716.469963102247
1788127200,7723.5,7724,7704,7710.25,7716.445132910222
1788128100,7710.25,7714.75,7709.75,7711.25,7716.424393856688
1788129000,7711.5,7712.25,7705,7706.5,7716.384775517939
1788129900,7706.25,7709.25,7705.75,7709.25,7716.356293380142
1788130800,7709,7709.5,7704.75,7705,7716.310958875631
1788131700,7704.75,7706.5,7701.25,7701.25,7716.250835287305
1788132600,7701.5,7701.75,7694.25,7699,7716.1819696773755
1788133500,7699,7699,7688.25,7688.5,7716.071462812396
1788134400,7688.75,7695,7684.5,7693.5,7715.981357172426
1788135300,7693.5,7699.5,7693.5,7699,7715.913567323434
1788136200,7698.75,7703.75,7698.25,7701.5,7715.856028132523
1788137100,7701.75,7702,7696,7697.25,7715.781752571115
1788138000,7697.5,7697.5,7686.5,7691.25,7715.683821423127
1788138900,7691,7692.75,7686.75,7689.75,7715.580293193892
1788139800,7689.75,7691.5,7686.75,7688.5,7715.472188231042
1788140700,7688.5,7690.5,7687.25,7690,7715.370502848882
1788141600,7689.75,7696.75,7687.75,7696,7715.2931754922
1788142500,7695.75,7696.25,7686.75,7690.5,7715.1942007397365
1788143400,7690,7691,7683.75,7685.75,7715.0766590202165
1788144300,7686,7692.25,7684.5,7692,7714.984536628918
1788145200,7692,7696,7691,7694,7714.900766023613
1788146100,7694,7695,7692.75,7693.25,7714.814335819926
1788147000,7693,7693.75,7690.75,7692,7714.723260627032
1788147900,7692,7693,7691,7692.75,7714.635543019738
1788148800,7693,7693.25,7691,7692.75,7714.548175582534
1788149700,7693,7693.25,7691.25,7692.5,7714.460158913542
1788150600,7692.75,7696.5,7690.75,7696.5,7714.38846167237
1788151500,7696.25,7702.25,7693.75,7700.5,7714.333018711602
1788152400,7700.5,7705.75,7699,7705.75,7714.298755163851
1788153300,7705.5,7710.5,7705,7708.25,7714.27460843665
1788154200,7708.5,7708.75,7700.25,7702.75,7714.228602015745
1788155100,7702.75,7705,7702,7704.5,7714.189765281151
1788156000,7704.75,7707.5,7702.5,7707.25,7714.162061627334
1788156900,7707.25,7709.5,7707,7709.5,7714.143450602874
1788157800,7709.5,7710.75,7707.5,7709,7714.122917865936
1788158700,7709,7712,7708.75,7711,7714.110451127948
1788159600,7710.75,7711.25,7708.25,7710.25,7714.095040145401
1788160500,7710.5,7710.75,7708,7709.25,7714.075698667774
1788161400,7709,7710.75,7708,7709,7714.0554363976435
1788162300,7709,7710,7707.25,7709.5,7714.037251022803
1788163200,7709.5,7718.5,7707.75,7710.75,7714.024128264228
1788164100,7710.75,7713,7709.25,7712.5,7714.01804391986
1788165000,7712.25,7713,7710.25,7711.25,7714.006993844332
1788165900,7711.75,7714.5,7711.25,7712.75,7714.001975904834
1788166800,7712.5,7714.5,7710.75,7713.75,7714.000970012998
1788167700,7713.75,7716,7713.25,7713.5,7713.998970132706
1788168600,7713.25,7713.5,7709.5,7710,7713.98300618008
1788169500,7710,7710.5,7706.75,7707.25,7713.956127911896
1788170400,7707.5,7709.5,7705.5,7709,7713.9363429701325
1788171300,7708.75,7709.75,7706.25,7708.5,7713.914641002188
1788172200,7708.25,7709,7706.75,7708.5,7713.893025668845
1788173100,7708.25,7711.25,7707.5,7709.75,7713.876486644219
1788174000,7709.75,7711,7707.25,7707.5,7713.851031607715
1788174900,7707.25,7711.25,7706.75,7710.5,7713.837654236028
1788175800,7710.5,7710.5,7702.75,7702.75,7713.79339214327
1788176700,7703,7704.75,7700.5,7702.25,7713.747310737508
1788177600,7702.5,7708.25,7694.25,7705,7713.712391333366
1788178500,7705.25,7709.25,7694.75,7698,7713.649667216267
1788179400,7697.75,7701.5,7691.5,7693,7713.567233415004
1788180300,7693,7695.25,7691.5,7693.75,7713.488122702768
1788181200,7693.75,7698.5,7692.75,7698.25,7713.427291873615
1788182100,7698.25,7702.5,7697.5,7701.25,7713.378679930008
1788183000,7701.25,7704.25,7685.25,7686,7713.2693838025425
1788183900,7686.25,7695,7682.5,7689.5,7713.174496042851
1788184800,7689.75,7691,7681.25,7686.25,7713.067013024716
1788185700,7686.25,7688.25,7674.75,7676.75,7712.922034928809
1788186600,7676.75,7688.75,7675.75,7686,7712.81456173548
1788187500,7686,7692,7681.5,7687.5,7712.713505600807
1788188400,7687.5,7692.5,7683.25,7685.25,7712.60387084791
1788189300,7685.5,7689.75,7681.5,7687.5,7712.503655794625
1788190200,7687.25,7688,7681.75,7686,7712.397852777481
1788191100,7686.25,7691.25,7680.75,7682,7712.276504063798
1788192000,7682,7685.75,7677.25,7685,7712.1676158240225
1788192900,7685,7687.25,7680.25,7687,7712.067146299775
1788193800,7686.75,7687.25,7679.5,7682,7711.947117771632
1788194700,7681.75,7687.75,7681.75,7686.5,7711.845532471147
1788195600,7686.5,7687.25,7683,7687.25,7711.747346712779
1788196500,7687,7688.5,7681.5,7682,7711.6285948296945
1788197400,7682,7690.5,7679.25,7690.5,7711.544249141752
1788198300,7690.5,7696.25,7689.25,7693,7711.470220203062
1788199200,7693,7695,7689.75,7695,7711.404470821014
1788200100,7694.75,7696.25,7690.75,7691,7711.323015847676
1788201000,7690.75,7692,7678,7681.5,7711.203961892196
1788201900,7681.25,7686.5,7679.5,7684.5,7711.097359249912
1788202800,7684.5,7690.25,7684.5,7689.75,7711.01214025091
1788203700,7689.75,7695.5,7687.75,7694.25,7710.94522551937
1788204600,7694.25,7700.25,7689.75,7698,7710.893547972387
1788205500,7698.25,7708.25,7693.75,7698,7710.842076722996
1788206400,7697.75,7704.75,7696.5,7701.75,7710.805781007535
1788207300,7701.5,7702.75,7700.75,7702.5,7710.772624197126
1788208200,7702.5,7703,7701,7702.5,7710.739599749233
1788209100,7702.25,7702.75,7700.25,7701.25,7710.701717115504
1788213600,7701.25,7702.75,7700,7702.25,7710.667977725821
1788214500,7702.5,7702.5,7700.75,7701.5,7710.631379012345
1788215400,7701.5,7702.75,7701.25,7701.5,7710.594926401517
1788216300,7701.75,7702.25,7700.5,7701.25,7710.557621306102
1788217200,7701,7703.25,7700.75,7702.25,7710.524457149191
1788218100,7702.25,7703,7700.5,7702.75,7710.493421392109
1788219000,7702.5,7705.25,7702,7704,7710.467499550224
1788219900,7704,7704.75,7702,7703.5,7710.439685180761
1788220800,7703.75,7707.75,7700.5,7703.75,7710.412979850698
1788221700,7703.5,7708,7702.5,7706,7710.395363164667
1788222600,7706,7707.5,7703.5,7705.5,7710.375820796745
1788223500,7705.75,7706,7704,7705,7710.354360434283
1788224400,7704.75,7705.75,7702.25,7704.75,7710.331987737939
1788225300,7704.75,7704.75,7699,7699.5,7710.288746269924
1788226200,7699.25,7705,7698,7704.5,7710.265637502379
1788227100,7704.75,7705.25,7702.5,7703.25,7710.237630965444
1788228000,7703,7703.75,7698.25,7698.75,7710.191772159194
1788228900,7698.75,7699.5,7695.5,7696.75,7710.138112390096
1788229800,7696.75,7699,7693.75,7694.5,7710.075684795724
1788230700,7694.25,7700.5,7694,7700.25,7710.036460505122
1788231600,7700.25,7700.25,7696.25,7696.25,7709.981424734642
1788232500,7696.5,7697.5,7695.5,7695.75,7709.924612659853
1788233400,7696,7697.75,7695.25,7696.75,7709.8720193957415
1788234300,7696.5,7697.75,7695.75,7696.75,7709.8196360847805
1788235200,7696.75,7698.5,7696,7696.5,7709.766463884841
1788236100,7696.5,7698,7695,7696.25,7709.712505945181
1788237000,7696.25,7697.25,7693.25,7693.5,7709.647785362566
1788237900,7693.75,7696.75,7692,7692.75,7709.580329133573
1788238800,7692.75,7693.25,7690.75,7691.75,7709.509150174957
1788239700,7691.75,7695,7690,7694.5,7709.449233407791
1788240600,7694.5,7703.25,7694,7702.75,7709.4224899610535
1788241500,7703,7706.25,7701.25,7704.5,7709.402839302526
1788242400,7704.75,7705.5,7700,7700.5,7709.367299025869
1788243300,7700.25,7700.5,7696.5,7696.75,7709.316930566684
1788244200,7696.75,7700.25,7696,7699.25,7709.276743219113
1788245100,7699.5,7699.5,7697.25,7697.5,7709.229730272131
1788246000,7697.25,7705.5,7696.5,7705,7709.212845121344
1788246900,7704.75,7705.25,7701.25,7703,7709.188043344412
1788247800,7703,7703.25,7691,7691.25,7709.116434388945
1788248700,7691,7694,7687,7690.5,7709.042117285596
1788249600,7690.5,7693,7673.5,7676.5,7708.9122086337575
1788250500,7677,7679.25,7664.5,7665.75,7708.739904407675
1788251400,7665.75,7669,7658.75,7661,7708.549325946965
1788252300,7661,7666,7658.5,7658.5,7708.349528238594
1788253200,7658.75,7660,7651.5,7652.25,7708.125578026064
1788254100,7652,7654.5,7648.5,7651,7707.8975318063995
1788255000,7651.25,7653.5,7649.5,7652.5,7707.676383974837
1788255900,7652.75,7656.25,7652.5,7653.25,7707.459112980926
1788256800,7653.5,7656.5,7650.75,7655.5,7707.251691372219
1788257700,7655.5,7662,7653.25,7660.5,7707.065057873728
1788258600,7660.5,7664.5,7658.75,7659,7706.87318139519
1788259500,7659,7662.5,7654.25,7656.5,7706.672090850698
1788260400,7656.25,7657,7652.5,7655.75,7706.468809050894
1788261300,7655.75,7658.25,7654.5,7657.25,7706.272326779234
1788262200,7657,7663.25,7656.75,7660.75,7706.090600923828
1788263100,7661,7661.5,7651.25,7652.25,7705.87566838521
1788264000,7652.25,7653,7648.5,7652.25,7705.661593860718
1788264900,7652,7654.75,7648.75,7653.25,7705.452365941114
1788265800,7653,7653,7645,7647.75,7705.222017174882
1788266700,7647.5,7651.5,7646.5,7647.5,7704.991589960611
1788267600,7647.25,7647.5,7640.5,7644,7704.748110559571
1788268500,7644,7648.75,7643,7647,7704.517579180091
1788269400,7647,7650.75,7638.75,7646.5,7704.285972077576
1788270300,7646.5,7652.75,7641.5,7647,7704.057285562296
1788271200,7647.25,7658,7644.5,7657,7703.869432126918
1788272100,7657,7667.75,7656.75,7664.75,7703.713266729205
1788273000,7664.75,7673,7664.5,7668.5,7703.572694806135
1788273900,7668.75,7670.75,7660.25,7662.25,7703.407733948625
1788274800,7662.5,7663.5,7653.75,7656.25,7703.219479521684
1788275700,7656.25,7663,7655.5,7662.75,7703.057924713214
1788276600,7663,7669.5,7661.25,7669.25,7702.9229629379115
1788277500,7669,7673.75,7668,7670,7702.791533944147
1788278400,7670,7670.5,7661.75,7662,7702.6286934892805
1788279300,7662.25,7663,7649.25,7652,7702.426582936429
1788280200,7652,7653.25,7642.5,7643.75,7702.192345080396
1788281100,7643.75,7650.75,7643,7649.5,7701.9819963974405
1788282000,7649.5,7649.5,7641.75,7646.5,7701.760511381882
1788282900,7646.25,7648.25,7635,7643.5,7701.527934490137
1788283800,7643.75,7649,7642.75,7647.25,7701.311256108939
1788284700,7647.25,7648,7641.25,7644.75,7701.085462671379
1788285600,7645,7647,7639.75,7640.25,7700.84260653297
1788286500,7640.25,7645.25,7637.25,7638.75,7700.594731856192
1788287400,7638.75,7639.5,7623.5,7624,7700.2889644635525
1788288300,7624,7635.75,7621.5,7634,7700.0243378589075
1788289200,7634,7641.75,7632.75,7641.5,7699.790707767655
1788290100,7641.5,7643,7637.5,7640.75,7699.55501631948
1788291000,7640.75,7641,7634.25,7637.75,7699.308289707426
1788291900,7637.75,7645.5,7633,7644.25,7699.08849613574
1788292800,7644,7647.25,7640.75,7644.5,7698.870577987494
1788293700,7644.5,7648.75,7644.25,7647,7698.663509811895
1788294600,7646.75,7648.75,7645,7647.5,7698.4592642637435
1788295500,7647.25,7648,7645.75,7647.5,7698.255834067082
1788300000,7645,7648,7641.5,7642.5,7698.033255887173
1788300900,7642.25,7644,7641.75,7643.25,7697.814560254889
1788301800,7643,7644.25,7642.75,7643.25,7697.596737659062
1788302700,7643.5,7647.25,7643.5,7645.25,7697.38776864645
1788303600,7645.25,7646,7645,7645.5,7697.180631845466
1788304500,7645.75,7646,7644.25,7645.75,7696.975319941892
1788305400,7646,7646.75,7645,7646.25,7696.772823654699
1788306300,7646.5,7647.25,7645.5,7646.25,7696.571135735918
1788307200,7646.5,7647,7641.75,7644.5,7696.363266930584
1788308100,7644.5,7651.5,7644,7644.25,7696.1552299368495
1788309000,7644.25,7647,7642.25,7645.5,7695.953013450076
1788309900,7645.5,7646.25,7640,7640,7695.729648126921
1788310800,7640,7642.75,7637,7638.5,7695.501186457752
1788311700,7638.25,7642.75,7638,7640.75,7695.282618847142
1788312600,7641,7642.25,7636.25,7637,7695.049953702043
1788313500,7637,7637.5,7632.25,7636.75,7694.817219355928
1788314400,7637,7637,7633.5,7636.75,7694.585414089038
1788315300,7636.5,7641.75,7636.5,7640.25,7694.368506248363
1788316200,7640.5,7640.5,7638,7640.25,7694.152464307252
1788317100,7640.25,7641.75,7639.5,7641,7693.940278820995
1788318000,7641.25,7642,7638,7640.75,7693.727942378597
1788318900,7640.75,7641,7637.75,7638,7693.505475542754
1788319800,7638.25,7638.25,7635.75,7636,7693.275912766136
1788320700,7636,7637,7634.25,7634.75,7693.042276387828
1788321600,7634.75,7635.5,7632.75,7634.5,7692.8085746856805
1788322500,7634.5,7636.25,7634,7634.25,7692.574807920468
1788323400,7634.25,7636.5,7634,7634.75,7692.343970363899
1788324300,7634.75,7636,7634.25,7635.25,7692.116050322526
1788325200,7635.5,7637.5,7632.75,7637,7691.896026169541
1788326100,7637,7640.75,7636.75,7640.5,7691.690852412377
1788327000,7640.5,7643,7637,7641.25,7691.4894917241045
1788327900,7641.5,7641.75,7635.75,7637.25,7691.272966807042
1788328800,7637.5,7639.25,7633.75,7635.75,7691.051318236954
1788329700,7636,7636.5,7631.75,7632.25,7690.816582435609
1788330600,7632.25,7643,7631.75,7639.75,7690.612723823092
1788331500,7640,7641.5,7637,7641.25,7690.415667041363
1788332400,7641.25,7647.25,7639.25,7643.75,7690.2293769533735
1788333300,7643.5,7646.5,7639.75,7643,7690.040836526414
1788334200,7642.75,7643.5,7638,7639,7689.8370806919775
1788335100,7639,7640,7635.25,7637.5,7689.6281502301335
1788336000,7637.5,7643,7636,7640,7689.43003386195
1788336900,7640,7642,7635.5,7636.5,7689.218736321583
1788337800,7636.75,7639.25,7633.5,7634.25,7688.9993002484425
1788338700,7634.25,7634.5,7623.25,7626.5,7688.749802043858
1788339600,7626.5,7633,7624.25,7624.5,7688.493315808154
1788340500,7624.5,7628.5,7623.5,7626,7688.2438414935505
1788341400,7626,7626.25,7621.5,7623,7687.98338703649
1788342300,7623,7626,7622.5,7625.75,7687.734950361693
1788343200,7625.75,7626.25,7621.25,7626,7687.488503454062
1788344100,7625.75,7628.75,7624.5,7627,7687.247032382389
1788345000,7626.75,7627.25,7622.75,7623.25,7686.99155520721
1788345900,7623.5,7626.75,7621.75,7626.75,7686.751069956882
1788346800,7626.5,7635.75,7618.5,7634.25,7686.541484847274
1788347700,7634.25,7638,7629.75,7635.75,7686.338724428721
1788348600,7636,7641.75,7635,7637.75,7686.144757464934
1788349500,7637.75,7646.25,7637.25,7646.25,7685.985496956092
1788350400,7646.25,7654,7645,7653,7685.853818325529
1788351300,7652.5,7658.75,7649,7650.25,7685.7116873142495
1788352200,7650,7650.75,7644.25,7645.25,7685.550163612396
1788353100,7645.25,7645.5,7639.25,7640.25,7685.3693246359
1788354000,7640,7645.75,7639.75,7643.75,7685.203179627373
1788354900,7643.75,7654.5,7643,7650.5,7685.0646439801585
1788355800,7650.5,7654.5,7643,7654.25,7684.941631429339
1788356700,7654,7657,7645.75,7656.75,7684.829089986508
1788357600,7656.5,7669.25,7654.75,7668.75,7684.76490200253
1788358500,7668.75,7682.5,7667,7679.5,7684.743884429666
1788359400,7679.25,7690.25,7675.5,7689.5,7684.7628709189685
1788360300,7689.5,7690,7678,7679.75,7684.742859458214
1788361200,7679.5,7684.25,7677.5,7681.75,7684.730911915467
1788362100,7681.75,7690.75,7680.25,7689.5,7684.749950191253
1788363000,7689.75,7691.25,7682.75,7683,7684.742964362146
1788363900,7683,7686,7676,7685.75,7684.746984464493
1788364800,7685.5,7685.75,7681.75,7683.25,7684.741008478607
1788365700,7683.5,7683.5,7673,7675,7684.702122217215
1788366600,7674.75,7679.5,7673.25,7673.25,7684.6564051624555
1788367500,7673.25,7678.75,7673.25,7675.5,7684.619852646837
1788368400,7675.5,7681.25,7672.25,7675.5,7684.583446049444
1788369300,7675.5,7676,7670.75,7673.75,7684.540198759826
1788370200,7673.75,7676,7670,7675.5,7684.504110142022
1788371100,7675.75,7679.5,7674,7678,7684.478145630477
1788372000,7678.25,7680.75,7673.75,7678.5,7684.454280777661
1788372900,7678.25,7687.75,7677.75,7680,7684.43649921767
1788373800,7680,7681.75,7672.75,7673.75,7684.39383854215
1788374700,7673.75,7677,7672.5,7674.5,7684.354342180704
1788375600,7674.25,7681.5,7673.25,7680.5,7684.338955585173
1788376500,7680.5,7681.75,7677,7681,7684.32562642116
1788377400,7681.25,7681.5,7676.75,7679.75,7684.307360447423
1788378300,7680,7681.25,7674,7678.25,7684.283179367792
1788379200,7678.25,7682.5,7677.25,7680.25,7684.267078851354
1788380100,7680.25,7680.25,7667.5,7671.25,7684.215114464722
1788381000,7671.25,7672.25,7669.75,7669.75,7684.157369496799
1788381900,7669.75,7672.5,7668.75,7669.25,7684.097859039726
1788386400,7673.5,7677.5,7671.5,7677.25,7684.070522277093
1788387300,7677,7680,7675.75,7678.25,7684.04728665922
1788388200,7678.25,7678.75,7677.25,7678,7684.023145794313
1788389100,7678,7678,7675.75,7676,7683.991117268188
1788390000,7676.25,7677.75,7675.25,7675.5,7683.957220592466
1788390900,7675.5,7676.75,7674.5,7676.75,7683.928449252776
1788391800,7676.75,7678,7676.25,7677.75,7683.903784784701
1788392700,7677.75,7681.25,7677.75,7679.75,7683.887202809513
1788393600,7679.75,7679.75,7675,7676,7683.855716969954
1788394500,7675.75,7675.75,7671.5,7673.25,7683.813378778457
1788395400,7673.25,7673.75,7672,7672.75,7683.769213593713
1788396300,7672.75,7673.75,7672.25,7672.75,7683.725224717092
1788397200,7672.5,7677.25,7671.75,7676.75,7683.697379508641
1788398100,7676.5,7679,7673.25,7676.5,7683.668647454714
1788399000,7676.25,7679.25,7675.25,7675.75,7683.637036087629
1788399900,7675.5,7677,7671.5,7671.75,7683.589582849754
1788400800,7671.75,7679.25,7671,7678.5,7683.569265153747
1788401700,7678.5,7679.5,7676.75,7678.5,7683.549028566307
1788402600,7678.5,7680.5,7676.5,7677,7683.522884739696
1788403500,7677,7679.75,7676.25,7678.75,7683.503831307601
1788404400,7678.5,7680.5,7677.75,7680.25,7683.490841961064
1788405300,7680.25,7683.75,7680.25,7681.25,7683.481896484173
1788406200,7681.25,7682.75,7681,7682,7683.475980729746
1788407100,7682,7683.5,7681,7683,7683.474080607072
1788408000,7683,7684.5,7682.25,7683.25,7683.473186073711
1788408900,7683.5,7683.75,7681.75,7681.75,7683.4663070873885
1788409800,7681.75,7683.5,7680.5,7681.25,7683.457459554105
1788410700,7681.25,7682,7679.25,7679.75,7683.442659316364
1788411600,7679.5,7679.75,7671,7672,7683.396980037656
1788412500,7671.75,7672,7661.25,7665.25,7683.324537003574
1788413400,7664.75,7671.75,7664.5,7670.75,7683.274339251065
1788414300,7670.75,7679,7669,7678.75,7683.25627801653
1788415200,7678.75,7680.5,7675.5,7677,7683.231302854787
1788416100,7677.25,7678.75,7675,7676.75,7683.205429390297
1788417000,7676.5,7677.5,7674.25,7676.25,7683.177663205106
1788417900,7676.25,7676.25,7672,7674.25,7683.142023831034
1788418800,7674.25,7683.5,7672.25,7679.5,7683.127484813745
1788419700,7679.5,7680.5,7675,7678.25,7683.108013816484
1788420600,7678.5,7686.25,7677.75,7684.75,7683.114568651548
1788421500,7685,7685,7676.25,7683,7683.114111291662
1788422400,7682.75,7694.5,7681.75,7687.25,7683.130621825428
1788423300,7687,7690.25,7685,7689.25,7683.155050480816
1788424200,7689.25,7689.25,7685.75,7686,7683.166407564724
1788425100,7685.75,7687,7683.25,7683.5,7683.167739271053
1788426000,7683.5,7686.75,7683.5,7686.25,7683.180043705101
1788426900,7686.5,7686.75,7682.25,7682.25,7683.176330955779
1788427800,7682.25,7683.25,7679,7680,7683.1636509918835
1788428700,7680,7680.25,7672,7673.5,7683.125073542814
1788429600,7673.75,7677.25,7671.5,7672.5,7683.082658079569
1788430500,7672.25,7673.75,7669.75,7671.25,7683.035421919571
1788431400,7671.25,7673.5,7669.25,7673,7682.995360355021
1788432300,7673,7673.25,7669.25,7673.25,7682.956456720869
1788433200,7673.25,7681.75,7670.25,7681,7682.948646514398
1788434100,7681,7685.25,7680.75,7682.5,7682.9468555103485
1788435000,7682.5,7684,7671.5,7678.75,7682.9301015961355
1788435900,7678.75,7678.75,7672.75,7673.75,7682.893454483975
1788436800,7673.5,7680.75,7673.5,7677,7682.869927719567
1788437700,7677.25,7683,7674.5,7681,7682.862462938252
1788438600,7681.25,7701.5,7680.75,7690.75,7682.893950112151
1788439500,7690.75,7704,7690.25,7701.25,7682.967227756414
1788440400,7701.25,7703.75,7694,7702.25,7683.044204891119
1788441300,7702,7706.25,7697,7704,7683.127860759817
1788442200,7704.25,7724.5,7704.25,7723.5,7683.289026984328
1788443100,7723.25,7726.5,7717,7722,7683.443561806746
1788444000,7721.75,7722,7700.5,7709.25,7683.546581520092
1788444900,7709,7716.25,7707.5,7712.25,7683.661166025002
1788445800,7712.25,7715.25,7703.75,7707.25,7683.755333026898
1788446700,7707.25,7719,7700,7718.25,7683.893036288268
1788447600,7718.25,7741.25,7718,7741.25,7684.122006203285
1788448500,7741.5,7756,7740.75,7755.5,7684.4069482942905
1788449400,7755.5,7758.5,7749,7752.25,7684.677778840022
1788450300,7752.25,7759.5,7752,7759.5,7684.976470341659
1788451200,7759.5,7759.5,7749.75,7752.75,7685.247023354266
1788452100,7752.75,7754.75,7748,7750.25,7685.506516275008
1788453000,7750.25,7758.25,7748.75,7757.5,7685.793915411635
1788453900,7757.5,7758.25,7753.25,7755,7686.070187206398
1788454800,7755,7756,7749,7750.25,7686.326394043897
1788455700,7750.25,7752.75,7747,7752.5,7686.590560135539
1788456600,7752.25,7757.75,7752.25,7756.5,7686.869639735796
1788457500,7756.5,7761,7754.75,7758.75,7687.156587281761
1788458400,7758.75,7765.5,7758.5,7764,7687.463347412373
1788459300,7764.25,7766.5,7761.25,7763,7687.764890935677
1788460200,7763.25,7765,7761,7761.75,7688.06024067246
1788461100,7761.75,7764.25,7759.75,7762.5,7688.357405380355
1788462000,7762.5,7763,7758.75,7759.5,7688.641407754086
1788462900,7759.25,7761.75,7756.75,7759.75,7688.925274389798
1788463800,7759.75,7761,7757.25,7757.5,7689.1990257894395
1788464700,7757.5,7759.5,7752,7756.25,7689.466694349162
1788465600,7756.25,7757,7751,7753.5,7689.722316327808
1788466500,7753.5,7753.75,7750,7750.25,7689.963943807537
1788467400,7750.25,7752,7750,7750.75,7690.206602714493
1788468300,7750.5,7751,7748,7749.25,7690.442304899266
1788472800,7749.75,7751.75,7748.25,7749.5,7690.678064161145
1788473700,7749.5,7751.75,7749.5,7751,7690.918870292238
1788474600,7750.75,7752.5,7750.75,7751.75,7691.161709133387
1788475500,7751.75,7753.25,7751.5,7753,7691.408568577965
1788476400,7753,7753.75,7752.25,7752.5,7691.652446547713
1788477300,7752.5,7753.25,7751.25,7752.75,7691.896348956704
1788478200,7752.75,7753.5,7752,7752.75,7692.139277703384
1788479100,7752.75,7754.25,7752,7752.75,7692.381236674628
1788480000,7752.5,7754,7750.5,7752.25,7692.620233733811
1788480900,7752,7755,7751.25,7754,7692.865262740862
1788481800,7754,7755,7753.5,7754.75,7693.1123076001795
1788482700,7754.75,7757,7754.75,7756,7693.363356272434
1788483600,7756,7756,7753.5,7754,7693.6054187224445
1788484500,7754,7756.5,7753,7756,7693.854498887225
1788485400,7756,7757.25,7755.25,7756.75,7694.105578731987
1788486300,7756.75,7756.75,7753.75,7756.5,7694.3546582580075
1788487200,7756.5,7757.5,7755,7757,7694.604739462567
1788488100,7757,7757.75,7756.25,7757.25,7694.8548203429555
1788489000,7757.5,7758.75,7755.75,7756.5,7695.1009088845
1788489900,7756.5,7758.5,7756,7758,7695.3520030606105
1788490800,7758,7758.25,7756.75,7757.25,7695.5991008527835
1788491700,7757.25,7759.25,7757.25,7757.75,7695.847208234609
1788492600,7758,7759.25,7757.75,7757.75,7696.094325167804
1788493500,7757.75,7758.25,7757,7757.5,7696.339457602264
1788494400,7757.75,7759,7756,7758.75,7696.588601484091
1788495300,7758.75,7761,7757.75,7760.75,7696.8447348115
1788496200,7760.75,7761.75,7759.75,7760.25,7697.097849642591
1788497100,7760.25,7761.5,7759.5,7761.25,7697.353946051204
1788498000,7761.25,7763.25,7760.5,7762.75,7697.615008142816
1788498900,7762.75,7764.5,7762.25,7762.5,7697.874030066398
1788499800,7762.5,7763.75,7762,7762.25,7698.131019966332
1788500700,7762.5,7763,7759.5,7761.5,7698.3839899465065
1788501600,7761.25,7763.75,7760.75,7763.5,7698.643934098417
1788502500,7763.5,7764,7760.75,7762.75,7698.899846537146
1788503400,7762.5,7762.75,7759,7759.5,7699.141763317437
1788504300,7759.5,7759.5,7755,7755.75,7699.367744302198
1788505200,7755.75,7759.25,7754.75,7758.25,7699.602803207179
1788506100,7758.5,7759.75,7756.25,7759.5,7699.841913773218
1788507000,7759.75,7762.75,7759.25,7762,7700.09004984598
1788507900,7761.75,7763,7758.75,7759.75,7700.328213319648
1788508800,7760,7761,7758.5,7759.25,7700.563430032943
1788509700,7759.5,7761.75,7758.75,7761.5,7700.80668979329
1788510600,7761.5,7762.25,7759,7761,7701.046982448806
1788511500,7761,7763,7759.75,7762,7701.290307868172
1788512400,7762,7762.25,7757.75,7758,7701.516693864706
1788513300,7758,7759,7755.5,7756.5,7701.7361881007755
1788514200,7756.5,7758.75,7755.5,7758,7701.960794136301
1788515100,7758,7759.75,7757.5,7758.25,7702.185501544938
1788516000,7758.25,7760.75,7758.25,7760,7702.416297945956
1788516900,7760,7763.25,7759.25,7761.25,7702.651163024017
1788517800,7761,7762.25,7759,7761.25,7702.885090516935
1788518700,7761,7763.75,7761,7761.75,7703.120080175549
1788519600,7761.75,7762.25,7757.25,7758.25,7703.3401596958065
1788520500,7758.25,7760.5,7758.25,7758.5,7703.560358659097
1788521400,7758.75,7761,7758.75,7760.5,7703.787662616545
1788522300,7760.5,7764,7760.25,7762,7704.020047196918
1788523200,7762,7763,7749.75,7750.25,7704.204597906711
1788524100,7750.25,7761.5,7748.5,7758.75,7704.422344022852
1788525000,7760.75,7762,7732,7739.5,7704.562374585635
1788525900,7739.75,7740.5,7731.25,7738.25,7704.696856124215
1788526800,7738.25,7739.5,7733.75,7738.5,7704.831798814337
1788527700,7738.25,7743.25,7737.75,7742,7704.980174866974
1788528600,7742.25,7751,7739.75,7743.5,7705.133946623992
1788529500,7743.5,7748.25,7740.25,7745,7705.293092545653
1788530400,7745,7745.5,7730.25,7738.5,7705.425655050461
1788531300,7738.25,7739,7729.5,7734.25,7705.540722295768
1788532200,7734.25,7735.25,7724.5,7725,7705.618404043091
1788533100,7725,7727,7715,7716.25,7705.660845543916
1788534000,7716.25,7721.5,7712.25,7721.25,7705.723077697434
1788534900,7721.25,7722,7712.75,7716.25,7705.765101339361
1788535800,7716.5,7722.5,7711.75,7721.75,7705.828913310062
1788536700,7721.75,7722.75,7718.25,7721.25,7705.8904745343725
1788537600,7721.25,7729.5,7720.25,7729.25,7705.983726133038
1788538500,7729.5,7733.5,7727.5,7728.5,7706.073611457856
1788539400,7728.5,7731.75,7727.25,7731.25,7706.174116002934
1788540300,7731.25,7735.25,7730.5,7730.75,7706.272223324279
1788541200,7730.75,7731.5,7724.75,7725.5,7706.348980915799
1788542100,7725.5,7726.75,7719.75,7720.5,7706.4054720099475
1788543000,7720.5,7720.5,7714.5,7715,7706.4397815029215
1788543900,7714.75,7717,7712.75,7716.25,7706.478944051812
1788544800,7716,7719,7713.5,7718.25,7706.525934295118
1788545700,7718.25,7721.5,7717.5,7720.5,7706.58171898855
1788546600,7720.75,7723.75,7719.5,7723.25,7706.648259032508
1788547500,7723.5,7725.75,7722.5,7724.25,7706.718525463516
1788548400,7724.25,7726,7717.5,7718,7706.763561290009
1788549300,7718,7722.5,7717.5,7722,7706.824385396636
1788550200,7721.75,7722.5,7718,7720.75,7706.879976672498
1788551100,7721,7726.75,7719.25,7723.75,7706.947322075003
1788552000,7723.75,7724.25,7716.25,7718.5,7706.993440549753
1788552900,7718.75,7719.25,7716,7716.25,7707.030392882888
1788553800,7716.25,7716.5,7713.75,7715.75,7707.065201693735
1788554700,7716,7717,7714.5,7715,7707.096877535277
1788732000,7715.5,7723.75,7715.25,7721.75,7707.1553730341375
1788732900,7721.5,7722.25,7721.25,7721.25,7707.211639010049
1788733800,7721.5,7722.5,7721,7721.75,7707.26967637927
1788734700,7722,7723,7721.75,7722,7707.328480066379
1788735600,7722,7723,7721.25,7721.25,7707.384054996253
1788736500,7721.25,7722,7719.5,7720,7707.43441805016
1788737400,7719.75,7722.5,7719,7722,7707.492564085888
1788738300,7722,7722.5,7719,7720,7707.542493969777
1788739200,7720,7723.25,7718.25,7721.75,7707.599210560716
1788740100,7721.75,7722.5,7718,7718.25,7707.64172868223
1788741000,7718.25,7719.5,7716.25,7718.75,7707.6860730787075
1788741900,7718.75,7719.75,7716.5,7716.75,7707.722256419711
1788742800,7717,7720.25,7715.5,7716.5,7707.757297312247
1788743700,7716.25,7719.75,7715.25,7719.75,7707.805172372877
1788744600,7719.75,7721.25,7718.75,7720,7707.853854319492
1788745500,7720,7720.5,7719,7720.25,7707.903339930991
1788746400,7720.5,7720.75,7718.5,7719.25,7707.948635979171
1788747300,7719.5,7719.75,7717,7719,7707.9927532008105
1788748200,7719,7721.75,7719,7720.5,7708.042682329749
1788749100,7720.5,7720.5,7716,7716.25,7708.075446072944
1788750000,7716.25,7716.25,7712.75,7714,7708.099096986824
1788750900,7714,7717.75,7713.75,7717.25,7708.135627537775
1788751800,7717,7720.75,7715.5,7715.75,7708.1660242342305
1788752700,7715.5,7716.75,7714,7714.75,7708.192307570621
1788753600,7714.75,7714.75,7712.75,7713.5,7708.213495963552
1788754500,7713.5,7713.75,7711.25,7712.25,7708.229609752121
1788755400,7712.25,7712.5,7709.75,7711.5,7708.242665202212
1788756300,7711.5,7714.5,7711.25,7714.25,7708.266646578651
1788757200,7714,7714,7711.25,7712.25,7708.282548189115
1788758100,7712,7716.25,7711.25,7715.75,7708.312358375985
1788759000,7715.75,7720,7715.5,7719.75,7708.358017623986
1788759900,7719.75,7720.25,7715.25,7715.5,7708.386528531674
1788760800,7715.5,7719.25,7714,7719,7708.428897679252
1788761700,7719,7720.75,7718.25,7719.75,7708.474091700493
1788762600,7719.75,7725,7719.25,7722.25,7708.529085346399
1788763500,7722.5,7724,7720,7724,7708.590845484737
1788764400,7724,7728.5,7722.5,7725.25,7708.657349095576
1788765300,7725.25,7725.25,7720.75,7720.75,7708.705623151083
1788766200,7720.75,7723,7716.5,7718.25,7708.74372445587
1788767100,7718.25,7724.75,7717.75,7724,7708.804627751455
1788768000,7724,7724.75,7719,7721.5,7708.8553078801915
1788768900,7721.5,7723.75,7721.25,7722.25,7708.9087797050215
1788769800,7722.25,7723,7720.75,7720.75,7708.95605004552
1788770700,7721,7722.25,7719,7720.75,7709.003131682065
1788771600,7721,7721.75,7719.25,7719.75,7709.046033351997
1788772500,7719.5,7719.75,7716.25,7717.5,7709.079781721849
1788773400,7717.5,7719.25,7715,7718.5,7709.117387383638
1788774300,7718.75,7719,7716.5,7716.75,7709.147856895081
1788775200,7717,7719.25,7716.5,7718.5,7709.185190799691
1788776100,7718.5,7720.25,7718,7718,7709.220379658774
1788777000,7718,7719,7716.25,7718,7709.25542804337
1788777900,7717.75,7718.25,7710.5,7712,7709.266384418446
1788778800,7712,7712.5,7706.75,7711.25,7709.274303043522
1788779700,7711.25,7711.5,7705,7707.25,7709.266221993448
1788780600,7707.25,7709.25,7705.25,7707.5,7709.259171207047
1788781500,7707.5,7709.25,7704.5,7705,7709.242168527578
1788782400,7705,7709,7704.5,7704.75,7709.224235719084
1788783300,7704.5,7705.5,7703.5,7705,7709.207372502641
1788784200,7705,7707.5,7704.75,7706.25,7709.1955666243875
1788785100,7706.5,7713,7706.5,7711.25,7709.203767955229
1788786000,7711,7714,7708.75,7713.5,7709.220918582154
1788786900,7713.75,7716.25,7711,7714.5,7709.241992759471
1788787800,7714.75,7717.25,7712,7713.25,7709.257992788375
1788788700,7713.5,7714.75,7712.75,7713.5,7709.2749269489
1788789600,7713.5,7715.75,7709.75,7710.5,7709.279817460082
1788790500,7710.5,7711.25,7708.75,7710,7709.282692440282
1788791400,7710.25,7712,7706.5,7711.25,7709.290545963474
1788792300,7711.25,7711.25,7704.5,7704.5,7709.271422027492
1788793200,7704.5,7707.75,7704.25,7705.5,7709.256366450536
1788794100,7705.25,7707,7703.5,7705.5,7709.241370975684
1788795000,7705.5,7708.5,7705.5,7707.5,7709.234419394943
1788795900,7707.75,7707.75,7705.5,7707.25,7709.2264975610315
1788796800,7707.5,7708.75,7706.5,7708.75,7709.224595375159
1788797700,7709,7709.5,7707,7707.75,7709.218708766875
1788798600,7707.75,7710.25,7707.5,7709.75,7709.220829689962
1788799500,7709.75,7710,7708.25,7708.75,7709.218950130321
1788818400,7710,7710.75,7707.25,7708.75,7709.2170780739125
1788819300,7708.75,7709,7705.5,7706,7709.204235446871
1788820200,7706,7706,7702.5,7705,7709.187452071834
1788821100,7705,7705.75,7703.5,7704.75,7709.169737692306
1788822000,7704.75,7705.5,7703,7703.75,7709.148102012895
1788822900,7703.5,7704,7698.25,7703.5,7709.12555469947
1788823800,7703.25,7710,7702,7709.75,7709.128047495081
1788824700,7709.5,7713,7708.75,7712.25,7709.140510379332
1788825600,7712,7714.75,7709.5,7710,7709.143941475622
1788826500,7710,7711,7704.25,7710.5,7709.149354882905
1788827400,7710.75,7713.25,7709.5,7711.5,7709.158738695747
1788828300,7711.75,7712.75,7710.5,7711,7709.166089040275
1788829200,7711,7711.75,7703.75,7711.25,7709.174408046103
1788830100,7711.25,7713.5,7709.5,7712.5,7709.187683862287
1788831000,7712.75,7717.75,7712,7716,7709.214878737088
1788831900,7716,7720.75,7715.5,7720.5,7709.259929121371
1788832800,7720.5,7721.25,7717.75,7718.75,7709.297813635857
1788833700,7718.75,7721.25,7718.5,7719,7709.336544918748
1788834600,7719,7719.75,7717.5,7717.5,7709.369133561787
1788835500,7717.75,7718.25,7712.75,7713,7709.383628038586
1788836400,7713.25,7718,7713,7717.5,7709.416028725059
1788837300,7717.5,7723,7717.25,7722.75,7709.469258151306
1788838200,7722.5,7723.25,7720.25,7721.5,7709.517285064874
1788839100,7721.25,7723,7720,7722.5,7709.569112270204
1788840000,7722.5,7723.75,7721.25,7723,7709.622728588486
1788840900,7723,7725,7722.25,7724,7709.680122885538
1788841800,7723.75,7725.5,7721.25,7725,7709.741280079608
1788842700,7725,7725.75,7722.25,7723.25,7709.795207105239
1788843600,7723.25,7723.5,7715.5,7716.25,7709.820974741545
1788844500,7716.5,7722.5,7715,7716.5,7709.847637517028
1788845400,7716.25,7716.25,7709,7709.5,7709.846249742509
1788846300,7709.5,7711,7705,7705.5,7709.8288994441355
1788847200,7705.75,7707,7700.5,7701.75,7709.79664834855
1788848100,7701.5,7702.75,7694.75,7697.75,7709.748557935981
1788849000,7697.75,7703.75,7695,7702.75,7709.720619580947
1788849900,7702.75,7704.75,7701,7703.25,7709.694788764256
1788850800,7703.5,7710.5,7701.25,7705.5,7709.678043100527
1788851700,7705.25,7706.25,7702.25,7704.5,7709.657372269787
1788852600,7704.5,7704.75,7693.5,7696,7709.6028518216035
1788853500,7696,7696.5,7690,7692.25,7709.53357896004
1788854400,7692.25,7696.5,7687.5,7692.75,7709.46657864483
1788855300,7693,7695.25,7690.25,7690.75,7709.391861764013
1788856200,7690.5,7694.25,7688.25,7690,7709.314449142201
1788857100,7689.75,7695.5,7688.25,7692.5,7709.247325592731
1788858000,7692.5,7699,7689,7697.75,7709.201428085375
1788858900,7697.75,7700.5,7696,7700.25,7709.165693841521
1788859800,7700.25,7706.75,7699.5,7703,7709.141080293251
1788860700,7703,7709,7702.75,7709,7709.140517098468
1788861600,7709,7709,7703.75,7705.75,7709.126982100071
1788862500,7705.75,7718.25,7705,7706.75,7709.117493149572
1788863400,7707,7707,7701.25,7703.25,7709.094070023226
1788864300,7703,7703,7695.75,7698.5,7709.051778326527
1788865200,7698.75,7702,7693,7695.5,7708.997679411052
1788866100,7695.5,7700.5,7695.5,7698,7708.953776499231
1788867000,7698.25,7701.25,7696.75,7697.75,7708.909050844543
1788867900,7698,7706.25,7695.75,7705.75,7708.896439863128
1788868800,7706,7706,7697.75,7698,7708.8529411012
1788869700,7698.25,7705.5,7696.25,7705.5,7708.839556106784
1788870600,7705.5,7710.5,7705,7710.5,7708.846184625319
1788871500,7710.5,7714.25,7708.5,7714,7708.866758738592
1788872400,7714,7715,7711,7713.5,7708.885254711691
1788873300,7713.5,7715.5,7709.75,7711.25,7708.894694812642
1788874200,7711.5,7717.75,7691.25,7693.5,7708.833238945127
1788875100,7693.5,7701.25,7688.25,7695,7708.7780164343685
1788876000,7695,7696.75,7680,7685,7708.683094213074
1788876900,7684.75,7692,7681.25,7687.25,7708.59753295873
1788877800,7687.25,7692.5,7684.5,7691.5,7708.529279334144
1788878700,7691.75,7700,7686.75,7696.75,7708.48225626295
1788879600,7697,7703.75,7695,7700.75,7708.4513889724785
1788880500,7700.75,7704,7693.75,7698.75,7708.412660872788
1788881400,7698.75,7701.25,7694,7700.25,7708.380075400242
1788882300,7700.5,7701,7693.75,7694.25,7708.323667913614
1788883200,7694.25,7698.25,7690.5,7692.75,7708.261497582622
1788884100,7692.75,7697,7688.25,7691.75,7708.195583420616
1788885000,7691.5,7693.75,7688.5,7690.75,7708.125940373028
1788885900,7690.75,7697,7685.75,7690,7708.053581329623
1788886800,7689.75,7701.75,7689.75,7696.75,7708.008457252458
1788887700,7696.75,7697.75,7692.5,7695.25,7707.957525287378
1788888600,7695.5,7699.5,7693.75,7694.25,7707.902804627549
1788889500,7694,7699,7694,7695.25,7707.852294429435
1788890400,7695.25,7699.25,7695,7698,7707.81296391275
1788891300,7698,7699.5,7695.5,7698.25,7707.774788408108
1788892200,7698.25,7698.5,7691,7695.75,7707.72678526077
1788893100,7695.75,7696.75,7676.75,7688,7707.64803561901
1788894000,7688.25,7691.5,7685.25,7689.5,7707.575588371031
1788894900,7689.5,7691.25,7685.5,7690.75,7707.508420353582
1788895800,7690.5,7692.25,7687.5,7689,7707.434534443986
1788896700,7688.75,7689.75,7672.25,7681,7707.329007360378
1788897600,7681,7683,7673.75,7678.75,7707.214919506643
1788898500,7678.75,7679.75,7674.5,7675.5,7707.088313041547
1788899400,7675.75,7677.75,7674,7677.5,7706.970196023417
1788900300,7677.5,7679.25,7676.75,7678.25,7706.855544542285
1788904800,7681,7681,7676.5,7678.5,7706.74234875569
1788905700,7678.25,7680.25,7677.75,7679.5,7706.63359686445
1788906600,7679.5,7680,7678.25,7679.5,7706.525279112496
1788907500,7679.25,7682.75,7679.25,7682.5,7706.429369814641
1788908400,7682.5,7682.75,7680,7680.25,7706.324861352307
1788909300,7680.25,7680.25,7677.75,7678,7706.211788053496
1788910200,7678,7678.5,7675.5,7676,7706.091182113163
1788911100,7676,7676.75,7672.75,7674.5,7705.965069609717
1788912000,7674.75,7684.25,7674.5,7681,7705.8654086531915
1788912900,7681,7681,7676.25,7678.25,7705.7551675008835
1788913800,7678,7680,7675.25,7679.75,7705.651354456968
1788914700,7679.75,7682.5,7678.5,7682.25,7705.557935876302
1788915600,7682.25,7684.25,7681.25,7683.25,7705.4688822400685
1788916500,7683.25,7687,7682.75,7685.75,7705.390164147294
1788917400,7685.75,7687.75,7684.75,7684.75,7705.307768282434
1788918300,7684.75,7686.75,7683.75,7685.25,7705.227697351167
1788919200,7685.25,7687,7684,7684.5,7705.14495205236
1788920100,7684.5,7686,7682.75,7685.25,7705.065531086083
1788921000,7685.25,7687,7684.5,7686.5,7704.991417189532
1788921900,7686.5,7687.25,7685.75,7686,7704.915603148855
1788922800,7686,7686.5,7682.75,7683.75,7704.831109723111
1788923700,7684,7686,7684,7685,7704.751943616432
1788924600,7684.75,7685.75,7683.75,7685,7704.673093542115
1788925500,7684.75,7685.25,7682,7682.5,7704.584578198634
1788926400,7682.5,7685,7680.5,7681.5,7704.492424193849
1788927300,7681.5,7686.75,7681.25,7685.5,7704.416606133194
1788928200,7685.5,7688.25,7684.25,7688,7704.351070779369
1788929100,7688,7689.75,7687.75,7688.75,7704.288791055699
1788930000,7688.75,7689,7686.75,7688.25,7704.224763945696
1788930900,7688.25,7688.25,7683.75,7686,7704.152010397011
1788931800,7686.25,7687.5,7684,7686.25,7704.080545285646
1788932700,7686,7691,7685.75,7691,7704.028327539994
1788933600,7691,7691.25,7687.5,7690.5,7703.974322240433
1788934500,7690.5,7690.75,7684.5,7685.25,7703.8995744470585
1788935400,7685.25,7688.5,7684.5,7688.25,7703.837101095973
1788936300,7688.25,7688.5,7684.75,7685.25,7703.762901091598
1788937200,7685.25,7691.25,7683,7684.75,7703.687001286841
1788938100,7685,7691,7683.5,7691,7703.636354575117
1788939000,7690.75,7691,7686.25,7687,7703.569941982003
1788939900,7687,7687,7681.5,7685.25,7703.496808481077
1788940800,7685.25,7687.75,7683.25,7683.75,7703.417978906303
1788941700,7684,7685.75,7681,7684.75,7703.343456036418
1788942600,7684.75,7686,7678.5,7678.5,7703.244280563218
1788943500,7678.5,7683.25,7677.75,7682,7703.15947305598
1788944400,7682,7683.75,7677.75,7680.75,7703.070014081704
1788945300,7680.75,7681.75,7675,7677.25,7702.966940173194
1788946200,7677.25,7679.5,7669.5,7670.5,7702.837331629589
1788947100,7670.25,7671.75,7657,7659.25,7702.663330305719
1788948000,7659.5,7664.5,7655.75,7659.75,7702.492019605896
1788948900,7659.5,7665,7657.5,7661,7702.326382801081
1788949800,7661,7661.25,7654.5,7654.75,7702.136457121237
1788950700,7654.75,7655,7647.25,7650,7701.928327551891
1788951600,7650,7657.5,7649,7654.25,7701.737994906974
1788952500,7654.5,7658.5,7649.75,7656,7701.555408100958
1788953400,7656,7656,7650.5,7651.25,7701.354588108538
1788954300,7651,7663.5,7651,7652.75,7701.160557816688
1788955200,7652.75,7653.5,7644.5,7644.75,7700.935365969117
1788956100,7644.75,7649.75,7644.75,7647,7700.720055126925
1788957000,7646.75,7654,7645.75,7652.75,7700.52855790087
1788957900,7652.5,7657,7652.5,7655.5,7700.34880317871
1788958800,7655.5,7659.25,7654,7656.5,7700.17375805624
1788959700,7656.5,7662.25,7655,7660.5,7700.015379780567
1788960600,7660.75,7663.75,7651.75,7656.75,7699.842663693618
1788961500,7656.75,7662,7654,7661,7699.687603159911
1788962400,7660.75,7662,7653.5,7658.75,7699.524179594403
1788963300,7658.5,7660.75,7644.5,7659.5,7699.364402430353
1788964200,7659.5,7660,7652.25,7657.5,7699.197279067358
1788965100,7657.5,7659.25,7654,7657.75,7699.031820867488
1788966000,7658,7665,7633.5,7636,7698.780196832089
1788966900,7635.75,7641.5,7628.75,7635.25,7698.5265832718815
1788967800,7635.25,7650.75,7634.5,7642.25,7698.301926252832
1788968700,7642.25,7646.25,7638.25,7641.5,7698.075172056214
1788969600,7641.5,7643.75,7633.75,7636,7697.827366978146
1788970500,7636,7638,7632.75,7635.75,7697.5795531379135
1788971400,7635.75,7644.5,7635.5,7644.25,7697.366660710217
1788972300,7644.5,7648.75,7641.5,7645.75,7697.160606176443
1788973200,7645.75,7652.25,7643.5,7651.25,7696.9773303034835
1788974100,7651.5,7653,7647.5,7649,7696.785804034807
1788975000,7649.25,7650.5,7643.5,7648.75,7696.594044338061
1788975900,7649,7653.25,7648.75,7650.25,7696.409038173039
1788976800,7650.25,7652,7643.75,7644,7696.199820455781
1788977700,7644,7650.5,7642.75,7648.5,7696.009402010848
1788978600,7648.25,7653,7645.75,7651.75,7695.832717771284
1788979500,7651.5,7653.75,7648.75,7648.75,7695.6447628101205
1788980400,7648.75,7651.5,7646.25,7649.5,7695.4605521801395
1788981300,7649.75,7654.5,7649.5,7651.25,7695.28406294988
1788982200,7651.25,7652.25,7646,7648.25,7695.096302219541
1788983100,7648.25,7649.75,7641.25,7644.75,7694.895318977147
1788984000,7644.5,7647.25,7642.5,7646,7694.700128083027
1788984900,7646.25,7646.5,7644.75,7645.25,7694.502722382097
1788985800,7645.25,7647.75,7645,7646.75,7694.312092751829
1788986700,7647,7648.25,7645.75,7648,7694.12721413805
1788991200,7646.5,7651,7646.25,7646.75,7693.938083542688
1788992100,7647,7647.25,7645.75,7646,7693.746713947708
1788993000,7646,7647.75,7646,7647.5,7693.562096327158
1788993900,7647.5,7648,7646.25,7647,7693.376219695113
1788994800,7647,7647.25,7646.25,7646.25,7693.188091073575
1788995700,7646.25,7648,7645.75,7647.25,7693.004705480467
1788996600,7647.5,7648.25,7647.25,7648,7692.825045977551
1788997500,7648,7653,7647.25,7652,7692.662071742112
1788998400,7652.25,7654.75,7650.5,7651.75,7692.498750098431
1788999300,7651.75,7656.5,7651.5,7656.25,7692.354044509216
1789000200,7656,7656.25,7652.25,7654.25,7692.201932555087
1789001100,7654,7654,7647.25,7647.5,7692.023481726524
1789002000,7647.5,7650.5,7646.25,7648,7691.847739284502
1789002900,7648,7650.5,7644.75,7645.5,7691.662718369194
1789003800,7645.5,7649.75,7644,7649.25,7691.493406120216
1789004700,7649,7652,7648.25,7651.5,7691.333751804366
1789005600,7651.5,7652.25,7648.5,7651.25,7691.173736827103
1789006500,7651,7651.25,7648.25,7649,7691.005378596256
1789007400,7649,7655.5,7648.75,7654.25,7690.858650537988
1789008300,7654,7655,7653,7654.5,7690.713506224463
1789009200,7654.5,7656.75,7654.25,7654.5,7690.568941329356
1789010100,7654.5,7656,7652,7654.25,7690.423955535626
1789011000,7654,7655,7653.25,7654.75,7690.281544535484
1789011900,7654.75,7656.75,7654.5,7656.5,7690.146688070272
1789012800,7656.5,7657.5,7655.5,7656.75,7690.013367958215
1789013700,7656.75,7657.25,7655,7656.25,7689.8785840541905
1789014600,7656.25,7657.75,7655.75,7656,7689.74334020567
1789015500,7656.25,7660,7656,7659,7689.620612300658
1789016400,7659,7660.5,7657.75,7660,7689.502366343369
1789017300,7660,7663,7659.25,7662.75,7689.395570469743
1789018200,7663,7664.75,7661.25,7662.75,7689.289200926949
1789019100,7663,7665.75,7661,7663.5,7689.186250025045
1789020000,7663.5,7664.75,7661,7661.5,7689.07572607285
1789020900,7661.75,7663.5,7659.25,7663.5,7688.973627365972
1789021800,7663.75,7666.25,7662.75,7664.75,7688.876926258722
1789022700,7664.75,7666.25,7663,7664,7688.777617171861
1789023600,7664,7664,7660,7662.75,7688.6737145085
1789024500,7662.75,7664,7657.5,7657.75,7688.55026654639
1789025400,7657.75,7660.75,7656.25,7660.5,7688.438289434428
1789026300,7660.5,7661.25,7658.5,7659.25,7688.321769316925
1789027200,7659.5,7662.5,7657.5,7658,7688.200724329632
1789028100,7658,7660.75,7656.5,7660,7688.088146587797
1789029000,7660.25,7661,7652.75,7653.5,7687.950070154313
1789029900,7653.75,7655.25,7651.25,7652.5,7687.808552908188
1789030800,7652.5,7655.5,7651.25,7652.75,7687.668598605162
1789031700,7653,7654.25,7649.75,7650.5,7687.520220966019
1789032600,7650.25,7650.75,7646,7650.5,7687.372435652782
1789033500,7650.5,7654.75,7650.25,7652,7687.231228324827
1789034400,7652,7654,7649.75,7650.5,7687.0845966748275
1789035300,7650.5,7653.5,7650.5,7651,7686.940546388701
1789036200,7651.25,7653.25,7647.25,7651.25,7686.798069157608
1789037100,7651.25,7657,7646.25,7648.25,7686.644184649993
1789038000,7648,7648.75,7642.75,7645.25,7686.478938403885
1789038900,7645,7645.75,7642.5,7643,7686.305369787502
1789039800,7643.25,7648.5,7643,7644.5,7686.138482083759
1789040700,7644.5,7645.75,7632,7632,7685.922360398794
1789041600,7632,7635,7628.75,7632.75,7685.710095487022
1789042500,7633,7633.75,7623.75,7625.75,7685.4707338283915
1789043400,7627,7630,7598.75,7602.5,7685.139513334067
1789044300,7602.5,7606.75,7597.75,7601.5,7684.805623061276
1789045200,7601.5,7609,7600.5,7601,7684.471069675801
1789046100,7600.75,7603.5,7595,7598.75,7684.128869796856
1789047000,7599,7606.75,7593.75,7600.25,7683.794024009244
1789047900,7600.25,7609,7586,7586.75,7683.406622715794
1789048800,7586.75,7597,7585.5,7593,7683.045718034294
1789049700,7592.75,7620,7590.5,7606.25,7682.739148301622
1789050600,7606.25,7615.5,7605.5,7607.75,7682.4397904241705
1789051500,7607.75,7614.5,7603.75,7613.5,7682.164581679962
1789052400,7613.25,7614,7604.75,7609.75,7681.875501513575
1789053300,7609.75,7615,7605.75,7611.25,7681.59356338378
1789054200,7611.5,7619.25,7609.25,7613.25,7681.320734787438
1789055100,7613.5,7614.75,7601.25,7604.75,7681.01506319148
1789056000,7605,7610.25,7597.5,7600.5,7680.69364577355
1789056900,7600.25,7603.75,7597,7600.25,7680.372513455093
1789057800,7600,7608.5,7591.5,7607.25,7680.080607213756
1789058700,7607.25,7613,7606.25,7611.5,7679.806832334659
1789059600,7611.25,7617.75,7607,7609.5,7679.526166337315
1789060500,7609.5,7611.25,7604.25,7605.25,7679.229654695249
1789061400,7605,7607.25,7599.5,7603.5,7678.92734070445
1789062300,7603.75,7605,7601.25,7602.25,7678.621243535969
1789063200,7602.25,7605.25,7594.25,7596.5,7678.293414220457
1789064100,7596.25,7600,7594,7596.75,7677.967891608798
1789065000,7596.5,7598.75,7591.75,7597.75,7677.647660504571
1789065900,7597.5,7603.5,7593.5,7597,7677.3257137560495
1789066800,7597,7599.5,7592.5,7597.5,7677.007048232073
1789067700,7597.75,7599.25,7593,7595.75,7676.682668798013
1789068600,7595.75,7602.75,7594.25,7600,7676.376550359698
1789069500,7600.25,7602.75,7595.75,7598.75,7676.066663931117
1789070400,7598.5,7606.25,7595.75,7605.75,7675.785958685883
1789071300,7606,7606.5,7603.25,7603.5,7675.497391984542
1789072200,7603.75,7605,7603.25,7604,7675.211973254065
1789073100,7604.25,7605.5,7599.25,7602,7674.919709887781
1789077600,7599.5,7603.75,7599.5,7602.75,7674.631607253498
1789078500,7602.5,7607.25,7601,7601,7674.337668701588
1789079400,7601,7602,7598.75,7599,7674.036919525134
1789080300,7599,7602,7598.25,7599.75,7673.740364956172
1789081200,7599.5,7601.5,7599.25,7601.25,7673.4509822617365
1789082100,7601.25,7601.75,7599.5,7600.25,7673.15876277167
1789083000,7600.25,7601.75,7599.75,7601,7672.87070383845
1789083900,7601,7601,7594.5,7595,7672.559842745282
1789084800,7595,7606.25,7594.25,7604.25,7672.287148762267
1789085700,7604.5,7609,7603,7608.5,7672.03250944585
1789086600,7608.5,7612.25,7605.25,7606.75,7671.7719006257075
1789087500,7607,7613.75,7606.75,7613.25,7671.538280263928
1789088400,7613.25,7616.25,7612.5,7613.25,7671.3055925183635
1789089300,7613.25,7613.5,7609,7609.25,7671.057865602123
1789090200,7609.25,7611.5,7606.75,7608.5,7670.808133603711
1789091100,7608.5,7610,7606.75,7610,7670.565386563377
1789092000,7610,7611.25,7608.5,7610,7670.323608573104
1789092900,7610.25,7610.25,7605,7606.25,7670.067825704549
1789093800,7606.25,7606.75,7602.25,7603,7669.8000898733935
1789094700,7603.25,7608,7602.5,7603.75,7669.536416859927
1789095600,7603.5,7604.25,7599.75,7602.25,7669.267808409389
1789096500,7602,7603.5,7600,7601.25,7668.996280232106
1789097400,7601.25,7604.25,7597.75,7603.75,7668.735816039562
1789098300,7603.75,7604,7599.25,7601,7668.465413580323
1789099200,7600.75,7607.25,7598.5,7606.75,7668.219044663835
1789100100,7606.5,7611,7604.75,7610.75,7667.989627319867
1789101000,7610.75,7612.5,7610,7612.5,7667.768111841545
1789101900,7612.5,7614.5,7611,7611.25,7667.542490636589
1789102800,7611,7616.5,7610.75,7616.25,7667.337730194926
1789103700,7616.25,7617,7611.5,7612,7667.1168210923515
1789104600,7612,7620.75,7612,7620.25,7666.929727994178
1789105500,7620,7627.5,7617.5,7626,7666.766335866457
1789106400,7626,7629.5,7622.5,7627.75,7666.610582030663
1789107300,7628,7629,7625.25,7627,7666.452455954693
1789108200,7627,7629,7623.75,7626.25,7666.2919671085665
1789109100,7626.5,7632.25,7626.5,7631,7666.1510810123245
1789110000,7631,7633,7629,7630.5,7666.008761327645
1789110900,7630.5,7631.5,7627,7627,7665.85303772953
1789111800,7627,7629,7625.25,7626.25,7665.69494177053
1789112700,7626,7627.5,7624.5,7626.75,7665.539472941106
1789113600,7626.75,7630.25,7623.25,7627,7665.3856227497245
1789114500,7627,7644.25,7626,7631.25,7665.249352798628
1789115400,7631.25,7638,7631.25,7634.5,7665.126600891248
1789116300,7634.5,7643.75,7633.5,7643.75,7665.041265159147
1789117200,7643.75,7647.75,7637.25,7637.5,7664.931319988851
1789118100,7637.25,7640.25,7636.5,7638.75,7664.826803741391
1789119000,7638.75,7640.75,7638.5,7639.25,7664.724700732443
1789119900,7639.25,7642.25,7638.75,7641,7664.629991348282
1789120800,7640.75,7645.25,7635.5,7642.25,7664.540650065454
1789121700,7642.5,7643.5,7639.75,7640.75,7664.445677410503
1789122600,7640.75,7643.5,7640,7640,7664.34808987593
1789123500,7640,7640,7638,7638.5,7664.2449038884015
1789124400,7638.75,7639.5,7635.5,7636.25,7664.1331477850545
1789125300,7636.25,7641.25,7635.5,7639.5,7664.034811865753
1789126200,7639.5,7640.5,7635.75,7640.5,7663.940860520979
1789127100,7640.75,7642.5,7637.75,7640.75,7663.848282235466
1789128000,7640.75,7644,7637.5,7641.75,7663.760065539916
1789128900,7641.75,7657.5,7640.75,7653.75,7663.720105198438
1789129800,7653.5,7655.25,7620.5,7646.5,7663.651362263515
1789130700,7646.75,7677.5,7644.75,7676.25,7663.701656226534
1789131600,7676.25,7683.5,7665.5,7667.25,7663.7158212715385
1789132500,7667.5,7673,7664.5,7665,7663.720947733528
1789133400,7665,7677.75,7659.75,7672.25,7663.754995846369
1789134300,7672.5,7682,7664.75,7681,7663.823838178319
1789135200,7681,7681.25,7664.5,7666.5,7663.8345214590445
1789136100,7666.75,7678.75,7664,7675,7663.879094227671
1789137000,7675,7676,7656,7657.75,7663.8546267856445
1789137900,7657.75,7665.5,7653.25,7657.25,7663.828261010053
1789138800,7657.25,7670.25,7655.25,7663.5,7663.826950586859
1789139700,7663.5,7680.25,7663.5,7677.5,7663.881533618449
1789140600,7677.5,7680.5,7673.75,7679,7663.941886777657
1789141500,7679,7679.25,7671.5,7675,7663.9860309422165
1789142400,7674.75,7680,7673,7673.5,7664.024010858615
1789143300,7673.75,7674.25,7666.25,7667,7664.035891054788
1789144200,7667,7675.5,7665.75,7672,7664.067683904869
1789145100,7672,7674.5,7670.5,7674.25,7664.108331873313
1789146000,7674.25,7678.75,7673,7673.25,7664.144825558449
1789146900,7673.5,7681,7673.5,7677.5,7664.198139628076
1789147800,7677.75,7680.25,7675.5,7676.5,7664.247248851118
1789148700,7676.25,7677.5,7674,7674.75,7664.289176001413
1789149600,7675,7677.75,7672.75,7673.5,7664.325945757894
1789150500,7673.25,7675,7668.75,7672,7664.356580704968
1789151400,7672,7673.5,7668.5,7669.25,7664.376115312933
1789152300,7669,7671.5,7667,7668,7664.39058191847
1789153200,7668,7669.5,7663,7666.75,7664.400000753127
1789154100,7666.75,7670.5,7666.25,7667.75,7664.413374003613
1789155000,7667.75,7668.75,7666,7667.5,7664.425695863878
1789155900,7667.5,7667.75,7657.5,7659,7664.404036399352
1789156800,7658.75,7662,7658.5,7660.5,7664.388451423705
1789157700,7660.5,7661.75,7659.75,7661,7664.374924671515
1789158600,7661,7663.5,7660,7660.75,7664.360453914343
1789159500,7661,7661.5,7659.75,7660.75,7664.346040924665
1789336800,7609.25,7625.75,7604.25,7612.25,7664.138072697421
1789337700,7612.25,7619,7609.25,7619,7663.957880790445
1789338600,7618.5,7622.75,7617.25,7617.5,7663.772420188488
1789339500,7617.5,7620.75,7616.75,7618.5,7663.591691964182
1789340400,7618.75,7620.25,7617.5,7620,7663.417673233786
1789341300,7619.75,7624.75,7619,7624.75,7663.263311264789
1789342200,7624.5,7625.5,7617.75,7619,7663.0866114194205
1789343100,7618.75,7619.5,7614.75,7615.5,7662.896644906768
1789344000,7615.25,7623.25,7614.5,7620.75,7662.728394827301
1789344900,7621,7623,7617.75,7620,7662.5578223928605
1789345800,7620,7623,7619.25,7622.75,7662.398908930214
1789346700,7622.75,7624.5,7621,7621.5,7662.235639832688
1789347600,7621.75,7625.75,7620.5,7622,7662.075018515991
1789348500,7622.25,7624,7620,7623.5,7661.921026426107
1789349400,7623.5,7627.75,7621.5,7626.75,7661.7806231270015
1789350300,7626.75,7634.5,7626.75,7632.75,7661.664732415916
1789351200,7633,7634,7631.5,7632.5,7661.548306338407
1789352100,7632.5,7633.25,7631.5,7632,7661.430349027675
1789353000,7632,7633,7629,7629.5,7661.302882564491
1789353900,7629.25,7632,7629,7629.5,7661.175924949463
1789354800,7629.5,7629.5,7625.25,7625.5,7661.033506087389
1789355700,7625.75,7626.5,7624,7626.5,7660.895647779655
1789356600,7626.25,7626.25,7622.25,7622.5,7660.742371740614
1789357500,7622.75,7624,7621.75,7622.25,7660.588709577976
1789358400,7622.5,7624.25,7620.75,7621.25,7660.431668821178
1789359300,7621.25,7622.75,7620.75,7622,7660.2782489855645
1789360200,7622,7622.75,7619.25,7620,7660.117457572448
1789361100,7620.25,7623.25,7619.5,7620.25,7659.958306045212
1789362000,7620.25,7621.25,7618.5,7620.25,7659.799789853415
1789362900,7620.25,7620.5,7616,7618.75,7659.635918436835
1789363800,7618.75,7620.25,7615.25,7616.75,7659.46471716563
1789364700,7616.75,7620.25,7615.5,7620,7659.307173384529
1789365600,7620,7624.75,7619.75,7623.5,7659.164230576607
1789366500,7623.5,7624.25,7621,7621,7659.011878358737
1789367400,7621,7621,7612.25,7614.25,7658.833188225568
1789368300,7614.5,7615.5,7606.25,7609.5,7658.636249350416
1789369200,7609.75,7615.5,7607.25,7614.5,7658.460056738239
1789370100,7614.5,7615.25,7610.75,7611.25,7658.271593437887
1789371000,7611.25,7613,7605.25,7606,7658.062924402207
1789371900,7606.25,7609,7604,7608.5,7657.865068416569
1789372800,7608.75,7613.5,7607.25,7610.25,7657.674988303129
1789373700,7610.25,7610.5,7603.5,7603.75,7657.459718888746
1789374600,7603.75,7610.75,7603.75,7607.75,7657.261276897174
1789375500,7607.75,7609,7600,7608.25,7657.065623097185
1789376400,7608,7609.75,7599.25,7601,7656.8418082345215
1789377300,7601,7601.25,7593.75,7599.25,7656.61190081642
1789378200,7599,7601.25,7594.5,7595,7656.365945124538
1789379100,7595.25,7598.75,7594.25,7596.5,7656.126959315658
1789380000,7596.5,7600.75,7596.25,7599.25,7655.899905585855
1789380900,7599.5,7604.5,7596.25,7604,7655.692720334016
1789381800,7604,7609,7603.25,7607.75,7655.50133222889
1789382700,7607.75,7610.75,7606,7609.25,7655.316696172088
1789383600,7609.25,7613.75,7607,7611.75,7655.142777225294
1789384500,7612,7617.5,7612,7616.5,7654.98851464156
1789385400,7616.75,7617.75,7610.5,7615,7654.828879852572
1789386300,7615,7617.25,7611.25,7611.5,7654.655910272322
1789387200,7611.5,7612,7606.75,7609.75,7654.476645161455
1789388100,7610,7615,7607.5,7610,7654.299093683765
1789389000,7610,7612.5,7596.5,7607.75,7654.11326895848
1789389900,7607.75,7609.5,7601.25,7606.5,7653.923196028506
1789390800,7606.5,7607,7596.5,7606,7653.7318858647195
1789391700,7606,7609.25,7604.5,7606.5,7653.543335422146
1789392600,7606.5,7611.5,7601,7610.5,7653.371505739822
1789393500,7610.5,7622.25,7610.25,7615.75,7653.221320088166
1789394400,7615.75,7627,7615.25,7620.25,7653.0896980518855
1789395300,7620.5,7622.75,7597.75,7604,7652.893731193395
1789396200,7604,7607,7596.75,7602.5,7652.69255861378
1789397100,7602.75,7606.5,7595.25,7601.5,7652.488197102348
1789398000,7601.5,7615,7597.5,7602.25,7652.287645417308
1789398900,7602,7615,7601,7612,7652.126816493486
1789399800,7612,7638.75,7610.25,7637.5,7652.068426008483
1789400700,7637.5,7638,7629.25,7634.25,7651.997294567331
1789401600,7634.25,7635.75,7628.5,7631,7651.913473032132
1789402500,7631.25,7642.75,7631,7636.75,7651.8529402056565
1789403400,7636.5,7640.75,7634.75,7639.5,7651.803627071103
1789404300,7639.5,7652,7636.75,7645,7651.776466883194
1789405200,7645.25,7646.75,7637.75,7638,7651.721471007413
1789406100,7638,7643.5,7635.25,7643.5,7651.688650763871
1789407000,7643.5,7645,7641.25,7642.5,7651.651969523296
1789407900,7642.5,7644.75,7639.75,7639.75,7651.604456670908
1789408800,7640,7644.5,7637.25,7640,7651.558131494577
1789409700,7640,7641.25,7635.5,7636.75,7651.499017197193
1789410600,7636.5,7641.75,7636,7640,7651.453112936925
1789411500,7640,7642,7637.25,7638,7651.399407895261
1789412400,7638,7638.75,7632.5,7637,7651.341925229012
1789413300,7637,7637,7633,7634,7651.272695986581
1789414200,7634,7636,7632.5,7633,7651.199751092423
1789415100,7633,7635.5,7623.5,7624.75,7651.0941632637105
1789416000,7624.75,7626.75,7622.75,7624.75,7650.988996943296
1789416900,7624.5,7627.75,7622,7627.75,7650.896226496417
1789417800,7627.75,7628,7626,7627.25,7650.801830382658
1789418700,7627,7632.5,7627,7632.25,7650.727771179534
1789423200,7699.25,7700.25,7695.5,7696.75,7650.911492651871
1789424100,7696.75,7697.5,7695,7696.25,7651.092484697173
1789425000,7696.5,7697.25,7695.5,7695.5,7651.269760207364
1789425900,7695.75,7698.5,7695.75,7696.75,7651.4513180508475
1789426800,7696.75,7697.5,7694.75,7697,7651.633149116513
1789427700,7697,7697.25,7694.5,7695,7651.806270277724
1789428600,7695,7697,7694.75,7696,7651.982692352464
1789429500,7696.25,7696.75,7694,7696,7652.158410147465
1789430400,7696,7697.5,7692,7696,7652.333426474222
1789431300,7696,7696.5,7692.75,7694.75,7652.502754113047
1789432200,7695,7700.25,7694,7699.5,7652.690367869082
1789433100,7699.5,7700.5,7697.25,7697.75,7652.870246640064
1789434000,7697.5,7700.75,7696.25,7700.25,7653.059387372039
1789434900,7700.25,7701,7697.75,7698,7653.238791015265
1789435800,7698.25,7698.25,7690,7692,7653.393526380473
1789436700,7692,7695,7690.5,7693.5,7653.553632063586
1789437600,7693.25,7695.25,7692.75,7693.5,7653.713098602254
1789438500,7693.5,7693.5,7691.5,7692.5,7653.867936531986
1789439400,7692.5,7693.5,7690,7690.5,7654.014172314293
1789440300,7690.5,7692,7689.75,7690.5,7654.159824321023
1789441200,7690.25,7691.75,7687.75,7688.75,7654.297908854672
1789442100,7688.75,7689.25,7687.25,7688,7654.432448140681
1789443000,7688,7688.75,7687,7687.75,7654.565452339721
1789443900,7687.75,7688.5,7681.75,7682.25,7654.675969496049
1789444800,7682,7684.5,7680.25,7680.5,7654.77905943818
1789445700,7680.5,7681,7674.25,7675.5,7654.861777763776
1789446600,7675.75,7677,7671.75,7675.5,7654.944165876496
1789447500,7675.5,7676.75,7668.75,7669,7655.000276990761
1789448400,7668.75,7671.25,7664.75,7665.75,7655.043190056666
1789449300,7665.5,7669,7663,7668.25,7655.095911852847
1789450200,7668,7675,7665.75,7674.5,7655.173373282576
1789451100,7674.5,7679.25,7673.25,7674.75,7655.2515234890325
1789452000,7675,7677.75,7673,7674.75,7655.329361718617
1789452900,7674.5,7675.75,7671.5,7672,7655.3959111728345
1789453800,7672,7672.25,7667.5,7668,7655.446226896695
1789454700,7668,7669.75,7664.75,7667.5,7655.494345751399
1789455600,7667.5,7670,7660.25,7660.75,7655.515326407082
1789456500,7660.5,7668.75,7660.5,7665.25,7655.554187379509
1789457400,7665.25,7666.75,7656.25,7656.5,7655.557963078593
1789458300,7656.25,7659.75,7653.5,7658.5,7655.569707736962
1789459200,7658.75,7658.75,7645,7653.25,7655.560447426635
1789460100,7653.25,7660,7651.25,7654,7655.55421809559
1789461000,7654,7655,7649.5,7650,7655.532045568262
1789461900,7650.25,7653.75,7649,7651,7655.5139535699855
1789462800,7651.25,7653.25,7648.25,7650.25,7655.492939783279
1789463700,7650,7652.25,7645.75,7652,7655.478995911889
1789464600,7652,7659,7650.75,7657.5,7655.4870637924805
1789465500,7657.5,7666.5,7657.5,7666,7655.529031601692
1789466400,7666.25,7672,7664.25,7667.75,7655.577817902683
1789467300,7667.5,7669.25,7665,7668.25,7655.628405455966
1789468200,7668.5,7676.25,7667,7672,7655.693761122808
1789469100,7672.25,7680.5,7670.25,7676.25,7655.7758219566485
1789470000,7676,7680.25,7675.25,7678.75,7655.867535242251
1789470900,7678.75,7681.5,7677.25,7678.25,7655.956886398968
1789471800,7678.25,7680,7675.5,7678,7656.044882860449
1789472700,7678,7682.25,7677.5,7681.75,7656.147498098531
1789473600,7681.75,7684.25,7679.25,7683.75,7656.25768772688
1789474500,7683.75,7685.25,7678.5,7683,7656.3644434644975
1789475400,7683,7686.25,7679.75,7684,7656.474765047474
1789476300,7684,7697.5,7683.5,7689.25,7656.605604308761
1789477200,7689,7692.5,7688,7688.5,7656.732927245652
1789478100,7688.5,7693.5,7684.25,7684.25,7656.842775839482
1789479000,7684.5,7687,7670.25,7682.5,7656.945199888027
1789479900,7682.5,7684.75,7674.5,7678.25,7657.030248990271
1789480800,7678.5,7678.5,7661.5,7662.25,7657.0510863196505
1789481700,7662.25,7667,7654,7657,7657.0508823822465
1789482600,7657.25,7658.75,7650.75,7654,7657.03870321106
1789483500,7654.25,7656,7643.5,7646.25,7656.995634535567
1789484400,7646.5,7655,7646.25,7651.75,7656.974693878738
1789485300,7651.5,7657.25,7650,7656.75,7656.973796897187
1789486200,7657,7659.75,7651.25,7657.25,7656.974899504384
1789487100,7657.25,7658,7651,7653,7656.959031642091
1789488000,7653,7655.25,7648,7649.75,7656.930253072662
1789488900,7649.75,7661,7649,7658,7656.934523519478
1789489800,7657.75,7660,7655,7658.25,7656.939774922594
1789490700,7658.25,7662.75,7655,7659.25,7656.948997377993
1789491600,7659.5,7660.25,7652.25,7653,7656.933232917402
1789492500,7653,7653.25,7648,7650.75,7656.908549352862
1789493400,7650.75,7654.75,7650.25,7653.75,7656.89594037341
1789494300,7653.5,7656.25,7651.5,7655.25,7656.889369753157
1789495200,7655.5,7662,7653.5,7660.25,7656.902785442765
1789496100,7660.5,7660.75,7655.75,7659.25,7656.912155560758
1789497000,7659.25,7659.25,7653.5,7654,7656.900530189258
1789497900,7654.25,7657.25,7649.5,7657,7656.900927274331
1789498800,7657.25,7658.75,7653,7654,7656.88934672633
1789499700,7654,7655.25,7651.75,7652.5,7656.871824384109
1789500600,7652.5,7653.5,7648,7650.25,7656.84538995543
1789501500,7650.25,7657.75,7648.75,7657,7656.846007161196
1789502400,7656.75,7665,7656.5,7664.25,7656.8755640188365
1789503300,7664.5,7664.75,7663,7663.5,7656.902008873053
1789504200,7663.25,7665.25,7663,7663.5,7656.928348158989
1789505100,7663.75,7664.5,7663,7663.75,7656.955580302067
1789509600,7663.25,7665,7661.5,7661.75,7656.974719702059
1789510500,7662,7663.75,7661.5,7663.25,7656.999770721212
1789511400,7663,7666.75,7663,7665.75,7657.034701776218
1789512300,7665.75,7667.25,7665.25,7666.5,7657.07248739787
1789513200,7666.5,7666.75,7664.25,7664.25,7657.101140142789
1789514100,7664.5,7664.75,7662.5,7663,7657.124688485532
1789515000,7662.75,7666.25,7662.5,7665.5,7657.158122862835
1789515900,7665.75,7666.5,7664.75,7665.5,7657.19142376957
1789516800,7665.5,7667.25,7663,7666.25,7657.22758575053
1789517700,7666.25,7667,7664.5,7666.25,7657.263603372285
1789518600,7666.25,7667.25,7663.75,7664.5,7657.292491183174
1789519500,7664.5,7666.25,7663.75,7665,7657.323259681445
1789520400,7665,7666.5,7660,7666.25,7657.35889537134
1789521300,7666.25,7667.75,7665,7666,7657.3933907989995
1789522200,7666,7666,7661.75,7662.25,7657.412778460481
1789523100,7662.25,7664.25,7658.75,7659,7657.419114674211
1789524000,7659,7664.25,7659,7660.75,7657.432411621619
1789524900,7660.75,7666.25,7660.5,7666,7657.466613571234
1789525800,7666,7668.25,7664.25,7665,7657.496686970151
1789526700,7665,7668.25,7665,7668,7657.538616363484
1789527600,7668,7673.5,7668,7672.5,7657.5983424458655
1789528500,7672.75,7678,7672.5,7674,7657.6638181247245
1789529400,7673.75,7674,7670,7672.25,7657.722046395684
1789530300,7672.25,7674,7672,7672.75,7657.78203822644
1789531200,7672.75,7674.5,7672.25,7672.25,7657.839794560865
1789532100,7672.25,7673.25,7670.25,7670.75,7657.891332307129
1789533000,7670.5,7671,7667.25,7668,7657.931686269975
1789533900,7668,7670.5,7668,7668,7657.971879139157
1789534800,7668,7670,7665.5,7669.25,7658.016901577723
1789535700,7669.25,7671.5,7668.75,7671.25,7658.069728317932
1789536600,7671.25,7673.5,7669.5,7673.5,7658.131326208878
1789537500,7673.25,7674,7670,7670.75,7658.181700156148
1789538400,7670.5,7675.25,7669.5,7673.75,7658.24384905772
1789539300,7673.5,7674.25,7669.75,7671.5,7658.2967678239565
1789540200,7671.5,7672.25,7669.25,7671,7658.347479329649
1789541100,7671,7674.5,7669.5,7673.75,7658.408966438114
1789542000,7673.75,7678,7672.5,7676.5,7658.481186132972
1789542900,7676.5,7676.75,7671.75,7674.5,7658.545133493718
1789543800,7674.5,7676.75,7672,7672.25,7658.599843539651
1789544700,7672.5,7673,7669.75,7670.75,7658.648347158256
1789545600,7670.75,7671.25,7663.5,7666,7658.677695073792
1789546500,7666,7672.25,7665.25,7668.5,7658.716905871901
1789547400,7668.5,7671,7665.75,7670,7658.761948163829
1789548300,7670.25,7673.5,7668.75,7672.75,7658.817788690121
1789549200,7672.5,7673.75,7669,7669.25,7658.859434244252
1789550100,7669.25,7670.75,7665.5,7667.5,7658.893927520722
1789551000,7667.5,7674.75,7667,7673.5,7658.95223519529
1789551900,7673.75,7675,7670.75,7673,7659.008314096706
1789552800,7673.25,7674,7669.5,7671.75,7659.0591791102925
1789553700,7671.75,7673,7670.5,7672.75,7659.1138330859
1789554600,7672.75,7673.5,7671.75,7673.25,7659.170264889948
1789555500,7673.25,7677,7671.75,7676.5,7659.239445469229
1789556400,7676.5,7681.5,7673.5,7673.5,7659.29637383063
1789557300,7673.75,7676.25,7672,7675,7659.359062957054
1789558200,7675.25,7681.25,7675,7680,7659.441461907326
1789559100,7680,7683.5,7679.75,7683.25,7659.536505971568
1789560000,7683,7689.25,7682.5,7683.25,7659.631170618388
1789560900,7683.25,7684,7679.5,7683.75,7659.72745337041
1789561800,7683.5,7684,7675,7675.25,7659.789419624421
1789562700,7675,7680.75,7674,7679.75,7659.869102580012
1789563600,7679.75,7681,7673,7680.5,7659.951461451948
1789564500,7680.5,7682.25,7676.25,7676.5,7660.01752348208
1789565400,7676.5,7679,7669,7669.75,7660.056375683748
1789566300,7669.75,7686.5,7669.5,7684.25,7660.152957018344
1789567200,7684.5,7686.5,7673,7677.5,7660.222206690925
1789568100,7677.75,7679.25,7669.5,7671.75,7660.268225825892
1789569000,7671.75,7680.75,7670,7680.75,7660.3499893954495
1789569900,7680.5,7685,7678,7684.25,7660.445398619419
1789570800,7684.5,7692.75,7683.75,7689.75,7660.562383056068
1789571700,7690,7690.5,7685.25,7686,7660.6639304290975
1789572600,7685.75,7688.25,7682,7688,7660.7730564553285
1789573500,7687.75,7699,7687,7689,7660.885738864688
1789574400,7689,7689.75,7683.75,7685.75,7660.984997392175
1789575300,7685.75,7686.75,7680.25,7683.25,7661.073879638114
1789576200,7683.25,7684,7678.25,7680.75,7661.152427024788
1789577100,7680.75,7683.5,7678.75,7679.25,7661.224672825088
1789578000,7679.5,7679.75,7674,7678.75,7661.294634211016
1789578900,7678.75,7681,7676.75,7680.75,7661.37230034191
1789579800,7681,7682.25,7674.5,7674.75,7661.425704332561
1789580700,7674.75,7684.75,7674.75,7683.5,7661.513825273349
1789581600,7684.5,7694.25,7668.75,7681.25,7661.592612398006
1789582500,7681.25,7685,7669.25,7678,7661.658110951307
1789583400,7678.25,7683.25,7641,7671.25,7661.696401925554
1789584300,7671.5,7677.25,7617.5,7618.75,7661.524959203296
1789585200,7618.75,7633.75,7591,7592.5,7661.249410463962
1789586100,7592.5,7600.75,7575,7591.75,7660.971967707618
1789587000,7591.75,7608,7590.5,7600.75,7660.731560650901
1789587900,7600.75,7625,7600.5,7622,7660.576943642314
1789588800,7622.5,7626,7620,7621.75,7660.421945863303
1789589700,7621.75,7623,7617.25,7620.25,7660.261578813949
1789590600,7620.25,7623,7619,7621.25,7660.105843968385
1789591500,7621.25,7623,7618.5,7622,7659.953724830786
1789596000,7624,7628.25,7617.5,7626.25,7659.8191790230785
1789596900,7626.25,7632.5,7625.5,7632.25,7659.709122420192
1789597800,7632.25,7639.75,7632,7638.75,7659.625453268814
1789598700,7638.5,7639.25,7634.75,7636.75,7659.534134094089
1789599600,7636.5,7640,7635.75,7638.5,7659.450165494911
1789600500,7638.75,7647.75,7638.75,7645,7659.392480203514
1789601400,7645.25,7654,7645,7652,7659.362969304499
1789602300,7652.25,7657.5,7651.5,7657.25,7659.354534297295
1789603200,7657.5,7662.25,7656,7656,7659.341142942814
1789604100,7656,7660.25,7654,7656.75,7659.330799058811
1789605000,7656.75,7667.75,7656.75,7665.5,7659.355426607478
1789605900,7665.5,7666,7659.75,7664,7659.373967818626
1789606800,7664,7668,7660.75,7663.75,7659.391437008971
1789607700,7663.5,7664.5,7662,7663.25,7659.406840454045
1789608600,7663.25,7666.75,7659.5,7663.5,7659.423180412312
1789609500,7663.25,7664.25,7658.25,7660,7659.425483085317
1789610400,7660,7664.75,7659.75,7662,7659.43576059795
1789611300,7661.5,7665.25,7661.5,7663.75,7659.452983110534
1789612200,7664,7669.75,7663.75,7668.75,7659.4900969504115
1789613100,7668.5,7668.75,7664.75,7665.25,7659.51309057536
1789614000,7665.25,7667.5,7664.75,7667.25,7659.543976441327
1789614900,7667.5,7668.25,7664.75,7668,7659.577733022399
1789615800,7667.75,7670.25,7666.75,7669.5,7659.617342870613
1789616700,7669.5,7670,7666.75,7669,7659.654798587697
1789617600,7668.75,7670.25,7667.25,7668.25,7659.6891107689835
1789618500,7668.25,7668.25,7665.75,7667.25,7659.719293959526
1789619400,7667.25,7670.25,7666,7668.75,7659.755344682242
1789620300,7669,7670.25,7666.5,7667.25,7659.785263465946
1789621200,7667.25,7667.75,7664,7664.5,7659.804084769475
1789622100,7664.5,7665.25,7662.5,7663.5,7659.818838922091
1789623000,7663.5,7664,7659,7659,7659.815570104039
1789623900,7659,7660.25,7656.25,7657.25,7659.805328307216
1789624800,7657,7664.5,7656.75,7661.5,7659.8120934636745
1789625700,7661.75,7671.5,7658.5,7671.25,7659.857753769209
1789626600,7671.25,7676.75,7671,7676.25,7659.923191877915
1789627500,7676,7677.5,7674.25,7675.25,7659.984376740678
1789628400,7675.25,7684,7673.5,7680.25,7660.065277432333
1789629300,7680.5,7687,7678.75,7686.75,7660.171803270926
1789630200,7686.5,7689.25,7684.75,7685.75,7660.273911840703
1789631100,7685.75,7686.25,7679,7680.25,7660.3536567036135
1789632000,7680,7681.75,7673.5,7674.5,7660.410129131942
1789632900,7674.25,7678.25,7671.25,7677.75,7660.479350173331
1789633800,7677.75,7680.75,7676.25,7679,7660.553284903178
1789634700,7679,7684.5,7678.75,7683.25,7660.643890552267
1789635600,7683.25,7689.25,7683,7686.75,7660.748106558047
1789636500,7686.75,7687.75,7683.5,7683.75,7660.839930483963
1789637400,7683.5,7687,7683.5,7685.75,7660.939371879237
1789638300,7685.5,7685.75,7681.25,7682.75,7661.026440254968
1789639200,7682.5,7687,7682.5,7685.25,7661.123141092274
1789640100,7685.25,7689.5,7683.5,7687.5,7661.228437934221
1789641000,7687.75,7689.5,7684.25,7684.75,7661.322336385581
1789641900,7684.75,7688.75,7684.25,7687.5,7661.426838036737
1789642800,7687.75,7690.75,7685.75,7688,7661.532918523616
1789643700,7688.25,7688.75,7684.75,7686.25,7661.631589507554
1789644600,7686,7687.5,7683,7683,7661.716892543452
1789645500,7683,7695.5,7682.25,7695.25,7661.850757243877
1789646400,7695,7703.5,7690,7701.75,7662.010035658072
1789647300,7702,7716.75,7701.25,7716.5,7662.227560465824
1789648200,7716.25,7722.25,7713,7717.75,7662.449206931031
1789649100,7717.75,7720,7715.25,7717.5,7662.668970576016
1789650000,7717.75,7722,7714.75,7716,7662.8818688970705
1789650900,7716,7718.5,7712.5,7713.5,7663.083937284707
1789651800,7713.5,7716.25,7688.25,7690.5,7663.193382644848
1789652700,7690.75,7697.25,7688.25,7693.75,7663.315365149259
1789653600,7693.5,7693.75,7680.5,7692.25,7663.4308726736135
1789654500,7692.25,7703.75,7691,7697.5,7663.566877173918
1789655400,7697.5,7703.25,7696.25,7699.5,7663.710322774023
1789656300,7699.5,7700.25,7684.5,7688.25,7663.80828555736
1789657200,7688,7692.75,7683.75,7692,7663.920827331583
1789658100,7691.75,7698,7689.75,7696.25,7664.0498859051095
1789659000,7696.25,7706.25,7695.25,7703.5,7664.207371390518
1789659900,7703.5,7706.5,7701.5,7706.5,7664.376204239259
1789660800,7706.5,7707.25,7701.5,7704,7664.534383064652
1789661700,7703.75,7707.5,7702.75,7706.25,7664.700912473575
1789662600,7706.25,7707.75,7700.5,7707.5,7664.8717671143995
1789663500,7707.5,7708,7697,7706,7665.035951676817
1789664400,7706,7709.25,7702.75,7703.5,7665.1895007719195
1789665300,7703.75,7704.5,7699.5,7702,7665.33644887263
1789666200,7702,7706.5,7700.25,7706,7665.4987784180485
1789667100,7705.75,7708,7704.25,7707.75,7665.667445969274
1789668000,7707.75,7710,7705.75,7708.75,7665.83943221291
1789668900,7709,7711.25,7706.75,7708.5,7666.009733880723
1789669800,7708.75,7710.25,7702.75,7704.75,7666.164385641678
1789670700,7705,7708,7703.25,7705.75,7666.322412046302
1789671600,7705.75,7711.75,7705.5,7709,7666.4927816588915
1789672500,7709,7710.5,7706.25,7706.75,7666.653489117339
1789673400,7706.75,7712,7706.75,7711.75,7666.833515108886
1789674300,7711.5,7715.5,7705,7707.25,7666.994858361944
1789675200,7707.5,7708.5,7704,7704.5,7667.144579486248
1789676100,7704.25,7705.25,7701.75,7702,7667.283722881513
1789677000,7701.75,7703,7701.5,7701.75,7667.42131281013
1789677900,7701.5,7704,7701,7702.25,7667.560349485539
1789682400,7703.5,7704.25,7699.5,7701.5,7667.695837112343
1789683300,7701.25,7701.5,7697.75,7698,7667.8168118144895
1789684200,7697.75,7699.25,7697,7698,7667.937303583693
1789685100,7698,7699.25,7697,7699,7668.061306363798
1789686000,7699.25,7702,7699.25,7700,7668.188806138794
1789686900,7700,7701.5,7699,7700,7668.31579693265
1789687800,7700,7702.25,7699.5,7701.25,7668.447270797191
1789688700,7701.5,7702.5,7700.5,7700.75,7668.576223807981
1789689600,7700.75,7701.75,7698,7701.25,7668.706658044276
1789690500,7701,7702.75,7699.75,7701,7668.8355735810255
1789691400,7701,7703,7698.75,7701.25,7668.964972488886
1789692300,7701.25,7701.5,7698.25,7699.5,7669.086868806296
1789693200,7699.5,7701.25,7697.5,7698,7669.202290487708
1789694100,7697.75,7698.5,7696,7697.25,7669.314257391949
1789695000,7697.5,7699.75,7696.25,7697.5,7669.426775326511
1789695900,7697.75,7701.25,7697.75,7701,7669.552816143571
1789696800,7701,7701.75,7699,7700.75,7669.677355799685
1789697700,7700.75,7703.25,7700.25,7703,7669.810380327431
1789698600,7703,7704.25,7702.25,7703,7669.942873819137
1789699500,7703,7705,7702.75,7703.75,7670.077832406686
1789700400,7703.75,7709.5,7703.5,7709.25,7670.234208325222
1789701300,7709,7709.75,7707,7709,7670.388961984603
1789702200,7709,7712,7708.5,7711.5,7670.553077904824
1789703100,7711.75,7714.25,7711.75,7713.5,7670.724522703607
1789704000,7713.75,7715.75,7713,7714.75,7670.900273111976
1789704900,7714.75,7715.5,7712.75,7715,7671.076319925901
1789705800,7715.25,7719.25,7715.25,7718.75,7671.266634018013
1789706700,7719,7721.75,7718.5,7721.75,7671.468164421135
1789707600,7721.5,7723,7721.25,7722.75,7671.672882327637
1789708500,7723,7724.5,7722.25,7723.25,7671.878779004972
1789709400,7723.5,7730,7723,7730,7672.110799847267
1789710300,7729.75,7730.25,7725.75,7726.75,7672.328920406759
1789711200,7726.75,7729.25,7726.75,7728,7672.551160245454
1789712100,7728,7730.75,7725.75,7728.75,7672.775506911141
1789713000,7728.75,7734.5,7728.75,7733.5,7673.017920057204
1789713900,7733.5,7734.75,7732.5,7733.75,7673.260363490109
1789714800,7733.75,7736,7732.25,7733.25,7673.499843076975
1789715700,7733.25,7738,7733,7737.75,7673.756330729362
1789716600,7737.75,7739.25,7733.25,7734.25,7673.997822423057
1789717500,7734.25,7736.75,7733.75,7734.5,7674.239348082047
1789718400,7734.25,7735.5,7728.75,7729.25,7674.458951482918
1789719300,7729.25,7732,7725,7725.25,7674.661710159633
1789720200,7725.5,7729.25,7724.5,7729,7674.878629480353
1789721100,7728.75,7730.25,7727,7727.5,7675.088694831729
1789722000,7727.5,7728.5,7725.5,7726.75,7675.294927586892
1789722900,7726.75,7728.5,7723.5,7723.75,7675.4883610096995
1789723800,7723.75,7723.75,7717.25,7717.25,7675.655074139401
1789724700,7717.5,7719.75,7716.75,7717,7675.820123743635
1789725600,7716.75,7718.5,7716,7718.5,7675.990502491166
1789726500,7718.25,7720.25,7717.25,7719.25,7676.163195095992
1789727400,7719.25,7725.25,7719,7724.75,7676.357154397006
1789728300,7724.75,7725,7719.75,7720.25,7676.532375337537
1789729200,7720.25,7724,7713.75,7717.5,7676.695918749363
1789730100,7717.25,7717.25,7711.5,7713,7676.840845221422
1789731000,7712.75,7717.75,7712.25,7713,7676.985193144689
1789731900,7713,7714.25,7710.25,7712,7677.124972812774
1789732800,7712.25,7715,7702,7703,7677.2282663344795
1789733700,7703.25,7705.5,7697.75,7699,7677.315179442925
1789734600,7699,7703.75,7698,7702.5,7677.4157176487415
1789735500,7702.25,7703.5,7699.25,7700.75,7677.508868476491
1789736400,7700.75,7703,7699.25,7701.5,7677.604641456625
1789737300,7701.5,7710,7692.25,7710,7677.733964245222
1789738200,7710,7714.5,7701.75,7705,7677.842810695341
1789739100,7705,7707.5,7691.25,7693,7677.9033184370755
1789740000,7693,7695.25,7684,7688,7677.943624551099
1789740900,7687.75,7692,7683.25,7689,7677.98776177844
1789741800,7688.75,7693.5,7684,7685.5,7678.017750753376
1789742700,7685.75,7695.25,7684,7695,7678.085544163542
1789743600,7695,7696,7689.5,7691.25,7678.138096881452
1789744500,7691.25,7696.25,7690,7695.5,7678.207405875937
1789745400,7695.5,7697,7686.5,7688.25,7678.247496072041
1789746300,7688.5,7689.5,7683.75,7685.25,7678.275450179538
1789747200,7685.25,7687.75,7682,7685.75,7678.305288701776
1789748100,7685.75,7687.25,7675,7683.25,7678.325028068236
1789749000,7683.25,7689,7681.25,7686.75,7678.358660690718
1789749900,7686.75,7691.5,7683.5,7689.75,7678.404135099138
1789750800,7690,7691.5,7686.25,7689.25,7678.44743196501
1789751700,7689.25,7692,7688.5,7690,7678.493550001078
1789752600,7690.25,7694,7688.25,7694,7678.555451997082
1789753500,7694,7695,7692.25,7694.5,7678.619102887314
1789754400,7694.75,7696,7693,7694.5,7678.682499682174
1789755300,7694.5,7703.25,7694.5,7701.75,7678.774585511786
1789756200,7701.75,7702.75,7699,7702.5,7678.869297745272
1789757100,7702.25,7715.75,7702.25,7710,7678.99357200577
1789758000,7709.75,7712,7707.75,7709,7679.113358145468
1789758900,7709,7710.5,7705.75,7706.25,7679.2216880530705
1789759800,7706.25,7712.25,7704.25,7712,7679.352539597769
1789760700,7712.25,7718.25,7710.25,7712.25,7679.483866785003
1789761600,7712.25,7729.25,7711.5,7725.5,7679.6675639235855
1789762500,7725.5,7726.25,7723.75,7726,7679.852523748242
1789763400,7726.25,7727.5,7724.5,7727.25,7680.041735230285
1789764300,7727,7728.75,7724,7725,7680.221209341142
1789941600,7722,7726.5,7713.75,7725.75,7680.402961000458
1789942500,7725.5,7728,7724.25,7727.75,7680.591971136185
1789943400,7727.75,7733.75,7727.25,7730.25,7680.790206780352
1789944300,7730.25,7734.5,7729.25,7733.75,7681.00162312055
1789945200,7733.75,7734,7731.5,7732,7681.205209455398
1789946100,7732.25,7733.5,7731.25,7733,7681.411975086315
1789947000,7733.25,7735.25,7732.75,7734.25,7681.622905325491
1789947900,7734,7735,7732.5,7734.5,7681.8339915317765
1789948800,7734.5,7737.75,7733.25,7734.5,7682.044235078556
1789949700,7734.25,7737.75,7730.75,7736.5,7682.261623361675
1789950600,7736.5,7741.25,7736.5,7738.5,7682.486127859233
1789951500,7738.5,7740.25,7737.75,7739.5,7682.7137281472205
1789952400,7739.5,7743.75,7739.5,7742.5,7682.952395899128
1789953300,7742.25,7743.5,7740.75,7741,7683.184122861606
1789954200,7741,7743.25,7740.75,7742.25,7683.41991478631
1789955100,7742.25,7742.25,7738.25,7738.75,7683.6407933699975
1789956000,7738.5,7741.5,7737.75,7739.75,7683.8647822188195
1789956900,7739.75,7740.75,7738.25,7739.75,7684.08787690058
1789957800,7739.5,7740.75,7737.5,7740,7684.3110789888015
1789958700,7740,7742.75,7739.75,7740.25,7684.534388054714
1789959600,7740.25,7743.75,7740.25,7743.5,7684.769779719167
1789960500,7743.5,7746,7743.25,7744.25,7685.007225708312
1789961400,7744.25,7744.75,7743,7744.5,7685.244721813269
1789962300,7744.5,7746.25,7744,7744.25,7685.480271825991
1789963200,7744,7746,7742.5,7744.25,7685.7148815193
1789964100,7744,7746.5,7744,7745.75,7685.95454267092
1789965000,7745.5,7746,7743.75,7744.75,7686.189255075427
1789965900,7745,7746,7744.5,7744.75,7686.423030504268
1789966800,7745,7745.25,7743.5,7743.75,7686.651880681896
1789967700,7743.75,7744.75,7743.25,7744.5,7686.882811297936
1789968600,7744.25,7748.5,7744,7746,7687.118808059222
1789969500,7745.75,7746,7743.75,7745.5,7687.351866709684
1789970400,7745.5,7749.25,7745.5,7747,7687.589983010244
1789971300,7746.75,7748.25,7745.5,7747.5,7687.829144754714
1789972200,7747.25,7749.75,7747.25,7749,7688.073339785634
1789973100,7749.25,7752.25,7748.5,7752,7688.328536033994
1789974000,7752,7757.25,7751.5,7755.25,7688.595687586752
1789974900,7755.25,7757,7752.75,7755.75,7688.86376867423
1789975800,7755.75,7757,7753,7754.25,7689.124791553774
1789976700,7754.25,7759,7752.5,7757.25,7689.3967484737195
1789977600,7757.25,7761.5,7757,7760.25,7689.679595785202
1789978500,7760.5,7761.25,7759,7760,7689.960315961708
1789979400,7759.75,7764,7759.5,7763.5,7690.253887554675
1789980300,7763.25,7764.25,7760.5,7761,7690.5363071652355
1789981200,7761.25,7762.25,7759.25,7760.75,7690.816601348209
1789982100,7761,7763.25,7760,7761,7691.09677459632
1789983000,7760.75,7762.75,7760.5,7762.25,7691.38081940831
1789983900,7762.25,7764.5,7761.75,7762.5,7691.664728312868
1789984800,7762.25,7765.5,7762.25,7765.5,7691.959479896449
1789985700,7765.75,7767,7764.75,7766.25,7692.256048838978
1789986600,7766.25,7769,7765.25,7767.25,7692.555425889521
1789987500,7767.25,7768.75,7765.75,7766,7692.848617802138
1789988400,7765.75,7767,7763.25,7764.5,7693.134651264006
1789989300,7764.25,7766,7763,7764.25,7693.418544871734
1789990200,7764,7768.25,7763.75,7768.25,7693.71727323552
1789991100,7768,7771.25,7767,7767.5,7694.0118150589315
1789992000,7767.75,7770.5,7764,7765.25,7694.296199030752
1789992900,7765.25,7767,7763.25,7763.5,7694.572461709272
1789993800,7763.5,7768,7763,7767.5,7694.86358960664
1789994700,7767.5,7767.75,7761.25,7761.5,7695.129603220985
1789995600,7761.5,7764.5,7760.75,7762.5,7695.398546920702
1789996500,7762.5,7763.75,7758.75,7760.5,7695.658432960939
1789997400,7760.5,7766.25,7758.25,7766,7695.9392376197775
1789998300,7766.25,7775,7765.75,7774.75,7696.253851441655
1789999200,7774.75,7777,7767.75,7775.5,7696.570203332107
1790000100,7775.5,7791,7775.25,7788,7696.935192540362
1790001000,7788.25,7793.5,7786.25,7787.75,7697.297726701877
1790001900,7787.75,7792.25,7785,7790,7697.667795657158
1790002800,7790,7796.25,7789,7796,7698.06033938707
1790003700,7796.25,7800,7795.75,7796.25,7698.452314080136
1790004600,7796.25,7805,7795.75,7805,7698.877654143688
1790005500,7804.75,7811.5,7803,7805.25,7699.302294246907
1790006400,7805.25,7816.5,7802.75,7813.25,7699.757175307797
1790007300,7813.5,7818.25,7812,7816,7700.2212185201415
1790008200,7816,7824.75,7815.75,7818,7700.691393296508
1790009100,7818,7821.25,7817.25,7821,7701.171667175564
1790010000,7821.25,7827,7819.5,7826,7701.669983873466
1790010900,7826.25,7828,7822,7826,7702.166311283153
1790011800,7826.25,7827.25,7820,7826.75,7702.663651357871
1790012700,7826.75,7830,7825.25,7826.75,7703.159006043069
1790013600,7827,7832.5,7827,7830.75,7703.668351328326
1790014500,7830.75,7838.25,7829.75,7837,7704.200613398872
1790015400,7837,7839.75,7833.75,7839.75,7704.7417287146445
1790016300,7839.5,7844.75,7839,7841.25,7705.286671913388
1790017200,7841.5,7843.5,7837.75,7842.75,7705.835427714133
1790018100,7842.75,7843,7838.25,7839.25,7706.368020817071
1790019000,7839.25,7847.25,7838.75,7842.5,7706.911461851733
1790019900,7842.25,7843.5,7832,7833.25,7707.415807313403
1790020800,7833.25,7835,7828.5,7831,7707.909157384009
1790021700,7831,7831.25,7827.25,7830.25,7708.397543981278
1790022600,7830.25,7830.5,7826.75,7827.5,7708.873002887541
1790023500,7827.25,7830.25,7826.5,7829.25,7709.353549782201
1790028000,7830,7833.5,7829,7832.25,7709.844154373889
1790028900,7832.5,7835,7831.5,7834.75,7710.342780504133
1790029800,7834.5,7835.75,7832.75,7834.5,7710.8384181069105
1790030700,7834.5,7835.75,7833,7834.5,7711.332077116464
1790031600,7834.75,7837.75,7833.5,7836.75,7711.832747467296
1790032500,7836.75,7837.25,7834,7835,7712.324433106149
1790033400,7835,7836.75,7834,7836,7712.818147944048
1790034300,7836,7836.25,7834.75,7835.25,7713.306897852455
1790035200,7835.25,7840,7834.5,7837.75,7713.803676703344
1790036100,7838,7838,7835,7837.25,7714.296476397142
1790037000,7837.25,7838.5,7832.25,7834.75,7714.777328786774
1790037900,7835,7836.25,7834.5,7835.25,7715.258257613972
1790038800,7835.5,7835.5,7832.5,7833.75,7715.731278541661
1790039700,7834,7834.25,7831.75,7833.5,7716.201413158261
1790040600,7833.75,7836.25,7832.25,7835,7716.675659013917
1790041500,7835,7836,7833.5,7833.5,7717.142023648592
1790042400,7833.5,7836.5,7833.25,7834.25,7717.609520560174
1790043300,7834.25,7836,7833.5,7835.25,7718.079143232589
1790044200,7835.5,7836,7833.5,7835.25,7718.546891163796
1790045100,7835.25,7835.5,7834,7834.75,7719.010775829809
1790046000,7834.75,7834.75,7832.5,7834,7719.469814648852
1790046900,7834,7835,7833.75,7834,7719.927020977599
1790047800,7834.25,7835.5,7833.25,7833.5,7720.380406123397
1790048700,7833.75,7833.75,7831,7833,7720.829985340469
1790049600,7833,7835,7832.5,7834.25,7721.282759850088
1790050500,7834,7835.5,7833,7834.5,7721.734724880626
1790051400,7834.75,7836.5,7834.75,7835,7722.18688166753
1790052300,7835,7835.5,7833.5,7834.25,7722.634239425344
1790053200,7834.25,7834.25,7832.75,7834,7723.078813319854
1790054100,7834.25,7835,7832.5,7833.5,7723.519616460294
1790055000,7833.75,7837.25,7832.25,7837,7723.9726319634465
1790055900,7837,7839.5,7837,7838.25,7724.428829041437
1790056800,7838.25,7838.25,7834.25,7837,7724.878214953447
1790057700,7836.75,7837.75,7833.75,7836.75,7725.324808905729
1790058600,7836.5,7838.5,7836.25,7837,7725.7706180518135
1790059500,7836.75,7838.25,7836,7836.25,7726.2116535086925
1790060400,7836.25,7837.75,7833.75,7836,7726.649930340993
1790061300,7835.75,7837.5,7834.25,7835,7727.082465549212
1790062200,7835.25,7835.25,7831.5,7832.25,7727.502296026062
1790063100,7832.5,7832.75,7826.5,7826.5,7727.897496441128
1790064000,7826.5,7826.75,7820.25,7820.25,7728.266169110026
1790064900,7820.5,7821.75,7812.25,7813.5,7728.606423923958
1790065800,7813.5,7829,7810.5,7828.5,7729.00520067476
1790066700,7828.5,7836,7827,7833.5,7729.422345582246
1790067600,7833.25,7836.25,7826,7827.25,7729.812875140799
1790068500,7827,7830.75,7825.5,7827,7730.200847695128
1790069400,7827.25,7833.5,7827,7833.25,7730.612221556625
1790070300,7833.25,7843,7831.5,7838.75,7731.043909294922
1790071200,7838.75,7840.75,7835,7837.25,7731.467885704922
1790072100,7837.25,7838.5,7834.75,7836.75,7731.88817358634
1790073000,7836.75,7841.5,7836.25,7840.75,7732.322751735695
1790073900,7840.75,7843.75,7838,7838.25,7732.74561500222
1790074800,7838.25,7839.5,7828.25,7833.75,7733.148826119976
1790075700,7833.75,7838.25,7833.5,7835.75,7733.558411644447
1790076600,7835.75,7840.25,7835.25,7839,7733.97933614886
1790077500,7839,7842,7835.25,7835.5,7734.384608260042
1790078400,7835.75,7840,7834,7837,7734.794250542437
1790079300,7837,7840.25,7835.25,7840,7735.214233574204
1790080200,7840,7842.75,7838,7839,7735.628548011034
1790081100,7839,7839.75,7835.75,7837,7736.033224466079
1790082000,7837.25,7842,7836.5,7841,7736.452253510127
1790082900,7840.75,7843.25,7836.25,7837,7736.853641719667
1790083800,7837,7848.5,7835.5,7842.75,7737.276381672882
1790084700,7842.75,7843.75,7833.25,7835,7737.666495917701
1790085600,7835,7845.75,7834.25,7840.25,7738.076010904057
1790086500,7840.25,7841.25,7831.5,7831.75,7738.44995896432
1790087400,7832,7840.5,7826.75,7829.5,7738.813432182027
1790088300,7829.5,7835.75,7826.5,7831,7739.181442432798
1790089200,7831,7834.75,7828.5,7832.5,7739.553971604722
1790090100,7832.5,7834.25,7829.75,7830.25,7739.916031598316
1790091000,7830.25,7830.5,7822.25,7824.5,7740.253692150818
1790091900,7824.5,7827.5,7822.75,7826.75,7740.59898679293
1790092800,7826.75,7830.25,7824.75,7830,7740.955877065214
1790093700,7830,7830,7823.25,7825.5,7741.293378553975
1790094600,7825.5,7828.75,7824.25,7826.75,7741.634522751365
1790095500,7826.75,7833.75,7826.5,7832,7741.995263179503
1790096400,7832,7833,7828.75,7829.5,7742.344583486171
1790097300,7829.5,7832.5,7827.25,7832.25,7742.70348734451
1790098200,7832.25,7832.5,7827.25,7831.5,7743.057964440939
1790099100,7831.25,7839,7829.75,7837.5,7743.4349785549475
1790100000,7837.5,7838.5,7833.5,7835.75,7743.803501594648
1790100900,7835.75,7840.5,7835.5,7837.75,7744.178537516425
1790101800,7837.75,7839.25,7833.5,7837.5,7744.551078284823
1790102700,7837.5,7838.5,7832.75,7834.25,7744.909157812628
1790103600,7834,7837.5,7833.5,7836.75,7745.27578792116
1790104500,7836.75,7841.5,7836.5,7840.25,7745.654926492333
1790105400,7840.5,7846.75,7839.5,7841.5,7746.037541556236
1790106300,7841.75,7846,7829.75,7831,7746.37671304703
1790107200,7830.75,7834.25,7830.25,7832,7746.718522575784
1790108100,7832,7832.25,7828.75,7830.25,7747.051981567497
1790109000,7830,7830.5,7828.75,7828.75,7747.3781213616385
1790109900,7829,7829.25,7826,7827.75,7747.698967184546
1790114400,7830,7833.75,7829,7832.25,7748.036496257661
1790115300,7832.25,7834,7831.25,7832.25,7748.372677909328
1790116200,7832.5,7834,7832.5,7832.75,7748.709513526456
1790117100,7833,7833,7829.75,7831.25,7749.0390164664705
1790118000,7831.5,7832.75,7831.5,7831.75,7749.36920003347
1790118900,7832,7833.25,7831.5,7832.5,7749.701059514375
1790119800,7832.25,7833,7832.25,7832.25,7750.03059620294
1790120700,7832.5,7834,7831,7833.5,7750.363807395743
1790121600,7833.25,7833.75,7830.5,7832.5,7750.691696388175
1790122500,7832.25,7833,7830.25,7831,7751.012288418561
1790123400,7831,7832.25,7830,7831.25,7751.332598644435
1790124300,7831.25,7831.75,7827.75,7829,7751.642648150844
1790125200,7829,7831.25,7827.75,7830.75,7751.958445962618
1790126100,7830.5,7834.25,7829.75,7833.75,7752.284959152387
1790127000,7833.75,7835.25,7831,7831.5,7752.601186860362
1790127900,7831.25,7832.75,7831.25,7832.5,7752.920144198245
1790128800,7832.75,7832.75,7829,7829.5,7753.225852205438
1790129700,7829.5,7833.25,7827.25,7832,7753.540319861305
1790130600,7832.25,7832.75,7831,7831.5,7753.851536149284
1790131500,7831.5,7833,7831.5,7832.25,7754.164504068847
1790132400,7832.25,7833.75,7831.75,7833.75,7754.48221063943
1790133300,7833.75,7836,7832.75,7834.25,7754.800644928295
1790134200,7834.25,7837.5,7834,7836.25,7755.125792054329
1790135100,7836.25,7837.25,7835.5,7836,7755.448643183853
1790136000,7835.75,7839.5,7835.75,7838.75,7755.781183530425
1790136900,7839,7840.5,7838.75,7839,7756.1133943746145
1790137800,7839.25,7840.75,7839.25,7840.5,7756.450267051761
1790138700,7840.25,7840.75,7838.25,7839,7756.77980690385
1790139600,7839,7839.75,7837.5,7838.75,7757.107033223595
1790140500,7838.75,7839.25,7836.75,7838.25,7757.430957242663
1790141400,7838.5,7838.5,7835.5,7836.75,7757.747600127922
1790142300,7836.75,7838.75,7836,7836.25,7758.060982961742
1790143200,7836.5,7840.25,7836,7839.75,7758.387086822175
1790144100,7839.75,7840,7836,7838.5,7758.706898850829
1790145000,7838.75,7843.25,7838.5,7843,7759.043398256614
1790145900,7842.75,7842.75,7837,7837.5,7759.356598263574
1790146800,7837.25,7839.25,7835.75,7838.5,7759.672539987072
1790147700,7838.75,7839.25,7835.25,7838.75,7759.988218470157
1790148600,7838.75,7839,7835.75,7838,7760.299642747722
1790149500,7838.25,7841.25,7837.75,7839.25,7760.614813834557
1790150400,7839.5,7841.25,7837,7840.5,7760.933716773341
1790151300,7840.5,7842.25,7839,7839.5,7761.247354630534
1790152200,7839.5,7840.25,7835,7835.5,7761.54377237652
1790153100,7835.5,7837.75,7834.25,7836.75,7761.843996838091
1790154000,7836.5,7838,7834.75,7835,7762.136036770873
1790154900,7835,7839.25,7834,7837,7762.4348949075165
1790155800,7837,7838,7835.25,7836,7762.728567981738
1790156700,7835.75,7835.75,7832.5,7834.75,7763.016078688397
1790157600,7834.75,7838,7834.25,7837.75,7763.314417695629
1790158500,7837.75,7839.25,7836.75,7838.25,7763.6135617367645
1790159400,7838.5,7838.5,7834.5,7836,7763.902529554182
1790160300,7836,7837,7834,7836,7764.190343807459
1790161200,7835.75,7836.25,7832.25,7833.5,7764.4670290617205
1790162100,7833.5,7835.25,7826.5,7827,7764.716661680237
1790163000,7827,7827.25,7819,7821.75,7764.944339677521
1790163900,7821.5,7827.25,7821.5,7826.5,7765.1900708564535
1790164800,7826.5,7828.25,7819.5,7820.5,7765.410868976787
1790165700,7820.5,7823.25,7818.75,7822.5,7765.638769699435
1790166600,7822.5,7824.75,7821.25,7821.5,7765.861768622791
1790167500,7821.75,7824,7819.5,7823.5,7766.091861362819
1790168400,7823.75,7824,7819.25,7821.5,7766.313051537019
1790169300,7821.25,7825.75,7820.25,7823.5,7766.541342748448
1790170200,7823.5,7826.25,7814.5,7814.5,7766.732794474004
1790171100,7814.75,7815,7799.25,7801.75,7766.872583717621
1790172000,7801.75,7805.5,7787.5,7790.75,7766.967902744696
1790172900,7790.75,7793.75,7778,7783,7767.031903132941
1790173800,7783,7793.5,7781,7786,7767.107624078518
1790174700,7786,7800.75,7783,7797.25,7767.227952924512
1790175600,7797.25,7797.5,7790.25,7791.25,7767.323849320022
1790176500,7791.5,7795,7784.25,7785,7767.394412795791
1790177400,7785,7787.25,7780.75,7786.25,7767.469684600997
1790178300,7786.25,7787,7776.5,7780.5,7767.521701828139
1790179200,7780.5,7781.25,7777,7780.25,7767.5725133976875
1790180100,7780,7781.5,7775.25,7778.25,7767.615138094703
1790181000,7778.25,7781.5,7772,7772.25,7767.633640537439
1790181900,7772.25,7775.25,7764.25,7768.5,7767.637099058247
1790182800,7768.5,7771.5,7758.75,7765.5,7767.6285677246815
1790183700,7765.5,7774,7763.75,7767,7767.626058472288
1790184600,7767.25,7780.5,7764.75,7779.25,7767.6724614324785
1790185500,7779.25,7785.25,7776.5,7784.25,7767.738639231151
1790186400,7784.25,7784.75,7774.75,7779,7767.783594763162
1790187300,7779,7781.75,7776.25,7777.25,7767.821384804028
1790188200,7777,7778,7770.25,7773.5,7767.844053926567
1790189100,7773.5,7778.25,7772.5,7776.75,7767.879606605503
1790190000,7777,7778.25,7771.75,7774.5,7767.906035321648
1790190900,7774.5,7775,7769.25,7771.75,7767.921380490025
1790191800,7771.75,7777,7768.25,7771,7767.933670388268
1790192700,7771,7776,7761,7773.75,7767.956889268954
1790193600,7774,7774.75,7770.25,7771.25,7767.970035419577
1790194500,7771.25,7772.75,7770.25,7772,7767.9861231025325
1790195400,7772,7773.75,7771,7773.5,7768.008134587153
1790196300,7773.5,7774.25,7771.25,7772.75,7768.0270641895995
1790200800,7774.75,7778,7773.5,7777.75,7768.065878304611
1790201700,7778,7779.25,7776.25,7777,7768.10154346108
1790202600,7776.75,7777.5,7774,7775.5,7768.1310782177225
1790203500,7775.5,7775.75,7774.75,7775,7768.158499063161
1790204400,7775.25,7775.75,7773,7773,7768.17782641221
1790205300,7773,7774.25,7768.5,7769.5,7768.183104550285
1790206200,7769.5,7770.25,7768,7769,7768.186365609964
1790207100,7769,7770.25,7767,7768.25,7768.186619639465
1790208000,7768.25,7769.75,7764.75,7765.5,7768.175894610964
1790208900,7765.5,7769.25,7765.25,7766.5,7768.169204412916
1790209800,7766.5,7768.25,7763.5,7764.5,7768.154556890309
1790210700,7764.25,7765.25,7761.25,7764.5,7768.139967840847
1790211600,7764.25,7768,7763.5,7766.75,7768.134419067032
1790212500,7767,7767.25,7765,7765.25,7768.122904420057
1790213400,7765.25,7767.5,7763.75,7764,7768.106445719777
1790214300,7763.75,7765,7759.5,7764.75,7768.093046734868
1790215200,7764.75,7765.75,7758,7760.75,7768.063733175049
1790216100,7760.75,7764.75,7760.75,7763.25,7768.044516675348
1790217000,7763,7766.75,7763,7766.5,7768.038350940117
1790217900,7766.5,7766.75,7764,7764.75,7768.025223790655
1790218800,7764.75,7765,7758.75,7761.25,7767.998176989096
1790219700,7761.5,7762,7758.75,7759.25,7767.963254126864
1790220600,7759.25,7759.5,7756,7756.75,7767.918490637336
1790221500,7756.75,7759.5,7756.5,7759.5,7767.884883888284
1790222400,7759.25,7759.5,7741.25,7746.75,7767.800513094319
1790223300,7746.75,7753,7745,7752.75,7767.740431205719
1790224200,7752.75,7757.25,7752,7755,7767.689571200905
1790225100,7755,7755,7753.25,7754.25,7767.635920218067
1790226000,7754.25,7760,7754.25,7754.5,7767.583481414802
1790226900,7754.5,7756.25,7751.75,7756.25,7767.53823797602
1790227800,7756,7757,7749.25,7750,7767.468225049968
1790228700,7749.5,7750,7742,7742,7767.36655548889
1790229600,7742,7747.75,7738.25,7746.5,7767.28325586618
1790230500,7746.75,7748,7739.5,7741,7767.17833268907
1790231400,7741,7741.25,7735.5,7739,7767.065844335022
1790232300,7739,7740.25,7734.25,7735.5,7766.939832980392
1790233200,7735.25,7745.25,7730.75,7745,7766.852248816797
1790234100,7744.75,7745.75,7740.75,7744.75,7766.764016286591
1790235000,7744.75,7748,7743,7746.75,7766.68412001399
1790235900,7746.5,7747.25,7733.5,7734,7766.553644484992
1790236800,7734,7741.25,7725,7726.5,7766.393749696629
1790237700,7726.25,7730.75,7722.5,7723.25,7766.221519158918
1790238600,7723.5,7731.5,7721,7726,7766.0609542121765
1790239500,7726,7727.75,7721,7723.25,7765.890052199354
1790240400,7723.5,7729.75,7722.5,7725.5,7765.728814466023
1790241300,7725.25,7729.5,7723.25,7725,7765.566224388314
1790242200,7724.75,7725.75,7707.25,7713.25,7765.357377185167
1790243100,7713,7724.5,7711.75,7724.25,7765.193275879039
1790244000,7724,7726.5,7720,7725,7765.032823679921
1790244900,7725,7728.25,7719,7721.75,7764.860037956648
1790245800,7721.75,7731.5,7719.5,7730.5,7764.722872136462
1790246700,7730.75,7737.75,7728.75,7733,7764.596233924341
1790247600,7733,7735.5,7726.25,7731.75,7764.465111234023
1790248500,7731.75,7736.25,7729.75,7730.75,7764.330519971612
1790249400,7730.75,7734.5,7725.25,7726.5,7764.179499931805
1790250300,7726.5,7734,7722,7732.25,7764.052036858226
1790251200,7732,7734.5,7726.5,7733.75,7763.9310706432225
1790252100,7733.75,7739.5,7731.25,7734,7763.811585331274
1790253000,7733.75,7735.25,7724.5,7733.75,7763.691579002606
1790253900,7734,7737.25,7729.75,7735,7763.577041761078
1790254800,7734.75,7739.5,7734,7738,7763.474937801952
1790255700,7737.75,7741.5,7734,7734,7763.357273379589
1790256600,7734.25,7744.75,7730,7740.5,7763.266026779272
1790257500,7740.25,7749,7738.75,7747.75,7763.204086552608
1790258400,7748,7758,7746.25,7754,7763.167343692118
1790259300,7753.75,7757.5,7749.5,7754.5,7763.132743517699
1790260200,7754.5,7755.25,7745.5,7746.25,7763.065347335992
1790261100,7746.5,7750.5,7735,7738.25,7762.9662840731735
1790262000,7738.5,7741.25,7725.25,7726.75,7762.82170808885
1790262900,7726.5,7738.75,7725.5,7729.25,7762.687689294084
1790263800,7729.25,7735,7726.75,7733.75,7762.572169576343
1790264700,7734,7737.5,7727.25,7735.75,7762.465095047096
1790265600,7735.75,7740,7729.5,7739.5,7762.373418020959
1790266500,7739.5,7778,7738.75,7765.5,7762.385899386145
1790267400,7765.5,7783,7757,7770,7762.416294997378
1790268300,7770,7783.5,7765.75,7776.5,7762.472517372638
1790269200,7776.25,7780.75,7769,7777.75,7762.533505327238
1790270100,7777.75,7778,7759.5,7766.25,7762.548341633317
1790271000,7766,7770.5,7755,7755.75,7762.521202544961
1790271900,7755.75,7764.75,7753.75,7763,7762.523113912047
1790272800,7763.25,7765,7749.5,7764,7762.529009664893
1790273700,7763.75,7774.25,7761.75,7769.5,7762.556837969624
1790274600,7769.5,7777.75,7762.5,7768.5,7762.58056316735
1790275500,7768.5,7777,7768,7773.25,7762.623155729556
1790276400,7773.25,7774.5,7764,7766.75,7762.6396301577815
1790277300,7766.75,7772.5,7766.75,7769.5,7762.667016863738
1790278200,7769.5,7772.25,7767.5,7769,7762.692298233544
1790279100,7768.75,7774.5,7765,7765.5,7762.703506623829
1790280000,7765.25,7766,7757.25,7757.5,7762.682734142297
1790280900,7757.5,7758.5,7748.75,7749.5,7762.630108457098
1790281800,7749.5,7756,7749.5,7755,7762.599648942299
1790282700,7755.25,7760.75,7755,7759.5,7762.587275094225
1790287200,7759,7763.75,7756.5,7758.25,7762.569960622791
1790288100,7758.25,7758.75,7754,7755,7762.539741219107
1790289000,7755,7758.5,7754.5,7757.75,7762.520620495678
1790289900,7758,7758,7756.25,7756.75,7762.497584086514
1790290800,7756.75,7759.25,7754.25,7755.5,7762.469649619103
1790291700,7755.5,7759.25,7754.75,7757.5,7762.449810698467
1790292600,7757.75,7759.25,7755.25,7755.5,7762.422066943184
1790293500,7755.5,7756.5,7750.75,7751.5,7762.378465877543
1790294400,7751.25,7755,7750,7752.25,7762.338032880028
1790295300,7752.25,7757.25,7750.25,7755,7762.308739335596
1790296200,7754.75,7755.25,7748.5,7750.5,7762.261598659606
1790297100,7750.25,7752.75,7749.5,7751.75,7762.219636189907
1790298000,7751.75,7761.5,7749.25,7760,7762.210775366793
1790298900,7760,7763.75,7758.25,7761.5,7762.207937940179
1790299800,7761.5,7765.25,7756.5,7763.75,7762.214093876546
1790300700,7763.5,7763.75,7759.25,7762,7762.213239210372
1790301600,7762.25,7764.75,7761.25,7763,7762.216379972007
1790302500,7763,7766.25,7761.5,7762,7762.215516179704
1790303400,7761.75,7762.75,7757.25,7762,7762.214655835673
1790304300,7762,7762.75,7758.5,7762,7762.213798926149
1790305200,7762,7766,7761,7764.75,7762.223923481334
1790306100,7765,7767.25,7763.5,7765.25,7762.2360036271175
1790307000,7765.5,7766.75,7761.5,7761.5,7762.233065488886
1790307900,7761.75,7764.25,7760.75,7763.75,7762.239121115676
1790308800,7763.75,7764,7759.5,7760.25,7762.23118051242
1790309700,7760.25,7761.75,7758.5,7759,7762.218281588219
1790310600,7759.25,7762.25,7758.5,7760.5,7762.211422180681
1790311500,7760.5,7761.75,7757.75,7759.5,7762.20059814004
1790312400,7759.25,7763.75,7759,7762,7762.199797349062
1790313300,7762.25,7764.25,7760.75,7763.5,7762.204987778806
1790314200,7763.5,7773.25,7763,7773.25,7762.249079643961
1790315100,7773,7774,7769.75,7770,7762.280021441789
1790316000,7770,7776,7769.75,7775.5,7762.332795807291
1790316900,7775.5,7778.5,7774,7775,7762.3833634887
1790317800,7775.25,7777.75,7774.25,7776.75,7762.44071533106
1790318700,7776.75,7778.25,7774.5,7774.75,7762.489854192014
1790319600,7774.75,7778.5,7774.25,7777.5,7762.549774933762
1790320500,7777.5,7780.5,7774.75,7780.25,7762.620434514864
1790321400,7780.25,7781.75,7773.5,7775.25,7762.670851941951
1790322300,7775.5,7778.5,7774.5,7775.25,7762.721068101863
1790323200,7775.25,7780.75,7771.5,7779,7762.786053857943
1790324100,7779,7784.5,7777.75,7784.25,7762.87173827368
1790325000,7784.25,7787.25,7782.5,7786.75,7762.967060675782
1790325900,7786.75,7790.75,7786.75,7789.25,7763.071982589252
1790326800,7789.25,7792.5,7788.75,7790.25,7763.180477668736
1790327700,7790.25,7792.5,7788,7788.25,7763.280555602194
1790328600,7788.25,7791.25,7786.5,7790.25,7763.38821805488
1790329500,7790.25,7790.25,7786,7786.75,7763.481478661447
1790330400,7787,7789.75,7784.25,7789.5,7763.585345014096
1790331300,7789.25,7791.5,7788.25,7788.75,7763.68580271863
1790332200,7788.75,7790.25,7785,7785.75,7763.7738833465
1790333100,7785.5,7787.5,7783.5,7785.75,7763.861612355096
1790334000,7785.75,7795.75,7785.25,7795.5,7763.987913303778
1790334900,7795.75,7798.75,7795,7795.5,7764.113710057057
1790335800,7795.5,7800.75,7794,7795,7764.237008619703
1790336700,7794.75,7796.25,7792.5,7792.5,7764.349834932599
1790337600,7792.5,7796.25,7791.5,7793,7764.464206849036
1790338500,7793,7794.75,7788,7792.5,7764.576126182972
1790339400,7792.75,7793,7783.25,7786.75,7764.664644641323
1790340300,7786.75,7792.75,7783,7785,7764.745823704631
1790341200,7785,7790.5,7782,7788.75,7764.841648759702
1790342100,7788.75,7789,7776,7777.75,7764.893179103975
1790343000,7777.5,7790.75,7767.25,7785.25,7764.974443858051
1790343900,7785.25,7793.75,7780,7787.5,7765.064366237859
1790344800,7787.5,7788.25,7755,7759.5,7765.042153198985
1790345700,7759.25,7770,7752.75,7764.25,7765.038990910765
1790346600,7764,7775.75,7762,7769.5,7765.056799330283
1790347500,7769.75,7779.25,7765.25,7778,7765.108468794035
1790348400,7778.25,7789,7773.5,7779.75,7765.166918020406
1790349300,7780,7783.5,7774.5,7777.75,7765.217149884596
1790350200,7778,7788.75,7767,7767.75,7765.2272610627015
1790351100,7767.5,7790.75,7764.5,7790.5,7765.328150240096
1790352000,7790.5,7811,7788.75,7806.5,7765.492508921772
1790352900,7806.5,7809.5,7791,7807,7765.658207488951
1790353800,7807,7808.75,7794.25,7802.5,7765.805280512947
1790354700,7802.5,7802.75,7792.25,7795.25,7765.922824303315
1790355600,7795.25,7804,7794,7804,7766.074828996715
1790356500,7803.75,7804.25,7799.25,7804,7766.226226884952
1790357400,7804,7805.25,7796,7800.75,7766.3640463385045
1790358300,7800.5,7803,7797,7802.75,7766.509299646535
1790359200,7802.75,7805.75,7799.25,7805.75,7766.665949148944
1790360100,7805.75,7806.25,7795.25,7800.25,7766.800017216213
1790361000,7800.5,7805,7796.25,7801.5,7766.938540101577
1790361900,7801.75,7802.5,7797.25,7798,7767.062537945483
1790362800,7798.25,7802.5,7795.25,7802.25,7767.203006855881
1790363700,7802.25,7803,7793.25,7794.75,7767.312974892384
1790364600,7794.75,7805,7793.5,7803.75,7767.4584320784425
1790365500,7803.75,7814.75,7802.5,7804.75,7767.607300613059
1790366400,7804.75,7807.25,7802.5,7803,7767.748588834164
1790367300,7803,7803.75,7801.5,7802.25,7767.886319018459
1790368200,7802.5,7806.5,7802.25,7806.25,7768.039467445531
1790369100,7806.25,7807.25,7805.25,7805.75,7768.190008493652