time,open,high,low,close,EMA
1786056900,7737,7738.5,7736.5,7737.75,7745.7315325757545
1786057200,7737.75,7738.5,7737.25,7737.75,7745.699670170263
1786057500,7737.75,7737.75,7736.25,7736.75,7745.663942944034
1786057800,7737,7737.5,7736.5,7736.75,7745.628358341462
1786058100,7737,7740.75,7736.75,7738.25,7745.598903817146
1786058400,7738.25,7739.75,7737.75,7739.75,7745.575554899712
1786058700,7739.75,7740,7737.25,7738,7745.545313163586
1786059000,7738,7739.5,7737.5,7739.5,7745.521180176905
1786059300,7739.5,7739.5,7738.25,7738.75,7745.494149517516
1786059600,7739,7740,7737.25,7739.75,7745.471218780919
1786059900,7739.75,7741,7738.25,7740.75,7745.452371600157
1786060200,7740.75,7741.25,7738.75,7739.5,7745.428609637681
1786060500,7739.5,7740,7738.75,7740,7745.406938541323
1786060800,7740,7742,7737.75,7741.25,7745.390343976288
1786061100,7741.5,7742.5,7737.75,7737.75,7745.359843601133
1786061400,7738,7739,7736.5,7738,7745.330462987955
1786061700,7738.25,7738.25,7731.5,7732.5,7745.27924357483
1786062000,7732.5,7732.75,7729,7730,7745.218248590499
1786062300,7730.25,7732.25,7729.5,7730.25,7745.158495103112
1786062600,7730.25,7739.5,7729.75,7739.25,7745.134908296313
1786062900,7739,7739.25,7731.5,7734.25,7745.091455568584
1786063200,7734.5,7735.5,7730.5,7734.75,7745.050172312821
1786063500,7734.75,7736.5,7730.5,7731.5,7744.9960798085785
1786063800,7731.25,7737,7731,7735.25,7744.957173302357
1786064100,7735.25,7737,7733,7735.75,7744.920418119513
1786064400,7735.75,7737.75,7734.75,7736.25,7744.88580567193
1786064700,7736.25,7737,7734.25,7735.25,7744.847339381822
1786065000,7735,7736,7730.75,7731.75,7744.795054593871
1786065300,7732,7732,7729.25,7729.75,7744.734994495692
1786065600,7729.75,7729.75,7727.25,7729.5,7744.674176154392
1786065900,7729.75,7734.25,7728.75,7733.75,7744.630566668746
1786066200,7733.75,7739.25,7733.25,7736.25,7744.5971113127825
1786066500,7736.25,7736.25,7730,7730.25,7744.5398374153265
1786066800,7730.25,7732.75,7729.5,7732.75,7744.492772196104
1786067100,7732.5,7734.5,7729.75,7733,7744.44689286598
1786067400,7733,7733,7730.5,7731.75,7744.396206666914
1786067700,7732,7733.5,7731.25,7732.75,7744.349714823932
1786068000,7732.75,7735.25,7732.25,7734.5,7744.310394605074
1786068300,7734.5,7734.75,7730.5,7731,7744.257259297269
1786068600,7730.75,7734,7729,7732.5,7744.210324130414
1786068900,7732.5,7733.75,7732.5,7733.25,7744.16657034147
1786069200,7733.25,7734.25,7731.5,7734.25,7744.126983234319
1786069500,7734,7734,7732,7732.5,7744.080568131587
1786069800,7732.75,7732.75,7730.25,7730.25,7744.025356282758
1786070100,7730.25,7731.5,7726.5,7727.75,7743.960384800592
1786070400,7727.75,7730.25,7727.5,7729.5,7743.902658713563
1786070700,7729.5,7733,7729,7733,7743.859135125885
1786071000,7733,7733.25,7732.25,7732.5,7743.813789277079
1786071300,7732.75,7733.5,7731.75,7732,7743.766628441642
1786071600,7732.25,7734.25,7732,7733.25,7743.724645892973
1786071900,7733.25,7734,7732.75,7733.25,7743.682830939309
1786072200,7733.25,7733.5,7731.75,7732,7743.636192891647
1786072500,7732,7732.5,7729.25,7729.5,7743.5797609838955
1786072800,7729.5,7730.5,7728.5,7730.5,7743.52754636919
1786073100,7730.5,7731.5,7729.5,7730.75,7743.476538200051
1786073400,7730.5,7732.5,7730,7730.25,7743.423737648354
1786073700,7730.25,7732,7729.75,7730.5,7743.372145881295
1786074000,7730.5,7731.25,7729.25,7730.25,7743.319762065402
1786074300,7730.25,7730.75,7728.75,7730.5,7743.26858537053
1786074600,7730.5,7731.25,7728.5,7729.25,7743.212622953881
1786074900,7729,7729.75,7728.75,7729,7743.155885936101
1786075200,7729.25,7729.5,7728.5,7729,7743.099375413402
1786075500,7729,7730.25,7728.75,7729.5,7743.0450864895965
1786075800,7729.5,7730.5,7727.75,7728.25,7742.986024268082
1786076100,7728.25,7728.75,7725.5,7728.75,7742.929193831882
1786076400,7728.75,7732.25,7728.75,7731.5,7742.883568307603
1786076700,7731.5,7731.75,7729,7730.5,7742.834132905177
1786077000,7730.75,7733.5,7729.75,7731.75,7742.789884869628
1786077300,7731.75,7732.25,7730,7730.5,7742.740823452982
1786077600,7730.5,7730.5,7729.5,7729.5,7742.687965874327
1786077900,7729.5,7730.75,7729.25,7730,7742.637315311955
1786078200,7729.75,7731,7729,7731,7742.590858963404
1786078500,7731,7732.25,7731,7731.5,7742.546584077322
1786078800,7731.5,7733.75,7731.25,7733.25,7742.509471965237
1786079100,7733.5,7737,7733,7734.75,7742.478496029248
1786079400,7734.75,7735.5,7733.75,7733.75,7742.443651733723
1786079700,7733.75,7735.25,7733.75,7734.75,7742.412938553149
1786080000,7734.75,7735.25,7733.75,7734.5,7742.38134997609
1786080300,7734.25,7735.5,7734.25,7734.5,7742.3498875011355
1786080600,7734.75,7734.75,7733.25,7733.5,7742.314558608916
1786080900,7733.25,7734,7732.75,7733,7742.277374742213
1786081200,7733,7733.5,7731.75,7733,7742.240339314101
1786081500,7733,7733,7732.25,7733,7742.203451732009
1786081800,7733.25,7733.75,7732.75,7733.25,7742.167709409726
1786082100,7733.5,7733.75,7731.5,7731.75,7742.126121747411
1786082400,7731.75,7734.5,7731.75,7734,7742.093682139637
1786082700,7733.75,7736.5,7733.75,7735.75,7742.0683580592395
1786083000,7735.75,7738.25,7735.75,7737.75,7742.051119104911
1786083300,7737.5,7738.5,7737,7737.5,7742.032950964772
1786083600,7737.25,7738.5,7736.25,7738.5,7742.018847368106
1786083900,7738.75,7740,7737.25,7739.75,7742.009790093184
1786084200,7739.75,7739.75,7737.5,7737.75,7741.9927849431115
1786084500,7737.75,7738.25,7736.5,7736.75,7741.971855661902
1786084800,7736.75,7736.75,7734.25,7734.75,7741.94302589878
1786085100,7734.5,7735.5,7734.25,7734.75,7741.914311224534
1786085400,7734.75,7736,7734.5,7735.5,7741.888705191701
1786085700,7735.5,7738.5,7735.25,7738,7741.87318141848
1786086000,7738,7739,7736,7736,7741.849735584475
1786086300,7736,7740.75,7736,7740.25,7741.8433494144765
1786086600,7740.25,7742.75,7739.75,7742.25,7741.844972770107
1786086900,7742.25,7742.5,7740.25,7740.75,7741.840601621325
1786087200,7740.75,7740.75,7739.75,7740.5,7741.835249918246
1786087500,7740.25,7742,7740,7741.5,7741.8339115952185
1786087800,7741.75,7741.75,7739.75,7740,7741.8265905908465
1786088100,7740,7741.25,7739.75,7740.25,7741.820296816033
1786088400,7740.25,7743.75,7740.25,7740.75,7741.8160241740525
1786088700,7740.75,7741,7739,7740.5,7741.810770584535
1786089000,7740.5,7740.75,7738.25,7740.75,7741.806535971423
1786089300,7740.75,7741.5,7740,7740.25,7741.80032225497
1786089600,7740.5,7744.5,7740.25,7743.25,7741.806109391677
1786089900,7743.25,7745.75,7743,7745.5,7741.82085546197
1786090200,7745.25,7746.5,7745,7746,7741.837538673698
1786090500,7746,7746.5,7742.5,7742.75,7741.841181233883
1786090800,7742.75,7744.25,7742,7743.5,7741.847803264885
1786091100,7743.5,7745,7743.5,7744,7741.856394868619
1786091400,7744.25,7747.25,7743.5,7746,7741.872936206469
1786091700,7746,7746,7742,7743.5,7741.879431471113
1786092000,7743.5,7744.75,7743,7743.75,7741.88689881055
1786092300,7743.75,7744.5,7743.25,7743.75,7741.894336340248
1786092600,7743.75,7744.5,7743.25,7744.25,7741.903740187193
1786092900,7744.25,7746.25,7744,7745.25,7741.917098509799
1786093200,7745.5,7747,7744.75,7745.75,7741.932399513752
1786093500,7745.5,7746,7744.25,7745.25,7741.945643427869
1786093800,7745.25,7747.75,7745.25,7747,7741.965820500013
1786094100,7747,7747.5,7745,7745.25,7741.978930997019
1786094400,7745.5,7749.5,7745.25,7748.25,7742.003965204616
1786094700,7748.25,7748.75,7746.75,7746.75,7742.022911451304
1786095000,7747,7748.75,7745.75,7747.25,7742.043778072257
1786095300,7747.25,7748.25,7747,7747.5,7742.065559397318
1786095600,7747.5,7747.5,7746.5,7747,7742.085257762998
1786095900,7747.25,7748,7746.25,7747.25,7742.105875496479
1786096200,7747.25,7748.5,7746.5,7747,7742.125412919647
1786096500,7747.25,7747.25,7745.5,7745.75,7742.139882329149
1786096800,7746,7747,7745.75,7746.5,7742.157287988514
1786097100,7746.5,7747.25,7745.75,7745.75,7742.171630152233
1786097400,7745.75,7747,7745.25,7745.25,7742.18391905382
1786097700,7745.25,7745.5,7744.25,7745,7742.195160893925
1786098000,7745.25,7745.5,7744,7744.75,7742.205359852433
1786098300,7744.75,7747,7744.75,7747,7742.224500132463
1786098600,7747,7747.5,7746,7747.25,7742.244562008182
1786098900,7747.25,7748.25,7747,7748,7742.267537808548
1786099200,7748,7749,7747.5,7748.75,7742.293415901128
1786099500,7749,7749.5,7746,7746.75,7742.311206656014
1786099800,7746.75,7747.75,7745,7745.25,7742.32293836597
1786100100,7745.25,7746.5,7744.75,7746.5,7742.339613262712
1786100400,7746.25,7750.5,7746.25,7749.5,7742.368197640905
1786100700,7749.25,7751.5,7748.75,7751.25,7742.403653937748
1786101000,7751.25,7751.75,7749.75,7750,7742.433978672527
1786101300,7749.75,7752.75,7749.75,7752.25,7742.473164386409
1786101600,7752,7753,7751.5,7752.75,7742.51418967828
1786101900,7752.75,7754.75,7752.75,7753.5,7742.558045208506
1786102200,7753.5,7755.25,7753,7755,7742.607713690708
1786102500,7755,7756.75,7754.5,7755.75,7742.660177907512
1786102800,7755.5,7756.25,7755,7756,7742.713430690316
1786103100,7755.75,7756,7754,7754.75,7742.7614808672015
1786103400,7754.75,7755.25,7752.5,7752.75,7742.801355195077
1786103700,7753,7753,7748.25,7748.75,7742.825102280127
1786104000,7748.5,7755.75,7747.25,7753.5,7742.867716642282
1786104300,7753.5,7754,7751.25,7752.25,7742.905170867263
1786104600,7752.5,7754,7752,7753,7742.945469586356
1786104900,7753,7755.75,7753,7754.75,7742.9925934602625
1786105200,7754.75,7755.75,7752,7755,7743.040527218905
1786105500,7755,7759.5,7750.5,7757,7743.096253657152
1786105800,7756.5,7774.5,7754.5,7766.25,7743.188683782273
1786106100,7766,7776.25,7763.5,7775.75,7743.318669076555
1786106400,7775.75,7776.5,7771.5,7772.25,7743.434163411579
1786106700,7772.5,7776.5,7772.25,7775.75,7743.563168747261
1786107000,7775.75,7778.75,7774.75,7777.75,7743.69964312352
1786107300,7777.5,7777.5,7774,7774.75,7743.823596643985
1786107600,7774.75,7776,7766.75,7766.75,7743.915119212273
1786107900,7766.75,7769.75,7763.25,7765.5,7744.001286401046
1786108200,7765.75,7766.25,7760,7761.5,7744.071141545153
1786108500,7761.5,7762.25,7757.5,7760.75,7744.137723814434
1786108800,7760.75,7761.5,7759.75,7760.75,7744.204040286233
1786109100,7760.75,7762,7753.25,7757.25,7744.256119965729
1786109400,7757.25,7763.5,7753.25,7762,7744.326953818161
1786109700,7762,7762.75,7753.75,7758.25,7744.382534840844
1786110000,7758.5,7768.5,7756,7767,7744.472824122916
1786110300,7767.25,7770.75,7758.25,7764.75,7744.553770932805
1786110600,7764.75,7769.5,7763,7767,7744.643376637664
1786110900,7767.25,7769,7751.75,7758,7744.696696491405
1786111200,7758,7763.5,7751.25,7751.5,7744.723855387648
1786111500,7751.75,7758.25,7751.25,7752.5,7744.75489788111
1786111800,7752.5,7755.5,7743.5,7745.75,7744.758870344658
1786112100,7746,7766,7744,7765.75,7744.8426672694295
1786112400,7765.75,7770.25,7762.5,7767.75,7744.934113707475
1786112700,7768,7780.5,7767.75,7779.5,7745.072101277506
1786113000,7779.25,7781.25,7771.5,7773.75,7745.186583907136
1786113300,7773.75,7775.75,7764.5,7766.5,7745.271667404513
1786113600,7766.5,7772.25,7764.5,7767.25,7745.359405259186
1786113900,7767.25,7774.75,7767,7771.5,7745.463758930806
1786114200,7771.75,7772.75,7766.25,7769.75,7745.560709992958
1786114500,7769.75,7777.5,7769.25,7776.25,7745.683222128715
1786114800,7776.25,7776.75,7771.25,7775,7745.800255174109
1786115100,7775.25,7778,7774.75,7777,7745.9248050536535
1786115400,7777.25,7781.75,7774,7778.75,7746.055843756034
1786115700,7778.75,7779.25,7775.25,7776.25,7746.176379309902
1786116000,7776.25,7784,7775.75,7783.25,7746.32437779569
1786116300,7783.25,7786.75,7782.25,7784.25,7746.475777485129
1786116600,7784,7786.75,7781.5,7782,7746.617590748661
1786116900,7782,7783.25,7779.5,7781.5,7746.756841883397
1786117200,7781.75,7784,7776.5,7779.5,7746.887553093444
1786117500,7779.5,7783.75,7778,7783,7747.03171455814
1786117800,7783.25,7784,7778,7780.75,7747.16631849204
1786118100,7780.5,7781,7775.5,7778,7747.289407040974
1786118400,7778,7779.25,7774.75,7779,7747.415996234423
1786118700,7779.25,7781.25,7777.75,7779.25,7747.543078085782
1786119000,7779.25,7781,7777.5,7777.5,7747.662666596418
1786119300,7777.5,7779.75,7776.25,7777.25,7747.780779703818
1786119600,7777.25,7781.25,7769.75,7769.75,7747.868481182046
1786119900,7770,7770.75,7760.75,7764.75,7747.935872474733
1786120200,7764.75,7767.25,7757.75,7766.75,7748.010978772239
1786120500,7766.75,7771.25,7764.25,7770.5,7748.100755304086
1786120800,7770.5,7774,7769.75,7773.25,7748.201151490497
1786121100,7773.25,7775,7771.75,7774,7748.304140905705
1786121400,7774,7776.25,7768.25,7769.5,7748.388755113666
1786121700,7769.5,7771.25,7766.75,7767,7748.463051500437
1786122000,7767,7770.25,7765,7767.75,7748.540045306823
1786122300,7768,7770.5,7767.75,7770,7748.625713788632
1786122600,7770,7771,7767.25,7768,7748.703056248558
1786122900,7767.75,7771.25,7767.25,7770.25,7748.789071992077
1786123200,7770.5,7771.75,7766.25,7766.25,7748.858776295502
1786123500,7766.5,7769.75,7764.25,7768.25,7748.936186370171
1786123800,7768.25,7769.75,7764.5,7766.75,7749.007299398633
1786124100,7766.5,7771.5,7766.25,7771,7749.095094610615
1786124400,7771.25,7771.5,7768.5,7769,7749.174555310772
1786124700,7769,7771.75,7768.25,7770,7749.257690818514
1786125000,7770,7772.25,7767,7770.5,7749.342490455965
1786125300,7770.5,7771.5,7768.75,7768.75,7749.419965543965
1786125600,7768.75,7770.25,7768.25,7768.75,7749.4971313501765
1786125900,7768.75,7769.25,7765.5,7767.75,7749.569997093289
1786126200,7768,7768.75,7761.75,7763,7749.623609879344
1786126500,7763,7765.5,7762,7764.5,7749.682996666253
1786126800,7764.75,7765.25,7762.75,7763.75,7749.739152368184
1786127100,7763.75,7765,7761.75,7762,7749.788097867712
1786127400,7762.25,7764,7760.5,7761.25,7749.833853964049
1786127700,7761.25,7762.5,7759,7760.25,7749.87543538535
1786128000,7760.25,7761.25,7756,7757,7749.903876761057
1786128300,7757.25,7760.25,7756.25,7759.75,7749.943182642251
1786128600,7759.75,7762.5,7759.5,7760.5,7749.985325625715
1786128900,7760.75,7765.5,7759.5,7764.5,7750.043268437588
1786129200,7764.5,7772.25,7763.75,7768,7750.114951996719
1786129500,7768,7774.5,7767.75,7774.25,7750.211299493739
1786129800,7774.25,7778.25,7774.25,7776.5,7750.31624440594
1786130100,7776.75,7782.5,7775.5,7776,7750.4187743683915
1786130400,7776.25,7780,7776,7776.5,7750.52289103758
1786130700,7776.75,7778.75,7776,7778.25,7750.633578099306
1786131000,7778.5,7778.5,7774,7775.25,7750.73184724861
1786131300,7775.25,7779,7773.75,7777,7750.836710133845
1786131600,7777.25,7777.25,7772.75,7773.25,7750.926184344888
1786131900,7773.25,7777.5,7773,7776.25,7751.027277421355
1786132200,7776.25,7778.75,7774,7775.75,7751.125970924663
1786132500,7775.75,7785.5,7775.5,7778.25,7751.234250481851
1786132800,7778.5,7781.25,7775.25,7775.75,7751.332117745396
1786133100,7775.75,7777.75,7774,7774.5,7751.424604301303
1786133400,7774.75,7776.25,7774,7775.25,7751.519715661378
1786133700,7775.5,7777,7774.25,7775.75,7751.616443343368
1786134000,7775.75,7775.75,7773.75,7774.5,7751.707794866948
1786134300,7774.5,7775,7773,7773.25,7751.793791693826
1786134600,7773.25,7776,7773,7776,7751.890423263911
1786134900,7776,7777.25,7775.75,7776.5,7751.988665087209
1786135200,7776.75,7776.75,7775.5,7776,7752.084518719595
1786135500,7776,7776.5,7775.25,7775.25,7752.176995690774
1786135800,7775.5,7776.5,7775.25,7776.25,7752.273095508375
1786136100,7776.5,7779.5,7776,7777.25,7752.372803709939
1786312800,7776.75,7779.25,7770.5,7772.25,7752.4521537949295
1786313100,7772.5,7772.75,7769.5,7771.75,7752.529191105129
1786313400,7772,7773.5,7767,7768.25,7752.591948825268
1786313700,7768.5,7768.5,7763,7765.25,7752.642479967682
1786314000,7765.25,7768.25,7765,7768.25,7752.704785436873
1786314300,7768.25,7770.25,7767.5,7769.25,7752.770834197604
1786314600,7769.25,7770.5,7766.5,7766.5,7752.825641246715
1786314900,7767,7768.75,7766.5,7768,7752.886217529163
1786315200,7768.25,7769.75,7768.25,7768.75,7752.949546002101
1786315500,7768.75,7769.25,7767.75,7768.25,7753.010625658779
1786315800,7768.5,7769.5,7768.5,7769.25,7753.07545350046
1786316100,7769.25,7769.25,7768.5,7768.5,7753.137028536386
1786316400,7769,7770,7767.25,7770,7753.204345787738
1786316700,7769.75,7772.25,7769.75,7771.75,7753.278380335491
1786317000,7771.5,7772.25,7771.5,7771.75,7753.3521193361485
1786317300,7771.5,7772.5,7771.5,7771.75,7753.4255639695375
1786317600,7771.75,7773.25,7771.75,7772,7753.499713414769
1786317900,7772,7772.75,7771.25,7771.75,7753.572568850239
1786318200,7771.75,7772,7767.75,7768.5,7753.632159393751
1786318500,7768.75,7770.5,7768,7770,7753.697500074813
1786318800,7770,7771.5,7769.5,7771.25,7753.767569934795
1786319100,7771.25,7772.5,7770.75,7772,7753.840354086751
1786319400,7771.75,7771.75,7769.75,7770.25,7753.9058616552675
1786319700,7770,7770,7766.75,7767,7753.958133664628
1786320000,7767,7769.25,7765.25,7768.5,7754.016185027244
1786320300,7768.5,7776.25,7768,7775.25,7754.100950755678
1786320600,7775.25,7778,7774.75,7776.25,7754.189370113939
1786320900,7776.25,7776.25,7774,7774,7754.268454464782
1786321200,7774,7775.5,7771.5,7772,7754.339239077697
1786321500,7772,7773,7770.5,7771,7754.405749101339
1786321800,7771,7773,7770.75,7772.25,7754.476983635865
1786322100,7772.5,7773,7769.25,7770.25,7754.539949769055
1786322400,7770,7771.75,7768.75,7769.75,7754.600668532452
1786322700,7770,7772.25,7769.75,7772.25,7754.671124945496
1786323000,7772.25,7773,7770.5,7771,7754.736310075454
1786323300,7771.25,7771.5,7769,7770.75,7754.80023698134
1786323600,7770.75,7774,7769.75,7773,7754.872890725926
1786323900,7773,7775.75,7772.75,7774.5,7754.951242459555
1786324200,7774.5,7777.25,7774.25,7776.75,7755.03826344774
1786324500,7777,7778.5,7776.5,7778.25,7755.130925070704
1786324800,7778.5,7780,7777.25,7780,7755.230202814932
1786325100,7780,7780.5,7779,7779.25,7755.326090228845
1786325400,7779.25,7779.25,7776,7777.5,7755.414608830725
1786325700,7777.5,7780.25,7776.5,7779.75,7755.511756100862
1786326000,7780,7780,7778,7780,7755.609513561537
1786326300,7780,7781,7779.25,7780.75,7755.709874784844
1786326600,7780.75,7781.5,7780.25,7780.75,7755.8098353645455
1786326900,7780.75,7780.75,7780.25,7780.5,7755.908398896025
1786327200,7780.5,7781.5,7779.5,7781.25,7756.009562972288
1786327500,7781.25,7781.5,7780.25,7780.25,7756.106331183975
1786327800,7780.25,7781.25,7779.5,7779.5,7756.199719083441
1786328100,7779.75,7779.75,7777.5,7778.25,7756.28774415696
1786328400,7778.25,7779.25,7778,7778.5,7756.376415836972
1786328700,7778.5,7780,7778.5,7779.75,7756.469723558182
1786329000,7779.75,7780.25,7779,7779.25,7756.560662785494
1786329300,7779.25,7782,7778.75,7782,7756.6622170258715
1786329600,7782,7782.75,7781.5,7782.75,7756.766359872076
1786329900,7782.75,7783,7781.75,7781.75,7756.866094962406
1786330200,7781.75,7783.25,7781.75,7782.75,7756.969423924632
1786330500,7782.5,7782.75,7782,7782.25,7757.070344388007
1786330800,7782,7783,7781.5,7781.75,7757.168865967296
1786331100,7781.75,7781.75,7780.75,7781.25,7757.264998238884
1786331400,7781.25,7781.75,7780.5,7781,7757.359748744916
1786331700,7781,7783.25,7780.75,7783,7757.462105037352
1786332000,7782.75,7783.25,7782.5,7782.75,7757.563054717842
1786332300,7782.75,7783.25,7781.75,7782.75,7757.663601405595
1786332600,7782.75,7784.25,7782.25,7784.25,7757.769734733317
1786332900,7784.25,7785.5,7783.75,7784.75,7757.877440383084
1786333200,7784.75,7785.75,7784.5,7785.75,7757.988708086145
1786333500,7785.75,7786.25,7785,7785.25,7758.097535598776
1786333800,7785.5,7786,7784,7784,7758.200938650278
1786334100,7784.25,7784.25,7783,7783.75,7758.302930911155
1786334400,7783.5,7784.75,7783,7784,7758.40551402129
1786334700,7784,7785.75,7782.25,7785.5,7758.513675641964
1786335000,7785.75,7786,7784.5,7786,7758.6234014877045
1786335300,7786,7787.25,7785.75,7786.75,7758.735683318093
1786335600,7786.5,7787,7786.25,7787,7758.848514921613
1786335900,7787,7788.75,7786.25,7787.25,7758.961894103562
1786336200,7787.25,7787.25,7786,7786.25,7759.070828658039
1786336500,7786.25,7786.75,7785.75,7786,7759.178330340043
1786336800,7785.75,7786.25,7783.5,7786.25,7759.286400877608
1786337100,7786.25,7787.5,7786.25,7787,7759.397034007837
1786337400,7787,7788.75,7787,7787.75,7759.510219500819
1786337700,7787,7787.5,7785.75,7787.25,7759.620957147523
1786338000,7787.5,7789.5,7787.25,7788.75,7759.737240751724
1786338300,7789,7790.75,7789,7789.75,7759.8570521658885
1786338600,7789.75,7790.5,7789.5,7790.25,7759.978381298959
1786338900,7790.25,7790.5,7789.5,7789.75,7760.097230076209
1786339200,7790,7790.25,7789,7790.25,7760.217600415226
1786339500,7790.25,7790.25,7788.75,7789,7760.332500213968
1786339800,7789,7789.25,7788.5,7789.25,7760.44793933487
1786340100,7789.25,7790.25,7789.25,7789.75,7760.564913628942
1786340400,7789.5,7789.75,7789,7789,7760.6784269477885
1786340700,7789,7790,7788.75,7789.25,7760.792485123646
1786341000,7789,7790.75,7788.75,7790.75,7760.912076001396
1786341300,7790.75,7791.25,7790.25,7790.75,7761.031189470452
1786341600,7790.75,7791.75,7790.25,7790.75,7761.149827436638
1786341900,7790.75,7791.75,7790.75,7791.75,7761.271983814137
1786342200,7791.5,7792.75,7791.25,7791.75,7761.393652541426
1786342500,7791.5,7792,7791.25,7791.75,7761.514835565213
1786342800,7791.75,7791.75,7787,7787.25,7761.617570752577
1786343100,7787.25,7787.75,7784.75,7785.25,7761.711911787497
1786343400,7785.25,7787,7784.5,7786.5,7761.810866231459
1786343700,7786.25,7786.5,7784.75,7784.75,7761.9024396197565
1786344000,7785,7785.75,7784.5,7785.5,7761.996641457602
1786344300,7785.75,7786.5,7785.5,7786,7762.09246324819
1786344600,7786.25,7787.25,7786,7786.5,7762.189898524644
1786344900,7786.5,7788.25,7786,7787,7762.288940845903
1786345200,7787,7788.75,7786.25,7787,7762.387587788634
1786345500,7787.25,7787.5,7785.5,7786,7762.481848915226
1786345800,7786,7786.25,7783.5,7785.25,7762.57273973792
1786346100,7785.5,7787.5,7785.25,7787.5,7762.672249758926
1786346400,7787.5,7792,7787.25,7791.75,7762.788328602204
1786346700,7791.75,7792.5,7789.75,7792.25,7762.90594006487
1786347000,7792.25,7793,7791.25,7792,7763.022084016707
1786347300,7792,7794,7792,7793.75,7763.144750347978
1786347600,7793.5,7794.25,7792.75,7794,7763.267924997287
1786347900,7794,7796.25,7790,7790.25,7763.37563787155
1786348200,7790.25,7791.75,7789.5,7791,7763.485914766274
1786348500,7791.25,7792.75,7791.25,7792.25,7763.6007414538335
1786348800,7792.25,7793.75,7790.75,7793.25,7763.719101767391
1786349100,7793.25,7793.75,7791.25,7791.75,7763.831001560735
1786349400,7791.5,7791.5,7789.5,7791.25,7763.9404586403325
1786349700,7791.25,7792.75,7791,7792.25,7764.053470781489
1786350000,7792,7792,7789,7791.25,7764.162039760405
1786350300,7791.5,7791.75,7790.5,7790.75,7764.268179322239
1786350600,7791,7791.5,7790,7791,7764.37489317724
1786350900,7791.25,7793.25,7791.25,7792.75,7764.488167056772
1786351200,7792.5,7793,7790.75,7791.25,7764.595000721216
1786351500,7791.25,7791.25,7790.25,7790.5,7764.69841389199
1786351800,7790.25,7791,7789.5,7790.5,7764.801414235734
1786352100,7790.5,7792.25,7790.25,7791.75,7764.908993420422
1786352400,7791.75,7792.5,7791,7792,7765.017141151278
1786352700,7792,7792.25,7791.25,7791.25,7765.12186314269
1786353000,7791,7792.5,7790.5,7792,7765.229161094217
1786353300,7792,7792.75,7790.5,7790.5,7765.330042686654
1786353600,7790.75,7792.75,7790.5,7792.75,7765.439503594093
1786353900,7792.75,7793.25,7791.75,7792.25,7765.546531523857
1786354200,7792.25,7793.25,7791.75,7792.75,7765.6551282044
1786354500,7792.5,7792.5,7789.75,7790,7765.752313321349
1786354800,7790.25,7790.25,7788.5,7789.75,7765.848112469766
1786355100,7789.75,7790,7789,7789.25,7765.94153317847
1786355400,7789.25,7790,7788.75,7789.5,7766.0355789542045
1786355700,7789.5,7789.75,7789,7789,7766.1272532897165
1786356000,7789,7791,7788.25,7790.75,7766.225547687762
1786356300,7790.75,7791,7789.25,7789.25,7766.3174616690485
1786356600,7789.25,7789.25,7786.5,7787,7766.400026692326
1786356900,7786.75,7788.75,7786.5,7788.5,7766.488250138664
1786357200,7788.5,7791,7788.5,7790.75,7766.585103431524
1786357500,7790.75,7791,7789.75,7790.25,7766.679574076507
1786357800,7790.25,7790.25,7788.5,7789.25,7766.7696755772
1786358100,7789.25,7789.25,7785.75,7786,7766.846443339367
1786358400,7786,7786,7784.75,7786,7766.922904643402
1786358700,7785.75,7786.5,7785.75,7786.25,7767.000058716681
1786359000,7786.25,7788,7786.25,7786.25,7767.076904789668
1786359300,7786.25,7786.25,7784,7785.5,7767.150450079929
1786359600,7785.5,7786.25,7780.5,7781,7767.20573770436
1786359900,7780.75,7782.25,7780,7780.75,7767.25980661572
1786360200,7780.75,7781.75,7778.5,7780.5,7767.31266167913
1786360500,7780.5,7781.75,7780,7780.75,7767.366303748275
1786360800,7780.75,7783.5,7780.5,7782.5,7767.426717705367
1786361100,7782.25,7786,7781.75,7785.5,7767.498866536883
1786361400,7785.75,7787.25,7785.5,7786.75,7767.575717369071
1786361700,7787,7787,7784.25,7785,7767.645275383566
1786362000,7784.75,7786.75,7784,7784,7767.710563705387
1786362300,7783.75,7785.25,7780.75,7781.25,7767.764613351274
1786362600,7781.25,7783.25,7781,7782.5,7767.823437250072
1786362900,7782.5,7783,7781.5,7782.5,7767.882026322926
1786363200,7782.25,7784.25,7781,7783.75,7767.945371527226
1786363500,7784,7785.25,7781.75,7785.25,7768.01445188041
1786363800,7785.25,7785.75,7781,7781.25,7768.0672883998495
1786364100,7781.5,7781.5,7779,7779.75,7768.113925971107
1786364400,7779.75,7780.25,7776.5,7777.5,7768.1513953285075
1786364700,7777.25,7779,7777,7778.75,7768.193705127595
1786365000,7778.75,7779.25,7774,7774,7768.216883949442
1786365300,7774.25,7776,7772.75,7773.5,7768.237974233077
1786365600,7773.5,7774.75,7773,7774.5,7768.2629723399305
1786365900,7774.25,7775.5,7774,7774.25,7768.286872649951
1786366200,7774,7774,7771.75,7772,7768.301695513624
1786366500,7772,7774,7771.5,7773.75,7768.323445232132
1786366800,7773.75,7776.25,7772.75,7775.5,7768.352094153362
1786367100,7775.5,7776.5,7775.25,7776.25,7768.383622719615
1786367400,7776,7777.25,7775.25,7776.5,7768.416023427321
1786367700,7776.25,7777.75,7773.75,7775.75,7768.445300778909
1786368000,7775.75,7776,7771.5,7773.75,7768.466477222905
1786368300,7773.5,7774.25,7769.75,7773,7768.484575118223
1786368600,7773,7783.5,7772,7772.75,7768.5016027624615
1786368900,7772.75,7777.75,7771.25,7774.5,7768.525548460017
1786369200,7774.75,7777.5,7771.5,7773,7768.543410542013
1786369500,7773,7779.25,7772.5,7777.5,7768.579165390149
1786369800,7777.75,7781,7771.25,7777.75,7768.615775508351
1786370100,7777.75,7781.75,7776.5,7780.75,7768.6642155262825
1786370400,7780.75,7785,7780.25,7783.25,7768.722442210808
1786370700,7783.5,7787,7782.25,7787,7768.79540651336
1786371000,7787,7789.5,7785.5,7789,7768.876063573187
1786371300,7788.75,7790.25,7786.25,7789.5,7768.958394656727
1786371600,7789.5,7791,7784.75,7786.25,7769.027423021371
1786371900,7786,7791.25,7784,7790.25,7769.112143887553
1786372200,7790,7793.5,7789.25,7790,7769.195528542693
1786372500,7790,7792.75,7788.25,7790,7769.278580324958
1786372800,7789.75,7793,7789.5,7792.5,7769.371280603102
1786373100,7792.5,7798,7792.5,7795.5,7769.47558686816
1786373400,7795.75,7796.25,7784.5,7785.25,7769.538558577268
1786373700,7785,7787.5,7781.25,7781.5,7769.5863088424285
1786374000,7781.75,7786,7779.25,7783.75,7769.642850523696
1786374300,7783.5,7786.75,7782,7782,7769.692180461726
1786374600,7782,7785.75,7780.75,7784.75,7769.752291517767
1786374900,7784.75,7788.5,7784.25,7785.75,7769.8161546254805
1786375200,7786,7787.5,7784.5,7785.75,7769.879762790648
1786375500,7785.75,7786,7780.75,7784.25,7769.937129007052
1786375800,7784.25,7785.5,7780,7780.75,7769.980294160717
1786376100,7780.75,7782.5,7778.5,7779,7770.016300970455
1786376400,7779.25,7784.75,7778,7784.5,7770.074120128257
1786376700,7784.5,7785.25,7781.5,7782,7770.121728431139
1786377000,7782,7790.25,7781.5,7788.5,7770.195094784707
1786377300,7788.75,7790.75,7787,7790,7770.274156282572
1786377600,7790,7791.25,7787,7788.25,7770.345916137731
1786377900,7788.25,7788.75,7785.25,7786.5,7770.410403498459
1786378200,7786.5,7788,7784.25,7784.5,7770.466649392677
1786378500,7784.25,7784.5,7781,7783.25,7770.517680732427
1786378800,7783.25,7785.25,7781.25,7784,7770.57150236623
1786379100,7784,7785.75,7780,7780.25,7770.610139083331
1786379400,7780.25,7781.25,7764.5,7773.75,7770.622673458248
1786379700,7773.75,7777.25,7771,7772,7770.628171767796
1786380000,7772,7773,7766,7767.75,7770.61668206014
1786380300,7768,7772.75,7765.75,7772.75,7770.625198299421
1786380600,7772.75,7773,7769.25,7771.75,7770.629688525771
1786380900,7772,7776.25,7771.75,7776.25,7770.652124898921
1786381200,7776,7777,7771.5,7773.5,7770.663493661799
1786381500,7773.5,7777.75,7772.5,7777.25,7770.689787100275
1786381800,7777.5,7779,7775.75,7777.5,7770.716973578917
1786382100,7777.5,7779.5,7776.5,7777.75,7770.745049532693
1786382400,7778,7778.75,7776.5,7778,7770.7740114108055
1786382700,7778,7778.5,7775,7777.5,7770.800861664655
1786383000,7777.5,7779.25,7777.25,7777.75,7770.828602735854
1786383300,7777.75,7778.25,7774,7774.75,7770.844257016349
1786383600,7775,7776.25,7772.5,7773,7770.852862776763
1786383900,7773,7774.25,7772,7773.25,7770.862432186836
1786384200,7773.5,7774,7771.25,7772.75,7770.869967387686
1786384500,7772.75,7774.75,7771.75,7773.75,7770.8814645238635
1786384800,7773.75,7775.25,7773,7773.75,7770.892915763289
1786385100,7774,7776.75,7773,7776,7770.913303325113
1786385400,7775.75,7777.25,7772.75,7773.25,7770.922631455552
1786385700,7773.5,7774,7771.75,7772.25,7770.927930331976
1786386000,7772.25,7774,7771.25,7772,7770.93221005121
1786386300,7772,7773.5,7771.5,7771.5,7770.934476677752
1786386600,7771.5,7773.25,7769.25,7771.75,7770.937732259877
1786386900,7772,7773.5,7769.5,7772,7770.941972849658
1786387200,7772,7775.75,7772,7775.25,7770.959170562833
1786387500,7775.25,7776,7774,7775.25,7770.976299622462
1786387800,7775,7778.25,7775,7777.75,7771.003340342531
1786388100,7777.75,7779.75,7776.5,7778.5,7771.033267127591
1786388400,7778.75,7780,7777.25,7778.5,7771.063074444447
1786388700,7778.75,7780.75,7777.75,7780.75,7771.1017448059465
1786389000,7780.75,7780.75,7778.75,7779.75,7771.136268778777
1786389300,7779.75,7781.25,7778.75,7779.75,7771.170654931357
1786389600,7779.75,7780.75,7778.5,7780.5,7771.207897825842
1786389900,7780.5,7780.5,7775.25,7775.75,7771.22602997025
1786390200,7776,7776.75,7773.75,7775.25,7771.242093722864
1786390500,7775.25,7779.5,7774.5,7778.5,7771.2710674006175
1786390800,7778.5,7778.75,7776,7777.5,7771.295933399018
1786391100,7777.5,7778.75,7775.25,7778.25,7771.323694143933
1786391400,7778,7778,7770.5,7771.25,7771.323399955733
1786391700,7771.25,7779,7770.25,7778,7771.350053049722
1786392000,7777.75,7778.25,7775,7775.75,7771.367617708206
1786392300,7775.5,7776.5,7775,7775.75,7771.385112248293
1786392600,7775.75,7776,7775,7775.5,7771.401538945905
1786392900,7775.25,7776.75,7773,7773.25,7771.408918031949
1786393200,7773.5,7775,7773.25,7774.75,7771.422255684516
1786393500,7774.75,7776.75,7774.25,7776.25,7771.441528116913
1786393800,7776,7776.25,7775,7775.75,7771.458727605468
1786394100,7775.5,7776,7775.25,7775.5,7771.474860429398
1786394400,7775.5,7776.5,7775.25,7776.25,7771.493922862814
1786394700,7776.5,7777.25,7776,7777.25,7771.516901214659
1786395000,7777,7778.5,7776.75,7778.25,7771.5437798525245
1786395300,7778.25,7778.25,7777,7777.25,7771.56655917447
1786399200,7778.25,7781.25,7777.25,7778.75,7771.595235584951
1786399500,7778.75,7779.75,7777.25,7777.5,7771.618807498784
1786399800,7777.5,7778,7776.75,7777.5,7771.64228531316
1786400100,7777.75,7778,7775.75,7776,7771.659681379774
1786400400,7776,7776.5,7773.5,7774,7771.669023969076
1786400700,7774,7775,7774,7774.5,7771.680325270597
1786401000,7774.5,7774.5,7771.5,7772.25,7771.682599421213
1786401300,7772.25,7772.75,7771.25,7772.25,7771.684864493384
1786401600,7772.25,7772.75,7772,7772.25,7771.687120523351
1786401900,7772.25,7772.25,7772,7772.25,7771.68936754721
1786402200,7772.25,7773,7772,7772.5,7771.692603604906
1786402500,7772.5,7773.75,7772.25,7773.5,7771.699818760176
1786402800,7773.5,7774,7771.75,7772.5,7771.703013096462
1786403100,7772.5,7773,7772.5,7772.75,7771.707192684899
1786403400,7772.5,7773,7772.25,7772.75,7771.7113555883525
1786403700,7772.75,7772.75,7771.25,7771.5,7771.710511853469
1786404000,7771.5,7771.75,7769.25,7770.25,7771.704681466828
1786404300,7770.5,7770.75,7769.25,7770,7771.6978763511925
1786404600,7770,7770.25,7768.5,7769.75,7771.690100397695
1786404900,7770,7770.75,7769.75,7770.5,7771.685349497903
1786405200,7770.5,7772,7770.5,7771.5,7771.684609579748
1786405500,7771.5,7773,7770.5,7772,7771.685868623342
1786405800,7772,7772,7769,7769.5,7771.677142600894
1786406100,7769.5,7771.25,7766.5,7770.75,7771.673441432826
1786406400,7770.75,7770.75,7767.75,7769.5,7771.66476501992
1786406700,7769.5,7773,7769,7771.25,7771.663109271338
1786407000,7771,7777,7771,7776.25,7771.6814202123705
1786407300,7776.25,7776.25,7773.75,7774.75,7771.693670031882
1786407600,7775,7776.5,7773.25,7776,7771.710860969879
1786407900,7776,7778.25,7775.75,7778,7771.735967313312
1786408200,7778,7778.25,7776.75,7777.75,7771.75997542783
1786408500,7777.75,7779,7776.75,7777.25,7771.781891693587
1786408800,7777.25,7780.25,7777.25,7779.5,7771.812702505189
1786409100,7779.75,7781.25,7779,7779.25,7771.842392315548
1786409400,7779.25,7780.5,7779.25,7780,7771.874957615685
1786409700,7780,7780.25,7779.25,7779.75,7771.906394910632
1786410000,7779.5,7780.5,7778,7779.25,7771.935710699412
1786410300,7779.25,7781,7778.5,7780.75,7771.970897483047
1786410600,7781,7785.25,7780.75,7784.75,7772.021911864353
1786410900,7784.75,7785.25,7782.5,7783,7772.065736567489
1786411200,7783.25,7786.25,7783,7785.75,7772.120364365623
1786411500,7785.75,7785.75,7783.5,7784.75,7772.170782072746
1786411800,7784.75,7785.75,7783.75,7784.75,7772.220998511578
1786412100,7784.5,7784.75,7783.5,7784.25,7772.269018477599
1786412400,7783.75,7784.75,7783.5,7784,7772.315848743157
1786412700,7784,7786.5,7783.25,7786,7772.370476093484
1786413000,7786,7786.25,7785,7785.75,7772.4238873665645
1786413300,7785.5,7786,7783.25,7783.25,7772.467105381069
1786413600,7783,7784.25,7782.75,7784,7772.513144880546
1786413900,7784,7784,7782.5,7783,7772.555008573638
1786414200,7783,7784,7783,7783.75,7772.599699158174
1786414500,7783.75,7784.75,7783,7783.5,7772.643213333192
1786414800,7783.75,7784,7783,7783.75,7772.687551802919
1786415100,7783.75,7785,7783.25,7784.75,7772.7357052887355
1786415400,7784.75,7786.25,7784.75,7786,7772.788656565028
1786415700,7785.75,7786,7784.75,7785,7772.837404443012
1786416000,7785.25,7786.5,7785.25,7786.5,7772.891945742641
1786416300,7786.25,7786.75,7785.5,7785.75,7772.943275300555
1786416600,7785.5,7785.5,7784.5,7785,7772.991405938078
1786416900,7785.25,7785.25,7784,7784.5,7773.037348429343
1786417200,7784.25,7786.5,7784.25,7786.5,7773.091091549386
1786417500,7786.25,7786.5,7785.25,7786.25,7773.143622122043
1786417800,7786.25,7786.25,7785.5,7785.75,7773.193946983831
1786418100,7786,7786.5,7785.5,7786.25,7773.246066955951
1786418400,7786,7788.25,7785.75,7788.25,7773.305962896247
1786418700,7788.25,7789.25,7788,7788.5,7773.366617734985
1786419000,7788.75,7789,7786.75,7787,7773.421042414686
1786419300,7787.25,7788.5,7787.25,7788,7773.479241846164
1786419600,7788,7789,7787.25,7787.25,7773.534214932606
1786419900,7787.5,7787.5,7786.5,7787.25,7773.588968565609
1786420200,7787,7788,7787,7788,7773.646497633212
1786420500,7787.75,7787.75,7786.25,7786.75,7773.698807023898
1786420800,7786.75,7787.5,7786.75,7786.75,7773.750907594661
1786421100,7786.75,7787.25,7786.75,7787,7773.803798183106
1786421400,7787,7788.25,7787,7787.75,7773.859471643453
1786421700,7788,7788,7787.25,7787.5,7773.913924850465
1786422000,7787.25,7787.25,7786.75,7787,7773.966164671421
1786422300,7786.75,7788,7786.75,7788,7774.022187966146
1786422600,7788,7789.5,7787.75,7787.75,7774.076989610991
1786422900,7787.75,7788.25,7787.25,7788.25,7774.13356849478
1786423200,7788.25,7788.25,7787,7787.25,7774.185929498793
1786423500,7787.25,7788,7787.25,7787.5,7774.239079480833
1786423800,7787.5,7787.5,7786.75,7787,7774.290021279313
1786424100,7787,7787.5,7787,7787,7774.34075971732
1786424400,7787,7787.5,7786.5,7787,7774.391295606672
1786424700,7786.75,7788,7786.25,7787.5,7774.443625763931
1786425000,7787.75,7788.75,7787.5,7788.75,7774.500737038326
1786425300,7788.75,7788.75,7786.5,7786.5,7774.548638287674
1786425600,7786.25,7786.25,7785,7785.25,7774.5913582945095
1786425900,7785.25,7785.5,7784.75,7785,7774.632909758404
1786426200,7785.25,7785.25,7783,7785.25,7774.675293352183
1786426500,7785.25,7786.25,7784.75,7785.5,7774.718505753971
1786426800,7785.5,7786,7785,7785.5,7774.76154565116
1786427100,7785.25,7785.5,7781.75,7781.75,7774.789443672513
1786427400,7782,7782.75,7780.5,7781.25,7774.815234316535
1786427700,7781,7781.75,7780.5,7780.5,7774.837927991918
1786428000,7780.75,7783.5,7780.25,7783.25,7774.871509117699
1786428300,7783,7783.5,7782.75,7783,7774.9039581830975
1786428600,7783,7784.5,7783,7783.5,7774.938273719293
1786428900,7783.5,7783.75,7778.75,7778.75,7774.953490191471
1786429200,7779,7779.25,7777.25,7777.5,7774.96365589929
1786429500,7777.75,7777.75,7775,7775.5,7774.965796993504
1786429800,7775.25,7777,7770.5,7772.75,7774.956951496524
1786430100,7772.5,7777.75,7771.75,7777.5,7774.967103386758
1786430400,7777.5,7778.5,7777,7777,7774.975218742499
1786430700,7777.25,7777.5,7775.25,7775.5,7774.977313677659
1786431000,7775.25,7776,7773,7773,7774.969420209884
1786431300,7773.25,7774.75,7773,7774.75,7774.968544280903
1786431600,7775,7777,7773.5,7775,7774.968669852636
1786431900,7775.25,7775.25,7771.75,7773.5,7774.962806899132
1786432200,7773.5,7775.25,7773,7774.25,7774.959961362609
1786432500,7774,7775,7772.25,7772.75,7774.951139161561
1786432800,7772.75,7773,7770.75,7771.75,7774.9383601629115
1786433100,7771.75,7774.5,7771.5,7772.75,7774.9296241941975
1786433400,7773,7776,7773,7776,7774.933897151506
1786433700,7776,7777.5,7775.75,7775.75,7774.937155047109
1786434000,7775.75,7776.75,7774.25,7776,7774.941397941132
1786434300,7775.75,7776.5,7774.25,7774.75,7774.940633877494
1786434600,7774.75,7776.25,7773.75,7773.75,7774.935880848043
1786434900,7773.75,7776.75,7773.5,7776,7774.940128828689
1786435200,7776,7780.5,7775.75,7777.25,7774.949349871289
1786435500,7777.25,7777.5,7773.25,7773.5,7774.943564043459
1786435800,7773.75,7774.75,7771,7771.25,7774.928819276819
1786436100,7771.25,7772.75,7770.75,7771.25,7774.914133371522
1786436400,7771.25,7773.25,7770,7772.75,7774.905494116546
1786436700,7772.75,7774.75,7772.5,7772.75,7774.896889349614
1786437000,7772.75,7774.25,7771.25,7772.25,7774.886322925065
1786437300,7772.5,7773,7771,7772.75,7774.877794689834
1786437600,7772.75,7776.25,7772.5,7776,7774.882274551352
1786437900,7776,7777.5,7775.25,7776.5,7774.888732537174
1786438200,7776.25,7776.75,7775.25,7776.25,7774.8941667386225
1786438500,7776.25,7776.25,7774.25,7775,7774.894589226692
1786438800,7775,7775.5,7773,7774,7774.891018012214
1786439100,7774.25,7776,7771.5,7771.5,7774.877481014161
1786439400,7771.75,7774,7771.75,7774,7774.873978095941
1786439700,7774,7777.75,7773.25,7777,7774.882465209331
1786440000,7777,7778.25,7775.75,7776.5,7774.888922434044
1786440300,7776.25,7777,7775,7776.75,7774.896351885405
1786440600,7776.5,7779.25,7776.5,7777.75,7774.907743694246
1786440900,7778,7779,7777.5,7778.75,7774.923082042772
1786441200,7778.75,7780.5,7778.25,7778.25,7774.936363152382
1786441500,7778.25,7779.75,7778.25,7779,7774.952585255566
1786441800,7778.75,7778.75,7777.5,7777.75,7774.963752579895
1786442100,7778,7778.75,7777.25,7778,7774.97587332808
1786442400,7778,7778.5,7776.75,7776.75,7774.982955670083
1786442700,7776.5,7777.25,7775.75,7777.25,7774.992005747249
1786443000,7777.25,7777.5,7776,7776,7774.996029676402
1786443300,7776,7778,7775,7778,7775.008021573902
1786443600,7778,7783,7777.75,7782,7775.035933663427
1786443900,7782.25,7787.75,7781.5,7786,7775.079702391318
1786444200,7786,7786,7782.5,7783.5,7775.113316353828
1786444500,7783.5,7784,7782.5,7782.5,7775.142804112895
1786444800,7782.5,7785,7782.5,7784.75,7775.181156192284
1786445100,7784.5,7786.25,7784.25,7786,7775.22434518952
1786445400,7786,7786.25,7785,7785,7775.263369759622
1786445700,7785,7785.25,7784.25,7785.25,7775.303236547009
1786446000,7785.25,7796,7784.75,7794.25,7775.378872329256
1786446300,7794.25,7795,7791.5,7792.5,7775.4472201443095
1786446600,7792.75,7794.75,7792.25,7793.5,7775.519287129761
1786446900,7793.5,7794.25,7787.75,7788,7775.569110334832
1786447200,7788,7789,7787.25,7787.25,7775.615740632897
1786447500,7787.25,7789,7787,7788.25,7775.666176798035
1786447800,7788.25,7789.25,7786,7787,7775.711421601236
1786448100,7787,7787.75,7785.75,7786.5,7775.754489778476
1786448400,7786.5,7788.5,7786.25,7788.25,7775.80437205481
1786448700,7788.25,7788.75,7787,7787.75,7775.852059192316
1786449000,7788,7790.5,7787.75,7790.25,7775.909536001927
1786449300,7790,7790.25,7788.25,7789.25,7775.962791347229
1786449600,7789.25,7790.25,7788,7789.25,7776.015834096342
1786449900,7789.25,7791.75,7789.25,7791.5,7776.077647133881
1786450200,7791.5,7792.75,7791,7792.75,7776.144203432748
1786450500,7793,7795.25,7792,7793,7776.211492041799
1786450800,7793,7794,7785.25,7786.25,7776.251565925863
1786451100,7786.25,7788.75,7786.25,7788.25,7776.299463866279
1786451400,7788,7788.75,7786.5,7788.25,7776.3471705973525
1786451700,7788,7791.25,7787.75,7790.75,7776.4046669223135
1786452000,7790.5,7790.75,7789,7789.75,7776.457941705059
1786452300,7789.75,7790,7788,7788.25,7776.505015790069
1786452600,7788.25,7788.75,7786.75,7787.75,7776.549905946596
1786452900,7788,7789,7787.5,7787.5,7776.593618896909
1786453200,7787.75,7790.25,7787.5,7788.5,7776.641149360395
1786453500,7788.5,7791.75,7788.5,7791,7776.698470121431
1786453800,7791,7791,7787,7787.75,7776.742588005177
1786454100,7787.75,7792,7786.25,7791.25,7776.800501825515
1786454400,7791,7792,7790.5,7791.25,7776.858184452958
1786454700,7791.5,7793.5,7790,7791.75,7776.917632818416
1786455000,7791.75,7792.5,7778.5,7780.75,7776.9329316894
1786455300,7780.75,7781.75,7774.75,7777.5,7776.9351954351505
1786455600,7777.5,7783.5,7777,7778.75,7776.942440163953
1786455900,7779,7781,7771.75,7774.5,7776.932689903817
1786456200,7774.5,7777.5,7771.75,7775,7776.924974574859
1786456500,7775,7782.5,7774,7782,7776.945234157395
1786456800,7782.25,7787,7780.75,7785,7776.977388911258
1786457100,7784.75,7786,7781.25,7784,7777.0054232868615
1786457400,7784,7785.75,7781.75,7784,7777.03334574879
1786457700,7784,7785.75,7779.75,7782.25,7777.054170715861
1786458000,7782.5,7784.75,7779.75,7780,7777.065930513402
1786458300,7780,7785.5,7779.25,7784.75,7777.096605441492
1786458600,7784.75,7785.25,7780.5,7782.75,7777.119173882844
1786458900,7782.75,7783.75,7778,7779.5,7777.12867817872
1786459200,7779.5,7782.75,7778.75,7779.5,7777.138144533296
1786459500,7779.75,7785.5,7779.5,7784.75,7777.1685311818665
1786459800,7784.75,7786.25,7780.25,7784.75,7777.19879652645
1786460100,7784.75,7786.25,7781.25,7782,7777.217963007382
1786460400,7782,7784,7779.5,7780.75,7777.232062955457
1786460700,7780.75,7780.75,7772.75,7773.5,7777.217164500545
1786461000,7773.5,7775,7771,7772.25,7777.197335500542
1786461300,7772,7772.25,7767.5,7769.75,7777.167605618304
1786461600,7769.75,7774,7769.25,7771,7777.142984438191
1786461900,7770.75,7772.5,7769.5,7769.5,7777.11247352227
1786462200,7769.75,7771.25,7763.25,7765,7777.064120334557
1786462500,7764.75,7766.75,7762.25,7764.25,7777.012966161565
1786462800,7764,7767.5,7763.25,7767.25,7776.9739922447525
1786463100,7767.25,7767.25,7764.25,7765.5,7776.928187884494
1786463400,7765.25,7768,7763,7763.75,7776.875580348029
1786463700,7763.75,7767,7763.25,7765.5,7776.830168849634
1786464000,7765.5,7768.75,7765.5,7765.75,7776.785936638657
1786464300,7765.75,7769.5,7765,7768.5,7776.752859047286
1786464600,7768.5,7768.75,7764.75,7765.25,7776.7069394502905
1786464900,7765.25,7769.75,7765,7766.25,7776.665195181028
1786465200,7766,7767.5,7761.5,7762.5,7776.608647495675
1786465500,7762.25,7764.25,7759.25,7763.5,7776.5563175655525
1786465800,7763.25,7764.5,7760,7761,7776.494216497426
1786466100,7760.75,7765.25,7760.5,7764,7776.44433938566
1786466400,7764,7764,7760.75,7761.5,7776.3846813442005
1786466700,7761.25,7761.5,7758,7759.75,7776.318275430651
1786467000,7759.5,7761,7758.25,7759,7776.249140598592
1786467300,7759.25,7759.25,7755.75,7756.75,7776.171299717959
1786467600,7756.75,7758,7753,7753,7776.078799519484
1786467900,7753,7756.25,7753,7754.25,7775.991658603239
1786468200,7754,7754,7748.25,7748.5,7775.881911463106
1786468500,7748.5,7753.75,7747.75,7752.75,7775.7895685031735
1786468800,7753,7755.5,7751.25,7754.25,7775.703582201763
1786469100,7754.25,7755.5,7752,7753.5,7775.614945147066
1786469400,7753.75,7754.75,7752.5,7754.75,7775.531651952866
1786469700,7754.5,7756.75,7753,7754.25,7775.4466952584435
1786470000,7754,7758.5,7753.75,7757.75,7775.37604976839
1786470300,7758,7759,7756.5,7757,7775.302692284285
1786470600,7757.25,7758.5,7756.75,7758,7775.233619660396
1786470900,7758.25,7758.25,7756.25,7757.5,7775.16282676754
1786471200,7757.75,7757.75,7754.5,7756.25,7775.087326461083
1786471500,7756,7757,7752,7752.5,7774.997157493174
1786471800,7752.5,7754.75,7752,7753.75,7774.912338501185
1786472100,7753.75,7755,7752,7753,7774.824864095991
1786472400,7753,7753,7748,7750.25,7774.726760846107
1786472700,7750.25,7751,7738,7740.25,7774.589129066282
1786473000,7740.5,7746,7740.5,7745.25,7774.47200679456
1786473300,7745.5,7747.75,7744.75,7745.5,7774.3563500808095
1786473600,7745.5,7745.5,7742,7743.25,7774.232173034578
1786473900,7743.25,7749,7743.25,7748.75,7774.130447792923
1786474200,7748.75,7750.25,7747,7749,7774.030126644049
1786474500,7749,7749.25,7746,7746.25,7773.919227934892
1786474800,7746,7747.5,7744,7746.5,7773.809769939144
1786475100,7746.25,7746.75,7743.75,7746.25,7773.699750897471
1786475400,7746.25,7749,7745.5,7747.75,7773.596159077521
1786475700,7747.75,7750.5,7747,7749.75,7773.500964829707
1786476000,7750,7752,7749.25,7751.75,7773.414134630786
1786476300,7751.75,7752.25,7749.75,7751.75,7773.327651059406
1786476600,7751.75,7753.75,7751.25,7753.5,7773.248498759767
1786476900,7753.5,7756.5,7752.5,7756.25,7773.180640481285
1786477200,7756.5,7756.5,7752.5,7752.75,7773.099081038246
1786477500,7752.75,7753,7748.5,7749.25,7773.003875125918
1786477800,7749.25,7750,7743.5,7749.5,7772.910047281104
1786478100,7749.5,7750.75,7743.25,7749.75,7772.817592002537
1786478400,7749.75,7752.5,7746.75,7748,7772.718519778974
1786478700,7748.25,7752,7748,7752,7772.635811117182
1786479000,7751.75,7753,7750.25,7752.25,7772.554430633681
1786479300,7752,7753.5,7751.5,7752.75,7772.475371030352
1786479600,7752.75,7755.75,7752.75,7755.75,7772.408603082127
1786479900,7755.5,7757,7754.75,7756.5,7772.345095684594
1786480200,7756.75,7757.75,7756.5,7757.25,7772.2848358215815
1786480500,7757,7757.5,7756.25,7756.5,7772.221822504928
1786480800,7756.75,7756.75,7755.75,7756.5,7772.159060738441
1786481100,7756.5,7756.5,7754.25,7754.25,7772.087567482001
1786481400,7754.25,7754.5,7753,7753.5,7772.013365615805
1786481700,7753.5,7754.25,7752.5,7753.25,7771.938461960652
1786485600,7756,7756.5,7751.5,7752.75,7771.8618613141025
1786485900,7752.5,7754,7751.75,7753.25,7771.787562466541
1786486200,7753,7755.5,7751.75,7755.25,7771.721544253102
1786486500,7755.75,7755.75,7754.75,7754.75,7771.653793577441
1786486800,7755,7755.75,7755,7755.25,7771.588309371544
1786487100,7755.25,7755.25,7754,7754.5,7771.520092567665
1786487400,7754.25,7755.25,7752.5,7754,7771.450152078373
1786487700,7754.25,7755,7753.25,7753.25,7771.377496780655
1786488000,7753.5,7754,7751.75,7752,7771.300141504085
1786488300,7751.75,7752.75,7750.5,7752.25,7771.224093035007
1786488600,7752.25,7753.25,7751.75,7752.75,7771.1503441606155
1786488900,7753,7753.75,7752.5,7752.75,7771.0768896929085
1786489200,7753,7753.75,7752.25,7752.75,7771.00372845661
1786489500,7753,7753.25,7751.75,7753.25,7770.932855289118
1786489800,7753,7753.25,7752,7752.5,7770.859271036467
1786490100,7752.5,7753,7752.5,7753,7770.787976541312
1786490400,7753,7753.25,7752.75,7753,7770.716966654919
1786490700,7753,7754.25,7753,7754,7770.650232257095
1786491000,7753.75,7753.75,7752,7752.5,7770.5777762401
1786491300,7752.5,7752.75,7752,7752.25,7770.504611464691
1786491600,7752.25,7753.25,7752.25,7753,7770.43473277621
1786491900,7753,7753,7752,7752.5,7770.363137036584
1786492200,7752.75,7755.5,7752.75,7755.25,7770.302805152206
1786492500,7755,7755.75,7755,7755.25,7770.242714113674
1786492800,7755.25,7755.5,7750,7751.25,7770.166894895656
1786493100,7751.5,7752,7749,7750.25,7770.087386333198
1786493400,7750,7752.25,7749.25,7752.25,7770.016179202127
1786493700,7752,7754.25,7750.25,7754,7769.952242359005
1786494000,7754,7754.75,7752.75,7754,7769.888560752782
1786494300,7754.25,7754.25,7751.75,7752.5,7769.819145340595
1786494600,7752.75,7753.25,7751.25,7752.75,7769.751005039834
1786494900,7752.5,7754,7752,7752,7769.680142744266
1786495200,7752,7752.75,7751.5,7752.5,7769.611559340097
1786495500,7752.5,7753.25,7751.5,7752,7769.541253713989
1786495800,7752,7752.25,7751,7751.25,7769.468234737087
1786496100,7751.25,7752.75,7751.25,7752.5,7769.400497273067
1786496400,7752.5,7753.5,7751.5,7753.25,7769.336024230061
1786496700,7753.5,7754,7751.25,7753.25,7769.271808564472
1786497000,7753.25,7753.5,7751.75,7752.25,7769.203857232877
1786497300,7752.5,7752.5,7749.75,7750.75,7769.130189140132
1786497600,7750.75,7751.25,7748.5,7749.5,7769.051825111628
1786497900,7749.5,7751.5,7749,7751,7768.9797619375295
1786498200,7750.75,7750.75,7749.5,7749.5,7768.901998416821
1786498500,7749.75,7750.5,7749.25,7750,7768.826541337313
1786498800,7750,7752.5,7750,7752.25,7768.760367519599
1786499100,7752.25,7752.75,7751,7752,7768.6934598648295
1786499400,7751.75,7752.5,7749.75,7750.75,7768.621829286527
1786499700,7750.75,7750.75,7748.75,7749.75,7768.546492642668
1786500000,7749.75,7751.5,7749.75,7750.5,7768.474450755872
1786500300,7750.5,7751.25,7750,7751,7768.404692469421
1786500600,7751.25,7751.5,7750.25,7751.5,7768.337208667148
1786500900,7751.5,7752.25,7751,7751.75,7768.270992265283
1786501200,7752,7752.25,7751.25,7751.25,7768.203044192368
1786501500,7751.25,7753,7751.25,7752.75,7768.141355393197
1786501800,7752.75,7754,7752.75,7753.5,7768.0829068686735
1786502100,7753.5,7753.75,7753.25,7753.25,7768.023693667601
1786502400,7753.25,7754.5,7753.25,7753.75,7767.966712854557
1786502700,7753.75,7754.5,7753.75,7754.5,7767.912953521804
1786503000,7754.5,7755.25,7754.5,7755,7767.86140480515
1786503300,7755.25,7755.5,7755,7755.5,7767.812057879781
1786503600,7755.5,7756.5,7755.5,7755.75,7767.763905952117
1786503900,7755.5,7756,7755.25,7755.25,7767.713950239733
1786504200,7755.5,7756.5,7755.5,7756.25,7767.668185967319
1786504500,7756.25,7756.5,7754.5,7755.25,7767.618612370643
1786504800,7755.25,7755.75,7755,7755.25,7767.569236672556
1786505100,7755,7756.5,7755,7756,7767.523052095021
1786505400,7755.75,7756,7754.5,7754.75,7767.472061867096
1786505700,7754.75,7755.5,7754,7754.25,7767.419279184992
1786506000,7754.25,7754.5,7753.75,7754,7767.365709208206
1786506300,7754.25,7755.25,7754.25,7755.25,7767.317343103582
1786506600,7755.25,7755.5,7754.25,7754.5,7767.2661760652445
1786506900,7754.5,7755.5,7754.5,7755.25,7767.218207298517
1786507200,7755.5,7756,7755,7756,7767.173424035848
1786507500,7756,7756.25,7754.25,7755,7767.124827532711
1786507800,7755,7755.75,7754.75,7755.5,7767.078421035574
1786508100,7755.5,7755.5,7754.5,7755,7767.030203785931
1786508400,7755,7756,7755,7756,7766.986171036287
1786508700,7756.25,7756.5,7755.75,7756,7766.942314066082
1786509000,7756.25,7756.25,7754.5,7754.75,7766.893642153643
1786509300,7755,7755.75,7755,7755.5,7766.848158552231
1786509600,7755.75,7755.75,7755,7755.25,7766.801858518091
1786509900,7755.25,7757.75,7754.75,7757.75,7766.765723354346
1786510200,7757.5,7758,7757.25,7757.5,7766.72873443876
1786510500,7757.5,7757.75,7757,7757.25,7766.690895179523
1786510800,7757.5,7757.5,7756.5,7756.75,7766.651210967229
1786511100,7756.75,7757,7755,7755.75,7766.607693158977
1786511400,7756,7756,7755,7755,7766.561355062534
1786511700,7754.75,7755.5,7754.5,7755,7766.515201948512
1786512000,7754.75,7754.75,7752.75,7754.25,7766.466239066483
1786512300,7754.25,7755.5,7754.25,7755.5,7766.42246166502
1786512600,7755.5,7757.5,7755.25,7756.5,7766.382851039611
1786512900,7756.25,7756.75,7756,7756.5,7766.343398540451
1786513200,7756.5,7756.5,7755.5,7755.5,7766.30011152033
1786513500,7755.5,7756.5,7755.5,7756,7766.258993310667
1786513800,7756,7757.25,7755.5,7757,7766.222031261523
1786514100,7757.25,7757.5,7756.5,7756.75,7766.184218761477
1786514400,7756.75,7757.75,7756.75,7757.75,7766.150549225503
1786514700,7757.5,7757.75,7757,7757,7766.114020086878
1786515000,7757,7757,7754.25,7755.25,7766.070650745213
1786515300,7755.25,7756,7754.25,7755.75,7766.029450542637
1786515600,7755.75,7755.75,7754.25,7754.75,7765.98442279596
1786515900,7754.75,7756.5,7754.5,7756,7765.944564820727
1786516200,7756,7757.5,7755.5,7757,7765.908857975135
1786516500,7756.75,7758.75,7756.75,7758.25,7765.878283691801
1786516800,7758.25,7758.5,7755.75,7756.5,7765.84084543355
1786517100,7756.75,7758.25,7756.75,7758,7765.809544653376
1786517400,7758,7759.25,7758,7758.5,7765.780364834401
1786517700,7758.5,7759.75,7758.5,7759.75,7765.756291521689
1786518000,7759.5,7760.75,7759,7760.25,7765.734310318009
1786518300,7760.25,7761.25,7759.75,7760.5,7765.713414867638
1786518600,7760.5,7761.5,7760,7760,7765.690606824254
1786518900,7760,7761,7760,7760.25,7765.668887834936
1786519200,7760.25,7760.25,7757.75,7758,7765.6382735122415
1786519500,7758.25,7759,7757.25,7758.75,7765.610775414389
1786519800,7758.5,7759,7758,7758.75,7765.583387089381
1786520100,7758.75,7760.5,7758.75,7759.75,7765.560100114973
1786520400,7759.75,7760.5,7758.75,7760.5,7765.539900114513
1786520700,7760.25,7760.5,7758.5,7758.75,7765.512794724835
1786521000,7758.75,7759.5,7758.5,7759,7765.486795544297
1786521300,7758.75,7759.5,7757,7759.5,7765.462896160887
1786521600,7759.5,7762.75,7759,7761.5,7765.447076216133
1786521900,7761.5,7762.25,7760.75,7761,7765.429323416866
1786522200,7761.25,7762,7760.75,7761.75,7765.414635499034
1786522500,7761.5,7762.5,7761,7762,7765.401004219597
1786522800,7762,7762.75,7761.75,7762.5,7765.389423364429
1786523100,7762.5,7762.5,7761.5,7762,7765.375892732235
1786523400,7761.75,7761.75,7758.25,7758.5,7765.3484440586535
1786523700,7758.25,7759.75,7758.25,7759.75,7765.326094980575
1786524000,7759.75,7760.5,7759.25,7760.5,7765.30682913235
1786524300,7760.25,7762,7760,7762,7765.29362821765
1786524600,7762.25,7763.5,7762.25,7763.25,7765.285470021172
1786524900,7763.25,7763.5,7762.25,7762.25,7765.273352376377
1786525200,7762.5,7764.5,7762.25,7763.75,7765.267271129365
1786525500,7763.75,7764.75,7762.75,7764.25,7765.263210166773
1786525800,7764.25,7765.25,7764.25,7764.75,7765.261161423592
1786526100,7765,7765.5,7764.75,7765,7765.260118863019
1786526400,7765,7771.75,7764.25,7771.75,7765.286026572148
1786526700,7771.75,7773.75,7767.75,7768.25,7765.297858801401
1786527000,7768.25,7770.5,7768.25,7769,7765.312637808182
1786527300,7769.25,7770.25,7768.5,7770,7765.3313498329
1786527600,7770,7770.25,7768.75,7769.25,7765.34699314694
1786527900,7769.25,7769.25,7767.5,7768.75,7765.360578004636
1786528200,7768.75,7771,7765,7765.25,7765.360136575476
1786528500,7765.25,7767,7765,7766.5,7765.364686928468
1786528800,7766.25,7768,7766.25,7767.75,7765.374209136338
1786529100,7767.5,7768.25,7767,7768.25,7765.385689339387
1786529400,7768,7769.75,7768,7769.25,7765.40111572925
1786529700,7769.25,7769.75,7768.75,7769.25,7765.416480536718
1786530000,7769.5,7770,7769.25,7769.75,7765.433780015614
1786530300,7769.75,7769.75,7768.25,7768.25,7765.44502241076
1786530600,7768.25,7769.5,7767.75,7769.5,7765.461209946046
1786530900,7769.5,7770,7768.5,7769.25,7765.476334856441
1786531200,7769.25,7770.25,7769.25,7769.5,7765.492397391944
1786531500,7769.25,7770,7759.25,7765,7765.490431733692
1786531800,7765,7766.75,7762.5,7765.75,7765.4914679343565
1786532100,7765.75,7766.5,7765.25,7766.5,7765.495494010467
1786532400,7766.25,7768,7765.75,7767,7765.501500022401
1786532700,7767,7769.25,7766.5,7769,7765.515466090176
1786533000,7769.25,7769.5,7766.75,7766.75,7765.520394369258
1786533300,7766.5,7766.75,7764.5,7765,7765.518316946626
1786533600,7765.25,7766.25,7765,7765.25,7765.517245821091
1786533900,7765.25,7766.75,7765,7765.75,7765.51817497949
1786534200,7766,7768.25,7765.75,7767.5,7765.526086456618
1786534500,7767.5,7768.5,7765.5,7768,7765.535962358987
1786534800,7768,7769.25,7767.75,7768.5,7765.54779484458
1786535100,7768.5,7769,7767.75,7768.25,7765.558582090709
1786535400,7768.25,7769.25,7768,7769.25,7765.573318289948
1786535700,7769.25,7771.5,7769.25,7770.5,7765.592985682004
1786536000,7770.5,7772.25,7769.25,7770.75,7765.613572565509
1786536300,7770.75,7770.75,7768.25,7768.75,7765.62609323391
1786536600,7768.75,7770.25,7768.5,7769.5,7765.641557931579
1786536900,7769.75,7771.5,7768.75,7770.25,7765.659954905904
1786537200,7770.5,7772.25,7769.5,7771.5,7765.683268459174
1786537500,7771.5,7782.25,7771,7781.25,7765.745411100055
1786537800,7780,7788,7760.75,7779,7765.798323630594
1786538100,7779.25,7783,7774.25,7782.75,7765.865994993345
1786538400,7782.75,7787.25,7781.75,7783,7765.934394214929
1786538700,7783,7783.5,7779.5,7781.25,7765.995534357783
1786539000,7781.25,7784,7779.75,7782.75,7766.062418452163
1786539300,7783,7785,7782,7784.75,7766.1370195761065
1786539600,7784.75,7786.5,7783,7786,7766.216312911132
1786539900,7786,7787.5,7784.25,7784.75,7766.290299685938
1786540200,7784.75,7786.5,7784.25,7785.75,7766.367983120326
1786540500,7785.75,7790.5,7785.25,7790,7766.462322509067
1786540800,7790,7792,7788.25,7788.75,7766.551295273503
1786541100,7788.75,7793.75,7787.25,7791.75,7766.651888905145
1786541400,7791.75,7794,7771.75,7775,7766.685214697939
1786541700,7775,7780.5,7772.5,7773.5,7766.712419429684
1786542000,7773.5,7775.75,7769.25,7772.75,7766.736521547729
1786542300,7772.75,7781.25,7768.25,7780,7766.789469565503
1786542600,7780,7780,7770.25,7771,7766.806278070232
1786542900,7771,7772.5,7765.5,7770.5,7766.821023467157
1786543200,7770.5,7772.75,7763.75,7764,7766.809761896429
1786543500,7764,7770,7763.5,7768.5,7766.816509353928
1786543800,7768.5,7772.75,7766,7768.25,7766.822231871477
1786544100,7768.5,7775,7767,7769.75,7766.833919568597
1786544400,7769.5,7775,7766.5,7774,7766.862526676107
1786544700,7774,7777.75,7770.25,7772.5,7766.8850315596355
1786545000,7772.25,7774.75,7756.5,7765.25,7766.878504487541
1786545300,7765.25,7772.5,7763.75,7772.5,7766.900945587391
1786545600,7772.5,7775.5,7771.5,7775,7766.933277141932
1786545900,7775.25,7776.75,7768.5,7771.5,7766.951507572503
1786546200,7771.25,7771.75,7764.5,7765,7766.943717123112
1786546500,7765,7768,7762.75,7766.75,7766.942943801263
1786546800,7766.75,7767.5,7762,7763.25,7766.928201510639
1786547100,7763,7766.75,7761.75,7765.75,7766.923498111395
1786547400,7765.75,7768.75,7762.25,7766.25,7766.92080949618
1786547700,7766.25,7767.75,7764,7765.75,7766.916135605975
1786548000,7765.75,7766.5,7761.5,7763.75,7766.903496342079
1786548300,7763.75,7768.25,7763,7768.25,7766.908871606182
1786548600,7768.25,7769.5,7761.25,7763.5,7766.895263336298
1786548900,7763.5,7766.75,7761,7761.5,7766.873725358907
1786549200,7761.25,7764.25,7760.25,7762.5,7766.856265377434
1786549500,7762.5,7766.5,7762,7766.5,7766.8548431603585
1786549800,7766.5,7766.5,7763,7764.25,7766.844444584868
1786550100,7764,7765.5,7763.25,7764.75,7766.836083528641
1786550400,7764.75,7769,7764.25,7767,7766.836737885812
1786550700,7767,7768.25,7764.25,7768,7766.841381646747
1786551000,7768.25,7770.75,7766.5,7769.75,7766.852992897659
1786551300,7769.75,7770.75,7768.25,7768.5,7766.8595677763105
1786551600,7768.75,7770.75,7767.75,7770.25,7766.873102435886
1786551900,7770.25,7771.25,7768.5,7768.75,7766.880595040932
1786552200,7769,7769.75,7766.25,7766.5,7766.879075699451
1786552500,7766.25,7772.25,7766.25,7771.75,7766.8985205070385
1786552800,7772,7773.5,7771,7772,7766.918885694635
1786553100,7772,7773.25,7770,7772.75,7766.942163596053
1786553400,7772.75,7776.25,7772.75,7775,7766.974330607646
1786553700,7775,7775,7772.5,7773.25,7766.999383180071
1786554000,7773.25,7775.25,7772.75,7774.75,7767.030323766178
1786554300,7774.75,7777.5,7774.25,7774.25,7767.059144828988
1786554600,7774.25,7775,7772,7774.75,7767.089846845639
1786554900,7774.75,7774.75,7770.25,7772.25,7767.1104462594285
1786555200,7772,7773.5,7771,7772.25,7767.1309634400295
1786555500,7772,7774.75,7771.75,7772.5,7767.15239671971
1786555800,7772.5,7774.5,7771.25,7773.5,7767.177736453364
1786556100,7773.25,7774,7771.75,7773,7767.200979022412
1786556400,7773,7774.25,7771.25,7773,7767.2241288067535
1786556700,7773,7774.25,7772,7772.5,7767.245190168803
1786557000,7772.25,7774.25,7771.75,7772,7767.264171445574
1786557300,7771.75,7773.5,7770.75,7772.5,7767.285072956769
1786557600,7772.5,7774.25,7772.25,7773.5,7767.309883044766
1786557900,7773.5,7774.25,7772.75,7773.5,7767.334594090496
1786558200,7773.5,7776.75,7773.25,7775.5,7767.367190521272
1786558500,7775.5,7776,7774.5,7776,7767.401652834561
1786558800,7776,7777,7774.25,7776.75,7767.4389715857205
1786559100,7776.75,7777.5,7775.25,7775.5,7767.47115133987
1786559400,7775.25,7779.25,7775.25,7778.25,7767.514180675838
1786559700,7778,7779.75,7777.75,7778.75,7767.559034245995
1786560000,7778.75,7781,7778.5,7779.5,7767.606702771958
1786560300,7779.75,7780.25,7778.25,7780.25,7767.657175016381
1786560600,7780,7781,7779,7779.25,7767.703453758831
1786560900,7779.25,7779.25,7774.75,7775,7767.732581687937
1786561200,7775,7777.75,7774.75,7777.25,7767.770575373814
1786561500,7777.5,7778.75,7777,7777,7767.807419384298
1786561800,7777,7777.75,7774.75,7775.75,7767.839126292944
1786562100,7775.75,7777,7775.25,7776,7767.871704631096
1786562400,7776,7776.25,7772.75,7773.5,7767.894172876081
1786562700,7773.25,7774.75,7772.75,7774.5,7767.920543443442
1786563000,7774.5,7775,7772.5,7773.5,7767.942816723108
1786563300,7773.25,7774.75,7773.25,7773.75,7767.965999091479
1786563600,7773.5,7774,7770.25,7773.5,7767.988090911473
1786563900,7773.25,7774.75,7771.5,7773.5,7768.010094540568
1786564200,7773.75,7774.25,7766.25,7767,7768.006062227033
1786564500,7767,7771.75,7764.5,7769.5,7768.012026050478
1786564800,7769.75,7775.5,7768.5,7774.5,7768.037926146085
1786565100,7774.25,7777.75,7772.25,7773.75,7768.060728836121
1786565400,7773.75,7774.5,7770.75,7772.25,7768.077452473502
1786565700,7772.25,7773.5,7769.75,7769.75,7768.084129309935
1786566000,7770,7770.75,7768.75,7769.5,7768.089781488338
1786566300,7769.5,7769.5,7767,7768,7768.089423079203
1786566600,7768.25,7769,7767.5,7768.5,7768.091062108827
1786566900,7768.25,7769,7767.25,7768,7768.090698587434
1786567200,7768,7768.75,7768,7768,7768.090336517225
1786567500,7768.25,7768.5,7767,7767.25,7768.08698188043
1786567800,7767.5,7769,7767.25,7767.5,7768.0846386393905
1786568100,7767.5,7768,7766.5,7766.75,7768.079310740631
1786572000,7770,7771,7768.5,7769,7768.082986146856
1786572300,7769.25,7771,7768.75,7770.25,7768.09163690076
1786572600,7770.25,7770.5,7768,7769.25,7768.096261104749
1786572900,7769,7769.75,7768.25,7768.5,7768.0978728368655
1786573200,7768.5,7769.5,7768,7769.25,7768.1024721468975
1786573500,7769.5,7769.75,7767.75,7769,7768.1060550924185
1786573800,7768.5,7768.75,7767,7767.25,7768.10263770682
1786574100,7767.25,7768,7766.5,7767.75,7768.101229971464
1786574400,7767.75,7768.75,7767.75,7768,7768.100825859801
1786574700,7768,7769.25,7768,7768.25,7768.101421365351
1786575000,7768.25,7769,7768.25,7769,7768.105008505609
1786575300,7768.75,7768.75,7768.5,7768.75,7768.107583321954
1786575600,7768.5,7770.25,7768.5,7769.75,7768.114139875559
1786575900,7769.75,7770.75,7769.75,7770.25,7768.122666263282
1786576200,7770.5,7771.25,7770.5,7771,7768.134152625504
1786576500,7771.25,7771.25,7770.5,7771.25,7768.146591137976
1786576800,7771.25,7771.75,7771,7771,7768.157981991717
1786577100,7771,7771.25,7770.25,7770.75,7768.168329368996
1786577400,7770.75,7771,7769.25,7770,7768.175641427403
1786577700,7770,7771.5,7769.75,7771.25,7768.187914315917
1786578000,7771.25,7771.5,7770,7770.75,7768.198142202879
1786578300,7771,7771,7767.5,7768,7768.197351216041
1786578600,7767.75,7769.25,7767.75,7769.25,7768.201553406796
1786578900,7769,7769.25,7767.75,7768.25,7768.20174680637
1786579200,7768.25,7772.75,7767.5,7771.25,7768.213915481793
1786579500,7771.25,7773.5,7770.75,7772,7768.229029591646
1786579800,7772,7772.75,7770.25,7770.25,7768.237097337787
1786580100,7770.5,7771.5,7769.5,7771.5,7768.250122897317
1786580400,7771.5,7772.75,7770.25,7772.5,7768.267088474573
1786580700,7772.25,7772.5,7768.75,7769,7768.270014269086
1786581000,7769,7770.5,7767.75,7769.25,7768.273926387772
1786581300,7769,7769.5,7767.75,7768.75,7768.275826881234
1786581600,7768.75,7769.75,7768,7769.5,7768.280713799872
1786581900,7769.5,7770.25,7768.75,7770.25,7768.288575221828
1786582200,7770.25,7770.5,7768.5,7768.75,7768.290417236911
1786582500,7769,7770.5,7768,7770.5,7768.299237926583
1786582800,7770.25,7770.75,7767.25,7768.5,7768.300039371986
1786583100,7768.25,7769,7768,7768.75,7768.301835621998
1786583400,7768.75,7769.25,7766,7766.25,7768.293644661431
1786583700,7766.25,7767,7765.25,7766.5,7768.286484403302
1786584000,7766.5,7766.5,7765.25,7766.25,7768.278354725046
1786584300,7766.25,7766.25,7764.25,7765.25,7768.266265484626
1786584600,7765.25,7767.75,7765.25,7767.25,7768.262208536584
1786584900,7767.5,7768,7767,7767.5,7768.259165787935
1786585200,7767.25,7767.5,7766.5,7767,7768.254139178003
1786585500,7767,7767.75,7766.5,7767,7768.249132634379
1786585800,7767,7770.5,7767,7770.25,7768.257120128852
1786586100,7770.25,7771.25,7769.75,7770,7768.264077733128
1786586400,7770.25,7771.75,7770,7770.75,7768.274001574513
1786586700,7771,7772,7770.75,7771.5,7768.286879811741
1786587000,7771.5,7772,7771.25,7771.75,7768.300704642831
1786587300,7771.75,7772.5,7771.5,7772.25,7768.31647029296
1786587600,7772,7773,7771.25,7772,7768.3311750023695
1786587900,7772,7772.5,7770.5,7771,7768.341828994376
1786588200,7770.75,7770.75,7768,7768.25,7768.341462411564
1786588500,7768.25,7770.25,7768.25,7770,7768.348083320101
1786588800,7770.25,7774.5,7770.25,7773.25,7768.367651849761
1786589100,7773.25,7773.5,7772.75,7773.25,7768.387142261538
1786589400,7773.25,7773.5,7772.5,7773,7768.405556863288
1786589700,7773,7773.25,7772.75,7773,7768.423897953655
1786590000,7772.75,7772.75,7772,7772.25,7768.43917181412
1786590300,7772.5,7772.75,7772.25,7772.25,7768.454384701089
1786590600,7772.5,7773.25,7772,7773.25,7768.473528873939
1786590900,7773,7773.75,7773,7773.5,7768.493594626938
1786591200,7773.5,7773.75,7772.75,7773.25,7768.512582273138
1786591500,7773.25,7774,7773.25,7773.5,7768.532492124343
1786591800,7773.5,7773.75,7772.5,7773,7768.5503264871195
1786592100,7773,7774.25,7772.75,7774,7768.5720816708035
1786592400,7773.75,7774.75,7773.25,7774.5,7768.595746015431
1786592700,7774.5,7775.25,7774.25,7774.75,7768.620313895609
1786593000,7774.75,7775.5,7774.75,7775.25,7768.646779708401
1786593300,7775,7775.25,7774.75,7774.75,7768.671143861261
1786593600,7775,7775.75,7774.25,7775,7768.696408756026
1786593900,7775.25,7776.25,7775,7776.25,7768.726562812889
1786594200,7776.5,7777.25,7773.5,7773.75,7768.746616454355
1786594500,7773.5,7774,7773.25,7773.75,7768.766590041363
1786594800,7773.5,7773.75,7772,7773.75,7768.786483893494
1786595100,7773.75,7775.25,7773.75,7774.75,7768.810290345017
1786595400,7774.5,7775.75,7774.5,7775.75,7768.837993776773
1786595700,7775.5,7776.25,7775,7775,7768.862592604011
1786596000,7775,7775.5,7774.5,7775,7768.887093232339
1786596300,7775,7777.25,7774.5,7776.75,7768.918482081711
1786596600,7777,7777.5,7776.75,7776.75,7768.949745626295
1786596900,7776.75,7777,7775.5,7775.75,7768.976892350342
1786597200,7775.75,7778.5,7775,7777.25,7769.009918728185
1786597500,7777.25,7778,7777,7778,7769.045807276176
1786597800,7778,7779.75,7777.75,7779.5,7769.087540580463
1786598100,7779.5,7780,7778.5,7778.75,7769.126113272756
1786598400,7779,7779.75,7778.5,7778.75,7769.1645319822455
1786598700,7778.75,7780,7778.5,7779.5,7769.20579133561
1786599000,7779.75,7780.5,7778.25,7779.5,7769.246885980977
1786599300,7779.75,7779.75,7778.25,7779,7769.2858205678795
1786599600,7779,7779.5,7778.25,7778.5,7769.322603719305
1786599900,7778.5,7778.75,7778,7778.5,7769.359240031803
1786600200,7778.5,7778.75,7777.5,7777.75,7769.392736079581
1786600500,7777.75,7778.25,7776.25,7776.25,7769.420110386648
1786600800,7776.5,7777,7775.75,7777,7769.450369427021
1786601100,7776.75,7778,7776.5,7778,7769.484499688789
1786601400,7778,7778.75,7777.75,7778.25,7769.519491705999
1786601700,7778.25,7779.5,7777.75,7779,7769.557338046494
1786602000,7778.75,7779.75,7778.25,7779.5,7769.597029311777
1786602300,7779.5,7779.5,7777.75,7778.25,7769.631572108936
1786602600,7778.5,7779,7777,7777.75,7769.663981002713
1786602900,7777.5,7778,7776.25,7776.5,7769.691270499708
1786603200,7776.5,7776.5,7774.5,7775,7769.7124630326425
1786603500,7775,7775,7773.75,7774.5,7769.731574956664
1786603800,7774.5,7776.25,7774.25,7776,7769.7565986095315
1786604100,7775.75,7778.25,7775.75,7777.75,7769.788508395522
1786604400,7778,7778.75,7774,7774.5,7769.80731674524
1786604700,7774.75,7775.25,7774.25,7775,7769.82804601971
1786605000,7775,7775.25,7774.25,7775,7769.848692542586
1786605300,7775,7775.5,7774,7775,7769.869256644212
1786605600,7775.25,7777.25,7775,7777,7769.897722685553
1786605900,7776.75,7777.75,7776,7777.5,7769.9280710979865
1786606200,7777.5,7778.25,7776.75,7777.5,7769.958298359073
1786606500,7777.25,7778.5,7776.75,7778.25,7769.991398964426
1786606800,7778.25,7779.5,7777.75,7779.5,7770.029357451594
1786607100,7779.5,7779.75,7778.25,7779.5,7770.067164407875
1786607400,7779.5,7780,7778.75,7778.75,7770.101826426207
1786607700,7778.75,7779.5,7777.5,7777.75,7770.13235805724
1786608000,7777.75,7778.5,7775.25,7775.75,7770.154783773578
1786608300,7776,7780.25,7775.75,7779,7770.190094017995
1786608600,7779,7779.75,7777.5,7779.5,7770.227259311337
1786608900,7779.75,7780,7777.25,7778.75,7770.261282228257
1786609200,7779,7781.5,7778,7780.75,7770.303153357087
1786609500,7781,7782,7781,7781.5,7770.347851347677
1786609800,7781.5,7781.75,7780.5,7781.5,7770.392370903175
1786610100,7781.5,7781.5,7780.25,7781.25,7770.435714731905
1786610400,7781,7782.25,7780.75,7781.75,7770.480881539363
1786610700,7781.5,7781.75,7780.75,7781,7770.522874028227
1786611000,7781.25,7783,7781,7781,7770.564698882406
1786611300,7781,7782,7781,7781.5,7770.608352779083
1786611600,7781.5,7782.25,7780.25,7780.75,7770.648838396732
1786611900,7780.75,7781.25,7779.5,7780,7770.686168383172
1786612200,7780.25,7781.25,7779.5,7779.5,7770.721353339726
1786612500,7779.25,7780.75,7778,7780.5,7770.76038985334
1786612800,7780.75,7781.5,7780.25,7781.5,7770.803262548536
1786613100,7781.75,7781.75,7780,7780.5,7770.84197207928
1786613400,7780.25,7783,7780.25,7782.5,7770.888511112896
1786613700,7782.75,7782.75,7781.75,7782,7770.932868353962
1786614000,7782.25,7783.75,7782,7783.5,7770.983036544165
1786614300,7783.25,7784,7782.5,7783,7771.031008454168
1786614600,7783.5,7784.5,7783.25,7784.25,7771.083778879501
1786614900,7784.25,7784.75,7784.25,7784.25,7771.136338644453
1786615200,7784.25,7784.5,7783,7783,7771.183698570024
1786615500,7783.25,7784,7783.25,7783.25,7771.231867438008
1786615800,7783.5,7783.75,7783.25,7783.5,7771.280842019093
1786616100,7783.5,7784.75,7783.5,7784.25,7771.332615104845
1786616400,7784.25,7784.75,7783.75,7784,7771.38318350762
1786616700,7783.75,7784.75,7783,7783.5,7771.43155403254
1786617000,7783.75,7784.5,7783.5,7783.75,7771.480729465544
1786617300,7783.75,7784.5,7783.5,7784,7771.530706593426
1786617600,7784,7784.75,7784,7784.5,7771.582480219799
1786617900,7784.5,7785.5,7784,7785.25,7771.637041177006
1786618200,7785.5,7785.5,7784.5,7785.5,7771.692382329992
1786618500,7785.25,7785.25,7784.25,7785,7771.745506552228
1786618800,7785,7785.75,7784.25,7784.5,7771.7964226937365
1786619100,7784.5,7785.25,7783.75,7784.5,7771.847135577194
1786619400,7784.5,7785.25,7784.25,7784.75,7771.898644018004
1786619700,7784.75,7785,7783,7783,7771.942960808352
1786620000,7783,7784,7783,7783.75,7771.99009469734
1786620300,7783.75,7784,7782.75,7783.75,7772.037040427092
1786620600,7783.75,7785.75,7783.5,7785.75,7772.091782780676
1786620900,7786,7787.5,7785.25,7787.25,7772.152294625863
1786621200,7787.5,7788.5,7786.25,7788.5,7772.217554926758
1786621500,7788.5,7789,7786.5,7786.75,7772.275568679545
1786621800,7786.5,7787,7785,7786.75,7772.333350840505
1786622100,7786.5,7786.75,7783.75,7784,7772.379924290243
1786622400,7784,7784.5,7781.5,7782,7772.41832778609
1786622700,7781.75,7784,7781.75,7783,7772.460569990537
1786623000,7783,7784,7780.75,7782.5,7772.500647555445
1786623300,7782.5,7782.5,7778.5,7779,7772.526593074185
1786623600,7779.25,7780,7779,7779.75,7772.555429029977
1786623900,7779.75,7783.5,7779.25,7783.5,7772.599119932053
1786624200,7783.5,7790.25,7778,7782.25,7772.63764639939
1786624500,7782,7785.25,7781.5,7784.75,7772.685999108375
1786624800,7784.75,7786.75,7782.25,7784.25,7772.732162784589
1786625100,7784,7786.5,7783.75,7785,7772.781136186646
1786625400,7785,7787.5,7784.75,7787,7772.837898118037
1786625700,7787,7788.5,7787,7788.5,7772.900421478843
1786626000,7788.5,7790,7788,7789.75,7772.967685265355
1786626300,7789.5,7791.75,7789.5,7791,7773.039670553717
1786626600,7791,7791.75,7790,7790.75,7773.110370471666
1786626900,7790.75,7792.75,7790,7792,7773.185778174374
1786627200,7792,7793.25,7791,7791,7773.256892832361
1786627500,7791,7793.5,7790.5,7793.25,7773.3367056354255
1786627800,7793.25,7799.5,7785.5,7798.25,7773.436159904346
1786628100,7798.25,7809.25,7798,7809,7773.578131321893
1786628400,7809,7809,7800,7801.5,7773.689595867514
1786628700,7801.5,7814.25,7800.5,7812.75,7773.84552562453
1786629000,7813,7816.25,7810.75,7816,7774.013806959362
1786629300,7816,7821.5,7813.5,7820.75,7774.200378588267
1786629600,7820.75,7827.5,7819.75,7826.75,7774.4101575160585
1786629900,7827,7828.75,7823.75,7826,7774.616104991044
1786630200,7826,7830.25,7825.75,7829.75,7774.836200380301
1786630500,7829.75,7831.25,7824.5,7830,7775.056415149243
1786630800,7830,7836.75,7828.25,7835,7775.29571089715
1786631100,7834.75,7837,7833.5,7836.5,7775.540039396562
1786631400,7836.5,7838.25,7834.25,7836.75,7775.784390536695
1786631700,7836.75,7838.5,7832.5,7835,7776.020780195231
1786632000,7835,7835.75,7830.25,7830.25,7776.237264106628
1786632300,7830.25,7830.5,7819.5,7821.25,7776.41695566708
1786632600,7821,7823.75,7820,7823,7776.602915923899
1786632900,7822.75,7824.25,7818,7822.25,7776.785139812426
1786633200,7822,7826.75,7817.5,7818,7776.949670192416
1786633500,7818.25,7820.5,7813.75,7816.75,7777.108553744542
1786633800,7816.75,7818,7814.5,7815.5,7777.261813011031
1786634100,7815.75,7816.75,7811.25,7816.25,7777.417454476057
1786634400,7816,7817,7812.5,7813.5,7777.561496573957
1786634700,7813.5,7813.5,7803.5,7806,7777.675023533741
1786635000,7806,7807.5,7801.25,7801.5,7777.770133220233
1786635300,7801.5,7805.75,7800,7803.75,7777.873845263266
1786635600,7803.5,7808,7801,7803.75,7777.977143286167
1786635900,7803.5,7805.5,7801,7803.25,7778.078032933728
1786636200,7803.25,7803.5,7799.25,7800.75,7778.168539788284
1786636500,7800.75,7803.75,7797.75,7799,7778.251699310087
1786636800,7798.75,7804.75,7798.5,7803,7778.350494921624
1786637100,7803.25,7807,7802.75,7803.75,7778.4518901514775
1786637400,7803.5,7805.25,7800.75,7801,7778.541902566042
1786637700,7801,7803,7800,7802.5,7778.6375436735625
1786638000,7802.5,7805,7801.5,7804.5,7778.740787012191
1786638300,7804.5,7809.5,7804.25,7809.5,7778.863578281603
1786638600,7809.5,7811.25,7808,7810.5,7778.989871382275
1786638900,7810.5,7811.25,7806,7807,7779.101688262985
1786639200,7807,7809.25,7806,7808.25,7779.218048788881
1786639500,7808.5,7811,7808.25,7810,7779.340930829644
1786639800,7810,7812.25,7810,7811,7779.4673143393065
1786640100,7811,7811.75,7810,7811.5,7779.595189331964
1786640400,7811.5,7814.75,7811.5,7814,7779.732533885529
1786640700,7814.25,7818.25,7813.5,7816.75,7779.880308201356
1786641000,7816.75,7817.5,7815,7816,7780.024498587777
1786641300,7816.25,7818.5,7816,7818.5,7780.178093403794
1786641600,7818.5,7819.25,7816,7817,7780.325087042901
1786641900,7817.25,7817.5,7815,7815.5,7780.465505857101
1786642200,7815.5,7816.75,7812.5,7813.5,7780.597380085216
1786642500,7813.5,7813.75,7811,7812.25,7780.723737849347
1786642800,7812.5,7813.5,7810.5,7810.5,7780.842605163322
1786643100,7810.5,7813.5,7810.5,7812.5,7780.968981989017
1786643400,7812.5,7813.75,7811.75,7812,7781.092858308422
1786643700,7812,7813.75,7810.75,7811.75,7781.215242107591
1786644000,7811.75,7813.75,7811.75,7813.5,7781.3441233766225
1786644300,7813.75,7815,7812.25,7812.5,7781.468498133602
1786644600,7812.75,7815.75,7811,7815.25,7781.603354428478
1786644900,7815.5,7816.25,7813.25,7813.75,7781.73168435092
1786645200,7813.75,7814.25,7811,7811.5,7781.850519942333
1786645500,7811.75,7814.75,7811.5,7814.5,7781.980857188073
1786645800,7814.5,7817,7814.5,7816.75,7782.119656161374
1786646100,7816.75,7818.5,7816.25,7818.25,7782.2638890709095
1786646400,7818.5,7821.5,7818,7820.5,7782.416528236295
1786646700,7820.5,7822,7820.25,7822,7782.574546087647
1786647000,7822,7823.75,7820.5,7823,7782.735925145182
1786647300,7823.25,7823.75,7821.25,7822,7782.892667958973
1786647600,7822,7824,7821.75,7823.5,7783.054773076901
1786647900,7823.5,7828.75,7822.5,7828.25,7783.235193144458
1786648200,7828.25,7828.25,7822.75,7824,7783.39792690436
1786648500,7824,7826.25,7822.5,7826,7783.567995060431
1786648800,7826.25,7828.25,7826,7827.75,7783.74437032965
1786649100,7827.75,7828.5,7824.5,7825,7783.909063462067
1786649400,7825,7827.25,7824.25,7825.25,7784.074097140861
1786649700,7825.25,7825.5,7822,7824.25,7784.234479986607
1786650000,7824.5,7825.25,7821.75,7821.75,7784.3842425415505
1786650300,7821.75,7823,7820.75,7822.25,7784.535403249967
1786650600,7822,7822.25,7818,7820.25,7784.677976490486
1786650900,7820.25,7824.75,7818.5,7823.25,7784.831956624256
1786651200,7823.25,7825.25,7818.5,7824,7784.98831607885
1786651500,7824,7825,7822,7822.75,7785.139061324045
1786651800,7822.75,7823.25,7821.5,7822.5,7785.288206787821
1786652100,7822.25,7823,7820,7821.25,7785.431766840564
1786652400,7821.25,7821.25,7820,7820.75,7785.5727577913
1786652700,7820.5,7821.75,7819.75,7820.5,7785.712187899918
1786653000,7820.5,7823,7820.25,7822,7785.857049425267
1786653300,7822,7823.5,7821.5,7823.25,7786.006322681054
1786653600,7823.25,7823.75,7823,7823.5,7786.155998039613
1786653900,7823.75,7824.5,7823.5,7823.75,7786.306073895743
1786654200,7823.75,7825.25,7823.75,7825,7786.460540666618
1786654500,7825.25,7825.5,7824.75,7825.25,7786.61538880767
1786658400,7825,7827,7823.75,7826,7786.772612804445
1786658700,7826,7827,7824.75,7825.75,7786.9282111565235
1786659000,7825.5,7825.75,7824,7824,7787.076202329551
1786659300,7824,7826,7823.5,7826,7787.231586751389
1786659600,7826,7826,7822.75,7824.5,7787.380362852182
1786659900,7824.5,7824.75,7824.25,7824.25,7787.527547032412
1786660200,7824.5,7824.75,7824.25,7824.5,7787.675141655038
1786660500,7824.5,7824.75,7824,7824.25,7787.82114907358
1786660800,7824.25,7824.75,7824,7824.75,7787.968569636161
1786661100,7824.5,7824.75,7823.25,7824,7788.112407681526
1786661400,7824.25,7824.5,7823.75,7824,7788.255671523117
1786661700,7824,7824,7823.75,7824,7788.398363453164
1786662000,7824,7824.5,7823.75,7824.25,7788.5414837587405
1786662300,7824.25,7826.25,7824.25,7826.25,7788.692016757707
1786662600,7826.25,7827.5,7826.25,7827.25,7788.845940842507
1786662900,7827.5,7827.5,7826,7827,7788.99825245591
1786663200,7827,7827.25,7825,7825.5,7789.143968014968
1786663500,7825.5,7826.25,7825.5,7825.75,7789.290099879179
1786663800,7825.75,7826.5,7825,7826.5,7789.438642394632
1786664100,7826.5,7826.75,7825.5,7825.75,7789.583597914015
1786664400,7825.75,7826.75,7825.25,7826,7789.728972772641
1786664700,7826,7826.75,7825.25,7826,7789.873767292511
1786665000,7826.25,7826.5,7825.5,7825.5,7790.015987782361
1786665300,7825.75,7826,7825,7825.75,7790.158638529737
1786665600,7825.75,7828.75,7825.75,7827.75,7790.308703844988
1786665900,7828,7828.25,7825.75,7826.75,7790.454178081135
1786666200,7826.75,7827,7825,7825.5,7790.594081561849
1786666500,7825.5,7826.25,7824.25,7824.75,7790.730432533658
1786666800,7825,7825.25,7824.25,7824.5,7790.865241186219
1786667100,7824.75,7825,7824,7824.25,7790.9985136764935
1786667400,7824,7824.75,7823.75,7824.25,7791.131254140859
1786667700,7824.5,7825,7824,7824.75,7791.265460711154
1786668000,7824.75,7825,7823.5,7823.75,7791.395139510711
1786668300,7823.75,7824.25,7823.25,7823.25,7791.522304622445
1786668600,7823.5,7824.25,7823,7824,7791.651956100998
1786668900,7824.25,7824.5,7823.75,7824.25,7791.782088012771
1786669200,7824,7824.25,7820.5,7821,7791.898726383977
1786669500,7821.25,7822.75,7821,7822.5,7792.020887156896
1786669800,7822.5,7822.5,7820.25,7820.5,7792.134576230122
1786670100,7820.5,7821.5,7820.25,7821,7792.249807462736
1786670400,7821.25,7822.75,7820.25,7822,7792.368570706397
1786670700,7821.75,7822.5,7820.75,7822.25,7792.487857849285
1786671000,7822.5,7822.75,7821.75,7822.75,7792.608664803979
1786671300,7822.75,7824.25,7822.25,7823.75,7792.732981511348
1786671600,7824,7824.25,7823.25,7823.75,7792.8568019444365
1786671900,7823.75,7825,7823.75,7824.75,7792.984120100347
1786672200,7824.75,7824.75,7823,7823,7793.103943972203
1786672500,7823.25,7823.75,7823,7823.5,7793.225285513232
1786672800,7823.5,7825.25,7823.5,7825,7793.352130680843
1786673100,7825,7825.5,7824,7824.75,7793.477471476529
1786673400,7824.75,7826.25,7824.75,7826,7793.607301929716
1786673700,7826,7826.5,7825,7825,7793.732622081694
1786674000,7825,7826.5,7825,7826,7793.861433969591
1786674300,7825.75,7826.25,7825.5,7826.25,7793.990729642367
1786674600,7826,7827,7826,7826.75,7794.121505172737
1786674900,7826.5,7826.75,7826.25,7826.25,7794.249762637117
1786675200,7826,7826.75,7825.75,7826.25,7794.377508095651
1786675500,7826.5,7827,7825.5,7825.5,7794.5017495802995
1786675800,7825.75,7825.75,7825,7825.25,7794.624497086965
1786676100,7825.25,7825.25,7824.25,7825,7794.745756579631
1786676400,7825,7825.5,7824.5,7825,7794.8665320024675
1786676700,7825,7825.75,7825,7825.5,7794.98882129587
1786677000,7825.75,7826,7825.5,7826,7795.112618416446
1786677300,7825.75,7826.5,7825.75,7826.5,7795.2379173449235
1786677600,7826.75,7827.5,7826.5,7827.5,7795.366708094046
1786677900,7827.5,7827.75,7827.25,7827.25,7795.493986704449
1786678200,7827.5,7827.5,7826.5,7826.75,7795.618761208622
1786678500,7826.75,7826.75,7825.5,7825.5,7795.738047591023
1786678800,7825.75,7826,7825,7825.25,7795.8558597762885
1786679100,7825.25,7825.75,7824.75,7824.75,7795.9712056454455
1786679400,7825,7825.5,7824.75,7825,7796.087089056043
1786679700,7824.75,7825,7824.25,7824.25,7796.199515846238
1786680000,7824.25,7824.75,7823.75,7824.25,7796.311493826892
1786680300,7824.25,7825.25,7824,7824.75,7796.425020797643
1786680600,7825,7825.5,7824.5,7825.25,7796.5400905748975
1786680900,7825,7825.5,7824.75,7825,7796.653702987772
1786681200,7824.75,7825,7824.25,7824.5,7796.764865850096
1786681500,7824.5,7825.5,7824.25,7824.5,7796.875584948499
1786681800,7824.5,7825,7823.25,7823.25,7796.980872034533
1786682100,7823.25,7824.25,7822.5,7824,7797.088732824814
1786682400,7824,7825,7823.75,7823.75,7797.195165029106
1786682700,7823.75,7824,7823,7823.5,7797.300174350346
1786683000,7823.25,7823.5,7823,7823.25,7797.403766468708
1786683300,7823.25,7823.5,7823,7823,7797.505947041687
1786683600,7823.25,7823.75,7822.25,7822.5,7797.605723700203
1786683900,7822.5,7822.75,7821.5,7822,7797.703106040722
1786684200,7822,7823.25,7821.5,7823,7797.804091645349
1786684500,7823.25,7823.25,7822.25,7822.5,7797.9026781058465
1786684800,7822.5,7823.25,7822.25,7823,7798.002867015603
1786685100,7823,7823.75,7822.75,7823.75,7798.105649981609
1786685400,7823.5,7823.75,7822.5,7823.5,7798.207024632381
1786685700,7823.75,7824.5,7823.5,7824,7798.309990601912
1786686000,7823.75,7824.25,7823.25,7824.25,7798.413543533641
1786686300,7824.25,7825.25,7824,7825,7798.519677092389
1786686600,7825,7825.75,7824.75,7825.5,7798.62738297226
1786686900,7825.75,7826,7824.5,7824.75,7798.731664876563
1786687200,7824.75,7824.75,7822,7822.25,7798.8255504459175
1786687500,7822.5,7823.25,7821.5,7822,7798.918063218589
1786687800,7822,7822,7821.25,7821.5,7799.0082106708105
1786688100,7821.5,7822,7821.25,7821.75,7799.098996256955
1786688400,7821.75,7822.25,7821.25,7821.75,7799.189419425589
1786688700,7822,7822.25,7821.5,7822,7799.280479627483
1786689000,7822,7822.25,7821.5,7821.75,7799.370178311605
1786689300,7821.75,7821.75,7820.75,7821,7799.456524905171
1786689600,7821,7821.5,7820.5,7821.5,7799.5445228097415
1786689900,7821.5,7822,7821.5,7821.75,7799.633167429263
1786690200,7821.75,7822.25,7821.75,7821.75,7799.721458178049
1786690500,7821.75,7822.25,7821.25,7821.75,7799.809396468755
1786690800,7821.75,7823,7821.75,7822.75,7799.900975724368
1786691100,7822.75,7823,7821.75,7822.75,7799.992189394132
1786691400,7822.75,7822.75,7820,7820.25,7800.073058897548
1786691700,7820.25,7821.75,7820.25,7821.5,7800.158595588576
1786692000,7821.5,7821.75,7820.75,7821.75,7800.244788819759
1786692300,7821.5,7822,7821,7821.5,7800.329639962196
1786692600,7821.5,7822.5,7821,7822.25,7800.417146389493
1786692900,7822.25,7822.5,7821.5,7822.5,7800.505301493727
1786693200,7822.5,7824,7822,7824,7800.599092705328
1786693500,7823.75,7824.25,7822.75,7824.25,7800.693507504908
1786693800,7824.25,7824.75,7823.75,7824.25,7800.7875453991
1786694100,7824.25,7824.75,7823.5,7823.5,7800.878213880541
1786694400,7823.5,7825,7822,7823.75,7800.969518415948
1786694700,7823.75,7826,7823.75,7824.75,7801.06445047816
1786695000,7825,7825.25,7823,7823.5,7801.154013550104
1786695300,7823.5,7825.5,7823.5,7823.75,7801.244217088826
1786695600,7823.75,7824.25,7822.75,7824,7801.335058537574
1786695900,7824.25,7825.75,7824,7825.75,7801.432523373751
1786696200,7825.75,7827,7825.5,7826.25,7801.53159513673
1786696500,7826.5,7828,7826.5,7827.75,7801.6362594276015
1786696800,7827.75,7828.25,7826.75,7826.75,7801.736513880985
1786697100,7826.75,7828.75,7826.75,7828.25,7801.842356140941
1786697400,7828.25,7828.25,7827.25,7827.25,7801.943783860937
1786697700,7827,7827.5,7826.25,7826.25,7802.040814663887
1786698000,7826.25,7826.25,7824.5,7825,7802.132468098363
1786698300,7825,7826,7824.5,7825.5,7802.225751658848
1786698600,7825.75,7826,7825.25,7825.75,7802.319660833862
1786698900,7825.75,7826.25,7825,7826,7802.414193125943
1786699200,7826,7827.5,7826,7827.5,7802.514336067556
1786699500,7827.5,7827.5,7826,7826.25,7802.609089216987
1786699800,7826,7826,7824.5,7824.75,7802.69747608638
1786700100,7824.75,7825,7824,7824.5,7802.784512109988
1786700400,7824.5,7825,7824.25,7824.75,7802.872198688391
1786700700,7825,7826.75,7824.75,7826.25,7802.965523244526
1786701000,7826.25,7826.75,7826,7826.5,7803.059473251534
1786701300,7826.75,7827.75,7826.25,7827.75,7803.158038228574
1786701600,7827.5,7828.5,7827,7828.5,7803.2592037446275
1786701900,7828.75,7829.5,7828.25,7828.5,7803.3599654063255
1786702200,7828.5,7829.25,7828,7828.25,7803.459326821869
1786702500,7828.25,7828.25,7827.25,7827.75,7803.556295577071
1786702800,7827.75,7827.75,7827,7827.75,7803.652877231454
1786703100,7827.75,7828,7826.25,7826.75,7803.745081314362
1786703400,7827,7828,7826.75,7828,7803.84190733706
1786703700,7827.75,7828,7827,7827.5,7803.936350820744
1786704000,7827.5,7827.75,7825.5,7827.25,7804.029419280541
1786704300,7827.25,7827.25,7826.5,7826.5,7804.119122197585
1786704600,7826.75,7828.5,7826.75,7827.75,7804.213457039112
1786704900,7827.75,7828.75,7826.5,7828.75,7804.3114073104125
1786705200,7828.75,7829.5,7827.5,7827.5,7804.403976542706
1786705500,7827.5,7828.75,7827.5,7827.75,7804.497174241138
1786705800,7828,7828.5,7826.75,7827,7804.587005880894
1786706100,7827,7827.5,7826.25,7827,7804.6764789113095
1786706400,7826.75,7827.5,7826.5,7827.5,7804.767590771943
1786706700,7827.5,7827.75,7826.5,7827,7804.85634290459
1786707000,7827,7828.25,7827,7828.25,7804.9497307572665
1786707300,7828.25,7829.75,7828.25,7828.25,7805.042745804144
1786707600,7828.25,7828.75,7827.5,7828.75,7805.137385541453
1786707900,7828.75,7830,7828.25,7830,7805.236637495379
1786708200,7830,7830.75,7828.5,7828.75,7805.330503213961
1786708500,7828.5,7829.5,7828,7829.25,7805.425990227079
1786708800,7829.25,7830,7828.75,7828.75,7805.519100046531
1786709100,7828.75,7829.5,7828.25,7829.25,7805.613834178082
1786709400,7829.25,7829.25,7821,7826.75,7805.698210089547
1786709700,7826.5,7827,7825,7825.75,7805.778257155057
1786710000,7825.75,7827.25,7825,7825.25,7805.85598866342
1786710300,7825.25,7828.5,7825,7828,7805.944387910273
1786710600,7828,7831.75,7828,7830.25,7806.041416301849
1786710900,7830.5,7830.75,7828.25,7828.75,7806.132069330583
1786711200,7828.5,7829,7827.75,7829,7806.223358474972
1786711500,7828.75,7830.5,7828.5,7830,7806.318275207607
1786711800,7830,7831,7829.5,7830.75,7806.415807043106
1786712100,7831,7831.25,7830.25,7830.5,7806.511951525968
1786712400,7830.25,7831,7828.25,7828.25,7806.59873016259
1786712700,7828.25,7829.75,7828.25,7828.75,7806.687158385494
1786713000,7828.5,7828.75,7826,7826.25,7806.7652535616
1786713300,7826,7829.5,7826,7827,7806.846030992491
1786713600,7827,7829.25,7827,7828.5,7806.9324739825415
1786713900,7828.5,7829.5,7825.75,7827.75,7807.0155778788185
1786714200,7827.75,7828,7821.25,7824,7807.083379963135
1786714500,7824.25,7825.25,7819.25,7822.5,7807.144923356495
1786714800,7822.75,7827.5,7820.75,7826.25,7807.221191127527
1786715100,7826.5,7828.5,7821.25,7821.75,7807.279190364543
1786715400,7822,7828.5,7820.25,7827,7807.357916151511
1786715700,7827.25,7828.75,7823.25,7826.25,7807.433333651904
1786716000,7825.75,7828.5,7823.25,7828.25,7807.516434116367
1786716300,7828.25,7830.75,7827.25,7828,7807.598204838458
1786716600,7828,7829.5,7825.25,7825.25,7807.668671086608
1786716900,7825.5,7826,7820.25,7820.5,7807.719893956521
1786717200,7820.5,7821.75,7816.25,7817.75,7807.759934300008
1786717500,7817.75,7818.75,7813.75,7816.75,7807.795822785837
1786717800,7816.75,7817.5,7810.5,7811.25,7807.809611916433
1786718100,7811,7817,7810.5,7816.5,7807.844304084431
1786718400,7816.5,7816.5,7812.5,7813.75,7807.867879716829
1786718700,7813.75,7816.75,7812.75,7815,7807.896351254885
1786719000,7815,7816.75,7812,7812.5,7807.914729094187
1786719300,7812.25,7814,7809.5,7809.5,7807.921057520957
1786719600,7809.75,7813.75,7809.5,7812,7807.937340724467
1786719900,7812,7813,7808,7809,7807.9415828772635
1786720200,7809,7810.5,7806.5,7806.75,7807.93682605939
1786720500,7806.75,7809.5,7806.5,7808.25,7807.938076254762
1786720800,7808.25,7808.75,7802.25,7802.5,7807.9163673675175
1786721100,7802.5,7805.25,7801,7805,7807.904725182418
1786721400,7805,7806.5,7802.25,7804.25,7807.890135461131
1786721700,7804.25,7807,7802.75,7803.25,7807.871611966276
1786722000,7803.25,7803.5,7800.5,7802.5,7807.850168405532
1786722300,7802.5,7805.75,7800.5,7801,7807.822822423873
1786722600,7801,7804.25,7800,7803.25,7807.804567643738
1786722900,7803.5,7805.75,7802.25,7804.25,7807.790377752945
1786723200,7804.5,7808,7804.5,7806.5,7807.78522654435
1786723500,7806.5,7807.25,7803,7804.25,7807.771113863534
1786723800,7804.25,7807.5,7803.75,7807.5,7807.7700315726615
1786724100,7807.5,7809.5,7807.25,7807.75,7807.769951606304
1786724400,7808,7809.25,7806.5,7808.5,7807.772865971149
1786724700,7808.75,7810.25,7808,7808.75,7807.776766705795
1786725000,7808.75,7809.5,7805,7805.75,7807.768675820742
1786725300,7805.75,7808.25,7805.25,7806.75,7807.764609250599
1786725600,7806.75,7806.75,7803.25,7803.25,7807.746586858381
1786725900,7803.25,7804.25,7802,7803.25,7807.728636411841
1786726200,7803.25,7803.5,7800.25,7801.5,7807.703771595826
1786726500,7801.25,7802.25,7798.5,7799.25,7807.670024004625
1786726800,7799.25,7801,7798.25,7800.25,7807.640403150315
1786727100,7800,7802,7800,7801,7807.613894554905
1786727400,7801.25,7803.5,7800.5,7802.75,7807.594477810175
1786727700,7802.75,7803.25,7800,7802,7807.5721445654235
1786728000,7802,7803.75,7799.75,7800.75,7807.544910455382
1786728300,7800.5,7800.75,7798.75,7799.75,7807.513793048374
1786728600,7800,7802,7799.5,7800.5,7807.485793874528
1786728900,7800.25,7800.5,7796.5,7797.75,7807.446928429919
1786729200,7797.5,7798.75,7796.75,7798.25,7807.41021414477
1786729500,7798.25,7799.5,7797.5,7798.25,7807.3736464236335
1786729800,7798.25,7800.5,7796.75,7800,7807.344210709368
1786730100,7799.75,7801.5,7798.75,7800.5,7807.316888510927
1786730400,7800.5,7803.5,7799.5,7802.5,7807.297659415075
1786730700,7802.5,7804.25,7801.75,7804,7807.284495106032
1786731000,7804,7805.5,7803.25,7804,7807.2713833491225
1786731300,7804.25,7805.75,7803.75,7804.5,7807.260319942539
1786731600,7804.75,7805.75,7803.25,7804.5,7807.249300701252
1786731900,7804.25,7805.5,7801.5,7801.75,7807.227347405039
1786732200,7801.75,7803.75,7800.5,7801.5,7807.204483742743
1786732500,7801.5,7802.75,7800.75,7802.25,7807.184705364529
1786732800,7802.5,7805.25,7802,7804.5,7807.173987977844
1786733100,7804.75,7805.25,7802.75,7805.25,7807.166307387114
1786733400,7805.25,7807.5,7805,7806.25,7807.162649473393
1786733700,7806.25,7806.25,7803.75,7804.25,7807.151022130186
1786734000,7804.5,7804.75,7801.5,7802.5,7807.132455175574
1786734300,7802.25,7804.5,7801.75,7804.25,7807.120948368486
1786734600,7804.25,7804.5,7803,7803.25,7807.105495480788
1786734900,7803,7804,7800.75,7802.75,7807.088108273279
1786735200,7802.5,7804,7801.25,7803.75,7807.074782491749
1786735500,7804,7806,7803.75,7804.25,7807.063505914935
1786735800,7804,7805.75,7803.5,7805.25,7807.056266370365
1786736100,7805,7805.75,7802.5,7804,7807.044065706212
1786736400,7804.25,7805.75,7803.75,7804.25,7807.0329117512965
1786736700,7804.25,7804.75,7802.25,7804.5,7807.0228003271395
1786737000,7804.25,7806.5,7803.25,7804.5,7807.012729267949
1786737300,7804.25,7806.5,7801.25,7805.5,7807.006690428556
1786737600,7805.5,7806.25,7802,7802.5,7806.988699648402
1786737900,7802.75,7802.75,7800,7801,7806.964792663777
1786738200,7800.75,7802.5,7800.25,7800.75,7806.9399831122255
1786738500,7801,7801.75,7799.75,7800.25,7806.913276592815
1786738800,7800.25,7800.75,7799.75,7800.5,7806.887674690249
1786739100,7800.5,7800.75,7800,7800.75,7806.863172994878
1786739400,7800.75,7803,7800.25,7802.75,7806.846753142603
1786739700,7802.75,7803.25,7802.5,7802.75,7806.830398838641
1786740000,7802.5,7803,7802.25,7802.5,7806.813111817329
1786740300,7802.75,7802.75,7801.75,7802.5,7806.795893806082
1786740600,7802.5,7803,7801.75,7801.75,7806.775750517435
1786740900,7802,7803,7801.5,7802.5,7806.758681653094
1786917600,7809.25,7809.25,7804,7808.25,7806.764635019748
1786917900,7808.5,7810,7807.75,7809.5,7806.775554640428
1786918200,7809.75,7811.25,7809.25,7810.75,7806.791420689768
1786918500,7810.75,7811,7810,7810.5,7806.806225397593
1786918800,7810.25,7811,7809.25,7810,7806.818974996804
1786919100,7810,7810.25,7809.75,7809.75,7806.83067569542
1786919400,7810,7810.25,7808.5,7809.5,7806.841331680667
1786919700,7809.25,7809.5,7808.5,7809.25,7806.85094712306
1786920000,7809.25,7809.75,7809.25,7809.5,7806.861522184445
1786920300,7809.5,7810.75,7809,7810.5,7806.876047045984
1786920600,7810.5,7811,7810.25,7810.75,7806.8915119280355
1786920900,7810.75,7810.75,7809.75,7810.25,7806.904919066047
1786921200,7810.5,7810.5,7809.25,7809.75,7806.916276674566
1786921500,7810,7810.25,7809.75,7810,7806.928586947322
1786921800,7810,7810,7809,7809.5,7806.938852069289
1786922100,7809.25,7809.25,7808.75,7809,7806.947080204741
1786922400,7809.25,7810.25,7809,7810.25,7806.960265513305
1786922700,7810.25,7810.25,7809.5,7809.75,7806.971402177923
1786923000,7809.75,7809.75,7809,7809,7806.979500372821
1786923300,7809,7810.5,7809,7810.5,7806.9935542635485
1786923600,7810.25,7811.25,7810.25,7811.25,7807.010546062896
1786923900,7811,7812.75,7811,7812.5,7807.032460050668
1786924200,7812.25,7813.25,7812.25,7812.25,7807.05328855346
1786924500,7812.25,7812.75,7812,7812.25,7807.074033908536
1786924800,7812.25,7814,7811.75,7812.75,7807.096692455807
1786925100,7812.75,7813.25,7811.5,7811.5,7807.114270529835
1786925400,7811.75,7813,7811.5,7812.5,7807.13577044788
1786925700,7812.75,7812.75,7808.5,7809,7807.143212482019
1786926000,7809,7809.25,7808.25,7809,7807.15062480744
1786926300,7809,7810,7808.75,7809.25,7807.159005546732
1786926600,7809.25,7809.25,7808,7808.5,7807.164358818003
1786926900,7808.5,7809,7808,7808.5,7807.169690718929
1786927200,7808.5,7810,7808.5,7809,7807.176997342805
1786927500,7809.25,7810,7808.75,7809.75,7807.187268810499
1786927800,7809.75,7810,7809.5,7810,7807.198497278321
1786928100,7809.75,7811,7809.75,7810.75,7807.212674933897
1786928400,7810.75,7812.25,7810.5,7812.25,7807.232784015997
1786928700,7812.25,7812.75,7811.5,7811.75,7807.250816814336
1786929000,7811.75,7811.75,7810.5,7810.75,7807.264785609488
1786929300,7810.75,7812.5,7810.25,7812.25,7807.28468666494
1786929600,7812.25,7813.25,7812.25,7812.5,7807.305506279052
1786929900,7812.5,7813.5,7812.5,7813.25,7807.329236792908
1786930200,7813,7813.25,7809.5,7810,7807.3398985222775
1786930500,7810,7811.5,7809.75,7811.25,7807.3555077098135
1786930800,7811.5,7811.5,7808.5,7809.5,7807.364068557279
1786931100,7809.5,7809.5,7808.25,7809,7807.370599221721
1786931400,7808.75,7808.75,7807,7807.5,7807.371115791694
1786931700,7807.5,7808,7807.25,7807.75,7807.372628303504
1786932000,7807.5,7807.75,7806.5,7806.75,7807.370142761374
1786932300,7806.75,7807.5,7806.25,7807.5,7807.3706611535445
1786932600,7807.5,7807.5,7806.5,7807.5,7807.371177476285
1786932900,7807.75,7808.5,7807.5,7808,7807.3736877458405
1786933200,7808,7810,7808,7809.5,7807.382176018312
1786933500,7809.75,7809.75,7809.25,7809.5,7807.390630405464
1786933800,7809.25,7809.75,7808.75,7808.75,7807.396057030593
1786934100,7809,7809.25,7808.25,7808.75,7807.4014619925465
1786934400,7808.75,7809.75,7808.75,7809.25,7807.40884138579
1786934700,7809.25,7809.75,7809,7809.75,7807.4181873283615
1786935000,7809.75,7809.75,7809,7809.25,7807.425499953797
1786935300,7809.25,7809.25,7808.5,7808.5,7807.429789375139
1786935600,7808.75,7809.25,7808.5,7809,7807.436057681027
1786935900,7809,7809.5,7808.5,7809.5,7807.444296971721
1786936200,7809.5,7809.5,7808,7808.5,7807.448511355067
1786936500,7808.5,7809.75,7808.5,7809.5,7807.4567009304965
1786936800,7809.5,7810,7809.5,7810,7807.4668538209935
1786937100,7809.75,7810.25,7809.75,7810,7807.47696618099
1786937400,7810.25,7810.5,7809.25,7810,7807.487038172283
1786937700,7810.25,7810.75,7810.25,7810.75,7807.500063968003
1786938000,7810.75,7811.25,7810.75,7811.25,7807.515033772522
1786938300,7811.25,7812,7811.25,7812,7807.532937829318
1786938600,7811.75,7812.25,7811.5,7812.25,7807.551768416826
1786938900,7812,7812.75,7811.75,7812.75,7807.5725198403115
1786939200,7812.75,7813.25,7812.5,7812.75,7807.593188423783
1786939500,7813,7813.5,7812.75,7813,7807.614772501932
1786939800,7813,7813.5,7813,7813.25,7807.637268420088
1786940100,7813,7813,7812.25,7812.75,7807.657678526195
1786940400,7813,7813.25,7812.75,7813,7807.679005158825
1786940700,7813,7813.25,7812.25,7812.25,7807.697252643221
1786941000,7812.25,7812.25,7811.5,7812,7807.7144292793755
1786941300,7812,7812.5,7812,7812.25,7807.732535350116
1786941600,7812.5,7813.25,7812.5,7813,7807.75356315311
1786941900,7813,7813.25,7812.75,7812.75,7807.773509008786
1786942200,7812.75,7812.75,7812,7812.25,7807.791379232304
1786942500,7812.25,7812.5,7812.25,7812.25,7807.8091781176045
1786942800,7812.25,7813.75,7812,7813,7807.829899961446
1786943100,7813,7814,7813,7813.75,7807.853533095333
1786943400,7814,7814,7813.25,7813.75,7807.877071885371
1786943700,7813.75,7814,7813.25,7813.5,7807.899518704192
1786944000,7813.5,7813.5,7812.5,7812.5,7807.917883898986
1786944300,7812.75,7813.75,7812.25,7813.75,7807.941165799589
1786944600,7813.75,7816.5,7813.75,7815.5,7807.9713407864165
1786944900,7815.5,7815.75,7814.5,7815.5,7808.001395314215
1786945200,7815.5,7816.25,7815.5,7816,7808.033325871843
1786945500,7816,7817.5,7816,7817.5,7808.071116986127
1786945800,7817.25,7817.5,7816.75,7816.75,7808.105763225703
1786946100,7816.75,7817.5,7816.75,7817.25,7808.1422671649225
1786946400,7817.5,7819,7816.75,7818.75,7808.184613403785
1786946700,7818.75,7819.25,7818.25,7818.5,7808.225792591794
1786947000,7818.75,7818.75,7818.25,7818.5,7808.266807391827
1786947300,7818.5,7818.5,7816.5,7817,7808.301670436171
1786947600,7817,7817.75,7816.5,7817.5,7808.338390314669
1786947900,7817.5,7819,7817.5,7818.75,7808.379953626786
1786948200,7818.5,7819,7818,7818.75,7808.421351017498
1786948500,7819,7820,7818.75,7819.75,7808.466575165133
1786948800,7819.5,7820,7818.5,7818.5,7808.506628757288
1786949100,7818.75,7819.75,7818.25,7819.75,7808.5515124748235
1786949400,7819.75,7819.75,7819.25,7819.5,7808.5952190118505
1786949700,7819.25,7820.25,7819,7819.75,7808.639749075675
1786950000,7820,7821.25,7819,7819.75,7808.684101374774
1786950300,7819.75,7820,7819.25,7819.5,7808.727278614795
1786950600,7819.5,7819.5,7815.5,7815.75,7808.7553134307045
1786950900,7815.75,7816,7814,7814.75,7808.779244315213
1786951200,7814.75,7815.5,7814.25,7814.5,7808.802081663256
1786951500,7814.25,7817.25,7813.25,7817.25,7808.835805888153
1786951800,7817.25,7817.25,7815.75,7817,7808.868397481414
1786952100,7817,7819.25,7817,7818.5,7808.906846992466
1786952400,7818.75,7819.25,7818.5,7819,7808.94713902044
1786952700,7819,7820,7819,7819.5,7808.989266209979
1786953000,7819.75,7820,7818.25,7818.25,7809.026235207145
1786953300,7818.5,7819,7818.25,7819,7809.06605063546
1786953600,7819,7819.25,7816.75,7817,7809.097723088013
1786953900,7816.75,7817.5,7815.75,7817,7809.12926910363
1786954200,7817,7817,7815.5,7815.75,7809.155699167089
1786954500,7815.75,7816.5,7814.75,7815,7809.179029709336
1786954800,7815,7816.5,7814.75,7816,7809.2062591316535
1786955100,7816.25,7817,7815.5,7816.25,7809.234377857675
1786955400,7816.25,7817,7816,7816.25,7809.262384333293
1786955700,7816.25,7817,7816,7816.5,7809.291277010605
1786956000,7816.5,7816.75,7814,7814.25,7809.31107231196
1786956300,7814.25,7815.25,7814,7814.5,7809.331786594148
1786956600,7814.5,7815,7813.75,7815,7809.354414192575
1786956900,7815,7816.5,7814.75,7816,7809.380943477236
1786957200,7816.25,7816.75,7815.5,7816.5,7809.409362864552
1786957500,7816.5,7817.5,7816,7817.5,7809.441660817189
1786957800,7817.5,7818,7816.75,7817.5,7809.4738298358825
1786958100,7817.5,7817.75,7816.5,7816.75,7809.502876423364
1786958400,7816.75,7817,7816.25,7816.75,7809.531807056404
1786958700,7816.75,7817,7814.75,7815.25,7809.554634173944
1786959000,7815.5,7815.75,7814,7814.5,7809.574376153289
1786959300,7814.5,7815.75,7814.25,7814.5,7809.594039322338
1786959600,7814.75,7815.75,7814.5,7815.75,7809.618614015662
1786959900,7815.5,7817,7815.25,7816,7809.64408861041
1786960200,7816,7816.5,7814.75,7815.5,7809.667465502185
1786960500,7815.5,7815.75,7814.25,7815,7809.688753065051
1786960800,7815,7815.75,7814.75,7815.25,7809.710953651617
1786961100,7815.25,7816,7814.75,7814.75,7809.731069605104
1786961400,7814.75,7816.75,7814.75,7816.5,7809.758091283326
1786961700,7816.75,7817.75,7815.75,7816.5,7809.785005090579
1786962000,7816.5,7816.5,7814.25,7814.25,7809.802829421555
1786962300,7814.5,7824.5,7812.75,7824,7809.859504753205
1786962600,7824,7824.5,7815.5,7815.75,7809.883019704291
1786962900,7815.75,7816.75,7814.75,7816.5,7809.909434795291
1786963200,7816.5,7817.5,7816.25,7817,7809.937740444811
1786963500,7817.25,7817.5,7816.25,7816.25,7809.96293908575
1786963800,7816.5,7817.25,7816.25,7816.75,7809.9900331412955
1786964100,7816.5,7816.75,7816,7816.5,7810.016021032947
1786964400,7816.25,7816.75,7815,7816.5,7810.04190518052
1786964700,7816.75,7818.5,7816.25,7817.75,7810.072676018123
1786965000,7817.5,7817.5,7815.5,7816,7810.096337990107
1786965300,7816,7816,7813.25,7813.5,7810.1099254632
1786965600,7813.5,7816,7813.5,7816,7810.133438734804
1786965900,7816,7816.25,7814.5,7815.5,7810.1548621330685
1786966200,7815.5,7817,7815,7816.25,7810.17919402076
1786966500,7816.25,7816.5,7815.5,7816,7810.202430771176
1786966800,7815.75,7816,7814.75,7815.75,7810.224576756122
1786967100,7815.75,7816,7814.75,7815.25,7810.244638325958
1786967400,7815.25,7815.25,7813.25,7814,7810.259629789726
1786967700,7813.75,7814.25,7813.25,7813.25,7810.271567395356
1786968000,7813.5,7813.75,7809.75,7809.75,7810.269485289986
1786968300,7810,7813,7809.25,7813,7810.280385548309
1786968600,7813,7814.25,7813,7813.75,7810.294236304603
1786968900,7813.75,7814.25,7812.75,7813.5,7810.307033764465
1786969200,7813.5,7815,7813,7813.25,7810.318782132671
1786969500,7813.25,7814.5,7805.75,7808,7810.309525517371
1786969800,7808.25,7809.75,7805.5,7807.5,7810.298309846643
1786970100,7807.75,7808,7803.5,7803.75,7810.272168889172
1786970400,7803.75,7806,7802.25,7804,7810.247130290812
1786970700,7804,7804.25,7801.25,7802.5,7810.216203622984
1786971000,7802.5,7804,7802,7803,7810.187396422892
1786971300,7803,7805,7802,7803.75,7810.161698233579
1786971600,7803.5,7805,7803.25,7804,7810.13710063584
1786971900,7804,7806.5,7804,7806,7810.1205852640405
1786972200,7806.25,7806.5,7805,7806,7810.104135821869
1786972500,7806,7807.25,7805.5,7806.25,7810.088750050125
1786972800,7806.25,7806.5,7804.75,7805.5,7810.070431686651
1786973100,7805.25,7808,7802.75,7803,7810.042206410457
1786973400,7803,7809.5,7796.25,7796.5,7809.988145706224
1786973700,7796.5,7800.25,7794.5,7796,7809.932304805201
1786974000,7796,7800,7794.75,7797.25,7809.8816768419065
1786974300,7797,7802,7793.25,7801,7809.84622104613
1786974600,7801.25,7801.75,7797,7799.75,7809.805916770497
1786974900,7800,7800,7793.25,7794.25,7809.743817302351
1786975200,7794.5,7798,7791.5,7795.5,7809.686955756234
1786975500,7795.75,7796.5,7792.5,7795.75,7809.631319206309
1786975800,7795.75,7799,7795,7798,7809.584886794308
1786976100,7797.75,7798,7793.75,7795,7809.526663693333
1786976400,7794.75,7795.25,7791.5,7793.75,7809.463682999946
1786976700,7794,7796.5,7791,7795.75,7809.40893775843
1786977000,7795.75,7797.25,7794.75,7797,7809.359401080751
1786977300,7797,7797,7790.5,7791.75,7809.289104070449
1786977600,7792,7794.75,7791.75,7792.75,7809.223079702902
1786977900,7792.5,7795,7792.5,7794.25,7809.163306929638
1786978200,7794.25,7796.25,7790,7790.75,7809.08980071435
1786978500,7790.75,7794,7790,7794,7809.029561988943
1786978800,7794,7797.25,7792.75,7796.25,7808.978545773418
1786979100,7796.25,7797.25,7794.25,7795,7808.9227431954805
1786979400,7795,7797,7794.5,7794.75,7808.866165378333
1786979700,7794.75,7799,7794.25,7798.5,7808.824783480615
1786980000,7798.5,7800,7797.25,7798,7808.78157077211
1786980300,7798.25,7799,7796.5,7798.5,7808.740526577411
1786980600,7798.75,7799.5,7793.25,7793.5,7808.679686151952
1786980900,7793.5,7794.5,7790.75,7791.25,7808.610106566515
1786981200,7791.25,7792.25,7788.25,7792.25,7808.544796759862
1786981500,7792.25,7793.5,7791.25,7792,7808.478749667009
1786981800,7792,7795.25,7791.25,7794.5,7808.422946275125
1786982100,7794.5,7795.5,7793.75,7794.25,7808.36636764728
1786982400,7794.25,7795,7792.5,7793.25,7808.3060228662525
1786982700,7793.25,7794.5,7791.75,7792.25,7808.241926966587
1786983000,7792.25,7796,7792.25,7795,7808.189064982688
1786983300,7795,7797.25,7795,7796.25,7808.141404044633
1786983600,7796.25,7797.5,7795,7795.25,7808.089941353836
1786983900,7795.25,7795.5,7793,7794,7808.033694082963
1786984200,7794,7795.25,7792,7792.25,7807.970685324149
1786984500,7792.25,7794.25,7792,7794.25,7807.915912129242
1786984800,7794.25,7794.25,7790.5,7790.75,7807.847385533916
1786985100,7791,7792,7789.75,7791.25,7807.781128505837
1786985400,7791.25,7791.75,7787.5,7790,7807.710145956911
1786985700,7790,7790.25,7787,7788,7807.631462739519
1786986000,7787.75,7789,7786.5,7787.75,7807.552095622794
1786986300,7788,7788,7786.25,7786.75,7807.469053324899
1786986600,7786.75,7787.75,7784,7784,7807.37536448927
1786986900,7784,7785.75,7782,7783.75,7807.281051656978
1786987200,7783.75,7784.5,7777.5,7778.75,7807.167155243178
1786987500,7778.75,7779.25,7775.75,7776.75,7807.045729473744
1786987800,7776.75,7779.75,7775,7775.25,7806.918800413969
1786988100,7775.25,7776.5,7772.25,7772.5,7806.781400013115
1786988400,7772.25,7779.5,7772,7778.5,7806.668500212663
1786988700,7778.75,7779.5,7775.75,7776.25,7806.547069074089
1786989000,7776,7777.5,7774.75,7776.25,7806.42612269056
1786989300,7776.25,7776.75,7774,7775,7806.300669106965
1786989600,7775.25,7777,7773.75,7775.25,7806.176714340071
1786989900,7775.25,7777.5,7773.75,7775,7806.052256398594
1786990200,7775,7778.5,7774.25,7778,7805.940271343111
1786990500,7777.75,7779,7776,7776.5,7805.822745309805
1786990800,7776.5,7778.5,7775,7778,7805.711676466253
1786991100,7778,7779,7775.25,7776.5,7805.595062987346
1786991400,7776.75,7777.25,7773.25,7773.25,7805.465940979412
1786991700,7773.25,7775.75,7773.25,7775.5,7805.3463164645245
1786992000,7775.25,7777.75,7774.75,7776.75,7805.23215951257
1786992300,7776.75,7778.75,7776.25,7778,7805.123448296951
1786992600,7778,7779.25,7776,7776.75,7805.010181038281
1786992900,7776.75,7777,7775.5,7776,7804.89437193234
1786993200,7776,7776.75,7773.75,7774,7804.771041106263
1786993500,7773.75,7775,7773,7773.5,7804.646206610829
1786993800,7773.5,7774.75,7772,7772.5,7804.517878440725
1786994100,7772.5,7775.75,7772.25,7774.75,7804.399044594655
1786994400,7774.75,7775.5,7773.25,7773.5,7804.275695115235
1786994700,7773.5,7775,7772,7772,7804.146850024955
1786995000,7772.25,7772.5,7767.75,7770.5,7804.01253126238
1786995300,7770.5,7772.25,7769.5,7771.25,7803.881742714427
1786995600,7771,7771.75,7769,7770.75,7803.749480268461
1786995900,7770.75,7774.25,7770.5,7774,7803.630719868188
1786996200,7774,7774.75,7767,7768.75,7803.491475477496
1786996500,7769,7771.25,7766.25,7768.75,7803.352786952636
1786996800,7768.75,7769.5,7766,7766.75,7803.206668042645
1786997100,7766.75,7768,7765.25,7767.5,7803.0641264536525
1786997400,7767.5,7768,7766.75,7767.25,7802.921155888967
1786997700,7767,7767.5,7764.75,7767.25,7802.7787560650595
1786998000,7767.25,7767.5,7766.75,7766.75,7802.634928695538
1786998300,7766.5,7766.75,7765.25,7765.75,7802.487683471205
1786998600,7765.75,7766,7765,7765.75,7802.341026052159
1786998900,7765.5,7765.75,7764.25,7764.5,7802.18996407191
1786999200,7764.5,7765.75,7764.5,7764.5,7802.039505133499
1786999500,7764.5,7764.5,7763.5,7764.25,7801.888648825581
1786999800,7764.25,7766,7763.5,7766,7801.745380766397
1787000100,7766,7766.5,7764.5,7765.5,7801.600688627609
1787004000,7766,7768.5,7766,7767.5,7801.464558134086
1787004300,7767.25,7768,7766,7767.75,7801.329969079658
1787004600,7767.75,7768,7765,7766,7801.188931278941
1787004900,7766,7766.5,7762.5,7764.75,7801.0434664834165
1787005200,7764.75,7765.5,7763.5,7765,7800.8995803896705
1787005500,7765.25,7766,7764.5,7765.25,7800.7572666955
1787005800,7765,7765.5,7764,7764.5,7800.612527107894
1787006100,7764.5,7765,7764.25,7764.5,7800.468365323031
1787006400,7764.5,7765.25,7764.25,7764.75,7800.325777038309
1787006700,7764.75,7765.5,7764.75,7765.25,7800.18575397628
1787007000,7765,7765.75,7764.75,7765.75,7800.048285896534
1787007300,7765.75,7766,7765,7765.25,7799.909370583574
1787007600,7765.25,7765.25,7763.5,7764,7799.766019802802
1787007900,7764.25,7765.75,7764.25,7765.25,7799.628231300595
1787008200,7765.5,7766,7765,7765.25,7799.490992852289
1787008500,7765.25,7765.25,7763.75,7764.75,7799.352306254076
1787008800,7764.75,7764.75,7764,7764.5,7799.213175290986
1787009100,7764.25,7765.5,7764,7765.25,7799.077593752899
1787009400,7765,7767.75,7765,7767.25,7798.950537490412
1787009700,7767.25,7768.25,7767,7768,7798.8269824505305
1787010000,7767.75,7768,7767,7767.25,7798.700926632365
1787010300,7767.5,7767.75,7764.5,7765.75,7798.569386007086
1787010600,7765.5,7768,7765.5,7768,7798.447352530012
1787010900,7768,7768.5,7767.25,7768.25,7798.326804216519
1787011200,7768,7769.75,7767,7769.25,7798.210729149787
1787011500,7769.25,7769.5,7768.5,7768.75,7798.09312144859
1787011800,7769,7769.75,7768.25,7769.5,7797.97897725119
1787012100,7769.5,7770.5,7768,7770.25,7797.868282731226
1787012400,7770,7770.5,7768.75,7769,7797.753040085592
1787012700,7769,7769.5,7766.75,7767.5,7797.632269466488
1787013000,7767.5,7768.25,7766.75,7768.25,7797.514974977599
1787013300,7768,7768.5,7767.5,7767.75,7797.3961527222
1787013600,7767.5,7767.75,7766.25,7767.5,7797.276806803149
1787013900,7767.5,7767.75,7767,7767.75,7797.158935318905
1787014200,7767.75,7769.25,7766.25,7766.75,7797.03754236354
1787014500,7766.5,7767.25,7766.25,7766.75,7796.916634010791
1787014800,7767,7767.75,7766,7766.25,7796.794212318134
1787015100,7766,7767,7765.5,7765.75,7796.670283326844
1787015400,7766,7767.5,7766,7767.5,7796.55383509001
1787015700,7767.5,7767.5,7766,7766.25,7796.432861696437
1787016000,7766.5,7768,7765.75,7768,7796.319357258527
1787016300,7768,7768,7765.75,7765.75,7796.197323896217
1787016600,7766,7766,7765,7765.25,7796.073781685055
1787016900,7765.5,7767,7765,7765.25,7795.950732656373
1787017200,7765.25,7765.25,7761.75,7762.25,7795.816198793473
1787017500,7762.5,7762.75,7759,7760.75,7795.6762139679495
1787017800,7760.5,7760.75,7755.25,7757.75,7795.5248119161815
1787018100,7757.75,7761.5,7757.75,7761.5,7795.388984323702
1787018400,7761.5,7762,7760,7760.5,7795.249706941172
1787018700,7760.25,7760.5,7758.5,7759.5,7795.106993540209
1787019000,7759.5,7759.5,7754.5,7754.75,7794.945887777573
1787019300,7754.75,7755.5,7748,7752,7794.774447107802
1787019600,7752,7753,7749.25,7750,7794.595706799987
1787019900,7750,7750.5,7748,7749.25,7794.414686014358
1787020200,7749.25,7750.5,7748.75,7749,7794.233389862605
1787020500,7749.25,7753.25,7749,7752,7794.064793495888
1787020800,7752.25,7752.75,7747.25,7747.25,7793.877908092711
1787021100,7747.25,7749.25,7742.75,7749,7793.698754766991
1787021400,7749,7749.75,7747.5,7747.75,7793.515326604249
1787021700,7747.75,7749.75,7746.25,7749,7793.337620709621
1787022000,7749.25,7749.75,7748.5,7748.75,7793.15962621577
1787022300,7748.75,7749.25,7748.25,7748.5,7792.981344274789
1787022600,7748.5,7748.5,7746.75,7747.25,7792.798784018203
1787022900,7747.25,7747.5,7745.5,7746.25,7792.612960529109
1787023200,7746.25,7746.5,7742.25,7743.25,7792.415902802446
1787023500,7743.25,7745.25,7742.75,7744.25,7792.223623749343
1787023800,7744.25,7744.25,7741.25,7741.25,7792.020136229385
1787024100,7741.25,7745.5,7741,7745,7791.832431094736
1787024400,7745,7746,7744.5,7745.25,7791.646473285975
1787024700,7745,7746.5,7744,7744,7791.4562678037955
1787025000,7744,7746.25,7743.75,7745.25,7791.271811644898
1787025300,7745.25,7745.5,7743,7743.75,7791.08210381398
1787025600,7743.75,7743.75,7741.5,7741.5,7790.884171263825
1787025900,7741.5,7744.5,7741.25,7743.5,7790.695012895506
1787026200,7743.5,7743.5,7742,7742.75,7790.503615638438
1787026500,7742.75,7743.5,7742.25,7743,7790.313980446268
1787026800,7742.75,7743,7740.5,7741,7790.117118248878
1787027100,7741,7744.25,7739.5,7743.75,7789.932019972435
1787027400,7743.75,7744.75,7742.75,7743.25,7789.745664603284
1787027700,7743.5,7744.75,7740.75,7741.25,7789.552069135806
1787028000,7741.5,7742.5,7741.5,7741.75,7789.361242512509
1787028300,7741.75,7742.75,7741.25,7742.75,7789.175169688108
1787028600,7742.75,7744.25,7742.5,7743.75,7788.993831685361
1787028900,7743.75,7744.5,7743.5,7743.5,7788.812219582825
1787029200,7743.5,7743.5,7736.75,7738.5,7788.611372398861
1787029500,7738.5,7741.25,7738.5,7740,7788.417315024015
1787029800,7740,7740,7737,7738.25,7788.2170463013645
1787030100,7738.25,7740.25,7738.25,7740,7788.024563082597
1787030400,7740.25,7740.25,7738.75,7739.5,7787.830852251927
1787030700,7739.25,7740,7738,7738,7787.631926694035
1787031000,7738.25,7738.5,7736.75,7737.5,7787.431799242163
1787031300,7737.5,7738.25,7735.5,7736.75,7787.229476690298
1787031600,7736.75,7737.25,7736.25,7736.5,7787.026963809299
1787031900,7736.25,7737.5,7736,7737.5,7786.829251378922
1787032200,7737.75,7738.25,7736.25,7736.75,7786.629334207749
1787032500,7736.75,7738.5,7734.25,7735,7786.423229081171
1787032800,7735.25,7735.25,7726,7729.25,7786.194992637733
1787033100,7729.5,7730.5,7727.25,7730.5,7785.972657337782
1787033400,7730.75,7736.5,7730.75,7735.5,7785.771169683739
1787033700,7735.25,7736.25,7733,7735.75,7785.57148437562
1787034000,7735.75,7738.25,7734.75,7735.25,7785.3706002064555
1787034300,7735,7737.25,7733.75,7736.25,7785.17450998607
1787034600,7736,7736.75,7734.25,7735.75,7784.977206552991
1787034900,7736,7737.5,7734.5,7737,7784.785680778329
1787035200,7737,7737.75,7736.75,7737,7784.5949195776175
1787035500,7737,7738.75,7737,7738,7784.408911914633
1787035800,7738,7739.25,7737.25,7738,7784.223646797209
1787036100,7738,7742.25,7738,7742,7784.055089324965
1787036400,7741.75,7742.25,7738,7738.5,7783.873232680953
1787036700,7738.5,7741.75,7738.25,7739.25,7783.6950960235445
1787037000,7739.25,7739.75,7737,7737,7783.508688454588
1787037300,7736.75,7738.5,7736,7737.5,7783.325021035607
1787037600,7737.5,7738.75,7737,7737.75,7783.143084823888
1787037900,7738,7738.5,7735.25,7735.5,7782.952892868503
1787038200,7735.75,7736.5,7731.5,7732,7782.749488106553
1787038500,7732.25,7735.75,7731,7735,7782.558871387565
1787038800,7735.25,7736,7730.5,7730.75,7782.352049545699
1787039100,7730.5,7731.5,7729.75,7731.25,7782.148049347911
1787039400,7731.25,7732.25,7728.5,7729.75,7781.938875498219
1787039700,7729.75,7730.25,7726,7726.25,7781.7165646179865
1787040000,7726.5,7727.25,7716.5,7722,7781.4781751384735
1787040300,7722,7723.5,7719.5,7722.5,7781.242733321554
1787040600,7722.25,7726.75,7720.75,7725.75,7781.021205444023
1787040900,7725.75,7728.5,7725.25,7726.25,7780.8025579173
1787041200,7726.75,7726.75,7722.75,7724,7780.575801199067
1787041500,7723.75,7727.25,7723.5,7726.25,7780.358931733203
1787041800,7726.25,7729,7725.25,7728.5,7780.151910049637
1787042100,7728.75,7731.75,7728.75,7731,7779.955694839858
1787042400,7731,7731.75,7729.5,7730.75,7779.759264920337
1787042700,7730.75,7730.75,7726.5,7726.5,7779.546653084328
1787043000,7726.25,7729.5,7725.75,7728.75,7779.343872034091
1787043300,7728.75,7730.25,7728,7729.75,7779.145892505013
1787043600,7729.75,7731.25,7727.5,7730.25,7778.95069932136
1787043900,7730.25,7730.25,7727,7727.25,7778.744309304109
1787044200,7727.25,7729.25,7727,7727.25,7778.538743199103
1787044500,7727.25,7728,7724.5,7725,7778.325015681342
1787044800,7725,7726.25,7724,7724,7778.108149351277
1787045100,7723.75,7727.5,7723.75,7726.5,7777.902128794984
1787045400,7726.25,7729,7725.25,7727.75,7777.701920696001
1787045700,7727.75,7729,7726.5,7726.75,7777.498519814979
1787046000,7726.75,7727.25,7722.5,7725.5,7777.290940893562
1787046300,7725.25,7726.5,7722.75,7724.5,7777.080198614546
1787046600,7724.5,7728.75,7723.25,7728.5,7776.886265685946
1787046900,7728.25,7730.75,7728,7729.5,7776.697098956661
1787047200,7729.5,7731.5,7728.5,7730.5,7776.512679399948
1787047500,7730.5,7732.25,7730,7731.5,7776.332988065018
1787047800,7731.75,7732.25,7729.25,7730,7776.148026036814
1787048100,7730.25,7732,7729,7729,7775.959810364013
1787048400,7729,7729.75,7728.25,7728.75,7775.77134804719
1787048700,7728.75,7731,7728.25,7730.75,7775.591622106882
1787049000,7730.75,7732.75,7730.5,7732,7775.417603655357
1787049300,7731.75,7734,7731.5,7732,7775.24427988827
1787049600,7732,7732,7729.25,7729.75,7775.062665996501
1787049900,7729.75,7734,7729.5,7733.75,7774.897745174159
1787050200,7733.75,7734.25,7733.25,7733.75,7774.733482718374
1787050500,7733.75,7734,7731.5,7731.75,7774.561891969
1787050800,7731.75,7735.5,7730.75,7734.5,7774.401964256548
1787051100,7734.5,7735.25,7734,7734.25,7774.241676974087
1787051400,7734.5,7736,7734.25,7735.75,7774.088017584969
1787051700,7735.5,7736.25,7735,7736,7773.935969610578
1787052000,7736,7736.75,7734.5,7735,7773.78053659816
1787052300,7735,7736.25,7734.5,7735.25,7773.626722080802
1787052600,7735.25,7735.75,7732.75,7734,7773.468531573493
1787052900,7733.75,7735,7732.5,7732.5,7773.304984541263
1787053200,7732.5,7736.5,7732.25,7736.25,7773.157060451278
1787053500,7736.25,7738.5,7736.25,7737.75,7773.0157149005745
1787053800,7737.75,7737.75,7733.75,7734,7772.859963543686
1787054100,7734.25,7736.75,7734,7734.75,7772.707827960677
1787054400,7734.75,7738.75,7733.5,7738.5,7772.571269765225
1787054700,7738.5,7738.75,7734,7735,7772.421284656382
1787055000,7734.75,7735,7732.75,7733.75,7772.266908270529
1787055300,7734,7735.25,7733,7735.25,7772.1191361816245
1787055600,7735.25,7739.25,7734.25,7734.5,7771.968959989283
1787055900,7734.75,7734.75,7732.25,7732.75,7771.812397274754
1787056200,7732.75,7734.25,7730.25,7731.25,7771.65047153713
1787056500,7731,7731.5,7728.5,7729.75,7771.483204185684
1787056800,7729.75,7730.5,7729,7729.5,7771.315606564184
1787057100,7729.75,7732.5,7729,7732.25,7771.159656038978
1787057400,7732.25,7734.75,7731.75,7734,7771.011314098702
1787057700,7733.75,7735.75,7733,7735.75,7770.870550369766
1787058000,7735.5,7736.5,7732.5,7732.5,7770.717374519986
1787058300,7732.5,7733.5,7731.5,7731.75,7770.561816138669
1787058600,7731.75,7732,7730,7730.75,7770.402886732926
1787058900,7730.75,7732,7729.25,7729.75,7770.240599759941
1787059200,7729.5,7730.25,7725.5,7726.5,7770.065986587247
1787059500,7726.75,7729.75,7724.25,7726.5,7769.892070473126
1787059800,7726.25,7734.75,7719,7725.5,7769.714856618943
1787060100,7725.5,7732,7722.75,7731.25,7769.561304297111
1787060400,7731.25,7735.25,7727.25,7727.5,7769.393394898719
1787060700,7727.5,7731.25,7723.5,7724.75,7769.2151777534145
1787061000,7724.5,7728.25,7722,7725.75,7769.041664069769
1787061300,7726,7728.5,7721.25,7724.75,7768.86485103955
1787061600,7725,7732.75,7721.75,7729.75,7768.708703929611
1787061900,7729.75,7732.5,7724.25,7725.5,7768.536214093565
1787062200,7725.25,7726,7716.5,7721.25,7768.347446771834
1787062500,7721.5,7728.75,7720.25,7725.5,7768.17639908013
1787062800,7725.75,7730,7720,7728,7768.016014253463
1787063100,7728.25,7730.75,7725.25,7726.5,7767.850281661633
1787063400,7726.5,7732.75,7725.5,7727.5,7767.689202692924
1787063700,7727.5,7731.75,7727.25,7731,7767.542738809918
1787064000,7731,7732.25,7723.75,7724.25,7767.3699135052875
1787064300,7724.25,7726,7721.75,7724.75,7767.1997741300165
1787064600,7724.75,7728,7719,7719.5,7767.009355870016
1787064900,7719.5,7721.75,7717.25,7719.25,7766.818699758759
1787065200,7719.5,7723.25,7714.25,7722.25,7766.640780797647
1787065500,7722.25,7724.25,7717.5,7718.25,7766.447604027995
1787065800,7718,7719.5,7716.25,7717.25,7766.251206407125
1787066100,7717.5,7719.5,7714.75,7714.75,7766.045612768773
1787066400,7714.5,7717.25,7713.25,7715.5,7765.843833875485
1787066700,7715.25,7720.25,7714,7718.5,7765.654836534664
1787067000,7718.25,7721.75,7717,7718.75,7765.467591678239
1787067300,7719,7719,7716,7718.25,7765.279098298286
1787067600,7718.25,7722.75,7716.75,7720.5,7765.100339422844
1787067900,7720.75,7725.5,7720.75,7724,7764.936266211575
1787068200,7724,7726.5,7720.75,7724.75,7764.7758419951615
1787068500,7724.75,7725,7720.5,7723.25,7764.610070170829
1787068800,7723.25,7726.25,7722.5,7725.5,7764.453942146195
1787069100,7725.25,7727,7722,7723.5,7764.290453355192
1787069400,7723.5,7727.25,7723.5,7725.5,7764.135601245989
1787069700,7725.25,7726.25,7722.25,7723,7763.971387268959
1787070000,7723,7728.75,7723,7726.5,7763.821800892636
1787070300,7726.5,7727.25,7721.25,7721.75,7763.6538495916675
1787070600,7721.75,7724,7720.5,7723,7763.491558774935
1787070900,7723,7725.5,7721.5,7724.25,7763.334905845693
1787071200,7724.25,7725.75,7721.75,7723.5,7763.175884265471
1787071500,7723.5,7728.25,7721.5,7727.75,7763.0344635698
1787071800,7727.75,7728.5,7726,7727.75,7762.893607427805
1787072100,7728,7728,7726,7726,7762.746327557834
1787072400,7726,7726.75,7723.25,7725.5,7762.597639623471
1787072700,7725.25,7727.5,7724.25,7727.5,7762.4575292856525
1787073000,7727.25,7728,7724.75,7726,7762.311990246588
1787073300,7726,7726.25,7722.75,7723,7762.155056153787
1787073600,7722.75,7725.5,7722.25,7722.75,7761.997750540399
1787073900,7722.5,7723.25,7720.75,7722.75,7761.8410728935305
1787074200,7722.5,7723.75,7720.75,7722,7761.682026694355
1787074500,7721.75,7724,7720,7722.25,7761.524613414138
1787074800,7722,7723,7720.25,7720.75,7761.361840506297
1787075100,7720.75,7722,7720,7720,7761.196723378527
1787075400,7720,7721.75,7719.5,7720.5,7761.034261408952
1787075700,7720.5,7720.5,7715.75,7716,7760.854483918298
1787076000,7715.75,7717.25,7715,7716.25,7760.6764221062485
1787076300,7716.5,7717.75,7714.25,7715,7760.494081099836
1787076600,7715,7721.25,7714.5,7720.75,7760.33542209345
1787076900,7720.75,7725.25,7720.25,7723.75,7760.189372504255
1787077200,7724,7726,7722,7722.75,7760.039913931383
1787077500,7722.75,7724.25,7721,7723.75,7759.8950440154895
1787077800,7723.5,7724.25,7721.5,7723.5,7759.749754418622
1787078100,7723.5,7724.5,7723.25,7723.5,7759.605044820144
1787078400,7723.25,7723.75,7721,7721.25,7759.451930868766
1787078700,7721.25,7722.25,7720.5,7720.75,7759.297432142743
1787079000,7720.75,7721.25,7718,7718,7759.132572134189
1787079300,7718,7719.25,7716.75,7717,7758.964378233454
1787079600,7717,7718.75,7716.25,7717.75,7758.799849777432
1787079900,7717.5,7719.5,7716.5,7718.5,7758.63897213361
1787080200,7718.5,7719.25,7715.5,7716.5,7758.470752683975
1787080500,7716.25,7719,7716,7719,7758.313184808989
1787080800,7718.75,7721.75,7717.75,7721.75,7758.167223991388
1787081100,7721.75,7722.25,7720.5,7720.75,7758.017853835733
1787081400,7720.75,7722.75,7718.75,7719.5,7757.864089948165
1787081700,7719.5,7721,7719,7720.25,7757.713933900468
1787082000,7720,7720.25,7717.75,7719.5,7757.561383266135
1787082300,7719.5,7720.25,7717.25,7719.5,7757.40944161637
1787082600,7719.5,7720.25,7713.25,7714.75,7757.239144444248
1787082900,7715,7717.75,7710.25,7715.25,7757.071523109142
1787083200,7715.25,7716,7712.75,7715.25,7756.904570921081
1787083500,7715.25,7716,7713.25,7713.5,7756.731299180878
1787083800,7713.5,7715.25,7713.25,7714.25,7756.561713156203
1787084100,7714.5,7715.25,7713.75,7714,7756.3918061176555
1787084400,7714.25,7714.5,7712.25,7712.5,7756.216589326767
1787084700,7712.5,7714.75,7712.25,7714.5,7756.050056036041
1787085000,7714.5,7715.5,7714,7715.25,7755.887181560847
1787085300,7715.25,7716,7715.25,7715.75,7755.726953291143
1787085600,7715.75,7716,7714.5,7714.75,7755.5633726392825
1787085900,7714.5,7715.25,7711.25,7711.5,7755.3874709521
1787086200,7711.75,7713,7711.5,7712.5,7755.216263483229
1787086500,7712.5,7713.5,7712.25,7713.25,7755.048733489284
1787090400,7714,7716.25,7712.25,7714,7754.884866289726
1787090700,7713.75,7715,7712.5,7714,7754.721653250645
1787091000,7714,7714,7713,7713.25,7754.556097748647
1787091300,7713.5,7715.5,7713.5,7715.5,7754.400185182783
1787091600,7715.5,7717.5,7715,7715.25,7754.243897018381
1787091900,7715.25,7715.25,7711.25,7711.25,7754.072264694954
1787092200,7711.5,7712.5,7711,7712.25,7753.9053095464715
1787092500,7712,7712.25,7710,7710.25,7753.731036853671
1787092800,7710,7711,7709.5,7711,7753.560453872219
1787093100,7711,7711.25,7709.25,7709.75,7753.385561840793
1787093400,7710,7710.5,7707.5,7708.5,7753.206377961189
1787093700,7708.25,7708.5,7707.5,7707.75,7753.024915374517
1787094000,7707.75,7709.25,7706.75,7708.75,7752.848169205357
1787094300,7708.75,7711.75,7708,7710.5,7752.679114637672
1787094600,7710.75,7711,7709.5,7710.5,7752.51073493852
1787094900,7710.5,7710.75,7708.5,7709.25,7752.338037393855
1787095200,7709.25,7714.5,7709.25,7712.25,7752.17800530845
1787095500,7712.25,7712.75,7711.25,7711.25,7752.014620057718
1787095800,7711.5,7712.25,7710.75,7711.75,7751.8538830515
1787096100,7711.75,7712.25,7710.75,7711.5,7751.692789705985
1787096400,7711.75,7712.25,7711.25,7711.75,7751.5333374516695
1787096700,7711.5,7712,7710.75,7711.5,7751.373523729308
1787097000,7711.25,7714.25,7710.75,7713,7751.220336009829
1787097300,7712.75,7712.75,7710.5,7710.75,7751.058777782245
1787097600,7710.5,7710.75,7702.75,7705,7750.874910405869
1787097900,7705,7706.75,7702.5,7705,7750.691777030995
1787098200,7705,7705.25,7702,7703.5,7750.503386703525
1787098500,7703.5,7707,7702.25,7706.75,7750.328722485148
1787098800,7707,7710.5,7705.75,7709,7750.163737565048
1787099100,7708.5,7711,7708,7711,7750.007395299319
1787099400,7711,7713.75,7711,7711.75,7749.854671166388
1787099700,7712,7715.5,7712,7715,7749.71553076253
1787100000,7715,7716,7714,7714.75,7749.575947805394
1787100300,7714.75,7715.5,7713.5,7713.75,7749.432930049684
1787100600,7713.75,7714,7712,7712,7749.283497195194
1787100900,7712,7712.75,7710.5,7711,7749.1306688630775
1787101200,7711,7713.5,7709.5,7713.25,7748.987432660031
1787101500,7713.25,7715.25,7713.25,7715,7748.851754286139
1787101800,7715,7715,7713.5,7713.75,7748.711627522522
1787102100,7714,7715,7711.75,7715,7748.577050167142
1787102400,7715,7717,7714.5,7715.25,7748.4440080507065
1787102700,7715.25,7716.25,7714,7715.75,7748.3134930485085
1787103000,7715.75,7716,7711.75,7711.75,7748.16753100041
1787103300,7711.5,7714.5,7711.5,7714,7748.031133671067
1787103600,7714,7714.25,7710,7711.25,7747.884302798129
1787103900,7710.75,7711.5,7709.75,7711,7747.737060072388
1787104200,7711.25,7712.25,7710.5,7712,7747.594397157927
1787104500,7712,7713,7710.75,7711.25,7747.449309744123
1787104800,7711.25,7712,7709.75,7710,7747.299811501632
1787105100,7710,7710,7708,7708.75,7747.145920038552
1787105400,7708.5,7708.75,7706,7706.75,7746.984658880713
1787105700,7706.75,7709.75,7706.25,7707,7746.825039483983
1787106000,7707,7711,7706.75,7710.25,7746.679031342331
1787106300,7710.5,7711.5,7709.25,7709.5,7746.530612055535
1787106600,7709.5,7709.75,7706.5,7706.75,7746.37180721699
1787106900,7706.75,7708.25,7706.5,7708,7746.218626349857
1787107200,7708,7708.5,7707.25,7707.75,7746.0650589791985
1787107500,7708,7710.75,7707.75,7710,7745.921086687865
1787107800,7710,7710.5,7707.75,7708,7745.769705104281
1787108100,7708,7709.75,7707.5,7709.25,7745.6239178583555
1787108400,7709.5,7710.75,7709.25,7710,7745.48170660942
1787108700,7710,7710.25,7707.5,7707.75,7745.331081034133
1787109000,7707.75,7709,7707,7708.5,7745.184050770524
1787109300,7708.5,7710.25,7708.5,7709,7745.039603462059
1787109600,7709.25,7709.25,7707.5,7708.5,7744.8937367815715
1787109900,7708.75,7709,7708,7708.75,7744.749450407194
1787110200,7708.5,7710.5,7708,7710,7744.610730046287
1787110500,7710,7712,7708.75,7709,7744.468571443308
1787110800,7709.25,7709.25,7708,7708.25,7744.323986327766
1787111100,7708,7708,7705.75,7707,7744.174988378353
1787111400,7707.25,7709,7707,7707,7744.026585231134
1787111700,7707,7707.5,7706.25,7706.75,7743.877776507657
1787112000,7706.5,7706.75,7705.5,7706.5,7743.728563826987
1787112300,7706.5,7706.5,7705,7705.25,7743.574956785761
1787112600,7705.25,7706,7704.5,7705.75,7743.423958954281
1787112900,7705.5,7705.75,7704.75,7705.5,7743.272565904564
1787113200,7705.5,7709,7705,7707.5,7743.129761250254
1787113500,7707.75,7708.5,7707.25,7707.5,7742.987526674405
1787113800,7707.75,7708.5,7703.75,7704.75,7742.834881857341
1787114100,7704.75,7706.25,7704,7704,7742.679852388849
1787114400,7704.25,7705.25,7703.75,7704,7742.525441800471
1787114700,7704,7704.75,7701,7701.5,7742.361667581707
1787115000,7701.25,7701.5,7699.5,7700.5,7742.1945551362705
1787115300,7700.5,7704.5,7699.5,7704.25,7742.0430798662655
1787115600,7704.25,7708,7703.75,7707.75,7741.906181343846
1787115900,7707.75,7708.25,7704.25,7705.5,7741.760847286585
1787116200,7705.75,7706,7702,7703,7741.606113365281
1787116500,7702.75,7703.5,7699.5,7700,7741.440021096358
1787116800,7700,7702.5,7699.75,7701.75,7741.281577898369
1787117100,7702,7704.5,7701.25,7704.25,7741.133747248075
1787117400,7704.25,7704.75,7701.75,7701.75,7740.9765267001785
1787117700,7702,7702.75,7699.5,7701.25,7740.817937771236
1787118000,7701,7701.25,7698.75,7700.25,7740.655989915862
1787118300,7700.25,7701,7699.5,7700.25,7740.4946885589125
1787118600,7700.25,7700.5,7698.5,7699,7740.329041099595
1787118900,7698.75,7700,7698.25,7699.75,7740.167048919557
1787119200,7699.5,7701.25,7699.25,7699.5,7740.004705410895
1787119500,7699.75,7700.5,7698.25,7698.5,7739.839017964146
1787119800,7698.75,7700,7698.25,7698.75,7739.67498994832
1787120100,7699,7705.75,7699,7705.5,7739.538562842738
1787120400,7705.25,7708,7705.25,7707.5,7739.410664388276
1787120700,7707.75,7708.5,7704.75,7705.75,7739.276290478542
1787121000,7705.75,7707.75,7704.75,7706,7739.143450995594
1787121300,7706.25,7707.25,7706,7706.5,7739.013137817968
1787121600,7706.5,7707.25,7703.75,7707.25,7738.886338864602
1787121900,7707.5,7711,7707.5,7709.75,7738.7700261346035
1787122200,7710,7712.5,7709.5,7712,7738.663159762808
1787122500,7712,7715,7711.5,7714.5,7738.566700043197
1787122800,7714.5,7714.75,7709.75,7711,7738.456653336438
1787123100,7711,7713.75,7709.5,7712.75,7738.354031965833
1787123400,7713,7715,7712.75,7714.5,7738.258806289323
1787123700,7714.5,7714.75,7711.75,7712.5,7738.1559767232975
1787124000,7712.5,7715.5,7712.5,7715,7738.063537694462
1787124300,7715.25,7715.75,7714.5,7715.75,7737.974461695681
1787124600,7715.75,7718.5,7715.75,7717.75,7737.893725321646
1787124900,7717.5,7719,7716.25,7716.25,7737.807323224554
1787125200,7716.5,7716.5,7713.75,7715.5,7737.718272034037
1787125500,7715.5,7717.25,7715.25,7715.5,7737.629576337295
1787125800,7715.5,7716,7714.5,7715.25,7737.540236711197
1787126100,7715.25,7718.75,7715.25,7718.5,7737.46422778221
1787126400,7718.25,7720.25,7716.75,7719.75,7737.393512302042
1787126700,7719.5,7720.75,7719,7719.5,7737.322081115208
1787127000,7719.25,7720.75,7718.5,7718.75,7737.247941070836
1787127300,7718.75,7721.25,7718,7720.75,7737.182081026641
1787127600,7720.75,7722,7719.5,7721,7737.117481900786
1787127900,7721,7721.5,7720.25,7721.5,7737.055136663656
1787128200,7721.5,7721.5,7718.5,7719,7736.983060269789
1787128500,7719,7720.25,7719,7720,7736.915263622006
1787128800,7719.75,7721.25,7719.5,7720.5,7736.849733627507
1787129100,7720.5,7721,7720.25,7720.5,7736.784465229792
1787129400,7720.5,7720.75,7719,7719.25,7736.714467364603
1787129700,7719.5,7719.75,7717.75,7718.25,7736.640756916041
1787130000,7718,7720.25,7717.75,7720.25,7736.575324752704
1787130300,7720.25,7720.75,7716.75,7716.75,7736.496181739719
1787130600,7716.5,7717.75,7716.5,7716.5,7736.416356662913
1787130900,7716.5,7716.5,7714.75,7715.5,7736.332858233121
1787131200,7715.5,7717,7715,7715.5,7736.249693130394
1787131500,7715.75,7716,7714,7714.25,7736.161870004125
1787131800,7714.5,7716,7714,7715.5,7736.079387489139
1787132100,7715.5,7716.5,7714.5,7715,7735.995238237685
1787132400,7715,7715.75,7713.5,7714,7735.907432895418
1787132700,7713.75,7715,7713.5,7714.25,7735.820976077473
1787133000,7714,7714.25,7712.25,7713,7735.729874376564
1787133300,7713,7713.75,7711.75,7713.5,7735.641132363085
1787133600,7713.5,7714.25,7711.25,7711.5,7735.544760577204
1787133900,7711.5,7712,7710.25,7711.25,7735.447775505039
1787134200,7711.25,7713.75,7710.75,7713.5,7735.36015963476
1787134500,7713.25,7713.25,7711.5,7711.5,7735.264909496497
1787134800,7711.5,7712.25,7709.5,7711,7735.168043590324
1787135100,7711.25,7713.5,7710.5,7713,7735.07954840633
1787135400,7713.25,7713.75,7712,7713.25,7734.992404500516
1787135700,7713,7715.5,7712.5,7715.25,7734.913592506502
1787136000,7715,7716.25,7714.75,7716,7734.8380891432025
1787136300,7716,7716.25,7714.25,7714.25,7734.755901162591
1787136600,7714.25,7714.5,7713.25,7714.25,7734.67404127771
1787136900,7714,7714.25,7713.25,7713.5,7734.589514166821
1787137200,7713.5,7718,7713.25,7717.75,7734.522290557372
1787137500,7717.75,7719.25,7715.75,7715.75,7734.4473512737095
1787137800,7715.75,7718.25,7715.75,7717.5,7734.379697176809
1787138100,7717.75,7718.5,7717,7718.25,7734.315307168119
1787138400,7718,7719,7716.5,7718.5,7734.252172209364
1787138700,7718.5,7718.75,7716.5,7717.5,7734.185297270405
1787139000,7717.25,7717.75,7715.5,7716,7734.112701273317
1787139300,7716,7716.75,7715.5,7716.25,7734.041393084601
1787139600,7716,7716.5,7713.25,7715.5,7733.967375547337
1787139900,7715.75,7717,7715,7716,7733.895649497248
1787140200,7716,7717,7715.5,7715.5,7733.822213770713
1787140500,7715.75,7718,7715.75,7718,7733.75905124069
1787140800,7718,7718.25,7715,7715.75,7733.687158820567
1787141100,7715.5,7718.25,7715.25,7716.25,7733.617549404117
1787141400,7716.5,7718.5,7716.5,7717.75,7733.554205893522
1787141700,7717.5,7719,7716.5,7718.75,7733.4951072672
1787142000,7718.75,7720,7718.5,7719.75,7733.440236579507
1787142300,7719.75,7720.25,7715.75,7717,7733.374606892563
1787142600,7717,7725.5,7714.75,7724.75,7733.340177324129
1787142900,7724.75,7735,7720.5,7734,7733.342811346787
1787143200,7734,7740.75,7733,7740.5,7733.3713829581775
1787143500,7740.75,7751.75,7740.75,7751.75,7733.444750690879
1787143800,7751.5,7758.25,7751.25,7755,7733.530799590317
1787144100,7755.25,7755.25,7746.5,7748.25,7733.589558873389
1787144400,7748,7748.25,7740.5,7740.75,7733.618143468705
1787144700,7740.75,7746.5,7740.25,7745.25,7733.664578025716
1787145000,7745,7749.5,7745,7748.5,7733.7238012671305
1787145300,7748.5,7749,7746.5,7748,7733.780792080435
1787145600,7748,7750.75,7747.25,7748.75,7733.84054939748
1787145900,7748.75,7750.75,7743.25,7743.75,7733.88010808252
1787146200,7743.5,7746,7738.25,7739.75,7733.903540784785
1787146500,7739.75,7742,7733,7734.75,7733.906919863489
1787146800,7734.75,7742.5,7732,7740.5,7733.933239544673
1787147100,7740.75,7745.75,7723.25,7725.25,7733.898575913756
1787147400,7725,7736.75,7720.75,7736,7733.906964832264
1787147700,7736,7743.25,7733.5,7739.5,7733.929292317964
1787148000,7739.75,7742.25,7735.25,7736,7733.937558616096
1787148300,7736,7740.25,7734.5,7737.75,7733.952777942978
1787148600,7737.75,7739.25,7726.5,7727.5,7733.927018350391
1787148900,7727.75,7741,7726.75,7737.25,7733.9402837461985
1787149200,7737.25,7741.25,7733.5,7735.5,7733.946510158389
1787149500,7735.25,7740.25,7731.5,7739.5,7733.968679778515
1787149800,7739.5,7744.25,7737.75,7741.75,7733.999742933092
1787150100,7741.5,7752.75,7741,7751.5,7734.069604238749
1787150400,7751.5,7753.25,7748,7750.5,7734.1351946409895
1787150700,7750.5,7752.5,7746.5,7747.25,7734.187549153401
1787151000,7747,7754,7746.75,7753.25,7734.263646761571
1787151300,7753.25,7762.25,7752.5,7761.75,7734.373372722603
1787151600,7762,7764.75,7760,7761.75,7734.482660655845
1787151900,7761.75,7762.5,7754.5,7754.75,7734.563568198138
1787152200,7755,7759.5,7754.5,7758,7734.657126808125
1787152500,7757.75,7758.25,7753.5,7754.5,7734.736339874759
1787152800,7754.5,7755.5,7751.25,7751.5,7734.803260673662
1787153100,7751.5,7752,7748.25,7750.75,7734.8669203116915
1787153400,7750.75,7751.25,7747,7747.25,7734.916353763541
1787153700,7747.5,7748.75,7743,7744.75,7734.955609836342
1787154000,7744.75,7744.75,7740,7744.25,7734.992713190289
1787154300,7744.25,7748.25,7743,7743.25,7735.025676411086
1787154600,7743.25,7744.75,7740,7740.75,7735.048528002259
1787154900,7740.5,7745.75,7739.75,7745.75,7735.0912484493565
1787155200,7745.75,7752.5,7743.25,7752.5,7735.160744463531
1787155500,7752.5,7755.5,7751.5,7754.75,7735.238945084435
1787155800,7754.5,7756.25,7754.25,7755,7735.317831531203
1787156100,7755,7759.5,7753.75,7758,7735.408379109921
1787156400,7757.75,7758,7753,7753.75,7735.481599153394
1787156700,7753.75,7753.75,7745.75,7746,7735.5235887775325
1787157000,7746,7747,7743.5,7746.75,7735.568404790397
1787157300,7746.5,7746.75,7742,7744.5,7735.604059861094
1787157600,7744.5,7744.75,7741.75,7743.25,7735.63458257622
1787157900,7743,7743.75,7740.25,7741,7735.6560014082515
1787158200,7741,7741,7736.5,7738,7735.665358688059
1787158500,7737.75,7737.75,7734.25,7736,7735.6666945815205
1787158800,7736,7740.5,7735.25,7738.5,7735.678005181993
1787159100,7738.5,7741.5,7733.75,7734.25,7735.672304562504
1787159400,7734.5,7740,7734.25,7737.75,7735.680598755867
1787159700,7737.5,7739.25,7733.75,7733.75,7735.672891774806
1787160000,7734,7734.5,7729.75,7732.25,7735.659227536184
1787160300,7732.25,7736,7731.5,7735,7735.6565958893325
1787160600,7734.75,7736,7731.25,7731.5,7735.640002692169
1787160900,7731.25,7734.25,7730.75,7731.75,7735.624473739306
1787161200,7732,7737,7731.5,7735,7735.621980830168
1787161500,7735,7737.25,7734.25,7734.75,7735.6184998687695
1787161800,7734.75,7738.5,7734,7735.5,7735.618026815401
1787162100,7735.5,7735.5,7732.75,7734.75,7735.614561638494
1787162400,7734.5,7745,7733.25,7740.75,7735.635062390436
1787162700,7740.5,7742,7729,7729.25,7735.609573119416
1787163000,7729,7736.5,7729,7734,7735.603147677822
1787163300,7734,7734.25,7730,7732.25,7735.589761858749
1787163600,7732.5,7734.25,7731.25,7732,7735.575431472087
1787163900,7732.25,7735.75,7731.75,7735,7735.573134340462
1787164200,7735,7739.75,7735,7738.5,7735.5848184349115
1787164500,7738.5,7738.75,7736,7737,7735.590467862317
1787164800,7737.25,7740.5,7736.5,7737.25,7735.597092741111
1787165100,7737.5,7737.75,7735.25,7737.5,7735.604689177274
1787165400,7737.75,7738,7734,7736.25,7735.607265268382
1787165700,7736,7737,7734.5,7734.75,7735.603843051742
1787166000,7734.75,7737.5,7733.75,7735.75,7735.604426512613
1787166300,7736,7739.25,7734.5,7738.5,7735.615985688211
1787166600,7738.5,7739,7736.25,7736.5,7735.61951468746
1787166900,7736.5,7739.75,7735.75,7739.75,7735.636003650783
1787167200,7739.5,7740,7736.25,7739,7735.6494327779255
1787167500,7738.75,7740,7735.25,7735.75,7735.649834243882
1787167800,7735.75,7743.5,7735.5,7741.5,7735.673188198996
1787168100,7741.5,7741.75,7731.25,7731.5,7735.656528765068
1787168400,7731.25,7733.75,7729.25,7729.5,7735.63195180393
1787168700,7729.25,7730.5,7724.75,7727.25,7735.598490918485
1787169000,7727.25,7728.5,7722.25,7727,7735.564165605438
1787169300,7727,7731.75,7721.75,7731.25,7735.546943387452
1787169600,7731.25,7732.75,7729,7730,7735.524799900875
1787169900,7730,7730.25,7725.75,7729.25,7735.499750799475
1787170200,7729.25,7730.25,7728.5,7728.5,7735.471807682511
1787170500,7728.5,7728.75,7726.25,7727.25,7735.438986094956
1787170800,7727.5,7728,7727,7727.25,7735.406295531702
1787171100,7727.5,7729.5,7727.25,7729.5,7735.382717505628
1787171400,7729.25,7730,7727.75,7729.5,7735.35923360341
1787171700,7729.75,7730,7728.25,7728.25,7735.330853429345
1787172000,7728.25,7729.75,7727.5,7728.75,7735.304582557371
1787172300,7729,7730.5,7729,7730,7735.283406579098
1787172600,7730,7731.5,7730,7731,7735.266307151636
1787172900,7731,7731.25,7730,7730.5,7735.247279977379
1787176800,7733,7739.25,7731.5,7737.75,7735.2572708756725
1787177100,7737.75,7738.25,7734.75,7738.25,7735.269217898125
1787177400,7738,7743.25,7735.75,7741,7735.292095271785
1787177700,7741,7741,7739,7739.5,7735.308893294652
1787178000,7739.25,7740.75,7738.25,7740.75,7735.330614279504
1787178300,7740.5,7740.5,7738.25,7739,7735.345262525892
1787178600,7738.75,7739,7737.75,7738.5,7735.357856288264
1787178900,7738.5,7741.25,7738.25,7741,7735.380379816055
1787179200,7740.75,7742,7740.25,7740.5,7735.40081742158
1787179500,7740.5,7741.5,7740.25,7740.75,7735.422171443849
1787179800,7740.75,7742,7740.75,7741.5,7735.446434232496
1787180100,7741.5,7742.5,7739.25,7742,7735.472596171688
1787180400,7742.25,7746.5,7740,7741.25,7735.495659660024
1787180700,7741.25,7744.5,7740.75,7743.5,7735.527613114475
1787181000,7743.5,7743.75,7742,7742.25,7735.554448990265
1787181300,7742,7743,7742,7742.25,7735.581177736811
1787181600,7742.25,7742.25,7740.5,7741.25,7735.603807765806
1787181900,7741.5,7741.75,7741,7741.75,7735.628343463348
1787182200,7741.75,7742,7740.25,7741,7735.649787202017
1787182500,7741.25,7742.25,7740.5,7741.5,7735.673141344923
1787182800,7741.5,7743.75,7741.5,7743,7735.70239028167
1787183100,7742.75,7743,7741.75,7741.75,7735.726532436234
1787183400,7742,7743.75,7740.5,7741.75,7735.750578214932
1787183700,7741.5,7742,7739.75,7740,7735.767541974553
1787184000,7740,7740,7735.25,7737.5,7735.774457974654
1787184300,7737.5,7738.75,7734,7735.25,7735.772364330045
1787184600,7735.25,7739.75,7734.25,7739.5,7735.7872451111625
1787184900,7739.5,7742.25,7739,7741.25,7735.809052515909
1787185200,7741.25,7742.75,7738.75,7741,7735.829774861155
1787185500,7740.5,7740.5,7738.5,7739,7735.8424304505315
1787185800,7739,7740,7737.25,7739.75,7735.858029530569
1787186100,7740,7742,7738,7742,7735.882548374759
1787186400,7741.75,7742,7740.25,7740.5,7735.900981315378
1787186700,7740.75,7742,7739.75,7740.25,7735.918342667413
1787187000,7740.25,7742.25,7740.25,7742.25,7735.943618744589
1787187300,7742.5,7742.75,7741.75,7742.25,7735.968793919261
1787187600,7742.25,7744,7741.5,7743.25,7735.997860610202
1787187900,7743.5,7743.5,7741.25,7741.5,7736.019825238504
1787188200,7741.25,7741.5,7739,7740.5,7736.037710167692
1787188500,7740.25,7743.25,7739.5,7743,7736.065503739877
1787188800,7743,7743,7738.75,7739.5,7736.07921430379
1787189100,7739.5,7740.75,7738,7739.75,7736.093868138904
1787189400,7739.75,7741,7737.5,7739.5,7736.107465471683
1787189700,7739.5,7740.75,7738.75,7740.75,7736.125998543653
1787190000,7740.5,7742.25,7740.25,7742,7736.149447651263
1787190300,7742,7742.5,7740,7740.75,7736.1678131297
1787190600,7741,7742,7739,7741,7736.187103296847
1787190900,7740.5,7740.5,7737,7738.75,7736.197334421411
1787191200,7738.75,7743,7738.5,7742,7736.2204987550585
1787191500,7742.25,7743,7741.5,7741.5,7736.241574608332
1787191800,7741.5,7741.75,7740,7741.75,7736.263564330454
1787192100,7741.25,7741.5,7738.75,7739.5,7736.276484233326
1787192400,7739.5,7739.5,7735.5,7737,7736.27937251982
1787192700,7737,7737.75,7736.25,7736.75,7736.281251272236
1787193000,7736.75,7740.5,7735,7740.25,7736.29709458053
1787193300,7740.5,7740.75,7737.75,7739,7736.307884622125
1787193600,7739,7740,7738.5,7739.25,7736.319629593693
1787193900,7739,7739.75,7736.75,7736.75,7736.3213476392275
1787194200,7736.75,7737.25,7735.75,7736.5,7736.322060822305
1787194500,7736.5,7737.75,7736,7737.75,7736.327761178303
1787194800,7737.75,7739.25,7737,7738.75,7736.337430794358
1787195100,7738.75,7741.25,7738.5,7738.75,7736.347061809151
1787195400,7738.75,7739,7736.25,7738.5,7736.355656372787
1787195700,7738.75,7740.75,7738.25,7740.5,7736.372200658724
1787196000,7740.5,7742,7740.25,7740.75,7736.389676903599
1787196300,7740.75,7740.75,7739.75,7739.75,7736.403091367058
1787196600,7739.5,7739.75,7737,7737.5,7736.407470243836
1787196900,7737.25,7738.25,7736.25,7738,7736.413827648052
1787197200,7738.25,7740,7737.75,7739,7736.424151689377
1787197500,7739.25,7740,7738,7739.75,7736.4374285289405
1787197800,7739.5,7740.75,7739,7739,7736.447658355172
1787198100,7739.5,7740.5,7738.75,7739.5,7736.4598433517585
1787198400,7739.25,7740.5,7738.75,7740.5,7736.475971721612
1787198700,7740.5,7742.25,7740.5,7742.25,7736.499021734699
1787199000,7742.5,7742.75,7742,7742.5,7736.522977735758
1787199300,7742.5,7742.75,7741.75,7742.5,7736.546838104078
1787199600,7742.5,7742.5,7740.75,7741.25,7736.565613201467
1787199900,7741,7742,7741,7741.25,7736.584313348368
1787200200,7741,7741.25,7738.5,7738.5,7736.59196080007
1787200500,7738.25,7739.5,7737.75,7739.5,7736.6035697389925
1787200800,7739.75,7741.25,7739.25,7740.5,7736.619124350813
1787201100,7740.25,7741.25,7740,7740.5,7736.634616868375
1787201400,7740.5,7741.75,7740.25,7740.25,7736.649049535567
1787201700,7740.25,7740.25,7738.75,7739.25,7736.659432571353
1787202000,7739.25,7739.25,7738,7738.5,7736.666780145919
1787202300,7738.5,7738.5,7737.25,7737.5,7736.6701063728815
1787202600,7737.25,7737.25,7734.75,7735.5,7736.665435289557
1787202900,7735.5,7739.25,7735.25,7739,7736.674754909159
1787203200,7739,7740.25,7737,7740.25,7736.689027344652
1787203500,7740,7740.75,7737.25,7737.5,7736.6922647604415
1787203800,7737.5,7739.5,7736.5,7737,7736.693493244432
1787204100,7736.75,7737,7735.75,7737,7736.694716824294
1787204400,7737,7738,7736.25,7736.75,7736.694937515615
1787204700,7736.5,7737,7735.5,7736.5,7736.69415932194
1787205000,7736.25,7736.5,7734.25,7734.25,7736.684402198898
1787205300,7734.25,7735.5,7734.25,7735,7736.677678038423
1787205600,7734.75,7739.25,7734.75,7739,7736.686948784777
1787205900,7739.25,7742.25,7739.25,7742,7736.708158570067
1787206200,7742,7743.25,7740.75,7741.25,7736.72628967358
1787206500,7741.25,7741.25,7738.25,7739.75,7736.738360373486
1787206800,7739.75,7740.75,7738.75,7740.5,7736.7533768989415
1787207100,7740.5,7741.25,7739.25,7741,7736.770329486171
1787207400,7740.75,7744,7740,7744,7736.799190446306
1787207700,7744,7744.25,7741.75,7742,7736.819952161091
1787208000,7741.75,7743.75,7741.75,7743.5,7736.846619018732
1787208300,7743.5,7745.25,7743.5,7744.25,7736.876173433827
1787208600,7744.25,7745.25,7743.25,7744,7736.904611863232
1787208900,7743.75,7744,7742.25,7742.5,7736.9269487420215
1787209200,7742.5,7742.5,7735.75,7737.75,7736.930234375786
1787209500,7737.75,7740.25,7736.5,7739.75,7736.941490925185
1787209800,7740,7740.75,7736.25,7736.5,7736.939728486362
1787210100,7736.25,7737,7735.25,7736,7736.935977075238
1787210400,7736.25,7737.25,7732.5,7733.5,7736.9222605998875
1787210700,7733.5,7734.5,7731.25,7732.75,7736.90560486895
1787211000,7733,7735,7730,7734.25,7736.895003651908
1787211300,7734.5,7736,7733.25,7733.75,7736.88244874711
1787211600,7734,7734.75,7732,7732.5,7736.864953941733
1787211900,7732.25,7735.5,7732.25,7735,7736.857509015817
1787212200,7735,7735,7731,7732.5,7736.840113770245
1787212500,7732.5,7733.25,7730,7730,7736.812807926851
1787212800,7730.25,7733.5,7728.25,7728.25,7736.778625060875
1787213100,7728.25,7730.75,7727.75,7729.25,7736.748570669414
1787213400,7729,7729,7724.5,7726.75,7736.708656215644
1787213700,7726.75,7729.5,7725.25,7727.5,7736.671895112986
1787214000,7727.75,7728.75,7723,7724.5,7736.623304713334
1787214300,7724.5,7725.25,7721.75,7723,7736.56892026338
1787214600,7723,7723.25,7717.25,7717.25,7736.491798825203
1787214900,7717,7723.75,7716.5,7723.5,7736.439935356839
1787215200,7723.75,7724.5,7720.5,7720.75,7736.377300884356
1787215500,7720.5,7721.5,7715.5,7717.25,7736.3009443938
1787215800,7717.5,7721.5,7717.25,7720.25,7736.236868767477
1787216100,7720.25,7720.25,7718,7718.5,7736.1660629041335
1787216400,7718.75,7724,7717.5,7723.75,7736.116497782759
1787216700,7723.75,7727,7722,7726.25,7736.0771105660615
1787217000,7726.25,7727,7722.75,7724.75,7736.031892559809
1787217300,7724.75,7726,7722.75,7724.75,7735.986855064561
1787217600,7724.5,7725.5,7724,7725.5,7735.944991371688
1787217900,7725.5,7726.5,7724.5,7724.5,7735.899302783378
1787218200,7724.5,7725,7722.25,7722.75,7735.846810556697
1787218500,7722.5,7724.5,7721.75,7724.25,7735.800515903777
1787218800,7724.25,7725.5,7722.25,7725.25,7735.758398075817
1787219100,7725.25,7726.75,7724.75,7725,7735.715450378908
1787219400,7725,7725.5,7722.25,7725,7735.672674129891
1787219700,7725,7725,7723.75,7724,7735.626076628374
1787220000,7723.75,7726,7722,7725.25,7735.584655164787
1787220300,7725.25,7726.75,7724.5,7726.75,7735.5493870802975
1787220600,7727,7729,7726,7728.5,7735.521245814508
1787220900,7728.25,7729.25,7726.25,7726.75,7735.486230861156
1787221200,7726.75,7727.75,7726.25,7727.5,7735.454349700034
1787221500,7727.75,7728,7724.75,7727.25,7735.421597805024
1787221800,7727.25,7729.25,7726.25,7726.5,7735.385982644126
1787222100,7726.25,7728.5,7724.25,7725.25,7735.345519639558
1787222400,7725.25,7726.5,7725.25,7725.5,7735.306216167943
1787222700,7725.5,7730,7725.25,7729.5,7735.283037660286
1787223000,7729.5,7730,7728,7728.25,7735.2549616616425
1787223300,7728,7730.5,7727.5,7730.5,7735.235979778761
1787223600,7730.5,7733.5,7725,7725.5,7735.197113592019
1787223900,7725.5,7725.5,7722.75,7724.25,7735.153412539756
1787224200,7724.25,7724.5,7720.5,7724.25,7735.10988594279
1787224500,7724.25,7726.25,7722.5,7722.75,7735.060545080743
1787224800,7722.5,7722.75,7717.75,7719,7734.996431128326
1787225100,7719.25,7720,7714.5,7714.75,7734.915607051965
1787225400,7714.75,7718,7714.75,7716,7734.8400956465675
1787225700,7716,7718.75,7714.25,7718.5,7734.774865723827
1787226000,7718.5,7719.25,7713,7714,7734.691932128123
1787226300,7714.25,7714.75,7708.25,7709.25,7734.590367528809
1787226600,7709,7710,7706.75,7706.75,7734.479228337077
1787226900,7706.75,7707.75,7703.25,7704.25,7734.358552774853
1787227200,7704.5,7704.75,7694.5,7696,7734.205424819664
1787227500,7696,7697,7687.5,7690,7734.0289560579085
1787227800,7689.75,7690.25,7684.75,7687.25,7733.842213718356
1787228100,7687.25,7690.5,7685.75,7686.5,7733.653222845229
1787228400,7686.5,7692.75,7686.25,7690.75,7733.48195249455
1787228700,7690.5,7690.75,7686.75,7687,7733.296395797965
1787229000,7687.25,7687.75,7683.75,7685.75,7733.106589826715
1787229300,7685.5,7686.75,7680.25,7686.25,7732.919537571918
1787229600,7686.25,7689,7685,7688.75,7732.743212072629
1787229900,7688.75,7693,7687.75,7693,7732.584556535413
1787230200,7693,7697,7692,7696.75,7732.441504413515
1787230500,7696.75,7697.5,7694.5,7696.75,7732.299023357972
1787230800,7697,7701.75,7696.75,7700.5,7732.172081148959
1787231100,7700.75,7701.5,7697,7697.25,7732.032671643374
1787231400,7697.25,7698.25,7694.5,7695,7731.884836626833
1787231700,7695.25,7697.25,7693.25,7695.25,7731.738589774031
1787232000,7695.25,7696.5,7692.5,7696.25,7731.596918756969
1787232300,7696.25,7698.75,7694,7698,7731.462799320813
1787232600,7698,7710,7697.25,7709.25,7731.3741254712295
1787232900,7709.25,7716,7705.25,7711.75,7731.295785648989
1787233200,7712,7716.25,7705,7712,7731.218756564562
1787233500,7712.25,7713.75,7705,7710,7731.134050949534
1787233800,7710.25,7711.5,7702.75,7708.25,7731.042697452729
1787234100,7708.25,7711.75,7700,7703.75,7730.933744568686
1787234400,7703.75,7707.75,7698.25,7698.25,7730.803270538472
1787234700,7698.5,7705,7696.75,7704.75,7730.699265466462
1787235000,7705,7705.75,7697.5,7698.25,7730.569727480568
1787235300,7698.25,7699.75,7691.75,7692.5,7730.417752520566
1787235600,7692.5,7707.75,7691.75,7705.75,7730.319278458607
1787235900,7706,7706.75,7698,7700.25,7730.199241418853
1787236200,7700.25,7706.5,7698.25,7699.5,7730.076689556901
1787236500,7699.5,7710.25,7697.5,7708,7729.988559059668
1787236800,7708,7711,7704,7710,7729.908764412723
1787237100,7710,7713.25,7704.5,7705.5,7729.811324235427
1787237400,7705.5,7710.75,7704.25,7705.25,7729.713275036882
1787237700,7705.5,7710.75,7703,7710,7729.634579328152
1787238000,7709.75,7720,7709.25,7717.25,7729.585139889716
1787238300,7717.25,7717.25,7701.75,7703.75,7729.482005598738
1787238600,7703.75,7708.25,7698.5,7706,7729.388265057426
1787238900,7706,7709,7702,7705.5,7729.292902721867
1787239200,7705.5,7706,7697.75,7701,7729.179957002419
1787239500,7701,7706.25,7698,7705.5,7729.085426235942
1787239800,7705.5,7707,7695.75,7697.75,7728.960334714042
1787240100,7697.75,7699.5,7693.5,7693.75,7728.819774495622
1787240400,7693.5,7696.5,7691.25,7691.5,7728.670793359911
1787240700,7691.75,7695.5,7690.5,7693.5,7728.530390991209
1787241000,7693.5,7698.5,7692.5,7696.75,7728.4035231629005
1787241300,7696.75,7698,7694.25,7696.5,7728.276163788997
1787241600,7696.5,7699,7693,7693.75,7728.138334791835
1787241900,7693.75,7698.25,7693.25,7698.25,7728.019020082088
1787242200,7698,7698.75,7692.75,7693.25,7727.880221598726
1787242500,7693.25,7694.75,7692.75,7694.25,7727.745969217094
1787242800,7694.25,7699,7692.75,7697.25,7727.624228821018
1787243100,7697.5,7698.5,7694.5,7695.5,7727.495988386602
1787243400,7695.5,7699.25,7691.75,7699.25,7727.383229949929
1787243700,7699,7702,7698,7701,7727.27790767468
1787244000,7701.25,7704.75,7700.75,7704.75,7727.1879759075155
1787244300,7704.5,7704.5,7701.25,7701.75,7727.086427101497
1787244600,7702,7704.25,7699,7699.75,7726.977299647998
1787244900,7699.75,7703.25,7698.25,7702,7726.877589868964
1787245200,7702.25,7702.25,7697.5,7698.5,7726.7643060770715
1787245500,7698.25,7698.5,7694,7695,7726.637502459997
1787245800,7695,7696.25,7692.75,7693.25,7726.504219017043
1787246100,7693,7693.5,7686,7686.5,7726.344521535937
1787246400,7686.75,7690.5,7685.75,7688.25,7726.19244759767
1787246700,7688,7689,7685,7685.75,7726.031000701073
1787247000,7685.75,7687,7683.75,7684,7725.8632122751205
1787247300,7684,7685.75,7680.75,7682.75,7725.691103643284
1787247600,7682.5,7683.25,7680.25,7682.75,7725.519682071854
1787247900,7682.5,7686.5,7682,7685.25,7725.358924857994
1787248200,7685.25,7688.25,7685,7685.75,7725.200805397483
1787248500,7685.75,7686.5,7683,7683.5,7725.034335116456
1787248800,7683.5,7683.5,7678.25,7679.25,7724.851563319584
1787249100,7679,7679.5,7673.75,7675.25,7724.653553086771
1787249400,7675.25,7676,7671.5,7673.75,7724.450345290018
1787249700,7673.75,7675,7669.25,7675,7724.252938721994
1787250000,7675,7677.75,7674,7674.25,7724.0533261921655
1787250300,7674.25,7675.25,7672.5,7673.75,7723.85251451076
1787250600,7673.75,7674.5,7670.5,7671.25,7723.642524432872
1787250900,7671.25,7674.5,7671,7672.25,7723.4373646546965
1787251200,7672.25,7674.5,7670.25,7673.75,7723.239011901584
1787251500,7674,7676.75,7672.25,7675.25,7723.047438999781
1787251800,7675.25,7676,7673.5,7674.25,7722.852638844093
1787252100,7674.25,7675.75,7670.5,7670.5,7722.6436462738575
1787252400,7670.5,7672.75,7670,7672.25,7722.442474033243
1787252700,7672.25,7675.5,7671,7674.5,7722.251086911354
1787253000,7674.75,7675,7672.25,7673.5,7722.056471793943
1787253300,7673.5,7676.25,7671,7671.75,7721.855647555245
1787253600,7671.75,7676,7670.5,7675,7721.668599062011
1787253900,7674.75,7676,7673,7673.25,7721.475311241404
1787254200,7673.5,7673.75,7668.75,7670.25,7721.270818980959
1787254500,7670.5,7675,7669.5,7673.25,7721.079119104787
1787254800,7673.25,7674.25,7668,7669.25,7720.8722164337105
1787255100,7669.25,7672.75,7666.5,7672.5,7720.679113773296
1787255400,7672.25,7673.25,7665.75,7667.25,7720.465823897954
1787255700,7667.25,7668.25,7659,7665.25,7720.245401447263
1787256000,7665.25,7667.5,7664.25,7665.75,7720.027854934499
1787256300,7665.75,7665.75,7661,7664,7719.804190842944
1787256600,7664,7666,7660.75,7661.5,7719.571439582094
1787256900,7661.75,7662.25,7657.75,7660.5,7719.335625452026
1787257200,7660.25,7663.75,7660.25,7663.75,7719.113726747627
1787257500,7663.5,7664.5,7662.75,7662.75,7718.888721850431
1787257800,7663,7665,7662,7664.5,7718.671601204321
1787258100,7664.5,7667.25,7664.5,7666,7718.46133533125
1787258400,7666.25,7666.75,7665.25,7666,7718.251908842902
1787258700,7666,7666.75,7666,7666.5,7718.045314396423
1787259000,7666.5,7667.25,7665.75,7666.75,7717.840542682266
1787259300,7667,7668.5,7666.75,7667.75,7717.640580436029
1787263200,7669,7671.5,7663.75,7664.25,7717.427444386384
1787263500,7664,7665.75,7663.25,7665.75,7717.221147203205
1787263800,7665.5,7666.25,7664,7664.25,7717.009685537723
1787264100,7664,7666.25,7664,7665.5,7716.804058050547
1787264400,7665.25,7665.75,7664.75,7664.75,7716.596257419606
1787264700,7665,7666,7663.75,7665.5,7716.392280344079
1787265000,7665.75,7667,7664,7666.5,7716.193109564262
1787265300,7666.5,7667.5,7666,7666,7715.992737869395
1787265600,7666,7667.25,7665.25,7667,7715.797158077501
1787265900,7667,7668,7666.75,7668,7715.606351059228
1787266200,7668,7669.5,7668,7669.25,7715.421295765578
1787266500,7669,7669.75,7668.75,7669.5,7715.237977219608
1787266800,7669.25,7669.5,7668.25,7668.5,7715.051398468233
1787267100,7668.25,7669.25,7668,7668.25,7714.86456653822
1787267400,7668.25,7669,7668,7668,7714.677482440263
1787267700,7668,7669.25,7667.5,7668.25,7714.492143189004
1787268000,7668.25,7668.75,7668,7668,7714.306545811004
1787268300,7668.25,7668.25,7667.5,7667.75,7714.120691336709
1787268600,7667.75,7668.25,7667.5,7667.5,7713.93458079245
1787268900,7667.25,7667.25,7665.75,7666.5,7713.745221188488
1787269200,7666.5,7668.75,7666.5,7667.75,7713.561607531049
1787269500,7668,7668,7664.25,7667,7713.375732850286
1787269800,7667,7668,7665.5,7667.25,7713.191598188209
1787270100,7667.25,7667.25,7665.75,7666.25,7713.004206578676
1787270400,7666.25,7671,7665.5,7668.25,7712.825547071376
1787270700,7668.25,7671.75,7668,7669.75,7712.653588799633
1787271000,7670,7673,7669.25,7672.5,7712.49329503197
1787271300,7672.5,7672.5,7666.75,7667.5,7712.313681079747
1787271600,7667.75,7670.5,7667,7667.5,7712.134784149289
1787271900,7667.75,7668.25,7665.5,7667,7711.95460537025
1787272200,7667,7668.5,7665.5,7668,7711.779137883742
1787272500,7667.75,7669.75,7667,7669.5,7711.610358890194
1787272800,7669.5,7669.5,7666.25,7668.25,7711.4372636451235
1787273100,7668.5,7669.5,7668,7668.5,7711.265857403027
1787273400,7668.5,7669.25,7665,7665,7711.0811633614985
1787273700,7665.25,7665.75,7664.25,7664.5,7710.895210613548
1787274000,7664.75,7666.75,7663.75,7665,7710.7119961999215
1787274300,7665,7665,7661.25,7662.75,7710.520531145231
1787274600,7662.5,7665.75,7662,7665.25,7710.339810462016
1787274900,7665,7668,7663.25,7667.5,7710.168793254583
1787275200,7667.5,7667.5,7663.5,7665.5,7709.9904747186365
1787275500,7665.5,7667.75,7665.25,7665.75,7709.813866037125
1787275800,7665.5,7667.5,7664.75,7665.75,7709.63796238029
1787276100,7666,7666,7663.25,7663.5,7709.453778897734
1787276400,7663.5,7667.25,7663.25,7666.5,7709.282306726485
1787276700,7666.5,7669,7665.25,7668.75,7709.12050111081
1787277000,7668.75,7669.25,7665.25,7665.5,7708.946367373841
1787277300,7665.25,7667.25,7664.5,7667.25,7708.779914809475
1787277600,7667.25,7669,7666.75,7668,7708.617120738379
1787277900,7668,7669.25,7667.25,7669.25,7708.459966563774
1787278200,7669.25,7669.75,7667.75,7669.75,7708.305435759128
1787278500,7669.5,7670.25,7669,7669.25,7708.149525835938
1787278800,7669.5,7673,7669.5,7671,7708.001224335595
1787279100,7671,7672,7670.5,7671.75,7707.856508869186
1787279400,7671.75,7672.5,7671,7671.25,7707.710375101245
1787279700,7671.25,7672.5,7670.75,7671,7707.563826697647
1787280000,7671,7672.5,7670.25,7670.5,7707.415867309632
1787280300,7670.5,7672.25,7670,7671.5,7707.272490593825
1787280600,7671.25,7672.5,7670.75,7671.75,7707.130684244149
1787280900,7671.5,7672.25,7670.75,7670.75,7706.985451971717
1787281200,7671,7671.75,7670.5,7671,7706.841797472828
1787281500,7670.75,7671,7668.75,7669.25,7706.691730417048
1787281800,7669.25,7669.25,7667.75,7667.75,7706.536274407399
1787282100,7667.75,7668.5,7666.75,7667,7706.378444968647
1787282400,7666.75,7669,7666.75,7668.75,7706.228231615479
1787282700,7668.75,7668.75,7668,7668.5,7706.077619912423
1787283000,7668.5,7670.75,7668.5,7670.75,7705.936591489619
1787283300,7670.75,7670.75,7668.5,7669.5,7705.791136034571
1787283600,7669.5,7669.5,7667.75,7668.5,7705.642269224053
1787283900,7668.25,7669,7667.25,7668,7705.492000684237
1787284200,7668.25,7668.25,7667.25,7667.25,7705.339338006855
1787284500,7667.5,7669.25,7666.5,7668,7705.190278773294
1787284800,7668,7669.75,7668,7669.75,7705.048800614519
1787285100,7669.5,7670,7669,7669,7704.904893226836
1787285400,7669,7670,7668.25,7669.75,7704.764554331719
1787285700,7669.75,7670,7667.75,7668.5,7704.619785651753
1787286000,7668.5,7668.5,7665.75,7666.5,7704.467610858732
1787286300,7666.25,7666.75,7665.75,7666,7704.31404754193
1787286600,7665.75,7666.75,7664.75,7665.5,7704.159101244358
1787286900,7665.75,7666,7664.25,7664.75,7704.001779482904
1787287200,7664.75,7666,7664.75,7665.5,7703.848079764409
1787287500,7665.25,7669,7665.25,7669,7703.7089656735325
1787287800,7668.75,7670,7668.5,7669.5,7703.572402936313
1787288100,7669.5,7669.5,7668,7668.75,7703.433391347745
1787288400,7669,7670.5,7668.5,7670.25,7703.30092271961
1787288700,7670.5,7670.5,7668.25,7668.25,7703.160998876418
1787289000,7668.25,7670,7668.25,7669.75,7703.027621635394
1787289300,7669.75,7671,7669.5,7670.75,7702.898768854415
1787289600,7670.5,7670.75,7668.25,7668.25,7702.760450415874
1787289900,7668.25,7669,7667,7667.25,7702.618692130781
1787290200,7667.25,7670,7666.75,7669.75,7702.487479786945
1787290500,7669.5,7670.5,7669,7669.5,7702.355793240889
1787290800,7669.5,7669.75,7667.5,7668.5,7702.22064037366
1787291100,7668.25,7668.25,7665.75,7666.25,7702.077045002907
1787291400,7666,7667,7665.75,7666.75,7701.936018875151
1787291700,7666.75,7668.75,7666.5,7668.5,7701.802541753893
1787292000,7668.5,7669,7667.25,7667.75,7701.666603463458
1787292300,7667.75,7669,7667.25,7668,7701.532205844842
1787292600,7668,7670.5,7668,7669.75,7701.4053307716085
1787292900,7669.75,7670.5,7669,7669.75,7701.278962185694
1787293200,7669.5,7670,7668.75,7668.75,7701.1491060492235
1787293500,7669,7670.5,7668.5,7670.25,7701.025756324476
1787293800,7670,7673.75,7670,7673.75,7700.916871069688
1787294100,7673.75,7675.25,7672.25,7672.25,7700.802432462623
1787294400,7672,7672.25,7670.25,7670.25,7700.680466664369
1787294700,7670.25,7672.5,7669.25,7672.5,7700.5679697914575
1787295000,7672.5,7672.5,7670.75,7672.25,7700.454924003867
1787295300,7672.25,7674.25,7671.75,7673.5,7700.347319516825
1787295600,7673.75,7675.75,7671,7675.25,7700.247130616559
1787295900,7675.25,7676.75,7675,7676,7700.150335683958
1787296200,7676,7678,7675.25,7678,7700.06191119021
1787296500,7677.75,7677.75,7676,7677.25,7699.9708456764765
1787296800,7677.5,7679.25,7676.5,7679,7699.887129725672
1787297100,7679.25,7679.25,7676.5,7676.5,7699.7937679303595
1787297400,7676.5,7680.75,7676.25,7680.5,7699.716746900697
1787297700,7680.5,7680.75,7679,7680.5,7699.640033340215
1787298000,7680.25,7682,7678.75,7679.5,7699.559634005524
1787298300,7679.5,7682.25,7678.5,7681,7699.485543650212
1787298600,7681,7681.75,7680,7680.5,7699.409753056798
1787298900,7680.5,7682,7679.5,7682,7699.340253044595
1787299200,7682,7683.75,7681.25,7683.25,7699.27602049751
1787299500,7683,7683,7677.5,7679.5,7699.197074307899
1787299800,7679.5,7680.75,7678.75,7679.75,7699.11944127673
1787300100,7679.75,7682.75,7678.5,7682.25,7699.052098197781
1787300400,7682,7682.5,7679.5,7681,7698.980033933518
1787300700,7681.25,7684.25,7681,7683.75,7698.919235394861
1787301000,7683.75,7685,7683.25,7684,7698.859677568934
1787301300,7684,7685.75,7684,7685.5,7698.80634552275
1787301600,7685.75,7686.75,7685,7686.5,7698.757218394915
1787301900,7686.5,7686.75,7685.75,7685.75,7698.705293371382
1787302200,7685.75,7690.25,7685.75,7687.25,7698.659563657325
1787302500,7687.5,7688.75,7687.25,7687.5,7698.615014501008
1787302800,7687.5,7687.75,7684.25,7685,7698.560663145714
1787303100,7684.75,7685.25,7682.25,7683,7698.498544729962
1787303400,7683,7686.25,7681.75,7686,7698.448650339823
1787303700,7686,7687,7685.25,7686,7698.398955128886
1787304000,7686,7686.5,7685.25,7685.5,7698.34746229404
1787304300,7685.75,7686.25,7684.75,7685,7698.294179011429
1787304600,7685,7686,7684.25,7685,7698.241108436533
1787304900,7685,7687.75,7685,7687.25,7698.197231756148
1787305200,7687.25,7688.5,7687,7687.5,7698.154528236163
1787305500,7687.5,7687.75,7686,7687.5,7698.111995189312
1787305800,7687.5,7688.5,7686,7687.75,7698.070629939056
1787306100,7688,7689,7687.5,7687.75,7698.029429819539
1787306400,7688,7692.25,7688,7691,7698.001368223453
1787306700,7691,7691.75,7687.25,7688.25,7697.962440605795
1787307000,7688.25,7688.5,7685.5,7686.75,7697.917680363856
1787307300,7687,7688.25,7686.25,7686.75,7697.873098805517
1787307600,7687,7687.25,7685.75,7687,7697.829693221463
1787307900,7687,7689,7687,7688.75,7697.7934469411375
1787308200,7688.75,7689.25,7687.25,7687.5,7697.752355336582
1787308500,7687.25,7688.5,7687,7688,7697.713423778352
1787308800,7688,7688.5,7686,7686.75,7697.669657615565
1787309100,7686.75,7687.75,7686.75,7687.5,7697.629060179974
1787309400,7687.25,7689,7686.75,7688.25,7697.59161882197
1787309700,7688.25,7688.75,7687.25,7688.5,7697.555324934457
1787310000,7688.5,7688.5,7684.75,7686,7697.509195892802
1787310300,7686,7689.75,7686,7688.75,7697.474229042931
1787310600,7688.5,7689.25,7686.75,7687.5,7697.434411761323
1787310900,7687.75,7690,7687.5,7689.25,7697.401739458883
1787311200,7689,7697,7689,7696.75,7697.399137704556
1787311500,7696.75,7698,7694.25,7696.5,7697.395548332482
1787311800,7696.75,7698.5,7693.75,7695.75,7697.3889792772625
1787312100,7695.75,7699.5,7695.5,7696.5,7697.385430457793
1787312400,7696.25,7698.5,7695,7698.5,7697.389879837203
1787312700,7698.5,7698.75,7693,7695.5,7697.382335406715
1787313000,7695.5,7695.75,7694.25,7695,7697.37282508573
1787313300,7695,7696.25,7694.75,7695,7697.363352730099
1787313600,7695,7696,7693,7694.5,7697.351922180278
1787313900,7694.5,7696.75,7694.25,7696.5,7697.348521293331
1787314200,7696.5,7696.5,7693.75,7694,7697.335153942859
1787314500,7694,7696.5,7693.25,7696,7697.329823986999
1787314800,7696,7698,7693.5,7698,7697.332499340345
1787315100,7697.75,7701,7697.25,7701,7697.347140061541
1787315400,7701,7703.25,7699.75,7700.75,7697.360724332752
1787315700,7700.75,7701.25,7698.25,7700.25,7697.3722583673525
1787316000,7700.25,7704.75,7699.5,7704,7697.398716417782
1787316300,7704.25,7704.5,7700,7703.75,7697.424070843261
1787316600,7703.5,7703.75,7700,7700.75,7697.437348005563
1787316900,7700.75,7701.25,7700.25,7700.75,7697.450572165221
1787317200,7701,7702.25,7699.5,7700.25,7697.461747525839
1787317500,7700.25,7700.5,7695.75,7696,7697.455912206375
1787317800,7695.75,7696.25,7690.75,7691.75,7697.433134113735
1787318100,7691.75,7693,7689.25,7689.5,7697.401464915676
1787318400,7689.5,7690.5,7688.5,7690.25,7697.3729161535375
1787318700,7690.25,7696.5,7685.25,7695.75,7697.366437446338
1787319000,7695.75,7696,7683.5,7683.5,7697.311082406632
1787319300,7683.5,7687,7681.25,7686.25,7697.26692638904
1787319600,7686.25,7688.25,7682.75,7686.5,7697.223944646968
1787319900,7686.5,7689.5,7682,7685,7697.175146464745
1787320200,7685,7687.75,7676.75,7679.5,7697.10458699782
1787320500,7679.5,7683.75,7678,7680.5,7697.0383012213815
1787320800,7680.5,7685,7680.5,7684.75,7696.989246126685
1787321100,7684.5,7690.75,7684.5,7687.75,7696.952362908615
1787321400,7687.75,7690,7681,7682.25,7696.893670841116
1787321700,7682.5,7686,7681,7681.75,7696.833217065303
1787322000,7681.5,7687.5,7680,7683,7696.777994641889
1787322300,7683,7686.5,7681.25,7681.75,7696.718002647311
1787322600,7681.75,7684,7680,7680.25,7696.65226211778
1787322900,7680.25,7681.75,7677.5,7678.75,7696.580796001542
1787323200,7678.75,7684,7677.25,7681.5,7696.520593223093
1787323500,7681.5,7686.25,7680.75,7685.75,7696.47759684296
1787323800,7685.75,7688.5,7684,7686,7696.435770109057
1787324100,7685.75,7694.25,7685,7693.5,7696.424050467903
1787324400,7693.75,7699.75,7692.75,7698,7696.4303416836
1787324700,7698,7699.5,7693.25,7693.75,7696.4196417168
1787325000,7693.75,7696,7692.25,7692.25,7696.402996440485
1787325300,7692.5,7695,7690.75,7691.5,7696.383423600403
1787325600,7691.25,7694,7689.5,7690.5,7696.359936879443
1787325900,7690.25,7695.5,7689.5,7694.75,7696.353509985713
1787326200,7694.75,7700.25,7693.5,7700,7696.368066832077
1787326500,7700,7706,7699.75,7705.75,7696.405519659094
1787326800,7706,7709.75,7704.75,7708.5,7696.45380101774
1787327100,7708.5,7710,7704.75,7705.5,7696.489913588528
1787327400,7705.5,7714,7705.5,7712.25,7696.552828105141
1787327700,7712.25,7712.5,7706,7707.25,7696.595531386159
1787328000,7707.5,7708.75,7701.5,7702.75,7696.62010012314
1787328300,7702.75,7703,7698,7698.5,7696.627604713467
1787328600,7698.5,7701,7697.5,7697.5,7696.631087329381
1787328900,7697.5,7700.5,7694.25,7695.5,7696.626572010701
1787329200,7695.25,7705.75,7693.75,7697.25,7696.629060745189
1787329500,7697.25,7701.25,7696.5,7700.5,7696.644513596506
1787329800,7700.5,7700.5,7695.5,7695.5,7696.639944679953
1787330100,7695.5,7701,7695.5,7700.75,7696.65635208642
1787330400,7700.75,7701,7698,7699,7696.665707966315
1787330700,7699,7699,7696,7696.75,7696.666044461459
1787331000,7696.75,7697,7693,7695.25,7696.6603915893575
1787331300,7695.25,7699.5,7694.5,7699,7696.669731343492
1787331600,7699.25,7700,7697.5,7698,7696.67504179721
1787331900,7698,7700.75,7696.75,7699,7696.68432306748
1787332200,7699,7699,7696,7697.5,7696.68757926282
1787332500,7697.25,7698.25,7696,7696.5,7696.686830443407
1787332800,7696.5,7697,7692.25,7694,7696.676104573374
1787333100,7693.75,7695.75,7692.25,7693.5,7696.6634255132
1787333400,7693.75,7694.5,7690.75,7690.75,7696.639819024125
1787333700,7690.5,7693.5,7690.25,7691,7696.617304776524
1787334000,7691.25,7692.5,7690,7692,7696.598872422127
1787334300,7692.25,7694.25,7691.25,7692.25,7696.581511653975
1787334600,7692.5,7693,7690.25,7691.25,7696.560228174319
1787334900,7691,7691.25,7689.5,7689.5,7696.532043630708
1787335200,7689.75,7692.75,7688.75,7692,7696.513951640167
1787335500,7692,7692.25,7688.25,7688.25,7696.48096181326
1787335800,7688.25,7690.75,7688,7688.5,7696.449101686261
1787336100,7688.5,7690.5,7688.25,7689.75,7696.422358765358
1787336400,7689.75,7691.5,7689.25,7690,7696.396720606614
1787336700,7690.25,7690.5,7687.75,7688,7696.363200763873
1787337000,7688,7688.75,7685.75,7687,7696.325822716911
1787337300,7687,7688.5,7687,7687.5,7696.290589891693
1787337600,7687.5,7690.5,7687.25,7689.25,7696.262483744421
1787337900,7689,7692.25,7688.5,7691.75,7696.244469837257
1787338200,7691.75,7695,7691.75,7694,7696.235509877827
1787338500,7694,7697.75,7693,7697.25,7696.239559738594
1787338800,7697.25,7699,7695.25,7695.25,7696.235609400316
1787339100,7695.25,7698.75,7695,7696.25,7696.23566684782
1787339400,7696,7696.5,7693.75,7695.25,7696.231732050024
1787339700,7695.5,7696.25,7693.5,7694.75,7696.22581695202
1787340000,7694.75,7697.25,7693.75,7697,7696.228907503109
1787340300,7697.25,7697.25,7694.5,7695.5,7696.225997692718
1787340600,7695.5,7698.25,7695,7695.75,7696.224097502328
1787340900,7696,7698.75,7694.75,7697.75,7696.230188929464
1787341200,7697.5,7700,7695.5,7699.5,7696.24324206747
1787341500,7699.5,7703,7698.5,7701.25,7696.263229125086
1787341800,7701.25,7701.5,7693.75,7694.25,7696.255192282271
1787342100,7694,7698.25,7688.75,7691.75,7696.237207482742
1787342400,7691.75,7692.25,7689.5,7691.5,7696.218296474826
1787342700,7691.75,7692,7690,7691.25,7696.198462955965
1787343000,7691.25,7691.25,7688.75,7691,7696.177710608835
1787343300,7691,7692,7689.25,7689.25,7696.150055077463
1787343600,7689.25,7691,7688,7689.25,7696.122509947413
1787343900,7689.5,7689.5,7687.5,7687.5,7696.088088750018
1787344200,7687.75,7689.5,7687.5,7689.25,7696.060790990537
1787344500,7689.25,7689.75,7689,7689.25,7696.033602204147
1787344800,7689.25,7690,7689,7689.5,7696.00751995982
1787345100,7689.5,7690,7687.5,7687.75,7695.974555808283
1787345400,7687.75,7688.75,7687,7687.75,7695.941723250166
1787345700,7687.75,7688,7687,7687.75,7695.909021760146
1787522400,7693.5,7695,7681.5,7684.25,7695.862478759108
1787522700,7684.5,7686.25,7682.5,7684,7695.815123554481
1787523000,7683.75,7684.75,7683.25,7684.25,7695.768955396579
1787523300,7684,7684.25,7681.75,7683,7695.717981522741
1787523600,7682.75,7685.5,7682.75,7683.75,7695.670205149397
1787523900,7684,7684.25,7683.5,7684,7695.623617504089
1787524200,7683.75,7685,7683.25,7683.75,7695.576217833414
1787524500,7683.75,7686.5,7683.25,7686,7695.53798941891
1787524800,7685.75,7689.5,7685.25,7689.25,7695.512887664742
1787525100,7689.25,7690.75,7689,7689.5,7695.4888841211705
1787525400,7689.75,7690,7689.25,7689.5,7695.464976400128
1787525700,7689.75,7690.25,7689.5,7689.5,7695.441164119089
1787526000,7689.25,7690.25,7689.25,7689.5,7695.417446897057
1787526300,7689.5,7690.25,7689.25,7690,7695.395820362538
1787526600,7690,7690.75,7689.5,7690,7695.37428016149
1787526900,7689.75,7692.5,7689.5,7691.5,7695.35881397322
1787527200,7691.5,7693,7691.25,7693,7695.349397550173
1787527500,7693,7695,7692.75,7695,7695.348002749573
1787527800,7695,7697,7694.75,7696.5,7695.3526015409925
1787528100,7696.5,7696.75,7696,7696,7695.355185965978
1787528400,7696.25,7696.5,7694.5,7694.5,7695.351772049947
1787528700,7694.75,7701,7694.5,7700.5,7695.372323858131
1787529000,7700.5,7701.75,7699.5,7700,7695.390797615184
1787529300,7700.25,7702.5,7700,7702.25,7695.418179660633
1787529600,7702.25,7703.25,7698,7698.25,7695.429484332646
1787529900,7698.25,7700.5,7697.5,7700,7695.447729904173
1787530200,7699.75,7700.75,7697,7698.25,7695.458916611142
1787530500,7698,7698.25,7689.25,7689.75,7695.43612652487
1787530800,7690,7691.25,7688,7690.75,7695.417419432954
1787531100,7690.5,7690.5,7684.75,7689,7695.391800992104
1787531400,7689.25,7689.5,7687,7688.25,7695.363290808503
1787531700,7688,7690.25,7687.25,7688.75,7695.336890445994
1787532000,7688.75,7689.75,7687.75,7688,7695.307601462177
1787532300,7688,7692,7687,7692,7695.294397464324
1787532600,7692,7692.25,7690.5,7692,7695.281246177041
1787532900,7692,7698,7691.5,7697.5,7695.2901034777315
1787533200,7697.5,7700.5,7696,7697.75,7695.299923423928
1787533500,7697.75,7700.75,7697.5,7699.5,7695.316690196687
1787533800,7699.25,7702.5,7699.25,7701,7695.339378060174
1787534100,7701,7702.75,7700.25,7701.75,7695.364969365322
1787534400,7701.5,7701.75,7698,7698.75,7695.378482461669
1787534700,7698.75,7700,7697,7697.25,7695.385953589566
1787535000,7697.5,7697.5,7694.5,7696.75,7695.391398884618
1787535300,7696.75,7697.25,7694.5,7697,7695.397820445957
1787535600,7696.75,7698.5,7696,7697,7695.404216372321
1787535900,7696.75,7697.25,7695,7696.5,7695.40859075806
1787536200,7696.5,7699.5,7695.5,7695.5,7695.408955665213
1787536500,7695.5,7695.5,7690.25,7690.5,7695.389359035811
1787536800,7690.5,7692.25,7688,7691.25,7695.372834648442
1787537100,7691.25,7691.5,7687.25,7690,7695.351386206732
1787537400,7690,7695.75,7687.5,7695,7695.349983467384
1787537700,7695,7696.5,7694.25,7695.25,7695.349584331786
1787538000,7695.25,7696,7693.75,7694.25,7695.345194773576
1787538300,7694,7695.75,7693.25,7695,7695.343816750527
1787538600,7695,7695.75,7694,7695.25,7695.343442232561
1787538900,7695.25,7695.75,7694,7695.25,7695.343069209676
1787539200,7695,7696.5,7694.25,7696.25,7695.3466896918735
1787539500,7696.25,7697.5,7694.5,7695.5,7695.347301709072
1787539800,7695.75,7696,7692.75,7694.25,7695.342921263127
1787540100,7694.25,7697.25,7693.5,7696.5,7695.347540339921
1787540400,7696.5,7696.5,7692.75,7693.75,7695.341162933374
1787540700,7693.5,7693.5,7690.5,7690.75,7695.322834937632
1787541000,7690.5,7691,7688.25,7688.75,7695.2965960756055
1787541300,7688.75,7690.25,7688.25,7688.5,7695.269463955543
1787541600,7688.75,7690.75,7688.25,7689.75,7695.247430167297
1787541900,7689.75,7690,7688.75,7689,7695.22249032631
1787542200,7688.75,7688.75,7686.5,7687.75,7695.1926600256065
1787542500,7688,7689,7686.75,7687.25,7695.160952799955
1787542800,7687.25,7688.5,7685,7685.25,7695.121388118119
1787543100,7685,7686.75,7684.25,7686.5,7695.086971399085
1787543400,7686.5,7687.25,7682.75,7683,7695.038720016254
1787543700,7683,7683.25,7682.25,7683,7694.990661253714
1787544000,7683,7684.25,7682.5,7683.75,7694.945788354498
1787544300,7683.5,7683.75,7681.75,7682.25,7694.89510656466
1787544600,7682.25,7684.75,7682.25,7684.5,7694.8536091332635
1787544900,7684.75,7685,7682.75,7683.5,7694.808285344308
1787545200,7683.75,7685,7681.25,7681.5,7694.755158456706
1787545500,7681.5,7683.75,7680.5,7683.5,7694.710227684424
1787545800,7683.5,7684.5,7681,7681.75,7694.658490248558
1787546100,7682,7682.5,7680.75,7681.75,7694.606959349362
1787546400,7681.75,7683.75,7680.75,7683.75,7694.563618194275
1787546700,7683.75,7684,7681.25,7681.25,7694.51047001785
1787547000,7681.25,7682.25,7680.5,7681,7694.456536005802
1787547300,7680.75,7681,7679.5,7679.75,7694.397827279232
1787547600,7680,7681.25,7679.75,7680.5,7694.342346930812
1787547900,7680.5,7685,7680.5,7684,7694.301060116717
1787548200,7683.75,7685.5,7683,7685.25,7694.264928140204
1787548500,7685,7685,7682,7682,7694.215966351221
1787548800,7681.75,7683,7681.5,7681.75,7694.1662020144895
1787549100,7681.75,7682,7680.25,7680.5,7694.111646317825
1787549400,7680.5,7680.75,7675.5,7676.5,7694.0413403445
1787549700,7676.5,7679.75,7675.75,7677.75,7693.976305053704
1787550000,7677.75,7682,7677.75,7678.25,7693.913525392811
1787550300,7678.25,7679.25,7676,7677.25,7693.847004333358
1787550600,7677.25,7678.25,7676.25,7677,7693.779750823045
1787550900,7677.25,7677.5,7675,7676.5,7693.710769781836
1787551200,7676.5,7678.75,7673.25,7673.5,7693.630088066139
1787551500,7673.5,7674.5,7672,7673.25,7693.548730429148
1787551800,7673,7674.5,7672,7673.25,7693.467697573144
1787552100,7673.25,7676.25,7670.75,7671,7693.378006165666
1787552400,7670.75,7673.75,7669,7673.75,7693.299650851632
1787552700,7673.75,7674.5,7673,7673.25,7693.219612325278
1787553000,7673,7674,7671.75,7673.75,7693.141889321983
1787553300,7673.75,7675.5,7672.75,7674.75,7693.068468606127
1787553600,7675,7675,7671,7671.75,7692.983364939037
1787553900,7671.5,7673,7670.25,7672.75,7692.902593023112
1787554200,7673,7675,7672.5,7674.75,7692.830127581902
1787554500,7674.75,7675.75,7673.25,7673.5,7692.75296140393
1787554800,7673.5,7676.75,7672,7674.75,7692.681093294534
1787555100,7674.5,7677.75,7673.5,7677,7692.618494119705
1787555400,7677,7678.5,7676,7677.75,7692.559138853759
1787555700,7678,7679.5,7675.25,7676.75,7692.496028519013
1787556000,7676.75,7676.75,7674.75,7676.25,7692.431174113747
1787556300,7676.25,7678,7674.75,7675,7692.361588588343
1787556600,7674.75,7678.25,7673.5,7678.25,7692.305254901364
1787556900,7678.25,7679.25,7677,7677,7692.244156079402
1787557200,7676.75,7676.75,7672.5,7672.5,7692.165337093057
1787557500,7672.5,7674.75,7672.5,7672.5,7692.086832753364
1787557800,7672.5,7673.5,7670.75,7672,7692.006645796265
1787558100,7671.75,7672.25,7670.5,7671,7691.922786930811
1787558400,7671,7672.75,7668.75,7670,7691.835270815318
1787558700,7670.25,7681.5,7670.25,7673,7691.76008011346
1787559000,7673.5,7676.25,7673.5,7675.75,7691.696167617997
1787559300,7675.5,7679.5,7674.25,7678.75,7691.644486310141
1787559600,7678.75,7679.25,7676,7677,7691.586025286946
1787559900,7677.25,7678.75,7674.75,7677.25,7691.528795645082
1787560200,7677.25,7679.25,7676.5,7678.25,7691.47578648083
1787560500,7678.25,7682.25,7678.25,7682,7691.437958989888
1787560800,7682,7683,7680.5,7682.5,7691.402278514878
1787561100,7682.25,7683,7681.25,7681.5,7691.362748460927
1787561400,7681.5,7684,7681.5,7683.25,7691.330362239526
1787561700,7683.25,7683.25,7680.5,7680.5,7691.287127260526
1787562000,7680.5,7684.5,7678.75,7683.75,7691.257038928149
1787562300,7683.75,7684,7682.25,7683.25,7691.225074700891
1787562600,7683.25,7684,7682,7682,7691.188248055379
1787562900,7682.25,7682.5,7679.5,7679.75,7691.142586386495
1787563200,7679.75,7680,7678.25,7679.75,7691.097106999723
1787563500,7679.5,7679.5,7677.75,7678.5,7691.046819147429
1787563800,7678.25,7679.75,7678.25,7679.5,7691.000724061012
1787564100,7679.75,7681.75,7679.5,7681.25,7690.96179901486
1787564400,7681,7681.25,7679.5,7680.75,7690.92103335013
1787564700,7681,7682.5,7680.25,7682.25,7690.8864184465365
1787565000,7682.25,7682.5,7679.75,7680.25,7690.843957694255
1787565300,7680.5,7681,7679.75,7680.5,7690.802664449966
1787565600,7680.5,7681.75,7680,7681.5,7690.765528064936
1787565900,7681.75,7682,7679.75,7679.75,7690.721553901004
1787566200,7680,7680.25,7676.75,7677,7690.6667772387245
1787566500,7677,7677.5,7676.75,7676.75,7690.611221241764
1787566800,7676.5,7680,7675.25,7679.5,7690.566865069142
1787567100,7679.5,7679.5,7675.75,7676,7690.508713911182
1787567400,7676,7680.25,7675.75,7679.5,7690.464766949461
1787567700,7679.5,7679.75,7677,7677,7690.411015384792
1787568000,7677,7677,7673.5,7674.5,7690.347498357308
1787568300,7674.5,7674.75,7672,7672.75,7690.277248862867
1787568600,7672.75,7672.75,7669.75,7670.75,7690.199295773594
1787568900,7670.75,7671.5,7670,7670.5,7690.120655870306
1787569200,7670.5,7671.5,7666.25,7666.75,7690.027359838888
1787569500,7666.75,7667.75,7664.5,7667,7689.935434250709
1787569800,7667,7668.25,7665.5,7667.75,7689.846869642921
1787570100,7667.5,7669.25,7667.25,7668.75,7689.76265060243
1787570400,7668.75,7669.75,7667.75,7669.5,7689.68176177767
1787570700,7669.5,7672,7669.25,7670.25,7689.604189874365
1787571000,7670.25,7677.5,7670.25,7677.5,7689.555869755106
1787571300,7677.25,7686.5,7676.5,7682.25,7689.526704606383
1787571600,7682.5,7685,7680.5,7681.25,7689.493663869431
1787571900,7681.25,7681.25,7676.25,7677.75,7689.4467829757405
1787572200,7677.75,7680.25,7677.75,7680,7689.409071267254
1787572500,7679.75,7680.5,7678,7679.75,7689.370512100519
1787572800,7680,7680,7676.25,7676.75,7689.320130814688
1787573100,7676.75,7679,7676.25,7677,7689.270948655747
1787573400,7677,7678.25,7675.75,7677,7689.22196283277
1787573700,7677,7678.5,7675.75,7677.25,7689.174170565972
1787574000,7677.5,7681,7677.25,7680.25,7689.138545134571
1787574300,7680.25,7681.25,7678.75,7680.75,7689.105057928446
1787574600,7680.75,7681.25,7669.25,7675.75,7689.0517443239405
1787574900,7675.5,7679.5,7675,7676.75,7689.002635564164
1787575200,7676.75,7682.5,7674.5,7676.25,7688.9517268393565
1787575500,7676.25,7678.75,7675.25,7678.25,7688.909005374928
1787575800,7678.25,7679.5,7677.25,7678,7688.865456451275
1787576100,7678,7679.25,7677.5,7678,7688.822081375622
1787576400,7678,7679.75,7677.75,7679.25,7688.783869473922
1787576700,7679.25,7679.75,7676.75,7678.25,7688.741818098777
1787577000,7678,7679.5,7676.75,7677,7688.694944573433
1787577300,7677.25,7679.75,7676,7676.5,7688.646262159966
1787577600,7676.5,7679.25,7676.25,7677,7688.599770095455
1787577900,7677,7681.75,7676,7681.75,7688.572425703856
1787578200,7681.75,7682.75,7666.25,7669.25,7688.495290271905
1787578500,7669.25,7672.75,7664.75,7668,7688.4134727458695
1787578800,7668.25,7672,7655.75,7656,7688.284077645088
1787579100,7656,7670.25,7655,7665.75,7688.194121247303
1787579400,7665.75,7670,7662,7669.25,7688.118496012783
1787579700,7669,7671,7666.75,7668.5,7688.04017866343
1787580000,7668.75,7674,7662.25,7664.25,7687.945207890322
1787580300,7664.25,7666.5,7660.25,7663.5,7687.8476222300815
1787580600,7663.5,7664.5,7659.5,7664.25,7687.753420145331
1787580900,7664.25,7665,7660.5,7663,7687.654604096847
1787581200,7662.75,7669.25,7662,7662.5,7687.554186515622
1787581500,7662.75,7665.5,7660.5,7663.25,7687.457163814961
1787581800,7663.25,7671.75,7661.75,7670.5,7687.389470546239
1787582100,7670.5,7673,7669.5,7671,7687.324043518111
1787582400,7671.25,7675.5,7669.25,7671.25,7687.259875679715
1787582700,7671.25,7673,7668.75,7673,7687.202950028299
1787583000,7673,7673.5,7668.25,7670.5,7687.136271585072
1787583300,7670.5,7674,7669.25,7670.75,7687.070857327247
1787583600,7670.75,7672.5,7664.25,7664.75,7686.981752108376
1787583900,7664.5,7665,7661.75,7663.75,7686.889010582993
1787584200,7663.75,7666,7660.75,7661.25,7686.78665924334
1787584500,7661.25,7662.5,7660.25,7661,7686.683718487878
1787584800,7660.75,7666,7657.75,7665.5,7686.599152745411
1787585100,7665.5,7674.25,7664.5,7671.5,7686.538876686547
1787585400,7671.5,7674.75,7668,7672.5,7686.482833266641
1787585700,7672.5,7675.75,7671,7674.5,7686.434997604898
1787586000,7674.5,7678.75,7674.25,7676.75,7686.396334939808
1787586300,7676.75,7681.5,7676.75,7677,7686.358824620687
1787586600,7676.75,7680.25,7676.75,7677.25,7686.322462047351
1787586900,7677.25,7679.5,7675.5,7679.5,7686.295226669917
1787587200,7679.25,7686,7678.25,7683.75,7686.285066084408
1787587500,7683.5,7684,7678.5,7679,7686.255983984271
1787587800,7679,7680.75,7678.25,7680.75,7686.234004008285
1787588100,7680.75,7685.75,7680.25,7684.75,7686.228079840587
1787588400,7684.5,7686.5,7682.25,7682.75,7686.214195290326
1787588700,7682.75,7684.25,7682,7683.25,7686.202362175394
1787589000,7683.25,7684,7679,7680,7686.17760224655
1787589300,7680,7681.25,7677.25,7677.75,7686.1439591238095
1787589600,7677.5,7678.25,7675.75,7677.25,7686.108454296968
1787589900,7677.25,7678,7675.75,7677.75,7686.075087213947
1787590200,7677.5,7678.75,7675.25,7676.25,7686.0358653089015
1787590500,7676.25,7677.5,7675.5,7676,7685.995801974335
1787590800,7676,7676.25,7672.75,7674.25,7685.9489125452965
1787591100,7674,7680.75,7673.5,7678.5,7685.919176367471
1787591400,7678.5,7682,7677.25,7679.25,7685.892552908918
1787591700,7679.25,7679.75,7674.25,7675.5,7685.851065671757
1787592000,7675.25,7675.75,7669,7669.75,7685.786789960493
1787592300,7669.75,7671.5,7667.25,7668.25,7685.716782814941
1787592600,7668,7670,7667,7667.25,7685.643063123065
1787592900,7667,7668.25,7665.25,7668,7685.572631733352
1787593200,7668,7668.75,7665,7665.25,7685.491503462959
1787593500,7665,7667,7664.5,7666.25,7685.4146910738855
1787593800,7666.5,7669,7665.25,7666,7685.337187317104
1787594100,7666.25,7668,7665.25,7667,7685.263984972525
1787594400,7667,7670.75,7666.75,7669.75,7685.202052896786
1787594700,7669.5,7674.25,7669,7673,7685.153342106779
1787595000,7673,7677,7672.25,7676.75,7685.119795830903
1787595300,7676.5,7679.25,7675.25,7676.25,7685.084387464312
1787595600,7676.25,7681,7676,7680.25,7685.065088512359
1787595900,7680,7682.75,7679.5,7682,7685.052852630074
1787596200,7682,7685.25,7680.75,7681,7685.036673577659
1787596500,7681.25,7681.75,7675.25,7676.25,7685.00159703643
1787596800,7676.5,7678.25,7675.75,7677.5,7684.971650541274
1787597100,7677.5,7678.5,7675.25,7677.5,7684.941823593006
1787597400,7677.5,7678.75,7675,7675.75,7684.905129686447
1787597700,7675.75,7677,7674,7674.25,7684.862594238597
1787598000,7674,7675,7672.5,7673.5,7684.817234580958
1787598300,7673.5,7675.25,7672.5,7673,7684.770059991813
1787598600,7673,7676.5,7672.75,7675.25,7684.732055760308
1787598900,7675.5,7676.75,7673.5,7675.5,7684.695201246294
1787599200,7675.25,7676.25,7673.75,7674.75,7684.655499844113
1787599500,7674.5,7676,7673.5,7674.25,7684.61396092258
1787599800,7674.25,7677,7671.75,7671.75,7684.562607785165
1787600100,7672,7673,7670.75,7671,7684.508465638318
1787600400,7671,7672.25,7670,7671.25,7684.455537631778
1787600700,7671.25,7672.5,7669.25,7672,7684.405814926661
1787601000,7672,7674.25,7668,7672.25,7684.3572887193695
1787601300,7672.25,7674.25,7668.25,7669.75,7684.2989761895515
1787601600,7669.5,7672.25,7668,7671,7684.245886464244
1787601900,7671.25,7673.5,7670.25,7671.25,7684.19400667796
1787602200,7671.25,7671.75,7670,7670.75,7684.140337988627
1787602500,7671,7671.25,7669.25,7670,7684.083889533583
1787602800,7670,7670.25,7666.5,7666.75,7684.014692369776
1787603100,7666.75,7667.25,7666.5,7667,7683.946769446144
1787603400,7666.75,7669,7666.5,7669,7683.887101703844
1787603700,7668.75,7671.25,7668.75,7670.75,7683.834658184068
1787604000,7671,7671.5,7670.5,7671.25,7683.784420027644
1787604300,7671,7671.75,7670.25,7670.5,7683.731388410767
1787604600,7670.25,7671,7670,7671,7683.680564504935
1787604900,7670.75,7675,7670.75,7674.25,7683.642917540844
1787608800,7676,7677.5,7673.5,7674,7683.604422860042
1787609100,7674.25,7677,7674,7675,7683.570073866589
1787609400,7675,7675,7673.75,7674,7683.531869978899
1787609700,7674.25,7675,7673.75,7674.5,7683.4958146097215
1787610000,7674.25,7675,7673.75,7674.75,7683.460901178146
1787610300,7674.75,7674.75,7674,7674.25,7683.424131113562
1787610600,7674.5,7674.75,7673.25,7674.25,7683.387507835663
1787610900,7674.5,7674.5,7674.25,7674.25,7683.351030758475
1787611200,7674.25,7674.5,7673.25,7673.75,7683.312703290377
1787611500,7673.75,7674.25,7673.5,7674,7683.275526830135
1787611800,7673.75,7674.5,7673.75,7674,7683.238498778917
1787612100,7674,7674.5,7673.5,7674.5,7683.203614552255
1787612400,7674.5,7674.75,7674,7674.5,7683.168869583983
1787612700,7674.5,7675.5,7674.25,7675.25,7683.137257330155
1787613000,7675,7675.5,7674.75,7675.25,7683.105771272949
1787613300,7675.5,7675.75,7673.75,7674.25,7683.070418892617
1787613600,7674,7675.25,7674,7674.5,7683.036205643545
1787613900,7674.5,7674.5,7672.5,7672.5,7682.994144942373
1787614200,7672.5,7672.75,7671.25,7672.25,7682.9512541442
1787614500,7672.25,7672.25,7670.5,7670.75,7682.902546542826
1787614800,7670.75,7672.5,7667.75,7669.25,7682.848045359022
1787615100,7669.25,7669.5,7668.5,7669.25,7682.793761744814
1787615400,7669.25,7671.25,7668.5,7668.75,7682.737698823677
1787615700,7668.75,7670.5,7668.75,7670.5,7682.688845734561
1787616000,7670.5,7671.25,7667.25,7667.25,7682.6272136158605
1787616300,7667.5,7669.75,7667,7667.5,7682.566825537554
1787616600,7667.75,7667.75,7663.5,7664.25,7682.493704477524
1787616900,7664.25,7664.25,7660.25,7660.75,7682.4069032620455
1787617200,7661,7666.5,7661,7664,7682.333422610301
1787617500,7664,7668.5,7662.75,7668.25,7682.277201362355
1787617800,7668,7670,7667.25,7669.25,7682.225196566497
1787618100,7669.5,7670.75,7668.5,7669,7682.172401370623
1787618400,7669,7674.25,7668.5,7673.25,7682.136783001878
1787618700,7673,7675.75,7671.5,7673.25,7682.10130682223
1787619000,7673.25,7675.5,7673,7674.75,7682.07196028801
1787619300,7674.75,7675.25,7673.75,7673.75,7682.038738889654
1787619600,7673.75,7674.5,7672.25,7674.25,7682.007646119636
1787619900,7674.25,7675.25,7673,7675,7681.979671484428
1787620200,7675,7675.25,7673,7674,7681.947816508442
1787620500,7674.25,7675.25,7672.5,7674.25,7681.917086702021
1787620800,7674.25,7674.75,7671,7671,7681.873505517582
1787621100,7671,7673.25,7670.5,7672.5,7681.836086333879
1787621400,7672.25,7675.75,7671.75,7673,7681.800812536139
1787621700,7672.5,7676.75,7672.25,7676.25,7681.778653603859
1787622000,7676,7676.75,7673.25,7674.5,7681.749597102446
1787622300,7674.75,7676.25,7674.5,7676,7681.726644619003
1787622600,7675.75,7675.75,7674,7675.5,7681.701787754257
1787622900,7675.5,7675.5,7673,7673.25,7681.668048082583
1787623200,7673.25,7675.5,7673.25,7674,7681.637437112193
1787623500,7674,7674.25,7669.25,7669.75,7681.589982273422
1787623800,7670,7670,7668.25,7669.5,7681.541718871133
1787624100,7669.5,7671.5,7668,7671.25,7681.500634165061
1787624400,7671,7671.75,7668.75,7671.75,7681.461709477775
1787624700,7671.75,7672.5,7668.5,7672,7681.423938182455
1787625000,7671.75,7675,7671,7673.75,7681.393303698692
1787625300,7673.5,7674,7671.25,7673,7681.359797496302
1787625600,7673,7675.25,7671.75,7672.25,7681.323431039231
1787625900,7672.25,7672.5,7669.75,7670.25,7681.279225725701
1787626200,7670.25,7670.25,7667.75,7669,7681.230206860528
1787626500,7669,7669,7666.5,7668,7681.177391663479
1787626800,7668,7671.25,7668,7670.5,7681.134767345461
1787627100,7670.5,7677,7670.5,7675,7681.110277256258
1787627400,7675,7676.5,7674.25,7674.75,7681.08488692789
1787627700,7675,7677.5,7674.75,7677,7681.068579994046
1787628000,7677,7677,7675,7675.25,7681.045352129798
1787628300,7675.5,7677.75,7675.25,7677.5,7681.031199027483
1787628600,7677.25,7678.75,7676.75,7678,7681.019098432563
1787628900,7678,7678,7675.75,7676.25,7681.000060115467
1787629200,7676.25,7677,7676,7676.25,7680.981097799637
1787629500,7676.25,7676.25,7674,7674.25,7680.954227149738
1787629800,7674.25,7675.25,7673.25,7674.75,7680.929459775886
1787630100,7674.75,7675.25,7674,7675.25,7680.906787281771
1787630400,7675,7677.5,7674.75,7677.5,7680.893187332543
1787630700,7677.25,7678,7676.75,7678,7680.8816376825125
1787631000,7678.25,7678.25,7676.75,7678.25,7680.871132142862
1787631300,7678.25,7678.5,7677,7677.25,7680.8566765255255
1787631600,7677.5,7678.25,7677.25,7678.25,7680.846270631212
1787631900,7678.25,7678.5,7677.25,7677.75,7680.833910269411
1787632200,7677.75,7679.5,7677.5,7678.5,7680.824593262348
1787632500,7678.5,7678.5,7677,7677.75,7680.812319436949
1787632800,7678,7679.25,7677.75,7678.5,7680.8030886208335
1787633100,7678.5,7679.25,7677.75,7678.25,7680.792896650291
1787633400,7678,7678,7675.25,7676.5,7680.775759338314
1787633700,7676.25,7677,7675.25,7677,7680.760686446743
1787634000,7676.75,7678.5,7676,7678.25,7680.7506637463575
1787634300,7678,7678.75,7677.25,7677.75,7680.738685048767
1787634600,7677.75,7680,7677.5,7677.75,7680.7267541703295
1787634900,7677.75,7680,7677.75,7679,7680.719860940108
1787635200,7678.75,7679.75,7678.25,7679,7680.712995227773
1787635500,7679,7679.25,7678.5,7678.75,7680.705158919478
1787635800,7679,7680,7678.25,7679.25,7680.699349901835
1787636100,7679.5,7680.5,7679.25,7680,7680.69655808586
1787636400,7680,7680.5,7677.5,7677.75,7680.68479537893
1787636700,7677.75,7679.25,7677,7678.5,7680.6760736408905
1787637000,7678.25,7679.75,7677.75,7679,7680.669382728152
1787637300,7679,7681,7679,7680,7680.666710541613
1787637600,7680,7682.5,7680,7681.75,7680.671035050429
1787637900,7681.75,7683,7681.25,7682,7680.6763402997285
1787638200,7682,7682.25,7681,7681.5,7680.679628362404
1787638500,7681.5,7682.5,7680.25,7682,7680.684899307065
1787638800,7682.25,7690.75,7681.25,7685.25,7680.703123261927
1787639100,7685.25,7687,7684.75,7685.25,7680.72127446647
1787639400,7685,7687,7684,7686,7680.742347223091
1787639700,7686.25,7686.25,7683.5,7684.25,7680.756349828987
1787640000,7684.25,7688,7684.25,7687.75,7680.784268592145
1787640300,7687.75,7688,7685.5,7685.75,7680.804091871219
1787640600,7685.5,7687.5,7685.25,7687.5,7680.830822043389
1787640900,7687.5,7689.75,7687,7689.75,7680.866427544214
1787641200,7689.75,7692.5,7689.5,7692.25,7680.911870947231
1787641500,7692.25,7692.5,7689.5,7689.75,7680.947152899538
1787641800,7689.5,7690,7687.25,7688,7680.975307977784
1787642100,7688,7690,7684,7684.5,7680.989378604619
1787642400,7684.25,7686.75,7684,7685.25,7681.006387073263
1787642700,7685.25,7685.25,7682.5,7684.75,7681.021331635845
1787643000,7684.75,7685.75,7684.25,7684.75,7681.0362165394945
1787643300,7685,7685.25,7684,7684.5,7681.050044018379
1787643600,7684.25,7686.5,7683.25,7685.5,7681.0678083137145
1787643900,7686,7686,7682.75,7683.75,7681.078515665756
1787644200,7683.5,7683.75,7681.5,7681.75,7681.08119624194
1787644500,7681.75,7684,7681.75,7682.75,7681.08785813319
1787644800,7682.75,7685.25,7680.5,7681.25,7681.088505406111
1787645100,7681.5,7683.75,7681.25,7682.75,7681.095138119061
1787645400,7682.75,7682.75,7681,7681.5,7681.096754334154
1787645700,7681.5,7685.75,7681.5,7684.25,7681.109342141203
1787646000,7684.25,7699.75,7683.75,7698.5,7681.17876592507
1787646300,7698.25,7698.25,7691,7691.25,7681.218970452315
1787646600,7691.5,7695,7690,7693.5,7681.267996518374
1787646900,7693.75,7694.75,7689.25,7689.75,7681.301856811714
1787647200,7690,7692.75,7690,7692.75,7681.347557982126
1787647500,7692.75,7695.25,7692.75,7694.75,7681.401060744673
1787647800,7694.75,7697,7694.5,7694.5,7681.453351919345
1787648100,7694.5,7697.25,7693.5,7697,7681.515414386732
1787648400,7697,7697.25,7694.5,7697.25,7681.5782271037515
1787648700,7697.25,7699.5,7696,7698,7681.6437830833775
1787649000,7698,7700.75,7697.75,7699,7681.713069378454
1787649300,7699,7700.5,7698.75,7700.25,7681.787069101494
1787649600,7700.25,7701,7699.5,7699.5,7681.857779404482
1787649900,7699.5,7699.5,7697.5,7699.25,7681.92720942682
1787650200,7699.25,7709.5,7698.75,7708.25,7682.0322904271125
1787650500,7708.25,7708.75,7703.5,7704.5,7682.121981882493
1787650800,7704.5,7708.75,7704,7705.25,7682.214309300128
1787651100,7705,7708.75,7704.5,7708.75,7682.320240201126
1787651400,7709,7711,7708.5,7710.5,7682.432734252219
1787651700,7710.5,7714,7708.75,7709.5,7682.5407872092965
1787652000,7709.25,7709.75,7705,7706.5,7682.636432769339
1787652300,7706.5,7710,7706.25,7709.75,7682.744670562675
1787652600,7709.75,7710,7706.75,7707.75,7682.844492237075
1787652900,7708,7708,7705.25,7706,7682.936929393813
1787653200,7706,7706,7705,7705,7683.025005523978
1787653500,7705,7705,7703.25,7703.5,7683.106742028872
1787653800,7703.75,7704.5,7702.25,7703.25,7683.1871542363415
1787654100,7703.25,7703.5,7701.5,7702.75,7683.2652494290105
1787654400,7702.75,7703.5,7700.25,7700.25,7683.333052824503
1787654700,7700,7702.5,7699.75,7702,7683.407571575703
1787655000,7702.25,7703,7701.75,7702.25,7683.48279085085
1787655300,7702,7702.5,7701,7702.25,7683.557709849449
1787655600,7702,7702.5,7698.5,7699,7683.619355718313
1787655900,7698.75,7698.75,7693,7697,7683.672771463949
1787656200,7697,7699,7696.25,7698.5,7683.731961997028
1787656500,7698.5,7699.5,7696.5,7697.75,7683.7879222285765
1787656800,7698,7700.75,7697.75,7699.5,7683.850645093931
1787657100,7699.75,7699.75,7696.75,7698.75,7683.91012355663
1787657400,7699,7701,7698.5,7698.75,7683.969364580356
1787657700,7698.75,7701.75,7698.5,7701.5,7684.039347156882
1787658000,7701.75,7703.25,7700.75,7701.5,7684.109050361845
1787658300,7701.75,7704.75,7701.5,7704.5,7684.190451358405
1787658600,7704.75,7706.5,7703,7703.5,7684.267535384918
1787658900,7703.75,7704.75,7703,7704.75,7684.349301710727
1787659200,7704.75,7705.5,7701.25,7704.5,7684.429743620065
1787659500,7704.5,7705.5,7703,7705.25,7684.512858415993
1787659800,7705,7705.5,7701.5,7704.25,7684.59164940036
1787660100,7704.25,7709,7703.75,7706.75,7684.68010588978
1787660400,7707,7707,7703.25,7704.5,7684.759227223553
1787660700,7704.75,7706,7704.5,7705.25,7684.841026715675
1787661000,7705.25,7705.25,7698,7699.25,7684.89854756711
1787661300,7699.25,7699.25,7695.25,7695.75,7684.941866738499
1787661600,7695.5,7698.25,7694.75,7697.5,7684.9919990070075
1787661900,7697.25,7697.75,7696.5,7697.5,7685.0419311467
1787662200,7697.5,7701.5,7697.5,7698.75,7685.096653976454
1787662500,7698.75,7699,7697,7698,7685.148164339821
1787662800,7697.75,7699.75,7696.5,7697.5,7685.197473065012
1787663100,7697.75,7698.5,7695.5,7697,7685.244588941
1787663400,7697.25,7700.25,7697,7698.25,7685.296506749619
1787663700,7698.25,7701.25,7697,7699.25,7685.352209317484
1787664000,7699.25,7699.5,7696.5,7696.75,7685.397709479889
1787664300,7697,7700.25,7694.75,7695,7685.4360419769755
1787664600,7695,7701.25,7692.5,7700.25,7685.495179533954
1787664900,7700.25,7700.5,7694.5,7695,7685.533122929028
1787665200,7695,7699.75,7692,7694.75,7685.569916849471
1787665500,7694.75,7700.5,7694.5,7698,7685.619537939892
1787665800,7698,7698.75,7693.25,7693.5,7685.650996870272
1787666100,7693.5,7694,7688,7690,7685.668358160211
1787666400,7690,7691.25,7685.5,7687.75,7685.676668107675
1787666700,7687.75,7689,7684.5,7686.5,7685.679954861736
1787667000,7686.5,7688.25,7684,7684.75,7685.676242467079
1787667300,7684.75,7689.5,7683.5,7687.25,7685.68252493228
1787667600,7687.25,7688,7681.25,7684.25,7685.676806269876
1787667900,7684.25,7685,7680,7680,7685.654144368598
1787668200,7680,7682,7663.25,7676.5,7685.617600878105
1787668500,7676.5,7683.75,7675.75,7683.25,7685.608149377594
1787668800,7683,7683.25,7674.5,7676.5,7685.571789499839
1787669100,7676.25,7678,7674.5,7675.25,7685.530584751336
1787669400,7675.25,7681.25,7673.25,7679.75,7685.507508564704
1787669700,7679.5,7681.75,7677.75,7680.25,7685.486520506562
1787670000,7680,7681,7676.25,7677.5,7685.4546381891705
1787670300,7677.5,7681,7677.25,7679,7685.428871170451
1787670600,7679,7681,7676.75,7678.75,7685.40220901009
1787670900,7679,7682.5,7677.75,7682,7685.388627337395
1787671200,7682.25,7684.75,7679.75,7680.75,7685.370109862994
1787671500,7681,7687,7679.5,7686,7685.372624394478
1787671800,7686.25,7691,7683.5,7684,7685.367144855977
1787672100,7684,7690.25,7683.75,7684.25,7685.362685195873
1787672400,7684.25,7685.5,7682,7685,7685.36123735078
1787672700,7685,7685.25,7679,7680,7685.339835205667
1787673000,7680,7686.25,7679,7685.25,7685.339476582092
1787673300,7685.25,7689.25,7685,7687.75,7685.349099430068
1787673600,7687.75,7691.5,7687.25,7688.75,7685.362675879449
1787673900,7688.75,7689.5,7686.5,7686.5,7685.367216095499
1787674200,7686.75,7689,7686.25,7688.25,7685.378724214878
1787674500,7688.25,7689,7687.25,7688.25,7685.390186393661
1787674800,7688.25,7689.5,7687,7689.25,7685.405594831211
1787675100,7689.25,7691.5,7688.5,7690.75,7685.426929781985
1787675400,7690.5,7691.75,7689.75,7690.5,7685.447181559302
1787675700,7690.75,7692.75,7689,7692.25,7685.474338519146
1787676000,7692,7692.25,7688,7688.75,7685.487415012083
1787676300,7688.75,7690.75,7687,7689.5,7685.503433315428
1787676600,7689.5,7689.5,7686.25,7687.25,7685.510405637522
1787676900,7687,7692,7687,7690.75,7685.531322181883
1787677200,7690.75,7691.5,7686.5,7686.5,7685.535189159201
1787677500,7686.5,7687.25,7682.25,7684.25,7685.530058663556
1787677800,7684,7686.5,7682.75,7686,7685.531934676875
1787678100,7686,7687.5,7684.75,7687.5,7685.539791225071
1787678400,7687.25,7687.5,7683.25,7683.5,7685.531648345929
1787678700,7683.25,7683.25,7679.25,7681.25,7685.514555937362
1787679000,7681,7682.75,7680.25,7681.25,7685.497531761964
1787679300,7681.25,7683.25,7680.5,7682.25,7685.484567563313
1787679600,7682.25,7683.5,7681.25,7681.5,7685.468661105975
1787679900,7681.5,7683.5,7681.5,7682.25,7685.455812159445
1787680200,7682.25,7684.5,7681.5,7684.25,7685.450998538049
1787680500,7684,7684.75,7682.25,7683.5,7685.443210120731
1787680800,7683.25,7683.5,7681,7681,7685.42547275498
1787681100,7681.25,7683.25,7681,7682.25,7685.412796217036
1787681400,7682.25,7683.75,7680.75,7680.75,7685.394182260082
1787681700,7681,7681.75,7680,7681.5,7685.378636622317
1787682000,7681.25,7683,7681.25,7682,7685.36514905097
1787682300,7682,7683,7681,7682.75,7685.3547093341995
1787682600,7682.75,7687.25,7682.75,7686.5,7685.359281352826
1787682900,7686.75,7687,7685.5,7686,7685.361839111896
1787683200,7685.75,7689,7685.75,7688.75,7685.375364704264
1787683500,7688.75,7692,7688.75,7691,7685.397818338179
1787683800,7691.25,7691.5,7689.25,7690,7685.416190320861
1787684100,7690,7691,7688.25,7689.5,7685.43249295431
1787684400,7689.5,7691.5,7687.25,7687.75,7685.441744479443
1787684700,7687.5,7688.25,7686,7686.75,7685.446967056371
1787685000,7686.5,7686.75,7683.75,7684.25,7685.442188744769
1787685300,7684,7684.75,7682.25,7683,7685.432439488302
1787685600,7682.75,7683.75,7681.75,7683.5,7685.424725159008
1787685900,7683.75,7685,7683,7684.5,7685.421033641407
1787686200,7684.5,7685.5,7683,7684,7685.415360852419
1787686500,7684,7686.5,7683.5,7685.25,7685.414700729256
1787686800,7685.25,7689.25,7685.25,7686.5,7685.419033261275
1787687100,7686.5,7688.25,7685.5,7687.5,7685.4273405137255
1787687400,7687.5,7694.5,7685,7694,7685.4615627072835
1787687700,7694.25,7695,7689.5,7691,7685.483672237394
1787688000,7691,7693.5,7689,7691,7685.505693505907
1787688300,7691,7693.25,7690.25,7692.5,7685.533614889117
1787688600,7692.25,7693.25,7691.25,7692,7685.5594288017355
1787688900,7692,7692.75,7691.25,7692.5,7685.587135672787
1787689200,7692.25,7696,7692.25,7695,7685.624711977486
1787689500,7695.25,7695.75,7694,7694.25,7685.6591442650015
1787689800,7694.25,7695.5,7694.25,7694.75,7685.695435106259
1787690100,7694.75,7694.75,7692.75,7692.75,7685.723597041962
1787690400,7693,7693.25,7691.5,7691.75,7685.747654538801
1787690700,7691.5,7692,7690,7690.25,7685.765627973776
1787691000,7690,7691.25,7689.75,7691,7685.786523670487
1787691300,7691,7691.5,7690.5,7690.75,7685.806337947252
1787695200,7691.5,7694,7690.5,7692.5,7685.833059153052
1787695500,7692.5,7693.5,7691.25,7692.5,7685.8596736873715
1787695800,7692.5,7692.75,7691.5,7691.75,7685.883187964068
1787696100,7691.75,7692,7691.5,7691.5,7685.905610367406
1787696400,7691.5,7692.25,7690.5,7692,7685.929939268134
1787696700,7692,7693,7691.75,7692.75,7685.957165059479
1787697000,7693,7693.25,7692.75,7693,7685.985280169022
1787697300,7693.25,7693.25,7692.25,7692.5,7686.011287034615
1787697600,7692.25,7692.75,7691.75,7692.75,7686.038188084377
1787697900,7692.75,7692.75,7692,7692,7686.061987732743
1787698200,7692.25,7692.25,7691.75,7692,7686.085692372532
1787698500,7692.25,7692.75,7691.75,7692.25,7686.110300387013
1787698800,7692,7692.5,7692,7692.25,7686.134810165907
1787699100,7692.25,7692.5,7691.25,7691.75,7686.157226093388
1787699400,7691.75,7691.75,7691.25,7691.5,7686.178554532137
1787699700,7691.5,7691.5,7691,7691.25,7686.198799823426
1787700000,7691.25,7691.25,7689,7689.5,7686.211978267245
1787700300,7689.25,7689.5,7687.5,7687.5,7686.21712007057
1787700600,7687.5,7688,7685.75,7686.25,7686.217251327773
1787700900,7686.25,7686.75,7685.5,7685.75,7686.215386053012
1787701200,7686,7686,7684.25,7684.75,7686.209536208488
1787701500,7684.75,7684.75,7682.25,7682.25,7686.193729676718
1787701800,7682.5,7683,7680.5,7682.75,7686.179982252859
1787702100,7682.75,7683.5,7682,7682,7686.16329569696
1787702400,7681.75,7683.75,7679.5,7682.5,7686.148671762042
1787702700,7682.5,7683.5,7680.5,7683.5,7686.1380982220735
1787703000,7683.5,7684.25,7681.25,7681.25,7686.118584855917
1787703300,7681.5,7686,7681.25,7684.25,7686.1111254353345
1787703600,7684.25,7684.5,7682.25,7682.75,7686.097707768926
1787703900,7682.75,7683,7679.25,7680.75,7686.076359634119
1787704200,7680.75,7681.25,7678.5,7678.75,7686.047112689473
1787704500,7679,7679.25,7676.75,7677.5,7686.012992479135
1787704800,7677.5,7678.25,7676.25,7677.75,7685.980006481214
1787705100,7677.5,7679.25,7677.25,7678,7685.948150167916
1787705400,7678,7678.25,7676,7676.5,7685.910433001577
1787705700,7676.25,7676.5,7673.5,7674,7685.862886362848
1787706000,7674.25,7677.25,7673.75,7677,7685.8275055789645
1787706300,7677.25,7677.75,7676,7676.75,7685.791268031743
1787706600,7676.75,7678,7676.25,7676.5,7685.754177141397
1787706900,7676.5,7677.25,7674,7674.5,7685.709250286542
1787707200,7674.5,7675.75,7673.25,7673.75,7685.661508768431
1787707500,7673.75,7674,7672.75,7673.25,7685.61196182724
1787707800,7673.5,7674,7670.75,7671.75,7685.556624654277
1787708100,7671.75,7674.75,7671,7674.5,7685.512486432104
1787708400,7674.25,7674.5,7672.5,7673.25,7685.463534390459
1787708700,7673.25,7673.5,7671.75,7672.5,7685.41178375417
1787709000,7672.5,7673.25,7672,7673,7685.362235715231
1787709300,7673,7674.25,7673,7674.25,7685.317875492815
1787709600,7674.5,7676,7673.75,7675,7685.276686369091
1787709900,7675,7675.25,7672.25,7673,7685.227677641071
1787710200,7673,7675.25,7673,7675,7685.186848588612
1787710500,7675,7676.75,7674.75,7676.25,7685.1511725463415
1787710800,7676.25,7678.5,7676.25,7677.5,7685.120628943362
1787711100,7677.75,7679,7677.75,7678.5,7685.094199286902
1787711400,7678.25,7680.75,7678.25,7680.25,7685.0748611659965
1787711700,7680.5,7681.75,7679,7681.5,7685.060590263138
1787712000,7681.25,7685,7681.25,7684.75,7685.059350381848
1787712300,7684.75,7687,7684,7686.5,7685.065101478128
1787712600,7686.5,7687,7685.5,7685.5,7685.066837599971
1787712900,7685.5,7686.5,7685.5,7685.75,7685.069564795181
1787713200,7686,7686.5,7684.75,7686,7685.073279107375
1787713500,7686,7686,7685.25,7685.5,7685.074982583992
1787713800,7685.5,7688.25,7685.5,7688,7685.086659300224
1787714100,7688,7688,7686.25,7686.5,7685.092301378866
1787714400,7686.5,7687,7685.5,7685.75,7685.094926922264
1787714700,7685.75,7686.25,7685.25,7685.25,7685.095545976466
1787715000,7685.25,7686.75,7684.5,7686.5,7685.101152579355
1787715300,7686.75,7688.25,7686.75,7688,7685.112724824547
1787715600,7688,7688.25,7687.25,7687.5,7685.122254865167
1787715900,7687.75,7690.75,7687.5,7690.75,7685.1447209136095
1787716200,7691,7692,7690.25,7690.75,7685.167097277228
1787716500,7690.75,7691.25,7689.75,7689.75,7685.185392298077
1787716800,7689.75,7691.5,7689,7690.75,7685.207606300879
1787717100,7691,7691.5,7689.75,7690.5,7685.228733621035
1787717400,7690.25,7691.5,7689.25,7690.5,7685.249776600592
1787717700,7690.5,7690.5,7689.25,7690.25,7685.269737572246
1787718000,7690.5,7690.75,7689.75,7690,7685.288620855391
1787718300,7690,7691,7689.5,7689.75,7685.306430752175
1787718600,7690,7690.25,7689,7689,7685.321175539591
1787718900,7689,7689.5,7688,7688,7685.331869449613
1787719200,7688,7688.5,7687.25,7687.25,7685.339526657399
1787719500,7687.25,7687.25,7682.25,7683,7685.330187229625
1787719800,7682.75,7684.25,7682.5,7683.75,7685.323879096972
1787720100,7683.75,7684.5,7682.5,7683.25,7685.3156001385005
1787720400,7683.25,7687,7683,7686.25,7685.319330277668
1787720700,7686.25,7687.5,7684.25,7687.5,7685.328035546021
1787721000,7687.5,7687.5,7685.5,7686,7685.330718038851
1787721300,7685.75,7686.25,7684.25,7685.25,7685.330395811151
1787721600,7685.25,7686,7684.75,7685.75,7685.332070877773
1787721900,7685.75,7686.25,7684,7686,7685.334737261494
1787722200,7686.25,7687.75,7686,7687,7685.341385016937
1787722500,7687.25,7687.25,7685.25,7685.75,7685.343016214474
1787722800,7685.75,7686.25,7685,7686,7685.345638904237
1787723100,7686,7686,7684,7684.5,7685.342263100228
1787723400,7684.75,7685.5,7684,7684,7685.336904764498
1787723700,7684,7685.75,7684,7685,7685.335559835299
1787724000,7685,7686.25,7681.5,7681.5,7685.32024821919
1787724300,7681.5,7682.25,7680.5,7682,7685.306993735281
1787724600,7682,7684.25,7682,7682.75,7685.29678617546
1787724900,7682.5,7682.75,7681,7682.75,7685.2866193643795
1787725200,7682.75,7683,7681.5,7682.25,7685.274497131388
1787725500,7682.25,7684,7679.75,7682.5,7685.263421294536
1787725800,7682.5,7685,7681.25,7685,7685.262369712522
1787726100,7685,7686.75,7684.75,7685.75,7685.264316340416
1787726400,7686,7688.75,7685.75,7688.75,7685.2782312452455
1787726700,7688.5,7691,7688.25,7688.75,7685.2920906015515
1787727000,7688.75,7689,7685.5,7686.25,7685.295914591166
1787727300,7686.5,7689,7685.75,7688.5,7685.308705351282
1787727600,7688,7688.5,7685.5,7688,7685.319449042494
1787727900,7688.25,7688.75,7683.25,7683.5,7685.312185772863
1787728200,7683.75,7687.75,7682.25,7687.5,7685.320919562193
1787728500,7687.75,7688.75,7686,7686.5,7685.325626470129
1787728800,7686.5,7686.75,7683.5,7684.5,7685.322330556076
1787729100,7684.75,7685.25,7682.25,7683,7685.3130597754125
1787729400,7683,7683.75,7680.75,7682.5,7685.30182999587
1787729700,7682.5,7684.25,7682,7682.5,7685.290645045787
1787730000,7682.5,7683.5,7682,7683.5,7685.283496762171
1787730300,7683.25,7686.25,7682.75,7684,7685.278373022602
1787730600,7684,7684.75,7682.75,7684.75,7685.276263749059
1787730900,7684.75,7686.25,7684,7686,7685.279152915729
1787731200,7686,7689,7683.75,7688.25,7685.291012584728
1787731500,7688,7689.5,7686.25,7688.75,7685.304820917723
1787731800,7688.75,7690.25,7684.75,7685,7685.3036040677525
1787732100,7685.25,7688.25,7684.25,7684.75,7685.301394071474
1787732400,7684.75,7685,7683,7683.75,7685.295200881567
1787732700,7683.75,7689,7683.5,7689,7685.309990498807
1787733000,7689,7690.25,7686,7688.5,7685.322725067674
1787733300,7688.25,7689.5,7688,7689.5,7685.339400815907
1787733600,7689.5,7691,7689.25,7690.25,7685.359004006263
1787733900,7690,7690.25,7688.75,7689.25,7685.374536924402
1787734200,7689.25,7689.75,7687.75,7688.25,7685.3860158189145
1787734500,7688.25,7688.5,7685.5,7688.5,7685.39844689349
1787734800,7688.75,7689.75,7687,7687.5,7685.406836327048
1787735100,7687.25,7687.5,7686,7686,7685.409204245902
1787735400,7686,7687.75,7686,7686.5,7685.413558719971
1787735700,7686.5,7687,7685,7685.5,7685.413903794941
1787736000,7685.75,7687,7683.75,7683.75,7685.407261464422
1787736300,7683.75,7685.25,7683,7685,7685.405635670153
1787736600,7685,7687.5,7685,7686.25,7685.40900638604
1787736900,7686.5,7686.75,7685.25,7686.5,7685.4133616499685
1787737200,7686.5,7687.25,7686,7686.5,7685.417699527613
1787737500,7686.75,7688.25,7686.5,7687.5,7685.426012104349
1787737800,7687.5,7688.5,7687.25,7688,7685.43628750513
1787738100,7688.25,7689.5,7688,7689,7685.450513902315
1787738400,7689,7689.25,7686.5,7686.75,7685.455701471567
1787738700,7687,7687.25,7685.75,7686.25,7685.458872323977
1787739000,7686.25,7686.25,7684.25,7684.5,7685.455044490348
1787739300,7684.5,7685.75,7684.5,7685.5,7685.4552239534605
1787739600,7685.5,7686.25,7683.75,7686.25,7685.458396712129
1787739900,7686.25,7686.5,7683.75,7683.75,7685.451576765175
1787740200,7683.75,7687.25,7681.75,7687.25,7685.458756099445
1787740500,7687.5,7689.75,7687.25,7688.75,7685.471894797651
1787740800,7689,7690.25,7687,7687.25,7685.478993022011
1787741100,7687.25,7689,7686.75,7688.5,7685.491052930107
1787741400,7688.5,7688.5,7686,7686.5,7685.495080662921
1787741700,7686.25,7687.5,7686.25,7687,7685.501088324945
1787742000,7687.25,7690.75,7686.75,7689.75,7685.518050048199
1787742300,7689.5,7689.5,7687,7687.5,7685.525962024055
1787742600,7687.5,7690.25,7687.5,7690,7685.543822455096
1787742900,7690.25,7694.75,7689.75,7691,7685.56560360298
1787743200,7691,7691.25,7689.25,7689.25,7685.58031177223
1787743500,7689.25,7690,7688,7690,7685.597955238209
1787743800,7690,7691.75,7689.25,7689.75,7685.614530267198
1787744100,7689.5,7689.75,7684,7684.75,7685.611079048566
1787744400,7684.75,7686.5,7683.75,7686,7685.612631627215
1787744700,7686.25,7686.5,7683,7683.25,7685.603199964033
1787745000,7683.25,7688,7683.25,7686.75,7685.607778008089
1787745300,7686.75,7688.25,7686.25,7687.5,7685.6153317884955
1787745600,7687.5,7688.25,7685.5,7687.25,7685.6218574100985
1787745900,7687.25,7688,7685.25,7686.25,7685.624364965348
1787746200,7686.25,7688,7685.5,7687.75,7685.632850534348
1787746500,7687.75,7688,7685,7687.75,7685.641302228822
1787746800,7687.5,7691.5,7687.25,7691,7685.662694235893
1787747100,7691.25,7698.5,7691,7696,7685.70396092557
1787747400,7696,7696.75,7682,7684,7685.697158686346
1787747700,7684,7684.5,7679.75,7681.5,7685.680403561849
1787748000,7681.5,7684.25,7680.5,7681,7685.661719316093
1787748300,7680.75,7683.5,7679.25,7683.25,7685.652091694073
1787748600,7683.25,7684.25,7676.5,7679.25,7685.626534441801
1787748900,7679.25,7682.25,7677.25,7679.5,7685.60207721848
1787749200,7679.25,7682.25,7678.5,7680.75,7685.582707648746
1787749500,7681,7682.25,7677.5,7678,7685.5524373587305
1787749800,7678.25,7682,7676.75,7682,7685.538255972069
1787750100,7682,7682,7679.25,7681,7685.520139181762
1787750400,7681,7681.25,7679.5,7680.25,7685.499100701994
1787750700,7680.5,7682.25,7678.25,7678.75,7685.472158184222
1787751000,7678.75,7690.75,7678.75,7689,7685.486241385083
1787751300,7689.25,7690.5,7680.25,7688,7685.496276349614
1787751600,7688,7698.5,7686.75,7695.25,7685.5352133701745
1787751900,7695.5,7699.5,7691.5,7691.5,7685.559024893647
1787752200,7691.25,7698.75,7688.5,7698.75,7685.6116834769055
1787752500,7698.5,7701.75,7696.75,7701.25,7685.674111886179
1787752800,7701.25,7702.5,7698.25,7700.75,7685.734295072262
1787753100,7701,7701.75,7697,7698.5,7685.785255970178
1787753400,7698.5,7698.75,7693,7694,7685.818049359518
1787753700,7694,7695.75,7691.75,7691.75,7685.841729801196
1787754000,7691.75,7692.75,7686,7686.5,7685.844357626342
1787754300,7686.25,7687.25,7680.5,7682.75,7685.832004901286
1787754600,7682.75,7685.25,7681.25,7683.5,7685.822695500483
1787754900,7683.5,7688.25,7682,7684.25,7685.816417274932
1787755200,7684.25,7687.5,7683.5,7685.75,7685.81615213611
1787755500,7686,7687.75,7682.75,7687.5,7685.82287408367
1787755800,7687.75,7691.5,7687.25,7688.25,7685.832563209085
1787756100,7688.5,7691.25,7687.25,7690.75,7685.852193695276
1787756400,7690.5,7696.75,7690.5,7694,7685.884719868149
1787756700,7694.25,7697,7693.75,7695.75,7685.924102223965
1787757000,7695.75,7696.75,7693,7695,7685.960333352811
1787757300,7694.75,7694.75,7687.75,7689.75,7685.97546176258
1787757600,7689.75,7692.5,7689.25,7689.75,7685.990529779496
1787757900,7689.75,7692.75,7689.25,7690.5,7686.008531656624
1787758200,7690.75,7691.25,7683,7684.5,7686.002509574162
1787758500,7684.5,7687.75,7684.25,7686.75,7686.005493567878
1787758800,7687,7693.5,7686.25,7693,7686.033415749244
1787759100,7692.75,7695,7691.75,7694.75,7686.068212492761
1787759400,7694.75,7695.5,7685.25,7686.25,7686.068938191393
1787759700,7686.25,7690,7685,7685.25,7686.065668977056
1787760000,7685.5,7685.75,7681,7684,7686.057422793515
1787760300,7683.75,7686.5,7682.25,7683.5,7686.047213520886
1787760600,7683.5,7685,7681.75,7682.5,7686.033052987868
1787760900,7682.5,7683.25,7680.25,7682,7686.0169529759405
1787761200,7681.75,7683.25,7680.5,7681.5,7685.998921227533
1787761500,7681.5,7682,7679.25,7679.75,7685.97397543421
1787761800,7679.75,7682,7679.5,7680.5,7685.952123236868
1787762100,7680.25,7681,7673.25,7673.5,7685.90241416207
1787762400,7673.5,7676,7671,7672,7685.846915502741
1787762700,7672,7675.75,7671.25,7673,7685.795630410913
1787763000,7672.75,7675.25,7672.5,7673.75,7685.747544061967
1787763300,7673.75,7680,7673.75,7679.25,7685.721605762319
1787763600,7679.25,7681.75,7677.75,7680.75,7685.701759032729
1787763900,7680.75,7683.5,7679,7682.75,7685.689975563536
1787764200,7682.5,7683.75,7681.75,7683.75,7685.682231150108
1787764500,7683.75,7687.25,7683.75,7685.25,7685.680505676455
1787764800,7685.25,7689,7685.25,7689,7685.693757150801
1787765100,7688.75,7689.5,7686.5,7688.5,7685.704959717064
1787765400,7688.75,7690.25,7687.75,7689.75,7685.721107582465
1787765700,7689.75,7690.75,7688,7688,7685.7302049573855
1787766000,7688.25,7689.75,7687,7689,7685.743258031408
1787766300,7689,7689.25,7686.5,7687,7685.748274965415
1787766600,7686.75,7690,7686.5,7689.75,7685.764249915653
1787766900,7690,7691,7688.5,7688.75,7685.776169077666
1787767200,7688.75,7689,7687.25,7687.5,7685.783050638234
1787767500,7687.5,7690.75,7687.25,7689.75,7685.798886763431
1787767800,7690,7690,7685.75,7686.5,7685.801685618667
1787768100,7686.25,7689.75,7685.5,7689.5,7685.816449348732
1787768400,7689.5,7692,7687.5,7687.75,7685.824168113807
1787768700,7687.75,7689.5,7687,7688.25,7685.833852073432
1787769000,7688.25,7691,7687.25,7689.75,7685.8494853984885
1787769300,7689.75,7690.25,7688.25,7689.5,7685.864058311069
1787769600,7689.5,7690.75,7688.5,7690.75,7685.883563068311
1787769900,7690.75,7696.5,7690.5,7695.25,7685.920954034106
1787770200,7695.25,7698,7694,7696.75,7685.964183758521
1787770500,7696.75,7698.5,7695.5,7697.25,7686.00923691717
1787770800,7697.25,7705.5,7696.75,7704.75,7686.08405034265
1787771100,7705,7705,7700.75,7701.5,7686.145591059845
1787771400,7701.5,7703.25,7701,7702,7686.2088821134985
1787771700,7702,7704.75,7701.75,7704,7686.279904540191
1787772000,7704,7704.25,7700.25,7702.75,7686.345653424261
1787772300,7702.75,7704,7700.75,7701.5,7686.406149817777
1787772600,7701.5,7701.5,7700,7701.25,7686.465406704732
1787772900,7701,7701.25,7698.25,7699.25,7686.516443005312
1787773200,7699.25,7701.25,7698.25,7699.25,7686.567275568165
1787773500,7699.25,7703.5,7698.75,7703.5,7686.63487127448
1787773800,7703.5,7704.5,7692.25,7694.25,7686.665270989952
1787774100,7694,7696.75,7687,7692,7686.686567313345
1787774400,7692.25,7703.25,7690.25,7700.25,7686.740712753212
1787774700,7700.5,7703.25,7699.5,7701.75,7686.800630067571
1787775000,7701.75,7704,7700.75,7702.75,7686.864300207021
1787775300,7703,7707,7701.25,7706.5,7686.942686234139
1787775600,7706.25,7706.5,7690.25,7698,7686.986827207256
1787775900,7698,7701.5,7694.5,7697.25,7687.027797956928
1787776200,7697.5,7697.75,7692.75,7694.25,7687.056629102809
1787776500,7694.5,7698.75,7694.5,7697,7687.096323198207
1787776800,7696.75,7699,7695.75,7696.75,7687.1348608301505
1787777100,7696.75,7702.25,7696,7702.25,7687.195200707076
1787777400,7702.25,7705,7701.5,7704.25,7687.263283738185
1787777700,7704,7710.25,7703.75,7710,7687.354049072564
1787781600,7722,7735,7721.25,7734.75,7687.543254465488
1787781900,7734.5,7735,7729.75,7730.75,7687.715736483589
1787782200,7730.75,7733.75,7729.75,7733.25,7687.897509990641
1787782500,7733.25,7738.25,7731.25,7736,7688.089535898862
1787782800,7736,7738.5,7734.5,7736.75,7688.283789248567
1787783100,7737,7738.5,7736.25,7738,7688.482257155758
1787783400,7738,7739,7737.25,7739,7688.683924791862
1787783700,7739,7741.25,7738.25,7738.25,7688.881793355567
1787784000,7738.25,7741.25,7738.25,7741,7689.089850068719
1787784300,7741.25,7741.25,7738.25,7738.5,7689.287096176229
1787784600,7738.5,7739.5,7736,7736.25,7689.4745728382
1787784900,7736.5,7736.75,7735.75,7736.25,7689.661301090343
1787785200,7736,7737,7735.5,7735.75,7689.845287912338
1787785500,7735.75,7736.25,7734.25,7735,7690.0255462440255
1787785800,7735,7735.5,7734.25,7735,7690.205084981574
1787786100,7735.25,7735.25,7733.25,7734,7690.379914981648
1787786400,7733.75,7735.5,7733.75,7735,7690.558039073538
1787786700,7735,7736,7733.25,7734,7690.73146007524
1787787000,7734.5,7735.5,7733.5,7734.25,7690.905186781526
1787787300,7734.5,7735.5,7734.25,7734.75,7691.080215976011
1787787600,7734.5,7735,7734,7734,7691.25155243918
1787787900,7734,7736.75,7733.75,7736,7691.430188956389
1787788200,7736,7736.25,7734.5,7734.75,7691.603122333809
1787788500,7735,7739.25,7735,7738.5,7691.7903354183045
1787788800,7738.75,7739.25,7733.5,7733.75,7691.95783906933
1787789100,7733.75,7736.5,7733.5,7734,7692.1256720470965
1787789400,7734.25,7734.25,7731,7732,7692.284851001
1787789700,7732,7732.25,7729.25,7730.25,7692.436408482034
1787790000,7730.25,7732.5,7730,7732.5,7692.596342979111
1787790300,7732.5,7732.5,7730.25,7732,7692.753643007139
1787790600,7732.25,7732.25,7728,7728.25,7692.895345031062
1787790900,7728.5,7728.5,7724.75,7725.75,7693.026501338323
1787791200,7725.75,7725.75,7720.5,7721,7693.1381719916635
1787791500,7720.75,7721.5,7716,7716.75,7693.232430786108
1787791800,7716.75,7717.25,7714.5,7716.5,7693.325315293948
1787792100,7716,7717.25,7715,7716.5,7693.41782900535
1787792400,7716.25,7718.5,7714.5,7717.5,7693.513965416506
1787792700,7717.75,7721,7717.25,7720.25,7693.620696093486
1787793000,7720.25,7721,7717,7717.75,7693.717020659979
1787793300,7717.5,7720,7717.25,7720,7693.821942733193
1787793600,7720,7722.5,7719.5,7722.25,7693.935427991743
1787793900,7722,7723.5,7721.75,7723,7694.051454227305
1787794200,7723,7725,7722.5,7724.25,7694.172007304242
1787794500,7724.5,7726.25,7724,7725.75,7694.298067155322
1787794800,7725.75,7725.75,7719.75,7720,7694.400669681649
1787795100,7720,7725.75,7720,7725.5,7694.5248187048755
1787795400,7725.25,7726.75,7724.5,7726.5,7694.652464139187
1787795700,7726.75,7726.75,7724.25,7724.5,7694.771615978951
1787796000,7724.5,7726.25,7724,7726,7694.896280186619
1787796300,7725.75,7726.75,7724,7726.75,7695.023440744756
1787796600,7727,7727.75,7726.5,7727,7695.151091679907
1787796900,7727,7727,7725.5,7726.25,7695.275239018511
1787797200,7726,7726.75,7725.25,7726.25,7695.3988907589555
1787797500,7726.25,7727.5,7725.25,7726.5,7695.52304688367
1787797800,7726.5,7728.25,7726,7728,7695.652695399104
1787798100,7728,7728.5,7727,7728.25,7695.782824359587
1787798400,7728.25,7728.75,7726.25,7727.5,7695.909439831205
1787798700,7727.5,7728.25,7727.25,7727.5,7696.035549851839
1787799000,7727.5,7729.75,7727.5,7728.5,7696.165148455225
1787799300,7728.75,7729,7728,7728,7696.292233690932
1787799600,7728,7729,7727.25,7728,7696.41881160035
1787799900,7728,7728.25,7726.25,7726.5,7696.538896184779
1787800200,7726.5,7727.25,7725.75,7727,7696.660497397615
1787800500,7727.25,7728.75,7727,7728.75,7696.78859920441
1787800800,7728.5,7730.5,7728,7730.5,7696.923175654692
1787801100,7730.5,7730.75,7729.75,7729.75,7697.05422086166
1787801400,7729.75,7730.5,7728.5,7729.75,7697.184742934069
1787801700,7729.75,7730,7728.5,7728.75,7697.310751944312
1787802000,7728.75,7729.25,7727.75,7727.75,7697.4322659086065
1787802300,7727.75,7728.75,7727,7727.5,7697.552296783223
1787802600,7727.5,7728.5,7725.5,7726,7697.665860468719
1787802900,7726.25,7727.25,7725.75,7726,7697.778970806169
1787803200,7726,7727,7726,7726.25,7697.892627609338
1787803500,7726.25,7726.5,7725.25,7726.5,7698.006828696726
1787803800,7726.25,7726.5,7725.5,7726.25,7698.119575887557
1787804100,7726.25,7727.5,7725.75,7726.75,7698.233868997787
1787804400,7726.5,7727.25,7725.25,7726.5,7698.346707844104
1787804700,7726.5,7727,7724,7724,7698.449116196023
1787805000,7724.25,7724.5,7722.25,7722.5,7698.545127708215
1787805300,7722.5,7723,7720.5,7720.5,7698.63277190898
1787805600,7720.25,7721.75,7719.5,7720.75,7698.721064236689
1787805900,7720.75,7722.5,7719.75,7720.75,7698.809004100016
1787806200,7721,7721.25,7719,7719.5,7698.891602886044
1787806500,7719.5,7720,7719.25,7719.75,7698.974869940391
1787806800,7720,7720.75,7716.25,7717,7699.046826547416
1787807100,7716.75,7717.5,7715.5,7715.5,7699.1125078785635
1787807400,7715.5,7717.25,7715.25,7717,7699.1839150327405
1787807700,7716.75,7716.75,7712.25,7712.5,7699.237073056562
1787808000,7712.75,7715.75,7712.75,7715.5,7699.301994920607
1787808300,7715.75,7716,7713.25,7714,7699.360669591583
1787808600,7714.25,7714.25,7712,7712.75,7699.414120012375
1787808900,7712.75,7714.25,7711.5,7713.75,7699.4713490742015
1787809200,7713.75,7714.75,7710,7710.5,7699.515375624804
1787809500,7710.5,7712.75,7710.25,7712.25,7699.566212448657
1787809800,7712.5,7713.25,7710.75,7711.75,7699.614850323113
1787810100,7711.5,7712.25,7710.25,7712,7699.66429203839
1787810400,7712.25,7712.25,7709.75,7709.75,7699.7045543456225
1787810700,7709.75,7711,7707.5,7707.75,7699.736671893145
1787811000,7707.75,7711.5,7707,7710.75,7699.780637274809
1787811300,7710.75,7713,7710.5,7712.75,7699.832411177904
1787811600,7713,7713.25,7711.75,7712.5,7699.882980394758
1787811900,7712.5,7713.25,7711.5,7712.75,7699.934345742484
1787812200,7712.5,7714.25,7712.5,7714,7699.990496058881
1787812500,7714,7715,7713,7714.25,7700.04742022631
1787812800,7714.25,7716.5,7714.25,7716,7700.111103179499
1787813100,7716.25,7717.25,7715.5,7715.5,7700.172535901337
1787813400,7715.5,7716.25,7714.75,7715.5,7700.233723382769
1787813700,7715.75,7718,7715.5,7718,7700.304646642719
1787814000,7718,7718,7713.5,7716.75,7700.370296755921
1787814300,7717,7719.75,7716.75,7719.25,7700.445664832744
1787814600,7719.25,7720.75,7718,7720.75,7700.526720062952
1787814900,7720.75,7721.25,7718.75,7720.5,7700.606453715395
1787815200,7720.5,7720.75,7718.5,7718.5,7700.677885037889
1787815500,7718.5,7721.25,7718,7721.25,7700.760009249314
1787815800,7721.25,7722,7719.5,7720.75,7700.8398096115925
1787816100,7720.75,7721.5,7716.5,7717,7700.90432134967
1787816400,7717,7717.75,7716,7717,7700.9685755558585
1787816700,7717,7719,7716.75,7717.75,7701.035567270206
1787817000,7718,7720.75,7717.75,7720.25,7701.112271592481
1787817300,7720.25,7722,7720.25,7720.5,7701.189667713868
1787817600,7720.75,7726,7720.5,7726,7701.288710956527
1787817900,7726,7729.75,7725.75,7729.5,7701.401330872868
1787818200,7729.25,7732.75,7728.75,7731.75,7701.522483244633
1787818500,7731.75,7732,7727,7728.5,7701.6301779222995
1787818800,7728.25,7730,7726.75,7729.75,7701.742432701053
1787819100,7730,7734.5,7729,7734.25,7701.872203428793
1787819400,7734.25,7734.25,7730.25,7730.25,7701.985488045843
1787819700,7730.25,7731,7729.25,7729.75,7702.09632442091
1787820000,7729.75,7731.25,7728.5,7730,7702.207716339389
1787820300,7730,7733.5,7730,7732.5,7702.328643619471
1787820600,7732.5,7734,7728.5,7728.75,7702.43411809604
1787820900,7728.75,7729.75,7727.5,7728,7702.536177504839
1787821200,7728.25,7728.75,7721.75,7722.25,7702.614875399031
1787821500,7722.25,7725.25,7721,7725,7702.704237173885
1787821800,7725,7725.25,7721,7721,7702.777274151235
1787822100,7721,7722,7718.75,7721.5,7702.85201557179
1787822400,7721.75,7725.5,7721.25,7725.5,7702.942426687272
1787822700,7725.5,7726,7723.75,7724.75,7703.029482868161
1787823000,7724.75,7728.5,7724.75,7728,7703.129165571282
1787823300,7728,7728,7726.5,7727,7703.224458323492
1787823600,7727,7728,7725.75,7726.75,7703.3183726615225
1787823900,7726.75,7728.5,7726.25,7726.5,7703.410914088024
1787824200,7726.75,7728.25,7725,7727,7703.505082095657
1787824500,7727.25,7727.25,7723.75,7724.25,7703.587896139187
1787824800,7724.25,7724.25,7720.5,7722.25,7703.662395555797
1787825100,7722.5,7723.75,7722,7722.5,7703.737595573539
1787825400,7722.5,7724,7721.25,7722.75,7703.813493395601
1787825700,7723,7724,7721.75,7721.75,7703.885096216377
1787826000,7721.75,7722.75,7721,7721.25,7703.954417189565
1787826300,7721.25,7721.25,7719.75,7720,7704.018471412362
1787826600,7720.25,7721,7719.75,7720.5,7704.084265937661
1787826900,7720.75,7720.75,7718.25,7718.75,7704.1428117822215
1787827200,7718.75,7723,7718.75,7722.5,7704.2160939707155
1787827500,7722.75,7723.5,7721.75,7721.75,7704.286089603567
1787827800,7721.5,7723.5,7719.75,7723.5,7704.362791840679
1787828100,7723.5,7724.5,7723,7724,7704.441183889219
1787828400,7724,7725.75,7721.75,7725.75,7704.526249023394
1787828700,7725.75,7727.5,7723,7727.25,7704.6169626001465
1787829000,7727,7729.75,7726.25,7728.25,7704.711306062821
1787829300,7728.25,7729.25,7725.5,7726,7704.796290868957
1787829600,7726,7727,7724.75,7726,7704.88093641439
1787829900,7725.75,7726.75,7722.25,7722.5,7704.951271997566
1787830200,7722.5,7725.25,7719.25,7722,7705.019330791987
1787830500,7722,7722.75,7717.75,7718.75,7705.074143842718
1787830800,7718.75,7721.75,7718,7721,7705.1377201148025
1787831100,7721,7721,7715,7715.25,7705.178088497578
1787831400,7715.5,7719,7715,7718.5,7705.23126978102
1787831700,7718.5,7722.5,7718.25,7722.25,7705.299208823811
1787832000,7722,7723.5,7721.25,7723,7705.369870664834
1787832300,7722.75,7723.75,7721.25,7723.5,7705.442246430643
1787832600,7723.75,7726.5,7723.25,7725.5,7705.522317303175
1787832900,7725.5,7725.75,7723.25,7724,7705.596080507554
1787833200,7724,7725,7722,7723.5,7705.667553240059
1787833500,7723.5,7725,7722,7723.25,7705.737742648282
1787833800,7723.25,7723.5,7718.75,7719,7705.790685791402
1787834100,7719.25,7719.25,7714.25,7714.5,7705.8254535127935
1787834400,7714.5,7715,7711.75,7712.25,7705.851100404958
1787834700,7712.25,7713.5,7711,7712.75,7705.878640922303
1787835000,7712.75,7713.5,7711,7713,7705.907069501455
1787835300,7713,7714.25,7711,7711.5,7705.929396569314
1787835600,7711.5,7715,7710.25,7714.25,7705.962612551073
1787835900,7714.25,7715.5,7711.5,7711.75,7705.985715894182
1787836200,7711.75,7714.25,7711.25,7713.25,7706.014715032329
1787836500,7713.25,7717.25,7712.75,7714.5,7706.048588425414
1787836800,7714.75,7715,7712,7713.25,7706.077336575412
1787837100,7713.25,7718,7713.25,7716.25,7706.117946010241
1787837400,7716.25,7720,7703,7706,7706.117475167885
1787837700,7706,7714,7702.75,7713.5,7706.146946324899
1787838000,7713.5,7723.75,7710.5,7723.5,7706.216219992264
1787838300,7723.5,7728.5,7708.25,7711.75,7706.238310930419
1787838600,7712,7725.25,7712,7723.25,7706.306221864828
1787838900,7723.25,7724,7707.25,7715.25,7706.341925569959
1787839200,7715.25,7721.75,7713.5,7719.25,7706.393454809201
1787839500,7719.25,7722.25,7712,7715.75,7706.430806287009
1787839800,7715.75,7721.25,7715.25,7718,7706.476990693049
1787840100,7717.75,7725,7717.75,7722.75,7706.54195280605
1787840400,7723,7727.5,7722,7726.25,7706.620627645148
1787840700,7726.25,7730.25,7724.25,7728.5,7706.70797044896
1787841000,7728.5,7729.25,7721.75,7725.25,7706.781990527008
1787841300,7725.5,7732.25,7725,7725,7706.854717111731
1787841600,7725,7728.25,7724.5,7727.75,7706.938131414678
1787841900,7727.5,7734.5,7725,7733.75,7707.045164822204
1787842200,7733.75,7736,7730.5,7732.75,7707.147778934691
1787842500,7733,7735.5,7728.75,7735.25,7707.259963449922
1787842800,7735.5,7738.25,7733.75,7737.75,7707.381680162697
1787843100,7738,7738.5,7734.75,7737,7707.499916968435
1787843400,7737,7740.25,7736.75,7740,7707.62965781886
1787843700,7740,7742.75,7739.75,7741.25,7707.763870761699
1787844000,7741.5,7742.5,7739,7739.5,7707.890561896383
1787844300,7739.75,7739.75,7733.75,7734.75,7707.997785202186
1787844600,7734.75,7737.75,7732.25,7733.75,7708.100588454871
1787844900,7733.5,7735,7729.5,7730.5,7708.190007263434
1787845200,7730.5,7735,7727.25,7727.75,7708.268091066774
1787845500,7728,7728.75,7725.25,7728.25,7708.347859166308
1787845800,7728,7740.5,7728,7740.5,7708.4762110259235
1787846100,7740.25,7740.25,7736.75,7738,7708.594070462946
1787846400,7738,7741.5,7737.25,7740,7708.7194434351495
1787846700,7740.25,7740.5,7736,7737,7708.8323398685425
1787847000,7737,7739.5,7736,7737.5,7708.946781625555
1787847300,7737.75,7740,7736.75,7737.75,7709.061764533237
1787847600,7737.75,7738,7735,7737,7709.17329441534
1787847900,7736.75,7740.75,7735.75,7740.75,7709.299349128253
1787848200,7740.5,7743.25,7739.75,7743.25,7709.434880668659
1787848500,7743.25,7747,7742.5,7746.75,7709.58384322088
1787848800,7746.75,7749.75,7746.5,7748.5,7709.7391971401585
1787849100,7748.5,7751.25,7748,7748.75,7709.894928888102
1787849400,7748.75,7752,7747.75,7751,7710.059020988349
1787849700,7751,7752.25,7749,7751.75,7710.225452042288
1787850000,7752,7753.5,7751.5,7752.25,7710.393214708786
1787850300,7752.5,7754.75,7749.25,7754,7710.567293691985
1787850600,7754,7755.5,7752.75,7753.5,7710.738681741118
1787850900,7753.75,7755,7752,7753,7710.907389598438
1787851200,7753,7754.5,7752.25,7753.75,7711.078417983275
1787851500,7753.5,7753.75,7748.5,7749.25,7711.230799548212
1787851800,7749.25,7752.5,7748.5,7749.25,7711.382572803509
1787852100,7749.25,7750.5,7748.25,7749,7711.532742173555
1787852400,7749,7751.25,7747.75,7747.75,7711.677322045118
1787852700,7747.75,7748.25,7744.5,7745.5,7711.812342715596
1787853000,7745.75,7745.75,7743.5,7745,7711.944828373418
1787853300,7745.25,7746,7742.75,7743.75,7712.071795126419
1787853600,7743.75,7745.5,7736.5,7737,7712.1713089183295
1787853900,7736.75,7739,7735,7736.5,7712.268429441609
1787854200,7736.25,7737,7730.75,7734,7712.35518221829
1787854500,7734.25,7736.25,7732,7734.25,7712.442586680492
1787854800,7734,7735.75,7731.25,7732.25,7712.52165819075
1787855100,7732.25,7732.5,7723.75,7725.75,7712.574465942484
1787855400,7726,7730.75,7725.25,7726.75,7712.631054900797
1787855700,7726.75,7732,7726,7732,7712.708376038917
1787856000,7732,7732.5,7729.25,7730.25,7712.778402481876
1787856300,7730,7732.25,7726.25,7726.25,7712.832181314283
1787856600,7726.5,7727.5,7724.25,7724.5,7712.878759432789
1787856900,7724.75,7729,7722.75,7727.5,7712.937127658606
1787857200,7727.5,7731.75,7726.25,7730.75,7713.0082369294305
1787857500,7730.75,7733.25,7728.25,7732.5,7713.086048358854
1787857800,7732.5,7733.75,7730,7730,7713.153569123889
1787858100,7730.25,7733.75,7730.25,7733,7713.232796392856
1787858400,7733,7734,7731,7731.25,7713.304721357355
1787858700,7731.5,7732,7729,7730.75,7713.374363188264
1787859000,7730.5,7736.25,7729.75,7736,7713.464685091704
1787859300,7736,7737.75,7735.25,7736.75,7713.557640440639
1787859600,7736.75,7738.25,7735.25,7737.75,7713.654216726305
1787859900,7737.75,7739.75,7737,7739,7713.755397497856
1787860200,7739,7744.5,7735.25,7743.5,7713.874138426008
1787860500,7743.25,7744.75,7740,7741.25,7713.983423302551
1787860800,7741.25,7743.25,7738,7738.5,7714.08129386821
1787861100,7738.5,7739.75,7735.5,7737,7714.1727857090555
1787861400,7737,7738.25,7735.25,7735.25,7714.2569262850675
1787861700,7735.25,7736.5,7735.25,7736,7714.343724982532
1787862000,7736,7736,7732.75,7733.25,7714.419199134299
1787862300,7733,7733.5,7731.75,7733.25,7714.494371992046
1787862600,7733.5,7734.25,7733,7733.75,7714.571240766529
1787862900,7733.5,7734,7732.25,7733,7714.64480866766
1787863200,7733,7734.25,7733,7733.75,7714.7210768965315
1787863500,7733.5,7734.25,7732.75,7732.75,7714.793048645448
1787863800,7732.5,7733.25,7731.75,7732,7714.861739070017
1787864100,7731.75,7733.5,7731.75,7733,7714.934147297283
1787868000,7733.75,7734.75,7727.5,7731.75,7715.001276449789
1787868300,7731.75,7733,7731,7732.75,7715.072129637614
1787868600,7732.5,7732.75,7730.5,7731.5,7715.137709958422
1787868900,7731.75,7733,7731,7732.75,7715.208018501503
1787869200,7733,7734,7732,7733.75,7715.282038387724
1787869500,7733.75,7734,7731.75,7733.75,7715.355762785378
1787869800,7733.5,7734,7732,7733.25,7715.427196866075
1787870100,7733.5,7734,7732.75,7733,7715.497347776789
1787870400,7733,7733.75,7732.75,7733,7715.567218643948
1787870700,7733,7733,7732.5,7732.75,7715.635812581497
1787871000,7733,7733,7731.5,7731.75,7715.700140674984
1787871300,7731.5,7733.25,7731.5,7732.25,7715.766207977679
1787871600,7732.25,7732.5,7731,7731.5,7715.82901752667
1787871900,7731.5,7732.5,7731.25,7732,7715.893572346923
1787872200,7731.75,7731.75,7729.5,7730.75,7715.952879443343
1787872500,7730.75,7730.75,7729.75,7730.25,7716.009953776902
1787872800,7730,7730.25,7730,7730.25,7716.066800268811
1787873100,7730,7730.5,7729.75,7729.75,7716.121423820632
1787873400,7730,7730.5,7728.75,7729.5,7716.17483131037
1787873700,7729.5,7730,7729.5,7730,7716.23002160454
1787874000,7729.75,7730,7729.25,7729.25,7716.281997566198
1787874300,7729.25,7729.5,7727.5,7727.75,7716.327778015036
1787874600,7727.75,7728.75,7727.25,7728.25,7716.375371715574
1787874900,7728.25,7728.75,7727.5,7728.75,7716.424771429284
1787875200,7729,7731.5,7728.25,7730,7716.478963958509
1787875500,7730.25,7732.25,7728.75,7731.75,7716.539926178235
1787875800,7731.5,7735.5,7731.25,7735,7716.613619087703
1787876100,7735,7735.25,7732,7734.25,7716.684023801924
1787876400,7734.25,7734.75,7733.5,7734.25,7716.754147459402
1787876700,7734.25,7736,7734,7736,7716.830977210063
1787877000,7735.75,7736,7734.5,7735.5,7716.905504247148
1787877300,7735.25,7735.5,7734,7734.75,7716.976739759136
1787877600,7734.75,7736.75,7734,7736.25,7717.053678921774
1787877900,7736.25,7736.75,7735.5,7736.5,7717.131308946038
1787878200,7736.5,7737.5,7735.5,7735.75,7717.20563505803
1787878500,7735.75,7736.25,7735.5,7735.75,7717.279664458995
1787878800,7735.75,7737.75,7735.75,7737.5,7717.360384361355
1787879100,7737.5,7738.5,7737,7738.5,7717.444774044543
1787879400,7738.75,7740.25,7738.75,7739.5,7717.532818858736
1787879700,7739.25,7740,7739,7739.5,7717.620512196626
1787880000,7739.25,7739.75,7738.5,7739,7717.705859453326
1787880300,7739,7739,7737.5,7738.25,7717.787871990439
1787880600,7738,7739.25,7738,7739.25,7717.873549148162
1787880900,7739,7740.25,7737.25,7737.5,7717.951898253359
1787881200,7737.5,7738.75,7737.5,7738.75,7718.034924607638
1787881500,7738.5,7739.5,7737.75,7739.25,7718.119615527367
1787881800,7739.5,7741.75,7739,7741.5,7718.212950395522
1787882100,7741.5,7743,7741.5,7742.75,7718.310902689353
1787882400,7743,7745,7743,7744.5,7718.415449984006
1787882700,7744.5,7746.75,7744.5,7746,7718.5255679481415
1787883000,7746,7746.5,7745.25,7745.75,7718.634248315614
1787883300,7745.75,7747,7745.75,7746.75,7718.746486845293
1787883600,7746.75,7747.25,7745.5,7746.5,7718.857279312976
1787883900,7746.5,7746.5,7745.25,7745.5,7718.963637479392
1787884200,7745.25,7745.25,7742.5,7742.5,7719.057595014404
1787884500,7742.75,7742.75,7741,7742,7719.149181461452
1787884800,7742,7742,7739.75,7740,7719.232418262005
1787885100,7740,7740.5,7738.75,7739.25,7719.3123287679455
1787885400,7739,7740.75,7739,7740.25,7719.395912285838
1787885700,7740.25,7741.25,7740.25,7740.75,7719.481158144976
1787886000,7741,7743.5,7740.75,7743.5,7719.577041745196
1787886300,7743.5,7744,7742.5,7743.75,7719.673540580545
1787886600,7743.5,7746.25,7743.5,7745.25,7719.775642214954
1787886900,7745.25,7746.5,7744.75,7746.5,7719.882326277968
1787887200,7746.25,7746.75,7745.5,7746.5,7719.988584456499
1787887500,7746.5,7747.5,7746.5,7746.5,7720.094418450684
1787887800,7746.75,7746.75,7744,7744,7720.189849913955
1787888100,7744,7744.25,7742.25,7742.5,7720.278912389349
1787888400,7742.5,7742.5,7739,7739.5,7720.355643278014
1787888700,7739.25,7741.5,7738,7741.25,7720.439053883691
1787889000,7741.25,7741.75,7740.5,7741.5,7720.52312951689
1787889300,7741.5,7742.25,7741,7741.5,7720.606869518818
1787889600,7741.5,7741.5,7738.75,7739,7720.6802951894015
1787889900,7739,7739.25,7738.25,7738.75,7720.752429739544
1787890200,7738.75,7740.75,7738.75,7740.5,7720.831262355354
1787890500,7740.25,7741,7740.25,7740.5,7720.909780270103
1787890800,7740.5,7740.75,7739.75,7740,7720.985988732098
1787891100,7739.75,7740.25,7739.25,7739.75,7721.060894964705
1787891400,7739.75,7740,7738.25,7738.5,7721.130512150475
1787891700,7738.25,7738.75,7737.75,7738.75,7721.20084942732
1787892000,7738.5,7738.75,7737.75,7738.25,7721.268909908647
1787892300,7738.25,7738.75,7738.25,7738.25,7721.336698691447
1787892600,7738.25,7738.25,7737.75,7737.75,7721.402220852359
1787892900,7737.75,7738,7736.75,7737.75,7721.467481447759
1787893200,7737.5,7738,7736.25,7737.25,7721.5304855138365
1787893500,7737.25,7737.5,7736,7736.5,7721.5902440547
1787893800,7736.5,7736.5,7735.5,7735.75,7721.6467700265375
1787894100,7735.75,7736.25,7735.5,7735.5,7721.702072341801
1787894400,7735.5,7736,7734.25,7735.25,7721.756155885347
1787894700,7735.25,7735.75,7734,7735.25,7721.810023526523
1787895000,7735,7735.5,7734.25,7735,7721.862678123223
1787895300,7735,7735,7732,7733.25,7721.908136493989
1787895600,7733.25,7734,7733,7734,7721.956407406189
1787895900,7734,7734,7732.5,7733,7722.000493604169
1787896200,7733,7733.5,7731.5,7733,7722.044403809342
1787896500,7733,7733,7731.75,7731.75,7722.083148704314
1787896800,7731.75,7734.25,7731,7734,7722.130720964976
1787897100,7734,7734.25,7732.25,7733.75,7722.177105312421
1787897400,7734,7735.25,7733.5,7733.75,7722.223304492811
1787897700,7733.75,7736,7733.5,7735.5,7722.276305273279
1787898000,7735.25,7737,7735.25,7736.25,7722.332088485761
1787898300,7736.25,7736.25,7733,7733.5,7722.376670966856
1787898600,7733.5,7737.5,7733.5,7737,7722.4350475298625
1787898900,7737.25,7737.75,7736.5,7736.75,7722.492193048705
1787899200,7736.75,7739.5,7735.25,7739,7722.558092477652
1787899500,7738.75,7740.5,7738.5,7740.5,7722.629716858979
1787899800,7740.25,7741,7739.75,7740.75,7722.702053318624
1787900100,7740.75,7743.5,7740.75,7743.5,7722.78507905388
1787900400,7743.5,7744.5,7741.25,7741.75,7722.8607873211295
1787900700,7741.75,7741.75,7739,7739.75,7722.928209327832
1787901000,7739.5,7741.75,7739.25,7740.5,7722.998356196782
1787901300,7740.5,7741.5,7739.75,7741.5,7723.07221505428
1787901600,7741.5,7742.25,7739.75,7742,7723.147775074023
1787901900,7742,7743.25,7741.25,7741.75,7723.222035452969
1787902200,7741.75,7743.25,7741,7741.25,7723.294003375312
1787902500,7741.25,7742.75,7740.5,7741,7723.364685996568
1787902800,7741,7741,7738.5,7739.25,7723.428100423728
1787903100,7739.25,7743,7739,7743,7723.506231759362
1787903400,7742.75,7743.25,7739.25,7741.25,7723.577065165512
1787903700,7741.25,7741.25,7739.25,7740.25,7723.643623787606
1787904000,7740.25,7741.25,7737.75,7738.5,7723.7029306786735
1787904300,7738.5,7738.5,7736.25,7737.75,7723.759006803709
1787904600,7737.75,7739.75,7737,7738.25,7723.816855079942
1787904900,7738,7739,7737,7737.25,7723.870480408964
1787905200,7737.25,7738.75,7736.75,7738.25,7723.927883680784
1787905500,7738.25,7740.25,7738.25,7739,7723.988051809803
1787905800,7739.25,7744.25,7738.75,7744.25,7724.068937830522
1787906100,7744.5,7745,7743.25,7743.5,7724.14650694098
1787906400,7743.25,7744.5,7742.5,7742.75,7724.220772382333
1787906700,7742.75,7742.75,7740,7740,7724.283763310947
1787907000,7739.75,7741,7738,7739,7724.342510762799
1787907300,7739,7740.25,7739,7740.25,7724.406013713846
1787907600,7740,7740.25,7738.25,7738.5,7724.462277132154
1787907900,7738.25,7739.25,7737.75,7738.5,7724.5183159459975
1787908200,7738.25,7739.25,7738,7738.5,7724.574131052002
1787908500,7738.5,7739,7737.75,7738.25,7724.628725339219
1787908800,7738,7739,7736.25,7738.5,7724.684099689162
1787909100,7738.75,7740.5,7738.5,7739.25,7724.742246995793
1787909400,7739.25,7739.5,7737.75,7739.25,7724.8001621774465
1787909700,7739.25,7739.25,7737.5,7738,7724.85285614081
1787910000,7738,7738.5,7737.5,7738.25,7724.906337753023
1787910300,7738,7739,7737.5,7738.5,7724.9606038697775
1787910600,7738.75,7740.75,7738.75,7739.5,7725.018645371295
1787910900,7739.5,7739.75,7738.5,7738.75,7725.073461158236
1787911200,7738.75,7738.75,7737.25,7738.25,7725.126062111696
1787911500,7738.5,7739.25,7737.25,7737.5,7725.1754590693345
1787911800,7737.5,7738.75,7737,7738.25,7725.227652845505
1787912100,7738.25,7739.25,7737.5,7737.5,7725.276644251311
1787912400,7737.75,7740,7737.5,7739.75,7725.334422118572
1787912700,7739.75,7740,7738.5,7739,7725.388975323687
1787913000,7739.25,7740,7739,7739,7725.443310751537
1787913300,7739,7740.5,7738.25,7740.25,7725.502419291451
1787913600,7740.25,7740.25,7736.75,7737.25,7725.549315821226
1787913900,7737,7738.25,7736.25,7736.75,7725.594029131321
1787914200,7736.75,7737.5,7736.5,7737,7725.6395619491595
1787914500,7737,7739.75,7737,7739.75,7725.695891043175
1787914800,7739.75,7741,7737.5,7740.5,7725.754989282524
1787915100,7740.25,7740.25,7737.5,7737.75,7725.802873556845
1787915400,7737.75,7740,7737.25,7739.75,7725.858550708314
1787915700,7739.75,7741,7739.75,7740.75,7725.917997611675
1787916000,7740.75,7743,7740.5,7742.5,7725.984193229991
1787916300,7742.25,7742.25,7741,7742.25,7726.049126590351
1787916600,7742.25,7743.5,7740,7740,7726.1048186997705
1787916900,7740,7740.5,7739.25,7740.25,7726.161286489392
1787917200,7740.25,7741,7738.5,7739,7726.212538838736
1787917500,7739,7740.5,7738.75,7739.75,7726.266580599859
1787917800,7739.75,7741.25,7739.25,7741,7726.3253966453685
1787918100,7741,7741,7739.5,7739.75,7726.3789878763255
1787918400,7740,7742.5,7739.5,7742.5,7726.443343214145
1787918700,7742.5,7744.25,7742.25,7744.25,7726.514427672372
1787919000,7744,7748,7742.75,7746.75,7726.595208400227
1787919300,7746.5,7748.75,7746.25,7748.25,7726.681654674079
1787919600,7748.25,7751,7748.25,7750,7726.7747418809695
1787919900,7750,7750.5,7748.5,7750.5,7726.869453490227
1787920200,7750.25,7750.25,7745.5,7745.5,7726.943826929388
1787920500,7745.75,7747.5,7743.75,7746.5,7727.0218954845595
1787920800,7746.5,7750,7745.75,7750,7727.113624444701
1787921100,7750,7751,7748.75,7750.25,7727.205985225361
1787921400,7750.25,7751.25,7749.5,7750,7727.296979296318
1787921700,7750.25,7751,7749.25,7749.75,7727.386612113498
1787922000,7749.75,7755,7748.75,7752,7727.484869150969
1787922300,7752,7752.75,7750.5,7751,7727.578741928809
1787922600,7751,7752.5,7749,7749.75,7727.6672499450615
1787922900,7749.75,7750.5,7748.5,7748.5,7727.75041461594
1787923200,7748.5,7749,7747,7748,7727.831251284139
1787923500,7748,7748.25,7742.75,7746.25,7727.904779223125
1787923800,7746.25,7750,7743.75,7749.25,7727.9899896853085
1787924100,7749.25,7753.5,7746.5,7751.5,7728.083842021894
1787924400,7751.5,7757.5,7750.5,7755,7728.191291754341
1787924700,7755,7758,7749,7750.5,7728.280348473885
1787925000,7750.5,7751,7745.5,7746,7728.3510856057255
1787925300,7746.25,7752.75,7745.5,7746.25,7728.422538357799
1787925600,7746.25,7760.5,7740.75,7746,7728.492707865353
1787925900,7746,7746.75,7735,7738.75,7728.533655139343
1787926200,7738.75,7739.75,7726.5,7731,7728.54350082741
1787926500,7731.25,7746.25,7730.25,7743,7728.601211402949
1787926800,7743,7751.5,7738.75,7744.75,7728.665677624894
1787927100,7744.75,7745.75,7734.5,7742,7728.718908452738
1787927400,7742,7750.75,7738,7750.75,7728.806856921989
1787927700,7750.5,7756.5,7749,7752.5,7728.90144032749
1787928000,7752.5,7764.75,7752.25,7763.25,7729.038560326182
1787928300,7763.25,7768,7761,7768,7729.1940950154985
1787928600,7768,7776.5,7767,7774.5,7729.374956911644
1787928900,7774.5,7780,7774,7779.25,7729.574058880061
1787929200,7779.25,7782.5,7777,7778.25,7729.768374014272
1787929500,7778.25,7779.75,7770.25,7771.75,7729.935965335572
1787929800,7771.75,7773.75,7767.25,7771.25,7730.100891621658
1787930100,7771.25,7776,7771,7772.5,7730.270149539336
1787930400,7772.5,7778.25,7772.25,7777.5,7730.458691856544
1787930700,7777.75,7781.5,7776.75,7779,7730.652469533763
1787931000,7779.25,7779.5,7773.5,7773.75,7730.824515563569
1787931300,7773.75,7775.5,7764.75,7765.75,7730.963938655132
1787931600,7765.75,7766,7755.5,7757.5,7731.06987103575
1787931900,7757.5,7759.5,7750.75,7752,7731.153424444789
1787932200,7752,7754,7743.5,7750,7731.228660275349
1787932500,7750,7750.5,7737.25,7739.75,7731.2626775996
1787932800,7739.75,7741.5,7733.75,7737.25,7731.286579086228
1787933100,7737,7745.25,7736.5,7744.5,7731.339327273508
1787933400,7744.25,7744.75,7738.25,7738.75,7731.368910797367
1787933700,7738.75,7741.5,7726.25,7730.75,7731.366440095581
1787934000,7730.75,7732.5,7720,7724,7731.337033149092
1787934300,7723.75,7727.75,7722,7725.25,7731.312733615563
1787934600,7725,7734.25,7724.5,7725.5,7731.2895290901515
1787934900,7725.25,7735.25,7725.25,7732.5,7731.294361309352
1787935200,7732.25,7732.5,7724.25,7725.5,7731.27123012648
1787935500,7725.5,7735,7725.25,7733,7731.27813140342
1787935800,7733,7736,7727,7728.5,7731.267041058496
1787936100,7728.25,7730.25,7725.75,7725.75,7731.245016942494
1787936400,7725.75,7726.25,7715.25,7718.75,7731.195136635338
1787936700,7719,7719,7713.25,7713.75,7731.125495371324
1787937000,7713.5,7722.75,7711.75,7722.5,7731.09106225607
1787937300,7722.5,7723.25,7718.25,7720,7731.0467865584405
1787937600,7720,7721,7714.5,7718.5,7730.996699586151
1787937900,7718.5,7722.25,7716.25,7717,7730.940824537904
1787938200,7717.25,7723.5,7716,7722,7730.90513262358
1787938500,7722.25,7724,7714.75,7715.25,7730.842637084165
1787938800,7715.25,7720.5,7715.25,7719.5,7730.797357095806
1787939100,7719.5,7726.25,7717.75,7725.5,7730.77620996169
1787939400,7725.5,7726.5,7723,7723.75,7730.748161219328
1787939700,7723.75,7724.75,7719.5,7724.25,7730.722220455978
1787940000,7724.25,7727.25,7722.25,7724,7730.695385244577
1787940300,7724,7726.75,7722.25,7724.75,7730.671651171744
1787940600,7724.75,7726.75,7720.75,7721,7730.633041785829
1787940900,7721,7724.25,7720.25,7723,7730.602570561135
1787941200,7723,7724.75,7718,7719.5,7730.558248922168
1787941500,7719.5,7722.25,7717.75,7719.5,7730.514104215892
1787941800,7719.5,7724,7719,7722.75,7730.483109787884
1787942100,7723,7724.75,7719.75,7720,7730.441261046216
1787942400,7720.25,7723,7719.5,7721.75,7730.406565393337
1787942700,7721.75,7722.25,7716.5,7717,7730.353046170209
1787943000,7717,7717,7712.25,7714.75,7730.290758560747
1787943300,7714.75,7717.25,7712.75,7716,7730.233709624377
1787943600,7716,7718.75,7713.75,7717,7730.18088044424
1787943900,7717,7723,7716.5,7722.75,7730.15121625085
1787944200,7722.75,7723.25,7719,7721.75,7730.117678461425
1787944500,7721.75,7722.25,7719.25,7721.25,7730.082278547407
1787944800,7721.25,7724.75,7720.5,7722.25,7730.0510119663795
1787945100,7722.5,7725.25,7722.25,7724.5,7730.028852237971
1787945400,7724.5,7724.75,7721,7723,7730.0007929476
1787945700,7723,7725,7720.25,7724.75,7729.979831698308
1787946000,7724.75,7727.25,7724.5,7725.5,7729.961948138634
1787946300,7725.25,7726.25,7719.5,7721.75,7729.929165910536
1787946600,7721.75,7727.25,7720.25,7723,7729.901504569575
1787946900,7723,7728.25,7719.5,7722.5,7729.871957645146
1787947200,7722.5,7724,7720.75,7722.25,7729.841530668518
1787947500,7722.25,7722.25,7719,7720.25,7729.803241124931
1787947800,7720.25,7721.75,7719.75,7720.5,7729.766102437806
1787948100,7720.75,7721.25,7719.75,7720.25,7729.72811400492
1787948400,7720.5,7720.75,7719.5,7720.75,7729.692273230449
1787948700,7720.75,7721,7719.5,7720.5,7729.655577528931
1787949000,7720.25,7720.75,7719.25,7719.75,7729.6160343052625
1787949300,7719.5,7722,7719.5,7721,7729.581638958734
1787949600,7720.75,7724,7720.75,7723.75,7729.558358962891
1787949900,7723.75,7725.5,7723.5,7724.75,7729.539163917131
1787950200,7724.75,7725,7723,7724.75,7729.5200454983005
1787950500,7724.75,7725.25,7723.5,7724.75,7729.501003400503
1788127200,7723.5,7724,7704,7705.5,7729.405191011679
1788127500,7705.75,7709.75,7705.5,7708.25,7729.320739151352
1788127800,7708,7710.25,7706.5,7710.25,7729.244608456137
1788128100,7710.25,7713.5,7709.75,7713,7729.179759719786
1788128400,7713.25,7714.75,7712.5,7712.5,7729.113173852641
1788128700,7712.75,7713,7710.75,7711.25,7729.041863777381
1788129000,7711.5,7712.25,7709.25,7709.75,7728.964850349128
1788129300,7709.75,7710.5,7706,7709.25,7728.886148351727
1788129600,7709.25,7710,7705,7706.5,7728.796782490043
1788129900,7706.25,7709,7705.75,7707.5,7728.711765394275
1788130200,7707.75,7709,7707.25,7708.5,7728.631079704079
1788130500,7708.25,7709.25,7707.75,7709.25,7728.553710124422
1788130800,7709,7709.5,7707,7708.25,7728.472657389394
1788131100,7708,7709.5,7707.5,7708.25,7728.391928218179
1788131400,7707.75,7708.5,7704.75,7705,7728.298547267208
1788131700,7704.75,7706.5,7704.25,7706,7728.209531110453
1788132000,7706.25,7706.25,7701.5,7703,7728.1088942597125
1788132300,7703.25,7703.75,7701.25,7701.25,7728.001673124943
1788132600,7701.5,7701.75,7695.75,7698.75,7727.884899978736
1788132900,7698.75,7700.25,7696.25,7697.25,7727.762604968841
1788133200,7697.25,7699.25,7694.25,7699,7727.647784190522
1788133500,7699,7699,7688.25,7691,7727.501485650839
1788133800,7691,7694,7689.75,7693.75,7727.366749181175
1788134100,7693.5,7693.5,7688.5,7688.5,7727.211592497817
1788134400,7688.75,7690.25,7685,7686.75,7727.050069174473
1788134700,7686.75,7689.75,7684.5,7688.5,7726.896176682759
1788135000,7688.5,7695,7688,7693.5,7726.762858612169
1788135300,7693.5,7697.5,7693.5,7695,7726.636060773398
1788135600,7695.25,7699,7694.5,7699,7726.525737177496
1788135900,7699,7699.5,7696.75,7699,7726.41585399515
1788136200,7698.75,7703.25,7698.25,7702.5,7726.320381524112
1788136500,7702.75,7703.75,7701.25,7702.5,7726.225290180702
1788136800,7702.75,7703,7701,7701.5,7726.126586427486
1788137100,7701.75,7702,7699.5,7700.5,7726.02428468526
1788137400,7700.5,7701.5,7699.25,7700.25,7725.92139332923
1788137700,7700.5,7700.5,7696,7697.25,7725.806936669233
1788138000,7697.5,7697.5,7690.5,7695,7725.683954886123
1788138300,7695,7695,7690.25,7690.75,7725.54449798039
1788138600,7690.75,7692,7686.5,7691.25,7725.4075937968355
1788138900,7691,7692.25,7687.75,7691.25,7725.271236136968
1788139200,7691.25,7692.75,7686.75,7689.25,7725.12743878712
1788139500,7689.25,7691.25,7687.25,7689.75,7724.986211486573
1788139800,7689.75,7690.5,7686.75,7687.75,7724.837563935728
1788140100,7688,7691,7687.5,7690.25,7724.6994898282
1788140400,7690.25,7691.5,7688.5,7688.5,7724.55498088677
1788140700,7688.5,7690.5,7687.25,7688.75,7724.412046831334
1788141000,7689,7689.5,7687.25,7688.25,7724.267687362945
1788141300,7688.25,7690.5,7687.5,7690,7724.1308902078035
1788141600,7689.75,7691.75,7687.75,7691.75,7724.001625177034
1788141900,7692,7694.75,7691,7694.25,7723.882856214252
1788142200,7694.25,7696.75,7693.25,7696,7723.771547407009
1788142500,7695.75,7696.25,7688.5,7691.5,7723.6427188744465
1788142800,7691.5,7691.5,7689,7689.75,7723.507418599499
1788143100,7689.25,7691.25,7686.75,7690.5,7723.3756524573855
1788143400,7690,7691,7684.75,7685.75,7723.225450251967
1788143700,7685.5,7687,7683.75,7685.75,7723.075847656151
1788144000,7685.75,7687,7684,7685.75,7722.926842276286
1788144300,7686,7689,7684.5,7685.5,7722.777433724285
1788144600,7685.5,7689,7685,7688.75,7722.6415956655055
1788144900,7688.5,7692.25,7688.5,7692,7722.519273926322
1788145200,7692,7694.75,7691,7693.5,7722.403428521427
1788145500,7693.75,7695,7693,7695,7722.294033597189
1788145800,7695,7696,7693.75,7694,7722.181083363268
1788146100,7694,7694,7692.75,7693,7722.064592012516
1788146400,7693,7694.25,7692.75,7693.75,7721.951559709073
1788146700,7694,7695,7693,7693.25,7721.836982624406
1788147000,7693,7693.75,7692.25,7692.25,7721.718870917322
1788147300,7692.75,7693.25,7690.75,7691.5,7721.598236702083
1788147600,7691.5,7692.5,7691.25,7692,7721.4800800685425
1788147900,7692,7692.75,7691,7692,7721.362395118169
1788148200,7692.25,7692.75,7691.25,7692,7721.245179967997
1788148500,7692.25,7693,7692,7692.75,7721.131426754551
1788148800,7693,7693.25,7691.5,7692,7721.015133633775
1788149100,7692,7692.25,7691,7692.25,7720.900302760985
1788149400,7692.25,7692.75,7691.25,7692.75,7720.787926302857
1788149700,7693,7693.25,7691.25,7692.25,7720.674002445361
1788150000,7692.25,7692.5,7691.25,7692.25,7720.560533373723
1788150300,7692.5,7692.75,7692,7692.5,7720.448515276423
1788150600,7692.75,7692.75,7690.75,7691.25,7720.331954337195
1788150900,7691.25,7696.25,7691,7696,7720.234820786947
1788151200,7696,7696.5,7694.25,7696.5,7720.140071003367
1788151500,7696.25,7696.25,7694,7694,7720.035719422515
1788151800,7694,7698.25,7693.75,7698.25,7719.948750482705
1788152100,7698.25,7702.25,7698,7700.5,7719.871110760219
1788152400,7700.5,7703,7699,7702.5,7719.801765008681
1788152700,7702.75,7704.25,7701.75,7701.75,7719.7297020745145
1788153000,7701.75,7705.75,7701.75,7705.75,7719.673894880604
1788153300,7705.5,7710.5,7705,7709.25,7719.632282525791
1788153600,7709.25,7709.5,7706.5,7708.75,7719.588840280179
1788153900,7708.75,7710,7708,7708.25,7719.543575448722
1788154200,7708.5,7708.75,7703.25,7704.25,7719.482523251321
1788154500,7704,7704.75,7702,7702.25,7719.413730743332
1788154800,7702.25,7704.5,7700.25,7702.75,7719.347208864117
1788155100,7702.75,7704.25,7702,7703.25,7719.28294854929
1788155400,7703.25,7703.5,7702.25,7703.25,7719.218944762666
1788155700,7703.25,7705,7703,7704.5,7719.16018650014
1788156000,7704.75,7705,7702.5,7704.25,7719.100664797545
1788156300,7704.25,7706.75,7704,7705.75,7719.047368730488
1788156600,7705.5,7707.5,7705,7707.25,7719.000273446135
1788156900,7707.25,7709,7707,7707.5,7718.954364170901
1788157200,7707.75,7709.5,7707.5,7709.25,7718.91562419417
1788157500,7709.25,7709.5,7708,7709.5,7718.878036872037
1788157800,7709.5,7709.5,7707.5,7708.75,7718.837605587119
1788158100,7708.75,7710.75,7708.5,7710.75,7718.805319736472
1788158400,7710.5,7710.75,7708.5,7709,7718.766176743512
1788158700,7709,7712,7708.75,7710.75,7718.7341760379495
1788159000,7710.5,7711,7709.25,7711,7718.703301083706
1788159300,7711,7711.5,7710.5,7711,7718.672549382773
1788159600,7710.75,7711.25,7708.25,7709.5,7718.635932419169
1788159900,7709.25,7711,7708.5,7709.25,7718.598463627077
1788160200,7709.5,7710.5,7708.5,7710.25,7718.565136426969
1788160500,7710.5,7710.5,7708.25,7708.75,7718.525954245623
1788160800,7709,7710.75,7708.75,7710.25,7718.492916504124
1788161100,7710,7710.75,7708,7709.25,7718.456018633848
1788161400,7709,7710.5,7708.75,7709.5,7718.420266064451
1788161700,7709.5,7710.75,7708.5,7708.75,7718.381662207907
1788162000,7709,7709.25,7708,7709,7718.344210462566
1788162300,7709,7709.5,7708.5,7709.25,7718.307906229182
1788162600,7709.25,7709.75,7707.25,7709,7718.270748918886
1788162900,7709,7710,7708.5,7709.5,7718.23573594915
1788163200,7709.5,7718.5,7707.75,7710.75,7718.205852771708
1788163500,7711,7715.25,7709,7715,7718.193054956252
1788163800,7715,7715.5,7710.5,7710.75,7718.163342162015
1788164100,7710.75,7712.75,7710,7711.25,7718.135743989712
1788164400,7711.25,7712.75,7709.25,7711.25,7718.108255989753
1788164700,7711.25,7713,7710.75,7712.5,7718.085867742289
1788165000,7712.25,7712.75,7710.75,7712,7718.061572861083
1788165300,7711.75,7713,7711.25,7711.75,7718.036376961438
1788165600,7711.75,7712,7710.25,7711.25,7718.009285636243
1788165900,7711.75,7713.25,7711.25,7712.5,7717.98729248001
1788166200,7712.75,7714.5,7712.25,7713,7717.967383128793
1788166500,7713,7713.75,7711.75,7712.75,7717.946555252031
1788166800,7712.5,7713.25,7710.75,7711,7717.918824492543
1788167100,7711,7713.5,7711,7713.5,7717.901184474608
1788167400,7713.75,7714.5,7713,7713.75,7717.8846128799
1788167700,7713.75,7716,7713.75,7715.75,7717.8760914711975
1788168000,7715.5,7716,7713.25,7714.25,7717.861616056142
1788168300,7714.5,7714.5,7713.25,7713.5,7717.8442044152
1788168600,7713.25,7713.5,7711.75,7712.25,7717.821872261846
1788168900,7712.25,7712.75,7710.75,7711,7717.794639238844
1788169200,7710.75,7710.75,7709.5,7710,7717.763522914537
1788169500,7710,7710.5,7707.25,7707.25,7717.7215527631815
1788169800,7707.25,7708.5,7706.75,7708,7717.682744169317
1788170100,7708,7708,7707,7707.25,7717.641096488002
1788170400,7707.5,7707.75,7705.5,7707.75,7717.601611072881
1788170700,7707.75,7709.5,7707.5,7707.5,7717.561285280174
1788171000,7707.5,7709,7707,7709,7717.527108492629
1788171300,7708.75,7708.75,7706.25,7707.5,7717.487080115413
1788171600,7707.5,7709.25,7707.25,7708.75,7717.452201552078
1788171900,7708.5,7709.75,7706.5,7708.5,7717.416464220532
1788172200,7708.25,7708.5,7706.75,7707.5,7717.376877537017
1788172500,7707.75,7708.75,7707.5,7708.75,7717.342438904135
1788172800,7708.75,7709,7707.5,7708.5,7717.307139746833
1788173100,7708.25,7709,7707.5,7708.25,7717.270983500339
1788173400,7708.5,7711.25,7707.75,7709.5,7717.239961610118
1788173700,7709.5,7710.5,7708.75,7709.75,7717.210061563771
1788174000,7709.75,7711,7708.25,7708.5,7717.175290858926
1788174300,7708.5,7710.25,7707.25,7709.25,7717.1436529712655
1788174600,7709,7710,7707.25,7707.5,7717.105155354614
1788174900,7707.25,7710.25,7706.75,7709.5,7717.074795452999
1788175200,7709.75,7709.75,7708,7709.5,7717.044556748596
1788175500,7709.25,7711.25,7708.75,7710.5,7717.018430773552
1788175800,7710.5,7710.5,7705.75,7706,7716.9744450219605
1788176100,7705.75,7706.25,7704.75,7705,7716.926642846224
1788176400,7705,7708.5,7702.75,7702.75,7716.870049461609
1788176700,7703,7704.5,7700.5,7702.75,7716.8136819986885
1788177000,7702.75,7704.75,7702,7702.5,7716.756541551588
1788177300,7702.75,7703.75,7702.25,7702.25,7716.698631206073
1788177600,7702.5,7704.75,7702.25,7703.75,7716.646940063533
1788177900,7703.75,7708.25,7694.25,7705,7716.600445292821
1788178200,7705,7706,7703,7705,7716.554136129976
1788178500,7705.25,7708,7705,7708,7716.519987881952
1788178800,7708,7709.25,7703.25,7703.75,7716.469009886416
1788179100,7703.5,7703.75,7694.75,7698,7716.395281304035
1788179400,7697.75,7699.25,7695.5,7699,7716.3258390633
1788179700,7699,7701.5,7693.75,7694,7716.236713957259
1788180000,7694,7694.75,7691.5,7693,7716.1439526240965
1788180300,7693,7694.75,7692,7694,7716.055553611625
1788180600,7694,7695.25,7692.25,7692.5,7715.961519465471
1788180900,7692.75,7695,7691.5,7693.75,7715.87285072509
1788181200,7693.75,7696,7692.75,7693.75,7715.784535951736
1788181500,7693.5,7696,7692.75,7695.75,7715.704557764304
1788181800,7695.75,7698.5,7695,7698.25,7715.634878890994
1788182100,7698.25,7701,7698.25,7699,7715.568472188834
1788182400,7699,7700.25,7698.5,7699,7715.502330583289
1788182700,7698.75,7702.5,7697.5,7701.25,7715.445435052018
1788183000,7701.25,7704.25,7690.75,7691.5,7715.349844492928
1788183300,7691.75,7692.75,7685.25,7690.5,7715.250643516909
1788183600,7690.5,7694.5,7685.25,7686,7715.133874480914
1788183900,7686.25,7694,7682.5,7689,7715.029547636678
1788184200,7688.75,7693.25,7685.5,7692.75,7714.940607326751
1788184500,7692.75,7695,7688.75,7689.5,7714.839048016065
1788184800,7689.75,7691,7685,7685.75,7714.722924071889
1788185100,7685.75,7688.75,7682.25,7682.75,7714.595287648448
1788185400,7682.75,7687,7681.25,7686.25,7714.482132807536
1788185700,7686.25,7688.25,7683.5,7687.25,7714.373421698524
1788186000,7687.25,7687.5,7677.5,7677.5,7714.226222410306
1788186300,7677.5,7678.5,7674.75,7676.75,7714.076616732022
1788186600,7676.75,7679.25,7675.75,7676.25,7713.92561227401
1788186900,7676.5,7685.75,7675.75,7684,7713.806148751958
1788187200,7684,7688.75,7683.75,7686,7713.69514616213
1788187500,7686,7686.5,7681.5,7682.25,7713.569616636533
1788187800,7682,7686.5,7681.5,7686.25,7713.460556290679
1788188100,7686.25,7692,7685.25,7687.5,7713.356921335427
1788188400,7687.5,7692.5,7684.75,7685.5,7713.245716060635
1788188700,7685.5,7690,7684,7684.75,7713.131960707099
1788189000,7684.75,7687.75,7683.25,7685.25,7713.020655474736
1788189300,7685.5,7687,7681.5,7685.75,7712.911790582621
1788189600,7685.5,7688.75,7683.75,7688.5,7712.814338324806
1788189900,7688.5,7689.75,7686,7687.5,7712.713283081993
1788190200,7687.25,7688,7682.25,7685.5,7712.604647221386
1788190500,7685.5,7686.5,7682.25,7683.75,7712.489459008925
1788190800,7684,7686.75,7681.75,7686,7712.383712665576
1788191100,7686.25,7688.25,7684.25,7686.5,7712.280384471303
1788191400,7686.5,7691.25,7686.25,7688.75,7712.186450800758
1788191700,7688.5,7689,7680.75,7682,7712.065946007143
1788192000,7682,7682,7678,7679.5,7711.935942230667
1788192300,7679.25,7679.75,7677.25,7679,7711.804461423359
1788192600,7679,7685.75,7678.25,7685,7711.697457585341
1788192900,7685,7685.5,7680.5,7683.75,7711.585890888394
1788193200,7683.75,7684.5,7680.25,7682.5,7711.469779547522
1788193500,7682.5,7687.25,7682.25,7687,7711.3720957968335
1788193800,7686.75,7687.25,7684,7686,7711.270809985269
1788194100,7686,7687.25,7679.75,7680.25,7711.146974416465
1788194400,7680.25,7685.25,7679.5,7682,7711.030619229174
1788194700,7681.75,7686.5,7681.75,7685.25,7710.9277025855445
1788195000,7685.25,7687.75,7684.75,7686,7710.828190798776
1788195300,7686,7687.75,7685.5,7686.5,7710.731072272633
1788195600,7686.5,7686.75,7683.5,7684.75,7710.627355417254
1788195900,7684.75,7686,7683,7683.5,7710.519062581257
1788196200,7683.75,7687.25,7683.5,7687.25,7710.42617211187
1788196500,7687,7688.5,7684.75,7686.5,7710.3306584507445
1788196800,7686.5,7687.5,7684.75,7685.75,7710.232532069704
1788197100,7685.75,7686,7681.5,7682,7710.119827350863
1788197400,7682,7683.25,7679.25,7680.75,7710.002582531099
1788197700,7680.75,7686.25,7680.75,7686.25,7709.907761842352
1788198000,7686,7690.5,7685.5,7690.5,7709.830285747173
1788198300,7690.5,7692.5,7689.25,7691.25,7709.756112949779
1788198600,7691.25,7695.75,7691,7695.75,7709.700200323233
1788198900,7695.5,7696.25,7691.5,7693,7709.633532856873
1788199200,7693,7694.25,7689.75,7693.5,7709.569127536087
1788199500,7693.75,7695,7692.25,7694.5,7709.508971338338
1788199800,7694.25,7695,7692.25,7695,7709.451051293075
1788200100,7694.75,7695.75,7693.25,7694.75,7709.392364461565
1788200400,7694.5,7696.25,7692.75,7694,7709.330917896848
1788200700,7694,7694.25,7690.75,7691,7709.257740579895
1788201000,7690.75,7692,7687.75,7688.25,7709.173877344047
1788201300,7688.25,7689,7680.5,7682.25,7709.066396795767
1788201600,7682.25,7683.75,7678,7681.5,7708.956351299576
1788201900,7681.25,7682,7679.5,7681.75,7708.847743110756
1788202200,7682,7685,7679.75,7684.25,7708.749548527479
1788202500,7684,7686.5,7683.25,7684.5,7708.652743942539
1788202800,7684.5,7688.5,7684.5,7685.75,7708.561315823008
1788203100,7686,7688.25,7684.5,7688.25,7708.48023272591
1788203400,7688.25,7690.25,7687.25,7689.75,7708.405461337783
1788203700,7689.75,7690.25,7687.75,7688.25,7708.325000414279
1788204000,7688,7692.75,7687.75,7692,7708.2598307519465
1788204300,7692,7695.5,7690.5,7694.25,7708.203903283875
1788204600,7694.25,7694.5,7689.75,7692.5,7708.141213051204
1788204900,7692.25,7695,7691.75,7694.5,7708.08675711088
1788205200,7694.25,7700.25,7693.75,7698,7708.0464906154275
1788205500,7698.25,7700,7693.75,7696.5,7708.000396840515
1788205800,7696.5,7704.5,7696.5,7701,7707.972451144546
1788206100,7701.25,7708.25,7693.75,7698,7707.932640960335
1788206400,7697.75,7704.75,7696.5,7700.75,7707.903967742929
1788206700,7700.75,7703.75,7700.5,7702.5,7707.882395017408
1788207000,7702.75,7703.75,7701,7701.75,7707.857914398576
1788207300,7701.5,7702,7700.75,7702,7707.834529510757
1788207600,7702,7702,7700.75,7701.25,7707.808243963808
1788207900,7701.25,7702.75,7701,7702.5,7707.787053369142
1788208200,7702.5,7702.5,7701,7701.75,7707.762953355693
1788208500,7702,7702.75,7701.75,7702.25,7707.740945557865
1788208800,7702.25,7703,7702.25,7702.5,7707.72002361951
1788209100,7702.25,7702.75,7700.5,7700.5,7707.691201169931
1788209400,7700.5,7702.5,7700.25,7701.75,7707.667483799992
1788209700,7702,7702.25,7700.75,7701.25,7707.641865102188
1788213600,7701.25,7702.5,7700,7702,7707.61934268661
1788213900,7702.25,7702.5,7701,7702.25,7707.597908184867
1788214200,7702.5,7702.75,7701.25,7702.25,7707.576559249997
1788214500,7702.5,7702.5,7700.75,7701.5,7707.552301528441
1788214800,7701.5,7702,7701,7701.75,7707.529138648088
1788215100,7702,7702,7701.25,7701.5,7707.505070230331
1788215400,7701.5,7702.25,7701.25,7702,7707.483093902066
1788215700,7701.75,7702.75,7701.75,7702.25,7707.462203307647
1788216000,7702.25,7702.5,7701.5,7701.5,7707.438402096837
1788216300,7701.75,7702.25,7700.75,7700.75,7707.4117018888655
1788216600,7701,7701,7700.5,7700.5,7707.384110264558
1788216900,7700.5,7701.75,7700.5,7701.25,7707.359622798433
1788217200,7701,7702.25,7700.75,7701.25,7707.335233086663
1788217500,7701.25,7702.25,7701.25,7702.25,7707.31493275498
1788217800,7702.25,7703.25,7702,7702.25,7707.294713462545
1788218100,7702.25,7702.5,7701.25,7702,7707.273576881856
1788218400,7702,7702,7700.5,7701,7707.248532662767
1788218700,7701.25,7703,7701,7702.75,7707.230574448544
1788219000,7702.5,7705,7702,7704.5,7707.219673951743
1788219300,7704.5,7705.25,7702.75,7703.5,7707.204824953932
1788219600,7703.5,7704.25,7703.25,7704,7707.192031241541
1788219900,7704,7704.75,7702.25,7703,7707.175296585887
1788220200,7702.75,7704,7702.5,7702.75,7707.1576307312525
1788220500,7703,7703.5,7702,7703.5,7707.143029410968
1788220800,7703.75,7704.75,7700.5,7704.75,7707.133476399347
1788221100,7704.75,7707.75,7704.25,7707.25,7707.133941563422
1788221400,7707.25,7707.5,7703.25,7703.75,7707.120432814666
1788221700,7703.5,7707.25,7702.5,7707.25,7707.1209500489385
1788222000,7707.25,7708,7706.5,7706.5,7707.118471206428
1788222300,7706.5,7707.5,7705.75,7706,7707.1140062515115
1788222600,7706,7707.5,7703.75,7705,7707.105567104799
1788222900,7704.75,7705,7703.5,7704,7707.093169631326
1788223200,7704,7706.75,7703.75,7705.5,7707.086809672718
1788223500,7705.75,7706,7704,7705.25,7707.079477099174
1788223800,7705.5,7705.75,7704.5,7704.75,7707.070177789397
1788224100,7705,7705,7704,7705,7707.061913606605
1788224400,7704.75,7705.75,7704.25,7704.75,7707.052684410571
1788224700,7704.75,7705,7702.25,7703.5,7707.038502037674
1788225000,7703.5,7704.75,7702.25,7704.75,7707.029366300997
1788225300,7704.75,7704.75,7703.5,7703.75,7707.016275018358
1788225600,7704,7704.25,7702.5,7702.5,7706.998245976369
1788225900,7702.5,7702.75,7699,7699.5,7706.9683128586985
1788226200,7699.25,7702.5,7698,7702.5,7706.950475282416
1788226500,7702.5,7705,7702,7703.5,7706.936700929991
1788226800,7703.5,7704.5,7702,7704.5,7706.926973580969
1788227100,7704.75,7705.25,7703.25,7704.25,7706.916287059688
1788227400,7704,7704.5,7702.5,7702.5,7706.898657171227
1788227700,7702.75,7704.25,7702.5,7703.25,7706.884091673537
1788228000,7703,7703.75,7702,7702,7706.864594301587
1788228300,7702,7702.25,7700,7700.25,7706.838188735513
1788228600,7700.25,7700.25,7698.25,7698.75,7706.805900556928
1788228900,7698.75,7699.25,7697.75,7698.75,7706.773741273267
1788229200,7699,7699.5,7697.5,7697.5,7706.73672035002
1788229500,7697.5,7697.5,7695.5,7696.75,7706.696853202914
1788229800,7696.75,7699,7696.5,7697.5,7706.660139218072
1788230100,7697.5,7697.5,7694.5,7694.75,7706.612593752131
1788230400,7694.75,7695.25,7693.75,7694.5,7706.564240084458
1788230700,7694.25,7696.25,7694,7695.5,7706.520071461367
1788231000,7695.75,7696.75,7695.5,7696.25,7706.4790731721
1788231300,7696.25,7700.5,7696,7700.25,7706.4542066125305
1788231600,7700.25,7700.25,7697,7697,7706.416465268768
1788231900,7697,7698.25,7696.75,7697.25,7706.379872593044
1788232200,7697,7697.5,7696.25,7696.25,7706.339433979898
1788232500,7696.5,7697.5,7696.25,7696.75,7706.301152806325
1788232800,7696.75,7697,7696.25,7696.5,7706.262026447817
1788233100,7696.5,7697.5,7695.5,7695.75,7706.220062270381
1788233400,7696,7697.25,7695.25,7695.75,7706.1782656146115
1788233700,7695.75,7697.5,7695.5,7697,7706.141625831719
1788234000,7697,7697.75,7696.5,7696.75,7706.104134311432
1788234300,7696.5,7697.75,7695.75,7697.5,7706.0697864698695
1788234600,7697.5,7697.75,7696.25,7696.5,7706.031583729471
1788234900,7696.25,7697,7696,7696.75,7705.994531499015
1788235200,7696.75,7698.5,7696.5,7696.5,7705.956629177661
1788235500,7696.75,7697,7696,7696,7705.916882154996
1788235800,7696.25,7697,7696,7696.5,7705.879289811063
1788236100,7696.5,7698,7696.5,7697.5,7705.845839552337
1788236400,7697.25,7698,7696.75,7697,7705.810526819593
1788236700,7697.25,7697.5,7695,7696.25,7705.772361043866
1788237000,7696.25,7697.25,7695.75,7696.25,7705.734347626525
1788237300,7696.5,7697,7695.5,7695.5,7705.693491947377
1788237600,7695.75,7696,7693.25,7693.5,7705.6448153328165
1788237900,7693.75,7696.75,7693.5,7696,7705.6063130759985
1788238200,7696,7696.25,7693.5,7693.5,7705.557984480884
1788238500,7693.5,7693.75,7692,7692.75,7705.506854802318
1788238800,7692.75,7692.75,7690.75,7692.5,7705.454931230253
1788239100,7692.75,7693.25,7692.5,7693,7705.405210945901
1788239400,7693,7693,7691.75,7691.75,7705.350699125757
1788239700,7691.75,7692.25,7690.5,7690.75,7705.292412901702
1788240000,7690.75,7691.25,7690,7691.25,7705.2363553651685
1788240300,7691.25,7695,7691,7694.5,7705.193495663112
1788240600,7694.5,7696.75,7694,7695.75,7705.15579707763
1788240900,7695.75,7701.25,7695.25,7699.5,7705.133219045384
1788241200,7699.75,7703.25,7699.5,7702.75,7705.123705196899
1788241500,7703,7703.5,7701.5,7701.75,7705.110237311882
1788241800,7701.75,7703.5,7701.25,7703.25,7705.102811214829
1788242100,7703.25,7706.25,7703.25,7704.5,7705.100404782834
1788242400,7704.75,7705.5,7702,7702,7705.0880279174335
1788242700,7702.25,7703.5,7701,7701,7705.071708444709
1788243000,7701.25,7701.75,7700,7700.5,7705.053458111596
1788243300,7700.25,7700.5,7698,7699.25,7705.030290614145
1788243600,7699.25,7700,7697.25,7697.75,7705.001227577762
1788243900,7698,7699.5,7696.5,7696.75,7704.968288545515
1788244200,7696.75,7699.5,7696,7697.75,7704.939473022379
1788244500,7697.5,7700.25,7696,7700,7704.9197545672005
1788244800,7700,7700,7698.75,7699.25,7704.897120816433
1788245100,7699.5,7699.5,7697.75,7698,7704.8695874000005
1788245400,7698,7699,7697.5,7699,7704.846155913374
1788245700,7698.75,7699,7697.25,7697.5,7704.816829941664
1788246000,7697.25,7704.5,7696.5,7704.25,7704.814567147486
1788246300,7704,7705.5,7701,7701,7704.799339334521
1788246600,7701,7705.25,7698.75,7705,7704.800140375102
1788246900,7704.75,7705.25,7701.25,7703,7704.79295418598
1788247200,7703,7704.25,7701.5,7702.5,7704.783800676256
1788247500,7702.25,7704.5,7702.25,7703,7704.776679715473
1788247800,7703,7703.25,7698.5,7698.75,7704.752621113814
1788248100,7698.5,7698.5,7692.25,7692.25,7704.702710450685
1788248400,7692.5,7693.25,7691,7691.25,7704.649007015752
1788248700,7691,7693.75,7687,7693.25,7704.603501997725
1788249000,7693,7694,7692,7692.25,7704.5541866204885
1788249300,7692.25,7693.25,7689.25,7690.5,7704.4980820830815
1788249600,7690.5,7691.25,7687.75,7689.5,7704.4382094999155
1788249900,7689.25,7693,7673.5,7675.25,7704.321689701513
1788250200,7675.25,7678.75,7674,7676.5,7704.210625071965
1788250500,7677,7679.25,7670.5,7672.5,7704.084035750321
1788250800,7672.5,7673,7667.75,7668.5,7703.941983711397
1788251100,7668.5,7669.5,7664.5,7665.75,7703.7895207025695
1788251400,7665.75,7669,7663.75,7668,7703.646648364435
1788251700,7668,7668,7661.25,7662.75,7703.483388291124
1788252000,7663,7664.75,7658.75,7661,7703.313793926689
1788252300,7661,7663.25,7659.5,7661.5,7703.146872593648
1788252600,7661.5,7665,7660,7663.75,7702.989599649162
1788252900,7663.75,7666,7658.5,7658.5,7702.8119964569505
1788253200,7658.75,7660,7656.5,7658.25,7702.634104255526
1788253500,7658.25,7659,7653.5,7654,7702.439956134745
1788253800,7654.25,7655.75,7651.5,7652.25,7702.239597028419
1788254100,7652,7654.5,7650.25,7652,7702.039039754853
1788254400,7652,7652.5,7649.75,7650,7701.831299077188
1788254700,7650.25,7651.5,7648.5,7651,7701.628379719595
1788255000,7651.25,7653.25,7650,7652.75,7701.433256447261
1788255300,7652.75,7653.5,7649.5,7650,7701.2279340662335
1788255600,7650,7653.25,7649.75,7652.5,7701.033411375351
1788255900,7652.75,7656.25,7652.5,7655,7700.849645262076
1788256200,7654.75,7655.75,7654.25,7655.25,7700.667610750052
1788256500,7655.5,7655.75,7653.25,7653.25,7700.4783188907695
1788256800,7653.5,7655.75,7650.75,7652.5,7700.286788675637
1788257100,7652.75,7654.5,7652.25,7653,7700.098019060165
1788257400,7653.25,7656.5,7652.5,7655.5,7699.919983055933
1788257700,7655.5,7656.5,7653.25,7654.75,7699.739663762296
1788258000,7655,7661.25,7654.75,7661,7699.58501440596
1788258300,7661,7662,7660,7660.5,7699.428986404339
1788258600,7660.5,7663.75,7660.5,7663.75,7699.2865553208885
1788258900,7663.75,7664.5,7662.75,7663,7699.141698812621
1788259200,7663,7663,7658.75,7659,7698.9814525099755
1788259500,7659,7662.5,7657.75,7658.75,7698.820847909137
1788259800,7658.75,7658.75,7654.25,7656.5,7698.651902408502
1788260100,7656.25,7657.25,7655.75,7656.5,7698.483631341003
1788260400,7656.25,7657,7653.75,7656,7698.314036006309
1788260700,7655.75,7656,7652.5,7655.25,7698.142123686923
1788261000,7655.25,7656.75,7655,7655.75,7697.972893652244
1788261300,7655.75,7657.25,7655.5,7657,7697.809329206527
1788261600,7657,7658.25,7654.5,7655.25,7697.6394316847445
1788261900,7655.25,7657.75,7654.5,7657.25,7697.478196428518
1788262200,7657,7659.5,7656.75,7657.5,7697.318602830001
1788262500,7657.5,7662.25,7656.75,7662,7697.177610403533
1788262800,7662.25,7663.25,7660.75,7660.75,7697.032190801124
1788263100,7661,7661.5,7659,7659.5,7696.882361696129
1788263400,7659.5,7660.25,7657,7657.5,7696.725146679378
1788263700,7657.25,7657.25,7651.25,7652.25,7696.547601183652
1788264000,7652.25,7653,7650,7652.5,7696.3717624563715
1788264300,7652.5,7653,7649.75,7650.5,7696.188641648162
1788264600,7650.5,7652.5,7648.5,7652.25,7696.013237889088
1788264900,7652,7654.75,7650.5,7650.5,7695.831548316676
1788265200,7650.5,7652.5,7648.75,7651.25,7695.653578063915
1788265500,7651.25,7654,7650.5,7653.25,7695.484302303181
1788265800,7653,7653,7647.25,7648.75,7695.29773822213
1788266100,7648.75,7651,7645,7648.5,7695.110920903878
1788266400,7648.25,7649.25,7646,7647.75,7694.921855351367
1788266700,7647.5,7651.5,7647.25,7647.75,7694.733544551562
1788267000,7647.75,7649.5,7646.5,7647.75,7694.545985491476
1788267300,7647.75,7649.25,7647,7647.5,7694.358177166161
1788267600,7647.25,7647.5,7640.5,7643.25,7694.154152506815
1788267900,7643.25,7645.25,7641.75,7644,7693.953936329143
1788268200,7644,7645.25,7642.75,7644,7693.75451941765
1788268500,7644,7645.75,7643,7645.25,7693.560888601612
1788268800,7645.25,7648,7644.5,7647.75,7693.378010802803
1788269100,7647.75,7648.75,7644.75,7647,7693.192869043111
1788269400,7647,7648.25,7638.75,7646.25,7693.005472360304
1788269700,7646.25,7650.75,7642.75,7644.75,7692.8128357440955
1788270000,7644.5,7648.25,7641,7646.5,7692.627954164279
1788270300,7646.5,7649,7643.75,7649,7692.453790674601
1788270600,7649,7652.75,7642.75,7645,7692.264354384482
1788270900,7645.25,7648,7641.5,7647,7692.083658358995
1788271200,7647.25,7652.75,7644.5,7648.5,7691.90967169888
1788271500,7648.75,7656.75,7648.75,7656.25,7691.767317720042
1788271800,7656.25,7658,7651.75,7657,7691.628526032537
1788272100,7657,7662.5,7656.75,7660.25,7691.503262455561
1788272400,7660.25,7667.75,7660.25,7664,7691.393468992665
1788272700,7664,7667.25,7663.25,7664.75,7691.287107839001
1788273000,7664.75,7672.25,7664.5,7671.5,7691.208117388545
1788273300,7671.5,7673,7668,7669.75,7691.122456241285
1788273600,7670,7670.75,7665.75,7668.5,7691.0321470347335
1788273900,7668.75,7670.75,7666.25,7666.5,7690.93421431204
1788274200,7666.25,7666.5,7662,7663,7690.822700482451
1788274500,7663,7664,7660.25,7662.25,7690.708637805875
1788274800,7662.5,7663.5,7657,7658,7690.57806440146
1788275100,7658,7658.75,7653.75,7654.75,7690.435038196265
1788275400,7654.75,7658.75,7654,7656.25,7690.298570977917
1788275700,7656.25,7660.75,7655.5,7660,7690.177618598764
1788276000,7660,7661.75,7657.75,7661.25,7690.062139083399
1788276300,7661.25,7663,7658.75,7662.75,7689.953108588056
1788276600,7663,7664.75,7661.25,7663.25,7689.846509352175
1788276900,7663,7668,7661.75,7667.75,7689.758299734003
1788277200,7668,7669.5,7666.5,7669.25,7689.6764302739875
1788277500,7669,7673,7668,7672.75,7689.608859694052
1788277800,7672.75,7673.75,7669.75,7672.25,7689.539562848966
1788278100,7672.5,7672.75,7668.25,7670,7689.461560602064
1788278400,7670,7670.5,7667.5,7669.5,7689.381873733393
1788278700,7669.25,7670,7664.75,7666,7689.288532920086
1788279000,7665.75,7668,7661.75,7662,7689.179596660924
1788279300,7662.25,7663,7656.25,7657,7689.051135197208
1788279600,7657,7657.75,7650.5,7655.25,7688.916200525762
1788279900,7655.25,7656.25,7649.25,7652,7688.768830463783
1788280200,7652,7653.25,7642.5,7643.75,7688.589114573708
1788280500,7643.75,7649,7643.75,7649,7688.431074196168
1788280800,7649,7650.75,7643.5,7643.75,7688.2527066345065
1788281100,7643.75,7647,7643,7646.25,7688.085031158919
1788281400,7646.25,7647.5,7644.25,7645.5,7687.915031034532
1788281700,7645.75,7650.75,7645.75,7649.5,7687.761677617229
1788282000,7649.5,7649.5,7643.5,7643.75,7687.5859822974
1788282300,7643.5,7645,7641.75,7643.75,7687.410988356093
1788282600,7643.75,7647.5,7643,7646.5,7687.247671037307
1788282900,7646.25,7648.25,7641.75,7642.75,7687.070035623984
1788283200,7642.75,7644.5,7641.75,7642.75,7686.893109334068
1788283500,7643,7644,7635,7643.5,7686.719883348703
1788283800,7643.75,7647.25,7642.75,7646.5,7686.559324932141
1788284100,7646.75,7649,7644.5,7645.75,7686.396413455366
1788284400,7645.75,7649,7645.25,7647.25,7686.24014034776
1788284700,7647.25,7648,7642.25,7642.5,7686.065529009046
1788285000,7642.5,7645,7641.25,7642.25,7685.890616717593
1788285300,7642.5,7645.5,7641.25,7644.75,7685.72638271872
1788285600,7645,7647,7642.25,7642.75,7685.554820312657
1788285900,7642.75,7643.75,7641,7643.25,7685.385938794443
1788286200,7643,7644,7639.75,7640.25,7685.205755406042
1788286500,7640.25,7645,7639.25,7644.5,7685.043257380469
1788286800,7644.5,7645.25,7641.75,7643.25,7684.876418029649
1788287100,7643.25,7643.25,7637.25,7638.75,7684.6922806323255
1788287400,7638.75,7639.5,7633.5,7634.25,7684.490914242576
1788287700,7634.25,7636,7631.75,7632,7684.281369674742
1788288000,7632,7633.25,7623.5,7624,7684.040725484423
1788288300,7624,7629.5,7621.5,7628.75,7683.820004025403
1788288600,7628.75,7630.5,7627,7629.25,7683.602159697956
1788288900,7629,7635.75,7628.25,7634,7683.404147084391
1788289200,7634,7639,7632.75,7638.5,7683.224889012198
1788289500,7638.25,7638.75,7635.25,7637.75,7683.0433525291155
1788289800,7637.75,7641.75,7637.25,7641.5,7682.877510802452
1788290100,7641.5,7643,7639,7641.25,7682.711333114617
1788290400,7641,7641.75,7637.5,7640,7682.540828790807
1788290700,7640,7641.5,7638.5,7640.75,7682.373999134955
1788291000,7640.75,7641,7634.5,7638.25,7682.197855425833
1788291300,7638.25,7640.25,7635.25,7635.5,7682.011436841299
1788291600,7635.75,7639.75,7634.25,7637.75,7681.834744478659
1788291900,7637.75,7641.75,7636.75,7639.75,7681.666741506688
1788292200,7639.75,7640.25,7633,7636.5,7681.486435153368
1788292500,7636.75,7645.5,7633,7644.25,7681.3377867096415
1788292800,7644,7647.25,7640.75,7643,7681.184741652916
1788293100,7643,7645,7641.25,7643.5,7681.034303562486
1788293400,7643.5,7645,7643,7644.5,7680.888458039282
1788293700,7644.5,7648,7644.25,7647.5,7680.75517078164
1788294000,7647.75,7648.75,7647.25,7647.75,7680.623413612851
1788294300,7647.5,7648.25,7646.75,7647,7680.489188408808
1788294600,7646.75,7647.5,7645.5,7645.5,7680.349511009971
1788294900,7645.75,7646,7645.5,7645.75,7680.211389209532
1788295200,7645.75,7648.75,7645,7647.5,7680.08080482147
1788295500,7647.25,7647.5,7646,7646.75,7679.947747716395
1788295800,7646.5,7648,7646.5,7647.5,7679.818215789383
1788296100,7647.5,7648,7645.75,7647.5,7679.689200955893
1788300000,7645,7648,7642.75,7643,7679.542737079822
1788300300,7643,7644.25,7641.5,7643,7679.396857889882
1788300600,7642.75,7642.75,7641.5,7642.5,7679.249565044014
1788300900,7642.25,7643.25,7642.25,7642.75,7679.103858197531
1788301200,7642.5,7643.25,7641.75,7643.25,7678.96072902309
1788301500,7643,7644,7642.25,7643.25,7678.818171222599
1788301800,7643,7644.25,7643,7643.5,7678.677180519116
1788302100,7643.5,7644.25,7642.75,7643.75,7678.537750656764
1788302400,7644,7644,7643,7643.25,7678.396881392665
1788302700,7643.5,7646.25,7643.5,7646,7678.26755252483
1788303000,7645.75,7647.25,7645.5,7645.5,7678.1367439319165
1788303300,7645.5,7646.5,7644.75,7645.25,7678.005459525003
1788303600,7645.25,7646,7645,7645.25,7677.874699207538
1788303900,7645.5,7646,7645,7645.25,7677.7444608873475
1788304200,7645.5,7646,7645.25,7645.5,7677.6157404846035
1788304500,7645.75,7646,7645.25,7645.25,7677.486535931771
1788304800,7645.5,7646,7644.25,7645.25,7677.3578471655765
1788305100,7645,7645.75,7644.75,7645.75,7677.231668134976
1788305400,7646,7646.25,7645,7645.75,7677.10599281308
1788305700,7645.5,7646.5,7645.5,7645.75,7676.980819189075
1788306000,7645.5,7646.75,7645.5,7646.25,7676.858141268161
1788306300,7646.5,7647.25,7645.5,7646.5,7676.736951083457
1788306600,7646.5,7647,7645.5,7646.25,7676.615246687914
1788306900,7646.25,7647,7646,7646.25,7676.4940281382615
1788307200,7646.5,7647,7644.25,7645,7676.368303475035
1788307500,7645,7646.25,7641.75,7644.75,7676.242082702679
1788307800,7644.5,7646,7643.25,7644.5,7676.11536780167
1788308100,7644.5,7647.25,7644.5,7645.5,7675.993150764538
1788308400,7645.5,7651.5,7645.25,7647.25,7675.878407647713
1788308700,7647.25,7647.25,7644,7644.25,7675.752146539339
1788309000,7644.25,7647,7643,7643.75,7675.624393459342
1788309300,7643.75,7645.75,7643.5,7644.5,7675.500144383656
1788309600,7644.25,7645.75,7642.25,7645.5,7675.380383328233
1788309900,7645.5,7646.25,7644.75,7645.5,7675.2611003608545
1788310200,7645.25,7645.5,7643,7643,7675.132313533067
1788310500,7643.25,7644.75,7640,7640,7674.9920647764475
1788310800,7640,7642.75,7639.25,7641.75,7674.859361923049
1788311100,7641.75,7642,7639,7639.5,7674.718206785631
1788311400,7639.25,7640.25,7637,7638.5,7674.573623125808
1788311700,7638.25,7640.75,7638,7640,7674.435604670216
1788312000,7640.25,7642,7639,7642,7674.306121218438
1788312300,7642,7642.75,7640,7640.75,7674.172164646709
1788312600,7641,7641.75,7639,7641.75,7674.04273484772
1788312900,7642,7642.25,7637.25,7637.75,7673.897853670683
1788313200,7637.75,7638.5,7636.25,7637,7673.750556849642
1788313500,7637,7637.5,7635.25,7635.75,7673.598858019903
1788313800,7635.75,7635.75,7632.25,7634.5,7673.442774754354
1788314100,7634.5,7637,7634.25,7636.75,7673.296296611622
1788314400,7637,7637,7633.5,7634,7673.139425168062
1788314700,7634.25,7635.75,7633.75,7634.5,7672.985175965794
1788315000,7634.5,7637,7634.5,7636.75,7672.840524564733
1788315300,7636.5,7639.75,7636.5,7639.5,7672.7074286582865
1788315600,7639.5,7641.75,7638.75,7641,7672.580852096777
1788315900,7640.75,7641.75,7640.25,7640.25,7672.451786818945
1788316200,7640.5,7640.5,7638.5,7639.25,7672.319244755796
1788316500,7639.25,7639.75,7638,7639,7672.186233798687
1788316800,7639,7640.5,7639,7640.25,7672.058743843402
1788317100,7640.25,7641.5,7640.25,7641.25,7671.935754846023
1788317400,7641,7641.75,7640.25,7640.5,7671.81026281071
1788317700,7640.5,7641.25,7639.5,7641,7671.687267749589
1788318000,7641.25,7642,7639.75,7639.75,7671.559773666757
1788318300,7639.75,7640.25,7638,7640.25,7671.434784550323
1788318600,7640,7641.75,7639.75,7640.75,7671.312290400421
1788318900,7640.75,7641,7639.5,7640,7671.187291237146
1788319200,7639.75,7640,7638.5,7639.25,7671.059797060551
1788319500,7639.25,7640,7637.75,7638,7670.927821822785
1788319800,7638.25,7638.25,7635.75,7636.75,7670.791383412315
1788320100,7636.5,7638,7636,7637.75,7670.659481682126
1788320400,7637.75,7638.25,7635.75,7636,7670.521120477806
1788320700,7636,7637,7635.5,7635.75,7670.382313609632
1788321000,7635.5,7635.75,7634.25,7635.75,7670.244060860691
1788321300,7635.5,7635.75,7634.5,7634.75,7670.102368002964
1788321600,7634.75,7635.5,7634,7634,7669.958246773411
1788321900,7634,7635.5,7633.25,7633.5,7669.8127048701235
1788322200,7633.5,7634.75,7632.75,7634.5,7669.671735988407
1788322500,7634.5,7636.25,7634,7635.75,7669.536319876676
1788322800,7635.75,7636,7634,7634.75,7669.397452332259
1788323100,7634.75,7635.5,7634,7634.25,7669.257143141312
1788323400,7634.25,7636.5,7634,7636,7669.12438009484
1788323700,7635.5,7636,7634.25,7634.25,7668.985161012624
1788324000,7634.5,7635.25,7634,7634.75,7668.848493703193
1788324300,7634.75,7636,7634.25,7634.5,7668.711373967851
1788324600,7634.75,7635.75,7634.75,7635.5,7668.57879363265
1788324900,7635.5,7635.75,7634.75,7635.25,7668.445744556272
1788325200,7635.5,7636,7633,7633.75,7668.3072385899795
1788325500,7633.75,7634.5,7632.75,7633,7668.16629152974
1788325800,7633,7637.5,7633,7637,7668.041875196288
1788326100,7637,7639.75,7636.75,7639.25,7667.926937570754
1788326400,7639.25,7639.25,7637.5,7639.25,7667.812458778056
1788326700,7639.25,7640.75,7639,7640.5,7667.703427006487
1788327000,7640.5,7643,7638.75,7639.75,7667.591836479515
1788327300,7639.5,7640.5,7637,7637,7667.469713379796
1788327600,7637.25,7641.5,7637,7641.25,7667.365043865306
1788327900,7641.5,7641.75,7640.5,7640.5,7667.257798181213
1788328200,7640.25,7641,7636,7636,7667.133016551747
1788328500,7636.25,7638,7635.75,7637.25,7667.013723072498
1788328800,7637.5,7639.25,7633.75,7634.25,7666.882929766819
1788329100,7634.5,7635.75,7633.75,7635.5,7666.757648610065
1788329400,7635.75,7637,7634.75,7635.75,7666.633865581682
1788329700,7636,7636.5,7631.75,7632,7666.495606637244
1788330000,7632.25,7633.25,7631.75,7633.25,7666.362889644681
1788330300,7633.25,7636.25,7632,7632.25,7666.226710444503
1788330600,7632.25,7634,7631.75,7633.75,7666.097062897818
1788330900,7633.5,7639.5,7633.25,7639.5,7665.990886998026
1788331200,7639.5,7643,7639,7639.75,7665.886132958114
1788331500,7640,7640,7637.75,7638,7665.774811070058
1788331800,7638,7639,7637,7637.25,7665.66093956878
1788332100,7637.5,7641.5,7637.5,7641.25,7665.563490708226
1788332400,7641.25,7645,7639.25,7644,7665.4774089089915
1788332700,7643.75,7647.25,7643.75,7646.75,7665.402648793586
1788333000,7646.75,7647.25,7643.25,7643.75,7665.316211073851
1788333300,7643.5,7646.5,7643,7645.75,7665.2381024468095
1788333600,7645.5,7645.5,7642.5,7643,7665.149327586742
1788333900,7642.75,7643.5,7639.75,7643,7665.060907117334
1788334200,7642.75,7643.5,7641.5,7642.75,7664.971841619859
1788334500,7643,7643.25,7639.5,7639.75,7664.871155625369
1788334800,7639.75,7641.75,7638,7639,7664.767877559
1788335100,7639,7640,7637.25,7637.5,7664.65902375637
1788335400,7637.5,7640,7635.25,7639.25,7664.557590527801
1788335700,7638.75,7640,7637.5,7637.5,7664.449576194357
1788336000,7637.5,7642.75,7636,7642.75,7664.362951139689
1788336300,7642.5,7643,7638.25,7640,7664.26569384971
1788336600,7640.25,7642.25,7639.5,7640,7664.168824812386
1788336900,7640,7642,7637.75,7637.75,7664.063360441878
1788337200,7638,7638.5,7635.5,7636.5,7663.953327066861
1788337500,7636.5,7638.5,7635.5,7636.5,7663.843732946833
1788337800,7636.75,7639.25,7636,7636.25,7663.733578324292
1788338100,7636.25,7637.5,7634.75,7636.5,7663.624861444753
1788338400,7636.75,7637.5,7633.5,7634.25,7663.507596528806
1788338700,7634.25,7634.5,7632.25,7633,7663.385809716316
1788339000,7632.75,7633.25,7623.25,7624.25,7663.229578939005
1788339300,7624.5,7627.5,7623.25,7626.5,7663.08295387338
1788339600,7626.5,7631.5,7626,7630.25,7662.9518841972385
1788339900,7630.25,7633,7628.75,7629.5,7662.818343741362
1788340200,7629.5,7630.5,7624.25,7624.5,7662.665376301276
1788340500,7624.5,7628.5,7623.75,7628.25,7662.527989569535
1788340800,7628,7628.5,7623.5,7624.75,7662.377179231932
1788341100,7624.5,7626.5,7624,7626,7662.231960951565
1788341400,7626,7626.25,7622,7622.75,7662.074348332996
1788341700,7622.5,7624.5,7621.5,7623.25,7661.919360914501
1788342000,7623.5,7624.5,7622.5,7623,7661.763994204264
1788342300,7623,7624.75,7622.5,7624.5,7661.615235744367
1788342600,7624.25,7625.25,7623.75,7624.25,7661.466073126625
1788342900,7624.5,7626,7624.25,7625.75,7661.323493992387
1788343200,7625.75,7626.25,7621.75,7622,7661.166513976449
1788343500,7621.75,7622.75,7621.25,7621.5,7661.0081646192575
1788343800,7621.5,7626,7621.5,7626,7660.868411467085
1788344100,7625.75,7626.75,7624.75,7625.25,7660.726222199752
1788344400,7625,7626.25,7624.5,7625.5,7660.585598558236
1788344700,7625.25,7628.75,7625.25,7627,7660.451524312494
1788345000,7626.75,7627.25,7623.75,7625.5,7660.31199726933
1788345300,7625.5,7626,7623,7623.5,7660.1650431884145
1788345600,7623.25,7624,7622.75,7623.25,7660.017677746545
1788345900,7623.5,7625,7622.5,7625,7659.877886617816
1788346200,7625,7625,7621.75,7624.25,7659.73565952553
1788346500,7624.25,7626.75,7623.75,7626.75,7659.603980245986
1788346800,7626.5,7627,7618.5,7620,7659.445880524446
1788347100,7620,7630.25,7619.25,7628.25,7659.321346071254
1788347400,7628,7635.75,7626.25,7634.25,7659.221260857396
1788347700,7634.25,7635.5,7629.75,7632.75,7659.115587161359
1788348000,7632.5,7634.5,7631.5,7634.25,7659.0163233403555
1788348300,7634.25,7638,7633.5,7635.75,7658.923443806063
1788348600,7636,7640.75,7635,7640.5,7658.8498971242025
1788348900,7640.75,7641.75,7639.75,7640.5,7658.77664404187
1788349200,7640.25,7640.5,7636.75,7637.75,7658.6927053431
1788349500,7637.75,7639,7637.25,7637.75,7658.6091017289555
1788349800,7637.75,7641.25,7637.25,7640,7658.534813897702
1788350100,7640.25,7646.25,7639,7646.25,7658.485772724458
1788350400,7646.25,7647.75,7645,7647.5,7658.44191734432
1788350700,7647.5,7651.25,7647,7647,7658.396241027576
1788351000,7647,7654,7645.5,7653,7658.374699147226
1788351300,7652.5,7653,7649,7649.25,7658.338273202527
1788351600,7649.25,7658.75,7649,7653.25,7658.317960734652
1788351900,7653.25,7653.75,7649.5,7650.25,7658.28575330657
1788352200,7650,7650.75,7646.5,7647.5,7658.242696407143
1788352500,7647.5,7648,7644.25,7645.5,7658.191827359609
1788352800,7645.5,7646.75,7644.75,7645.25,7658.140163378133
1788353100,7645.25,7645.5,7643.5,7643.75,7658.082717616145
1788353400,7643.75,7644.25,7640.25,7640.75,7658.013525130651
1788353700,7640.75,7641.25,7639.25,7640.25,7657.94261285468
1788354000,7640,7643.75,7639.75,7643,7657.88296170556
1788354300,7643,7645.75,7643,7644.5,7657.829536708731
1788354600,7644.25,7645.25,7642.75,7643.75,7657.773330973367
1788354900,7643.75,7646.25,7643,7645.25,7657.723337636147
1788355200,7645.5,7649.25,7644.75,7648.75,7657.687515929017
1788355500,7648.75,7654.5,7647.75,7650.5,7657.658823250657
1788355800,7650.5,7652,7643.5,7650,7657.628249105945
1788356100,7650,7651,7643,7650.75,7657.600791025681
1788356400,7651,7654.5,7648.5,7654.25,7657.5874146144015
1788356700,7654,7655.5,7645.75,7646.75,7657.544151482209
1788357000,7647,7652.25,7646.5,7650.5,7657.51603111701
1788357300,7650.5,7657,7647.5,7656.75,7657.512973108559
1788357600,7656.5,7664,7654.75,7664,7657.538869423495
1788357900,7664,7667.75,7662.5,7663.5,7657.562666351944
1788358200,7663.5,7669.25,7662.75,7668.75,7657.607326366508
1788358500,7668.75,7676.25,7667,7674.75,7657.675760193388
1788358800,7675,7680,7673.75,7678.5,7657.7588908912185
1788359100,7678.25,7682.5,7676.75,7679.5,7657.845681745944
1788359400,7679.25,7682.5,7675.5,7682.5,7657.944102178096
1788359700,7682.25,7685.5,7681.25,7685.5,7658.054105762215
1788360000,7685.5,7690.25,7684.5,7689.5,7658.179638274142
1788360300,7689.5,7690,7682.75,7685,7658.286705586421
1788360600,7684.75,7685,7679.75,7680.75,7658.376379416415
1788360900,7680.75,7682.5,7678,7679.75,7658.4617032510805
1788361200,7679.5,7683,7677.5,7680.75,7658.550678487603
1788361500,7680.75,7682.75,7678.5,7680.75,7658.6392985335615
1788361800,7680.5,7684.25,7678.5,7681.75,7658.731556822849
1788362100,7681.75,7686.75,7680.25,7686.25,7658.8414108874285
1788362400,7686.25,7687,7683.5,7685.25,7658.94683439686
1788362700,7685.25,7690.75,7685,7689.5,7659.068803121822
1788363000,7689.75,7691.25,7686.5,7686.5,7659.178308897784
1788363300,7686.5,7688,7684,7685.25,7659.282387504978
1788363600,7685.25,7686.5,7682.75,7683,7659.377068592783
1788363900,7683,7683,7676.25,7676.75,7659.446421612372
1788364200,7676.75,7682.5,7676,7679,7659.524479809528
1788364500,7679,7686,7677.75,7685.75,7659.6291725048995
1788364800,7685.5,7685.75,7681.75,7684.5,7659.728457245399
1788365100,7684.5,7685.25,7682.75,7683.75,7659.824351627653
1788365400,7683.75,7685,7682.75,7683.25,7659.917867190018
1788365700,7683.5,7683.5,7679.5,7680.75,7660.001029396844
1788366000,7680.75,7682,7676,7676.25,7660.065895546957
1788366300,7676.25,7677.75,7673,7675,7660.125512730402
1788366600,7674.75,7679.5,7674.5,7677.5,7660.194871961019
1788366900,7677.25,7679,7676.25,7677,7660.261958300496
1788367200,7677,7677.25,7673.25,7673.25,7660.313806770355
1788367500,7673.25,7676,7673.25,7674.75,7660.371436284246
1788367800,7674.75,7678.25,7673.25,7678,7660.441809792093
1788368100,7678,7678.75,7674.75,7675.5,7660.501922327853
1788368400,7675.5,7681.25,7675.5,7680.75,7660.582752977243
1788368700,7681,7681,7672.25,7673.25,7660.633320829629
1788369000,7673,7677.5,7673,7675.5,7660.692668850269
1788369300,7675.5,7676,7671.5,7672.25,7660.738805900767
1788369600,7672.25,7674,7670.75,7672.5,7660.7857567754145
1788369900,7672.75,7675.25,7672.25,7673.75,7660.837510241381
1788370200,7673.75,7674.25,7670.25,7670.25,7660.875085050797
1788370500,7670.5,7672.5,7670.25,7671,7660.91550387295
1788370800,7671,7676,7670,7675.5,7660.973725414375
1788371100,7675.75,7679.5,7675.5,7676.5,7661.035706550445
1788371400,7676.75,7677.5,7674.75,7676.25,7661.096442252839
1788371700,7676.25,7679.25,7674,7678,7661.163921525283
1788372000,7678.25,7679.75,7673.75,7679.5,7661.237119443345
1788372300,7679.25,7680.75,7677.25,7677.5,7661.302041122214
1788372600,7677.25,7679.5,7677,7678.5,7661.370695648672
1788372900,7678.25,7687.75,7677.75,7682.5,7661.455044169037
1788373200,7682.5,7683.75,7680.25,7681.25,7661.534065948801
1788373500,7681.25,7681.75,7678.5,7680,7661.6077822523985
1788373800,7680,7681.75,7679,7679.25,7661.678210267359
1788374100,7679.25,7680.25,7674.25,7674.5,7661.729395056711
1788374400,7674.5,7675.25,7672.75,7673.75,7661.777381503591
1788374700,7673.75,7676.5,7672.5,7675.5,7661.8321624157525
1788375000,7675.5,7676.5,7673.25,7674.75,7661.883730629662
1788375300,7674.75,7677,7673.25,7674.5,7661.9340949784455
1788375600,7674.25,7676.25,7673.25,7675.25,7661.9872522839205
1788375900,7675.5,7679,7675.25,7678.75,7662.054169440472
1788376200,7678.75,7681.5,7678.75,7680.5,7662.12780549061
1788376500,7680.5,7680.75,7678.25,7680.75,7662.2021455884515
1788376800,7680.5,7680.75,7677,7678.75,7662.268204887499
1788377100,7679,7681.75,7678.25,7681,7662.342982512699
1788377400,7681.25,7681.5,7677.5,7679.25,7662.41047559648
1788377700,7679.25,7680,7677,7677.25,7662.469715214857
1788378000,7677,7680.25,7676.75,7679.75,7662.538698387652
1788378300,7680,7681.25,7678.5,7680,7662.6084041825125
1788378600,7680,7681,7676,7678.75,7662.672841690766
1788378900,7678.75,7679.25,7674,7678.25,7662.735025955474
1788379200,7678.25,7680.75,7677.25,7680.25,7662.80494601154
1788379500,7680.25,7682.5,7679,7680.75,7662.87658295361
1788379800,7680.75,7681.75,7680,7680.25,7662.945937911879
1788380100,7680.25,7680.25,7667.5,7669.75,7662.973099836382
1788380400,7669.75,7672.5,7669,7671.75,7663.008137361985
1788380700,7671.5,7673.5,7671,7671.25,7663.041039009243
1788381000,7671.25,7671.5,7670.25,7671.5,7663.074807316591
1788381300,7671.25,7672,7670.25,7670.5,7663.10444880435
1788381600,7670.5,7672.25,7669.75,7669.75,7663.130977950839
1788381900,7669.75,7672,7669.25,7671.5,7663.164387220497
1788382200,7671.5,7672.5,7670.5,7672.25,7663.2006571317925
1788382500,7672,7672.25,7668.75,7669.25,7663.2248062051185
1788386400,7673.5,7674.75,7671.5,7673.5,7663.265824942822
1788386700,7673.5,7673.75,7672.25,7673.5,7663.306679933071
1788387000,7673.75,7677.5,7673.25,7677.25,7663.362341889426
1788387300,7677,7677.5,7675.75,7677.25,7663.417781642363
1788387600,7677.5,7680,7677.25,7679.25,7663.480984110856
1788387900,7679,7679.25,7677.5,7678.25,7663.539942258119
1788388200,7678.25,7678.25,7677.5,7677.75,7663.596669035532
1788388500,7677.75,7678.5,7677.25,7678,7663.654167362735
1788388800,7678.25,7678.75,7678,7678,7663.711436155699
1788389100,7678,7678,7676.5,7676.75,7663.763486310766
1788389400,7676.5,7676.5,7675.75,7675.75,7663.811336664815
1788389700,7676,7676.75,7675.75,7676,7663.859994003478
1788390000,7676.25,7677.75,7676.25,7677,7663.912449117237
1788390300,7677.25,7677.75,7676.25,7676.5,7663.9626988213595
1788390600,7676.25,7677.5,7675.25,7675.5,7664.008755911893
1788390900,7675.5,7675.5,7674.75,7675.25,7664.053631137794
1788391200,7675.25,7676,7674.5,7675.75,7664.1003232290595
1788391500,7675.5,7676.75,7675.5,7676.75,7664.15082094072
1788391800,7676.75,7678,7676.5,7677,7664.2021150687015
1788392100,7677.25,7677.75,7676.25,7677.5,7664.2552004376885
1788392400,7677.5,7677.75,7677,7677.75,7664.309071893027
1788392700,7677.75,7681.25,7677.75,7680,7664.3717103285835
1788393000,7680,7681.25,7679.75,7680.25,7664.435096714497
1788393300,7680.25,7680.75,7679.75,7679.75,7664.496234052963
1788393600,7679.75,7679.75,7676.25,7677.5,7664.548145294269
1788393900,7677.25,7677.75,7675.5,7676.25,7664.59485928511
1788394200,7676.5,7677.75,7675,7676,7664.640388788962
1788394500,7675.75,7675.75,7672.5,7673.5,7664.675756498387
1788394800,7673.25,7673.5,7671.5,7673.25,7664.70998501536
1788395100,7673,7674,7672.5,7673.25,7664.744076891546
1788395400,7673.25,7673.75,7672,7672.25,7664.77404065645
1788395700,7672.5,7673.75,7672.25,7673.25,7664.807876821494
1788396000,7673.5,7673.5,7672.25,7672.75,7664.8395819040425
1788396300,7672.75,7673.75,7672.25,7673.25,7664.873156427379
1788396600,7673.25,7673.75,7673.25,7673.5,7664.907594924675
1788396900,7673.5,7673.75,7672.25,7672.75,7664.938901930964
1788397200,7672.5,7674.75,7671.75,7674.75,7664.97806799112
1788397500,7674.75,7677,7674.75,7675.75,7665.021069715706
1788397800,7675.75,7677.25,7674,7676.75,7665.06789179269
1788398100,7676.5,7679,7676.5,7678.5,7665.121512983138
1788398400,7678.25,7678.75,7674.5,7674.5,7665.158952053066
1788398700,7674.5,7676.5,7673.25,7676.5,7665.204225697565
1788399000,7676.25,7679,7675.25,7679,7665.259298648872
1788399300,7679,7679.25,7676.25,7677,7665.306167716141
1788399600,7677.25,7677.5,7675.5,7675.75,7665.347859661386
1788399900,7675.5,7677,7674,7677,7665.3943751916795
1788400200,7677,7677,7674,7674,7665.428728983329
1788400500,7674.75,7674.75,7671.5,7671.75,7665.453963598166
1788400800,7671.75,7673.75,7671,7672.75,7665.483089491986
1788401100,7672.75,7676,7672.75,7675.75,7665.524075162677
1788401400,7675.75,7679.25,7675.5,7678.5,7665.575875261828
1788401700,7678.5,7679.5,7677.75,7679,7665.62946458214
1788402000,7679,7679.25,7677.25,7677.5,7665.676851949078
1788402300,7677.5,7678.75,7676.75,7678.5,7665.728042160858
1788402600,7678.5,7680.5,7678.25,7679.5,7665.783020036464
1788402900,7679.5,7679.75,7677.75,7678.25,7665.832788419552
1788403200,7678.25,7678.25,7676.5,7677,7665.8773681065
1788403500,7677,7679.5,7676.25,7679.5,7665.931749870546
1788403800,7679.25,7679.75,7678.25,7678.5,7665.981922525753
1788404100,7678.75,7679,7678.25,7678.75,7666.032892894912
1788404400,7678.5,7680,7677.75,7679.75,7666.087651805511
1788404700,7679.5,7680,7678.75,7679,7666.139198105689
1788405000,7679,7680.5,7679,7680.25,7666.1955286521725
1788405300,7680.25,7683.75,7680.25,7682.75,7666.261614366136
1788405600,7682.75,7683,7680.75,7680.75,7666.319452232938
1788405900,7681,7682.25,7680.5,7681.25,7666.379055218035
1788406200,7681.25,7682.75,7681.25,7681.75,7666.440416275049
1788406500,7681.75,7682.5,7681,7682.5,7666.504526389719
1788406800,7682.25,7682.75,7682,7682,7666.566384567804
1788407100,7682,7682.75,7681,7682.25,7666.628993811046
1788407400,7682.25,7683.5,7682.25,7683.25,7666.695345133157
1788407700,7683.25,7683.25,7682,7683,7666.76043357574
1788408000,7683,7683.25,7682.25,7682.25,7666.822268172244
1788408300,7682.25,7684.25,7682.25,7683.75,7666.8898439480035
1788408600,7683.75,7684.5,7683,7683.25,7666.955153952204
1788408900,7683.5,7683.75,7682.75,7683.5,7667.021201241815
1788409200,7683.5,7683.5,7682.25,7683.5,7667.086984869592
1788409500,7683.5,7683.75,7681.75,7681.75,7667.1455198601325
1788409800,7681.75,7683.5,7681.75,7682.75,7667.207813194024
1788410100,7682.75,7683,7681.5,7681.75,7667.265865835964
1788410400,7681.75,7682,7680.5,7681.25,7667.321690722846
1788410700,7681.25,7682,7680.75,7681,7667.376294751896
1788411000,7681.25,7681.25,7680.5,7680.75,7667.429682796799
1788411300,7680.75,7680.75,7679.25,7679.75,7667.478865699806
1788411600,7679.5,7679.75,7675.75,7676,7667.512882203999
1788411900,7676,7676.25,7672.25,7672.75,7667.533788861867
1788412200,7672.75,7673.5,7671,7672,7667.551618048047
1788412500,7671.75,7672,7665.5,7666.25,7667.546421968015
1788412800,7666.25,7666.75,7661.25,7663.5,7667.530268586906
1788413100,7663.75,7665.75,7661.5,7665.25,7667.521165718295
1788413400,7664.75,7671,7664.5,7671,7667.535053280299
1788413700,7671,7671.75,7667.5,7670.5,7667.546889394948
1788414000,7670.5,7671.75,7668.25,7670.75,7667.559676263631
1788414300,7670.75,7675.25,7669,7675.25,7667.590376158787
1788414600,7675.25,7678.25,7674.75,7675.75,7667.622949507455
1788414900,7675.75,7679,7675.5,7678.75,7667.667368870699
1788415200,7678.75,7679.75,7676.5,7678.75,7667.711610911135
1788415500,7678.5,7680.5,7677.5,7677.5,7667.750686316679
1788415800,7677.75,7677.75,7675.5,7677,7667.787609724596
1788416100,7677.25,7678.75,7676.75,7677.5,7667.826381741664
1788416400,7677.25,7678,7675,7675.25,7667.856016944292
1788416700,7675.25,7677,7675,7676.75,7667.89152186667
1788417000,7676.5,7677.5,7674.25,7676,7667.923891040855
1788417300,7676.25,7677.5,7674.5,7676,7667.956130996779
1788417600,7675.75,7677,7675.5,7676.25,7667.989240254277
1788417900,7676.25,7676.25,7674.25,7675,7668.01722731913
1788418200,7675,7675,7673.5,7674,7668.041110643206
1788418500,7674,7674.75,7672,7674.25,7668.065896628662
1788418800,7674.25,7679.75,7672.25,7679.5,7668.1115417519
1788419100,7679.5,7683.5,7677.5,7678.25,7668.1520146391185
1788419400,7678.25,7680,7677,7679.5,7668.1973159778845
1788419700,7679.5,7680,7678,7679.25,7668.241438468991
1788420000,7679,7680.5,7679,7679.75,7668.287380830392
1788420300,7679.75,7679.75,7675,7678.25,7668.327151765201
1788420600,7678.5,7681.75,7677.75,7681.5,7668.3797379857
1788420900,7681.75,7684,7679.5,7683.75,7668.441096317094
1788421200,7683.75,7686.25,7682.75,7684.75,7668.5062017210175
1788421500,7685,7685,7678,7678,7668.544101115345
1788421800,7678.25,7683.25,7676.25,7683,7668.601809294525
1788422100,7683,7684,7681.25,7683,7668.659287101733
1788422400,7682.75,7691.75,7681.75,7688.25,7668.737493540449
1788422700,7688.25,7694.5,7685.75,7686,7668.806405741884
1788423000,7686.25,7689.75,7686.25,7687.25,7668.880032864671
1788423300,7687,7687.5,7685,7687.5,7668.954364070801
1788423600,7687,7688.5,7685.5,7687.25,7669.027400541576
1788423900,7687,7690.25,7687,7689.25,7669.108129481529
1788424200,7689.25,7689.25,7687,7687.5,7669.181550122322
1788424500,7687.5,7688.75,7685.75,7685.75,7669.2476916388
1788424800,7685.75,7687.5,7685.75,7686,7669.31456712128
1788425100,7685.75,7687,7685,7686.75,7669.384169647742
1788425400,7686.5,7686.75,7684,7684.75,7669.445510287871
1788425700,7684.5,7685.25,7683.25,7683.5,7669.501616035225
1788426000,7683.5,7685.25,7683.5,7685,7669.563485831492
1788426300,7685,7685.25,7683.5,7684.75,7669.624110638551
1788426600,7685,7686.75,7685,7686.25,7669.690481454366
1788426900,7686.5,7686.75,7684,7684.5,7669.74960128888
1788427200,7685,7685.25,7683,7684.25,7669.807487112078
1788427500,7684,7684.25,7682.25,7682.25,7669.857157822209
1788427800,7682.25,7683.25,7680.5,7682,7669.90563224208
1788428100,7681.75,7681.75,7680,7680.5,7669.9479251273415
1788428400,7680.5,7680.75,7679,7680,7669.988053170745
1788428700,7680,7680.25,7676,7677,7670.016044974454
1788429000,7677,7678.25,7675.25,7675.25,7670.0369390064925
1788429300,7675.5,7676,7672,7673.5,7670.050763601277
1788429600,7673.75,7677,7673.75,7676,7670.074513047979
1788429900,7676,7677.25,7674.25,7674.5,7670.092179662558
1788430200,7674.25,7675.25,7671.5,7672.5,7670.101791719793
1788430500,7672.25,7673.75,7671.75,7672.75,7670.112363409535
1788430800,7672.75,7672.75,7670.75,7670.75,7670.114908864985
1788431100,7670.75,7672.25,7669.75,7671.25,7670.119440166922
1788431400,7671.25,7673.25,7670.75,7671,7670.122955375837
1788431700,7671,7672,7669.25,7671.5,7670.128452559965
1788432000,7671.5,7673.5,7671,7673,7670.139915823199
1788432300,7673,7673,7669.25,7669.5,7670.137361269014
1788432600,7669.5,7672.75,7669.5,7672.5,7670.146792960555
1788432900,7672.5,7673.25,7670.75,7673.25,7670.159181012609
1788433200,7673.25,7675.5,7670.25,7675.5,7670.180501647289
1788433500,7675.25,7681.75,7675,7680.75,7670.2226952534875
1788433800,7680.75,7681.5,7679.5,7681,7670.265718426128
1788434100,7681,7685.25,7681,7682.25,7670.313559869536
1788434400,7682.25,7684.5,7680.75,7684.25,7670.369194361075
1788434700,7684.25,7684.75,7681,7682.5,7670.417620730891
1788435000,7682.5,7684,7671.5,7682.5,7670.465853781866
1788435300,7682.25,7682.5,7679.25,7679.25,7670.500920233834
1788435600,7679,7680.25,7677.5,7678.75,7670.5338506919825
1788435900,7678.75,7678.75,7672.75,7673,7670.5436955994
1788436200,7673.25,7674.5,7672.75,7673.5,7670.555497213773
1788436500,7673.25,7675.25,7673,7673.75,7670.568249719906
1788436800,7673.5,7677.5,7673.5,7677,7670.593925369727
1788437100,7677.25,7678.25,7676,7678.25,7670.624488541904
1788437400,7678,7680.75,7676.25,7677,7670.649939685449
1788437700,7677.25,7678.25,7675.25,7675.75,7670.6702992076625
1788438000,7675.75,7681,7674.5,7680,7670.707543522203
1788438300,7680,7683,7678.75,7681,7670.7486311728135
1788438600,7681.25,7701.5,7680.75,7693.25,7670.838456996475
1788438900,7693.25,7693.5,7688.75,7692.5,7670.924930222038
1788439200,7692.5,7693.25,7689.25,7690.75,7671.00407221716
1788439500,7690.75,7694,7690.25,7693.5,7671.093876320086
1788439800,7693.5,7700.5,7693,7699.5,7671.207274019407
1788440100,7699.5,7704,7699.5,7701.25,7671.327205061246
1788440400,7701.25,7701.25,7695.25,7697.25,7671.430689272578
1788440700,7697.25,7699.25,7694,7696,7671.528770353326
1788441000,7696.25,7703.75,7695.75,7702.25,7671.6514099926335
1788441300,7702,7703.75,7697.25,7697.5,7671.754597976695
1788441600,7697.5,7701,7697,7701,7671.871346088564
1788441900,7700.75,7706.25,7699.25,7704,7671.99960418801
1788442200,7704.25,7718,7704.25,7715,7672.1712624547245
1788442500,7715.25,7723.5,7710.75,7723,7672.374171586642
1788442800,7722.75,7724.5,7719.25,7723.5,7672.578266710048
1788443100,7723.25,7725.5,7720,7722.5,7672.777555066496
1788443400,7722.25,7726.5,7719,7721.75,7672.973053848666
1788443700,7721.75,7722,7717,7722,7673.168770200567
1788444000,7721.75,7722,7706.5,7706.75,7673.302827006154
1788444300,7707,7709,7700.5,7703.5,7673.423374602936
1788444600,7703.5,7709.25,7700.5,7709.25,7673.566395063603
1788444900,7709,7714.25,7707.5,7714,7673.727806660155
1788445200,7714,7716.25,7710.5,7714.25,7673.889571903029
1788445500,7714,7715.25,7710.5,7712.25,7674.0427073445335
1788445800,7712.25,7715.25,7703.75,7704,7674.162297335174
1788446100,7704.25,7710.5,7703.75,7707,7674.293385968566
1788446400,7707,7712.25,7705.5,7707.25,7674.424949298033
1788446700,7707.25,7713.25,7705.75,7712.75,7674.577943512412
1788447000,7712.75,7714,7707.5,7711.75,7674.726334955477
1788447300,7711.75,7719,7700,7718.25,7674.900082121323
1788447600,7718.25,7730.5,7718,7730.25,7675.1210398773255
1788447900,7730.5,7734.75,7730,7733.25,7675.353091614342
1788448200,7733.25,7741.25,7732.5,7741.25,7675.616153124864
1788448500,7741.5,7746.75,7741,7746.25,7675.898124569475
1788448800,7746.25,7748.5,7740.75,7746.75,7676.180966387561
1788449100,7746.75,7756,7746.25,7755.5,7676.497609236313
1788449400,7755.5,7758.5,7752.5,7754.75,7676.809994029781
1788449700,7755,7756,7750.25,7750.75,7677.105163714293
1788450000,7750.75,7754.75,7749,7752.25,7677.405143100663
1788450300,7752.25,7756.25,7752,7755.75,7677.71789702042
1788450600,7755.75,7759,7755.5,7757.75,7678.037386453472
1788450900,7757.75,7759.5,7755.75,7759.5,7678.36258650755
1788451200,7759.5,7759.5,7753.75,7754,7678.664532269995
1788451500,7754,7755,7750.75,7751.25,7678.954294616223
1788451800,7751,7753,7749.75,7752.75,7679.2488882504895
1788452100,7752.75,7754.75,7751.25,7753.25,7679.544301870248
1788452400,7753,7754.25,7750.5,7751.25,7679.830552162183
1788452700,7751,7751.25,7748,7750.25,7680.1116677224145
1788453000,7750.25,7752,7748.75,7750.5,7680.392659068832
1788453300,7750.5,7756.5,7749.5,7755.75,7680.69348677714
1788453600,7755.75,7758.25,7755.25,7757.5,7681.000099604376
1788453900,7757.5,7758.25,7756,7757,7681.303492420327
1788454200,7757,7757.25,7753.25,7754.25,7681.594696043399
1788454500,7754.25,7756,7753.25,7755,7681.887731188935
1788454800,7755,7756,7752.5,7753.75,7682.174606513529
1788455100,7754,7754.75,7750,7750.25,7682.4463645713595
1788455400,7750,7751,7749,7750.25,7682.7170377666835
1788455700,7750.25,7751.5,7749,7749.25,7682.982638414322
1788456000,7749.25,7749.25,7747,7748.75,7683.245182771949
1788456300,7748.5,7752.75,7748.5,7752.5,7683.521649108188
1788456600,7752.25,7755.25,7752.25,7754.25,7683.803997814343
1788456900,7754.5,7757.25,7754,7756,7684.092205407899
1788457200,7756,7757.75,7755.75,7756.5,7684.3812584801235
1788457500,7756.5,7757.75,7754.75,7756,7684.6671616398835
1788457800,7755.75,7761,7755.25,7760.25,7684.968889537528
1788458100,7760,7761,7758,7758.75,7685.263424908636
1788458400,7758.75,7765.5,7758.5,7763.5,7685.575746565687
1788458700,7763.75,7765.25,7762.5,7764,7685.888817437681
1788459000,7764,7765.25,7763,7764,7686.200638525754
1788459300,7764.25,7766.5,7762.25,7763,7686.507222803096
1788459600,7763.25,7764.25,7761.25,7763.25,7686.8135811951
1788459900,7763.5,7764.5,7762.25,7763,7687.117718595518
1788460200,7763.25,7764.75,7761.5,7764.25,7687.425631894538
1788460500,7764.25,7765,7763.5,7763.75,7687.730319990767
1788460800,7763.75,7764,7761,7761.75,7688.0258077353155
1788461100,7761.75,7763.75,7761.75,7763.5,7688.327101916013
1788461400,7763.25,7764.25,7761.25,7762,7688.621205301578
1788461700,7762,7762.5,7759.75,7762.5,7688.916130629716
1788462000,7762.5,7763,7760,7761.75,7689.206884599258
1788462300,7761.75,7762.75,7760.5,7761.5,7689.495479870319
1788462600,7761.5,7762.25,7758.75,7759.5,7689.774939032513
1788462900,7759.25,7761.5,7758.5,7761.5,7690.061266621206
1788463200,7761.5,7761.75,7756.75,7757.5,7690.33048312172
1788463500,7757.5,7759.75,7757,7759.75,7690.607606941593
1788463800,7759.75,7761,7758,7758.25,7690.8776364548
1788464100,7758.25,7761,7758.25,7759.75,7691.152576029831
1788464400,7759.5,7760.75,7757.25,7757.5,7691.41743600576
1788464700,7757.5,7759.5,7756.5,7757.75,7691.682236660427
1788465000,7757.75,7759,7755.75,7757.5,7691.944982222662
1788465300,7757.75,7757.75,7752,7756.25,7692.201688880456
1788465600,7756.25,7757,7751,7753,7692.444396709276
1788465900,7753.25,7754.75,7752,7753.75,7692.689129656544
1788466200,7754,7754.25,7752.5,7753.5,7692.931887621987
1788466500,7753.5,7753.75,7750.75,7750.75,7693.162698449843
1788466800,7750.75,7751.25,7750,7750.25,7693.390591869205
1788467100,7750.25,7751,7750,7750.25,7693.617575534398
1788467400,7750.25,7751.25,7750,7751,7693.846647089152
1788467700,7751,7752,7750.75,7751,7694.0748041866
1788468000,7750.75,7751.5,7750.5,7750.75,7694.30105247328
1788468300,7750.5,7751,7749,7749.25,7694.5204095492345
1788468600,7749.25,7749.5,7748,7749.25,7694.73889094824
1788468900,7749.5,7750,7748.75,7749.25,7694.956500166011
1788472800,7749.75,7751.75,7749,7750,7695.176234696287
1788473100,7750,7750.25,7748.25,7748.5,7695.389104018856
1788473400,7748.5,7750.25,7748.25,7749.5,7695.6051155796595
1788473700,7749.5,7751.75,7749.5,7751,7695.826252842815
1788474000,7751,7751,7750,7750.75,7696.045509318492
1788474300,7750.5,7751.25,7749.75,7751,7696.264888522809
1788474600,7750.75,7752.25,7750.75,7752.25,7696.4883819818
1788474900,7752.25,7752.5,7751.5,7751.75,7696.708987243349
1788475200,7751.75,7752,7751.25,7751.75,7696.928711845172
1788475500,7751.75,7752.25,7751.5,7751.75,7697.147559302876
1788475800,7751.75,7752.5,7751.75,7752,7697.366531122027
1788476100,7752.25,7753.25,7752.25,7753,7697.588620818146
1788476400,7753,7753.5,7752.5,7753.5,7697.811819936637
1788476700,7753.25,7753.75,7752.5,7753.5,7698.034128040683
1788477000,7753.5,7753.75,7752.25,7752.5,7698.251556671259
1788477300,7752.5,7752.75,7751.25,7752.75,7698.469115327262
1788477600,7752.75,7752.75,7752,7752.25,7698.683809477652
1788477900,7752.5,7753.25,7752.25,7752.75,7698.8996425735495
1788478200,7752.75,7753,7752,7752.25,7699.112618052298
1788478500,7752.5,7752.75,7752.25,7752.75,7699.326739337518
1788478800,7752.75,7753.5,7752.75,7752.75,7699.540005847149
1788479100,7752.75,7754,7752.5,7753.5,7699.755415005444
1788479400,7753.5,7754.25,7752,7752.25,7699.964974226979
1788479700,7752.5,7753.25,7752.25,7752.75,7700.17569289274
1788480000,7752.5,7752.5,7750.5,7752.25,7700.383574358238
1788480300,7752.25,7753.25,7751.75,7752.75,7700.59262196559
1788480600,7752.5,7754,7751.75,7752.25,7700.798839043572
1788480900,7752,7753.75,7751.25,7753.5,7701.009222919645
1788481200,7753.75,7755,7753.5,7754.75,7701.2237569598865
1788481500,7754.5,7754.75,7753,7754,7701.434440564837
1788481800,7754,7755,7753.5,7754.5,7701.646279125456
1788482100,7754.25,7755,7753.5,7755,7701.859268031143
1788482400,7754.75,7755,7754.5,7754.75,7702.070408677725
1788482700,7754.75,7756,7754.75,7756,7702.285696467435
1788483000,7755.75,7757,7755.75,7756.75,7702.503118836827
1788483300,7756.5,7756.5,7756,7756,7702.7166792406715
1788483600,7756,7756,7753.75,7754.75,7702.924397088014
1788483900,7754.75,7755.25,7754.25,7755,7703.132283726385
1788484200,7754.75,7755.25,7753.5,7754,7703.335348462008
1788484500,7754,7754.75,7753,7754.5,7703.539598567949
1788484800,7754.5,7756.5,7754.5,7756,7703.749021328156
1788485100,7756,7756.5,7754.75,7756,7703.957608069361
1788485400,7756,7756.5,7755.5,7756.5,7704.167358136949
1788485700,7756.5,7757.25,7755.5,7755.75,7704.373276866941
1788486000,7755.75,7757,7755.25,7756.75,7704.582365582042
1788486300,7756.75,7756.75,7755.25,7755.25,7704.784631587703
1788486600,7755.25,7755.5,7754.5,7754.75,7704.984094136255
1788486900,7754.5,7756.75,7753.75,7756.5,7705.189746455073
1788487200,7756.5,7756.75,7755,7755.75,7705.391583794573
1788487500,7755.5,7756.75,7755.5,7756.75,7705.59660741216
1788487800,7756.5,7757.5,7756.5,7757,7705.801810576183
1788488100,7757,7757,7756.5,7757,7706.006194565899
1788488400,7757,7757.5,7756.25,7757.25,7706.210760655456
1788488700,7757.5,7757.75,7757,7757.25,7706.4145101139175
1788489000,7757.5,7758.75,7756.75,7756.75,7706.615450193303
1788489300,7756.5,7757,7755.75,7757,7706.816586120675
1788489600,7757.25,7757.5,7756.25,7756.5,7707.01492310223
1788489900,7756.5,7757.5,7756,7757.25,7707.215462331363
1788490200,7757.5,7758.25,7757.25,7758.25,7707.419193020659
1788490500,7758.5,7758.5,7758,7758,7707.621112409798
1788490800,7758,7758.25,7757.75,7757.75,7707.82122772952
1788491100,7757.75,7758,7757.5,7757.5,7708.0195461816975
1788491400,7757.5,7757.5,7756.75,7757.25,7708.216074939455
1788491700,7757.25,7758.75,7757.25,7758.75,7708.417807175226
1788492000,7758.5,7759.25,7757.5,7757.75,7708.614742076722
1788492300,7758,7758.25,7757.5,7757.75,7708.810890810947
1788492600,7758,7758.75,7758,7758.5,7709.009250528268
1788492900,7758.5,7759.25,7758.5,7758.75,7709.2078163944225
1788493200,7759,7759,7757.75,7757.75,7709.401597566501
1788493500,7757.75,7758,7757,7757.75,7709.594605161045
1788493800,7757.75,7758,7757.5,7758,7709.787840270183
1788494100,7757.75,7758.25,7757.5,7757.5,7709.978307973695
1788494400,7757.75,7758,7756.5,7756.75,7710.165021315118
1788494700,7756.75,7757.5,7756,7757.5,7710.353983305876
1788495000,7757.5,7759,7757.25,7758.75,7710.54718097731
1788495300,7758.75,7758.75,7757.75,7758,7710.736613388578
1788495600,7758,7759.75,7758,7759.5,7710.931277606588
1788495900,7759.5,7761,7759.25,7760.75,7711.130154741891
1788496200,7760.75,7761.75,7760.5,7761.5,7711.33123196847
1788496500,7761.5,7761.5,7760,7760.25,7711.52651647159
1788496800,7760.25,7760.25,7759.75,7760.25,7711.721021395855
1788497100,7760.25,7760.5,7759.5,7759.75,7711.912753845373
1788497400,7759.5,7760.5,7759.5,7760.5,7712.106714907866
1788497700,7760.5,7761.5,7760.25,7761.25,7712.302895686677
1788498000,7761.25,7761.75,7760.5,7761.5,7712.499291312679
1788498300,7761.25,7762.75,7761.25,7762.25,7712.697896936181
1788498600,7762.25,7763.25,7761.75,7762.75,7712.897705730847
1788498900,7762.75,7764.5,7762.5,7764.25,7713.102704909566
1788499200,7764,7764.5,7762.75,7763.5,7713.303891716314
1788499500,7763.75,7764,7762.25,7762.5,7713.500283366149
1788499800,7762.5,7763.5,7762,7763.5,7713.6998830333505
1788500100,7763.5,7763.75,7762.75,7763.5,7713.898685895493
1788500400,7763.5,7763.5,7762,7762.25,7714.091705113476
1788500700,7762.5,7763,7761,7761,7714.278963775697
1788501000,7761,7761,7759.5,7760.25,7714.462480886373
1788501300,7760,7762,7759.75,7761.5,7714.650255413772
1788501600,7761.25,7762.25,7760.75,7761.25,7714.836282338269
1788501900,7761.25,7762,7760.75,7761.5,7715.022564644303
1788502200,7761.5,7763.75,7761.5,7763.5,7715.216087340334
1788502500,7763.5,7763.5,7760.75,7762,7715.402849466719
1788502800,7762,7763.25,7762,7763,7715.592858051682
1788503100,7763,7764,7762.5,7762.75,7715.781110115348
1788503400,7762.5,7762.75,7760,7760.5,7715.959628637842
1788503700,7760.5,7760.75,7759.25,7759.75,7716.134440499567
1788504000,7759.75,7760.5,7759,7759.5,7716.307556505557
1788504300,7759.5,7759.5,7757.25,7757.5,7716.47199739775
1788504600,7757.5,7757.5,7756,7756.5,7716.631789823307
1788504900,7756.5,7756.5,7755,7755.75,7716.787950342975
1788505200,7755.75,7757,7754.75,7756.25,7716.945483475339
1788505500,7756.25,7757.75,7755,7757.25,7717.1063797488905
1788505800,7757.5,7759.25,7757.25,7758.25,7717.270625737917
1788506100,7758.5,7759.25,7756.25,7759,7717.437210066309
1788506400,7759,7759.5,7757.75,7758.5,7717.601133379417
1788506700,7758.25,7759.75,7757,7759.5,7717.76839432401
1788507000,7759.75,7761.5,7759.75,7761,7717.940975584193
1788507300,7761.25,7761.25,7759.25,7760.75,7718.111869893239
1788507600,7760.75,7762.75,7760.75,7762,7718.287072009433
1788507900,7761.75,7763,7761.5,7763,7718.46556673195
1788508200,7762.75,7762.75,7760.25,7760.25,7718.6323708567725
1788508500,7760.5,7760.5,7758.75,7759.75,7718.7965130888815
1788508800,7760,7761,7758.5,7759,7718.957006050602
1788509100,7759,7760.5,7758.5,7758.5,7719.114862313873
1788509400,7758.75,7761,7758.5,7759.25,7719.275082424397
1788509700,7759.5,7760.25,7759,7759.75,7719.436658941665
1788510000,7759.75,7760.75,7759.5,7759.5,7719.596592438904
1788510300,7759.5,7761.75,7758.75,7761.5,7719.763871511004
1788510600,7761.5,7762.25,7760.25,7760.25,7719.925492782418
1788510900,7760.5,7761,7759,7759.75,7720.08447285115
1788511200,7760,7761.25,7759.75,7761,7720.24780828887
1788511500,7761,7761.5,7759.75,7760.25,7720.407497676939
1788511800,7760.25,7762.25,7760,7761.75,7720.572537606372
1788512100,7761.75,7763,7761.25,7762,7720.7379166977635
1788512400,7762,7762.25,7760.75,7761.75,7720.90163758919
1788512700,7761.75,7761.75,7760,7760.5,7721.059714884243
1788513000,7760.5,7760.75,7757.75,7758,7721.20718109229
1788513300,7758,7759,7757.75,7758.75,7721.357052624856
1788513600,7758.5,7758.5,7755.5,7755.75,7721.494349819966
1788513900,7755.75,7757,7755.5,7756.5,7721.634092934458
1788514200,7756.5,7757.25,7755.5,7756.75,7721.774276196196
1788514500,7756.75,7757.75,7756.75,7757.75,7721.917891860084
1788514800,7757.75,7758.75,7757.75,7758,7722.06193221194
1788515100,7758,7759,7757.75,7758.25,7722.206395556404
1788515400,7758.25,7759,7757.75,7758.25,7722.350282200889
1788515700,7758.25,7759.75,7757.5,7758.25,7722.493594447592
1788516000,7758.25,7759.25,7758.25,7759,7722.639328601494
1788516300,7758.75,7759.75,7758.25,7759.75,7722.787474994302
1788516600,7759.5,7760.75,7758.75,7760,7722.936027988337
1788516900,7760,7760.25,7759.25,7760,7723.083987956447
1788517200,7760,7760.25,7759.5,7760.25,7723.2323552699945
1788517500,7760.5,7763.25,7760,7761.25,7723.384122314825
1788517800,7761,7761,7759.5,7759.5,7723.5282974752445
1788518100,7759.5,7760.75,7759,7760.75,7723.676887106082
1788518400,7760.75,7762.25,7760,7761.25,7723.8268795727245
1788518700,7761,7763.75,7761,7762.25,7723.980265283013
1788519000,7762.25,7762.5,7761.5,7762.25,7724.133038675097
1788519300,7762,7762.25,7761.25,7761.75,7724.283206185376
1788519600,7761.75,7762.25,7757.75,7758.5,7724.41980017266
1788519900,7758.25,7759.5,7758,7758,7724.553852866581
1788520200,7757.75,7758.5,7757.25,7758.25,7724.688368424
1788520500,7758.25,7759.25,7758.25,7758.5,7724.823344997158
1788520800,7758.75,7759.5,7758.25,7759,7724.959778749664
1788521100,7759,7760.5,7758.5,7758.5,7725.093671848468
1788521400,7758.75,7760.75,7758.75,7759.75,7725.232020463844
1788521700,7760,7760.5,7759.5,7759.75,7725.369816789337
1788522000,7759.75,7761,7759.5,7760.5,7725.510057041675
1788522300,7760.5,7762,7760.25,7761.5,7725.653729468655
1788522600,7761.5,7762.25,7761,7762,7725.798824360996
1788522900,7762,7764,7761.75,7762,7725.94334003221
1788523200,7762,7763,7754.75,7755,7726.05933468278
1788523500,7755,7756.75,7750.75,7755,7726.174866280853
1788523800,7755.25,7755.75,7749.75,7750.25,7726.270974599093
1788524100,7750.25,7753.25,7748.5,7753,7726.377677295304
1788524400,7753,7755.75,7753,7755.75,7726.494932076561
1788524700,7755.5,7761.5,7754.5,7758.75,7726.623694822762
1788525000,7760.75,7762,7732,7738,7726.6691092146875
1788525300,7738.25,7743.25,7736.75,7740.5,7726.724322351555
1788525600,7740.5,7744.5,7739,7739.5,7726.77532306073
1788525900,7739.75,7740,7731.25,7734.75,7726.807158098412
1788526200,7734.75,7740.5,7734,7736.5,7726.84585207806
1788526500,7736.5,7739.25,7735,7738.25,7726.891377618666
1788526800,7738.25,7739.5,7733.75,7736.25,7726.928737388652
1788527100,7736.25,7739.5,7735.25,7736.25,7726.965948017839
1788527400,7736.5,7738.75,7735.25,7738.5,7727.011992137528
1788527700,7738.25,7741.25,7737.75,7739.75,7727.062842468316
1788528000,7739.75,7743.25,7739.25,7743.25,7727.127461859661
1788528300,7743,7743,7740.5,7742,7727.186833269403
1788528600,7742.25,7750.5,7740.75,7749,7727.273911779305
1788528900,7749,7751,7744.75,7746.75,7727.351660634477
1788529200,7746.75,7747.25,7739.75,7743.5,7727.416125063082
1788529500,7743.5,7748.25,7740.25,7747.25,7727.495302208539
1788529800,7747,7747,7741.75,7745.75,7727.568175253615
1788530100,7745.75,7747.75,7743,7745,7727.637763376355
1788530400,7745,7745.5,7740,7741.75,7727.694099650302
1788530700,7741.75,7743.25,7736.75,7737.25,7727.732246957087
1788531000,7737.25,7738.75,7730.25,7738.5,7727.775231999175
1788531300,7738.25,7739,7731.5,7731.5,7727.790101332512
1788531600,7731.75,7734.5,7730.5,7732.75,7727.809901327192
1788531900,7733,7735,7729.5,7734.25,7727.83561030393
1788532200,7734.25,7735.25,7729.5,7730,7727.844250582158
1788532500,7730,7733.75,7729.75,7733.25,7727.865830420153
1788532800,7733.25,7733.25,7724.5,7725,7727.854389979354
1788533100,7725,7727,7719.5,7719.75,7727.822037125145
1788533400,7719.5,7723.5,7717.25,7717.5,7727.780831388118
1788533700,7717.75,7719.75,7715,7716.25,7727.734800125091
1788534000,7716.25,7718.25,7712.25,7717,7727.691946631578
1788534300,7716.75,7719.5,7715.5,7718.5,7727.655252233847
1788534600,7718.5,7721.5,7716,7721.25,7727.62968236465
1788534900,7721.25,7722,7714.5,7715.25,7727.58026247497
1788535200,7715.5,7716.5,7712.75,7714.75,7727.529043862296
1788535500,7714.75,7717,7713,7716.25,7727.484017739093
1788535800,7716.5,7716.75,7711.75,7714,7727.430189324965
1788536100,7714,7717.25,7713.75,7717,7727.38855184263
1788536400,7717.25,7722.5,7716.5,7721.75,7727.366042653637
1788536700,7721.75,7722.75,7718.25,7720,7727.336637293743
1788537000,7720,7721.75,7718.75,7721,7727.311341336482
1788537300,7720.75,7722.25,7718.25,7721.25,7727.287144365078
1788537600,7721.25,7723.25,7720.25,7722.75,7727.269032012324
1788537900,7722.75,7726.25,7721,7725.5,7727.261970008282
1788538200,7725.5,7729.5,7724.75,7729.25,7727.269906255754
1788538500,7729.5,7730.75,7727.5,7730.5,7727.282800841559
1788538800,7730.5,7733.5,7729.75,7730.5,7727.295643951972
1788539100,7730.75,7730.75,7727.75,7728.5,7727.300451760547
1788539400,7728.5,7731.25,7727.25,7731,7727.315220416193
1788539700,7731,7731.25,7728.75,7729.5,7727.323942091179
1788540000,7729.75,7731.75,7729,7731.25,7727.339614977042
1788540300,7731.25,7734.25,7730.75,7734,7727.366203340407
1788540600,7734,7735.25,7732.5,7732.75,7727.387695542641
1788540900,7732.75,7733.5,7730.5,7730.75,7727.401117915724
1788541200,7730.75,7731.5,7725.5,7726.25,7727.396522634624
1788541500,7726.25,7728.5,7725.25,7725.25,7727.38795368199
1788541800,7725.25,7726.75,7724.75,7725.5,7727.380416940745
1788542100,7725.5,7726.75,7724,7724.75,7727.369916274315
1788542400,7724.5,7725.75,7722.5,7723,7727.352471498769
1788542700,7722.75,7724,7719.75,7720.5,7727.325116323125
1788543000,7720.5,7720.5,7716.25,7718.25,7727.288888313851
1788543300,7718.25,7719.25,7717,7718.5,7727.253802931361
1788543600,7718.5,7718.5,7714.5,7715,7727.20488555439
1788543900,7714.75,7717,7712.75,7715.5,7727.158159464352
1788544200,7715.5,7716.75,7714.5,7715.5,7727.111619905612
1788544500,7715.5,7717,7714.5,7716.25,7727.06826014551
1788544800,7716,7717.75,7713.75,7715,7727.020083458302
1788545100,7715,7717.75,7713.5,7717.75,7726.983077137111
1788545400,7717.75,7719,7717,7718.25,7726.9482145537295
1788545700,7718.25,7720,7717.5,7719.5,7726.918481162297
1788546000,7719.75,7721.5,7719,7720.5,7726.892858483006
1788546300,7720.75,7721.5,7719.25,7720.5,7726.867338089861
1788546600,7720.75,7722.25,7720.25,7721.75,7726.846909594492
1788546900,7721.75,7722,7719.5,7720.5,7726.821572630043
1788547200,7720.5,7723.75,7719.5,7723.25,7726.807314855073
1788547500,7723.5,7724.5,7722.5,7724.25,7726.797106013336
1788547800,7724.25,7725,7723.25,7724,7726.785939921467
1788548100,7724.25,7725.75,7723.25,7724.25,7726.775816408806
1788548400,7724.25,7726,7718.25,7718.75,7726.743777221545
1788548700,7719,7720,7718,7718.5,7726.71086793124
1788549000,7718.75,7720,7717.5,7718,7726.676094007363
1788549300,7718,7719.5,7717.5,7718,7726.641458901545
1788549600,7718,7720,7717.75,7719.25,7726.611952079583
1788549900,7719,7722.5,7719,7722,7726.593541093237
1788550200,7721.75,7722.5,7720.25,7721.75,7726.574205599851
1788550500,7721.75,7721.75,7718,7719.5,7726.545965258135
1788550800,7719.25,7721.25,7718.5,7720.75,7726.522827672274
1788551100,7721,7724,7720.5,7723.25,7726.509762491945
1788551400,7723.25,7726,7722.5,7725.5,7726.505731503954
1788551700,7725.75,7726.75,7719.25,7723.75,7726.494730579787
1788552000,7723.75,7724.25,7718.75,7718.75,7726.463813491644
1788552300,7719,7719.25,7716.25,7717.5,7726.428029805051
1788552600,7717.25,7719.75,7717.25,7718.5,7726.396380983474
1788552900,7718.75,7719.25,7717.5,7717.75,7726.361864492522
1788553200,7718,7718.25,7716,7716.5,7726.322495771993
1788553500,7716.5,7716.75,7716,7716.25,7726.282286208033
1788553800,7716.25,7716.5,7713.75,7714.75,7726.236249137342
1788554100,7714.75,7715.75,7714,7714.5,7726.189397843381
1788554400,7714.5,7715.75,7714.25,7715.75,7726.147723600493
1788554700,7716,7716.5,7714.75,7715,7726.103221709872
1788555000,7715,7717,7714.5,7716.5,7726.064885495462
1788555300,7716.5,7716.75,7714.5,7715,7726.020714295879
1788732000,7715.5,7723.75,7715.25,7721.5,7726.002667532222
1788732300,7721.5,7722.25,7720.75,7721.5,7725.984692811535
1788732600,7721.25,7722.25,7721.25,7721.75,7725.967787850212
1788732900,7721.5,7722.25,7721.25,7721.5,7725.949952369771
1788733200,7721.75,7722,7721.25,7721.75,7725.933186092846
1788733500,7721.75,7722.25,7721.25,7721.25,7725.914490739182
1788733800,7721.5,7722.5,7721,7721.5,7725.89686802166
1788734100,7721.5,7722.25,7721,7722,7725.881311662292
1788734400,7722,7722.5,7721.75,7721.75,7725.864819400167
1788734700,7722,7722.25,7721.75,7722,7725.849390979408
1788735000,7722,7723,7722,7722.5,7725.836020157135
1788735300,7722.5,7722.75,7722,7722,7725.820706703414
1788735600,7722,7722.25,7721.5,7722.25,7725.806452385236
1788735900,7722.25,7723,7721.5,7721.5,7725.789260958549
1788736200,7721.5,7721.75,7721.25,7721.25,7725.771140156319
1788736500,7721.25,7722,7720.75,7721.75,7725.755087700605
1788736800,7721.75,7722,7720.25,7720.5,7725.734109306591
1788737100,7720.5,7720.5,7719.5,7720,7725.7112186506765
1788737400,7719.75,7720.5,7719,7719,7725.684427358658
1788737700,7719.25,7722.5,7719.25,7721.5,7725.667723057824
1788738000,7721.75,7722.25,7720.75,7722,7725.6530814488115
1788738300,7722,7722.5,7720.75,7722,7725.638498289335
1788738600,7722,7722,7721.25,7721.25,7725.620979334089
1788738900,7721.25,7721.25,7719,7720,7725.598540294831
1788739200,7720,7720.5,7718.25,7718.75,7725.571200812616
1788739500,7718.75,7723,7718.75,7721.5,7725.554948513963
1788739800,7721.25,7723.25,7721,7721.75,7725.539759098738
1788740100,7721.75,7722.5,7719.75,7720,7725.5176442919565
1788740400,7720,7720.25,7718.5,7718.5,7725.4896297438845
1788740700,7718.5,7720.25,7718,7718.25,7725.460729026344
1788741000,7718.25,7718.75,7717.25,7717.5,7725.4289496689535
1788741300,7717.25,7718.75,7716.25,7717,7725.395301167281
1788741600,7717,7719.5,7716.5,7718.75,7725.3687730189085
1788741900,7718.75,7719.75,7718.75,7719.5,7725.345344783304
1788742200,7719.5,7719.5,7717.5,7718.75,7725.319016061615
1788742500,7719,7719,7716.5,7716.75,7725.284808412666
1788742800,7717,7719.5,7716,7719.5,7725.261715365111
1788743100,7719.75,7720.25,7715.75,7715.75,7725.2237444454895
1788743400,7716,7716.75,7715.5,7716.5,7725.188919118362
1788743700,7716.25,7716.75,7715.25,7716,7725.152236806512
1788744000,7716.25,7717,7715.25,7717,7725.119692947004
1788744300,7717,7719.75,7716.5,7719.75,7725.098257047016
1788744600,7719.75,7721,7718.75,7720.5,7725.079900731459
1788744900,7720.5,7721,7719.25,7721,7725.063613702591
1788745200,7720.75,7721.25,7719.5,7720,7725.043399675835
1788745500,7720,7720.25,7719.25,7719.75,7725.022268339803
1788745800,7719.75,7720.25,7719,7720,7725.0022193643945
1788746100,7719.75,7720.5,7719.25,7720.25,7724.983248428808
1788746400,7720.5,7720.75,7718.75,7719,7724.959363205539
1788746700,7719.25,7720,7719,7719.75,7724.938567344439
1788747000,7719.75,7719.75,7718.5,7719.25,7724.915858492765
1788747300,7719.5,7719.75,7718.25,7718.5,7724.890246283214
1788747600,7718.5,7718.75,7717,7717.75,7724.861742306035
1788747900,7718,7719.5,7717.5,7719,7724.838342137149
1788748200,7719,7720.75,7719,7720.75,7724.822021410055
1788748500,7720.75,7721.5,7720.75,7721.5,7724.8087598475395
1788748800,7721.5,7721.75,7720.25,7720.5,7724.791559209426
1788749100,7720.5,7720.5,7719.75,7720.5,7724.774427236534
1788749400,7720.25,7720.25,7717.75,7718,7724.747383614832
1788749700,7718,7718,7716,7716.25,7724.713461923755
1788750000,7716.25,7716.25,7714.5,7715.5,7724.676681636634
1788750300,7715.5,7715.75,7714.25,7714.75,7724.637054165031
1788750600,7714.5,7714.5,7712.75,7714,7724.594590874951
1788750900,7714,7714.75,7713.75,7714.5,7724.554293106987
1788751200,7714.5,7716.75,7714,7716,7724.520144232308
1788751500,7716,7717.75,7715.75,7717.25,7724.491121700442
1788751800,7717,7720.75,7716.75,7720.75,7724.476187082875
1788752100,7720.75,7720.75,7718,7718,7724.450334040628
1788752400,7718,7718.5,7715.5,7715.75,7724.41560216821
1788752700,7715.5,7716.75,7715,7716.75,7724.38500096195
1788753000,7716.5,7716.5,7715.5,7715.75,7724.350529900225
1788753300,7715.75,7716,7714,7714.75,7724.312204431561
1788753600,7714.75,7714.75,7712.75,7713,7724.2670459308365
1788753900,7712.75,7714,7712.75,7714,7724.226059719535
1788754200,7714,7714.25,7713.25,7713.5,7724.18324111786
1788754500,7713.5,7713.75,7712.25,7712.5,7724.136601432759
1788754800,7712.5,7712.75,7711.25,7711.5,7724.086155918057
1788755100,7711.5,7712.5,7711.5,7712.25,7724.038905794631
1788755400,7712.25,7712.5,7710.5,7711.25,7723.987852278485
1788755700,7711,7711.5,7709.75,7711,7723.936004564798
1788756000,7711,7712,7711,7711.5,7723.886359835997
1788756300,7711.5,7712.25,7711.25,7711.75,7723.837911293737
1788756600,7711.75,7712.75,7711.5,7712.25,7723.791652166816
1788756900,7712.5,7714.5,7712.25,7714.25,7723.753561739004
1788757200,7714,7714,7712.75,7713.75,7723.713627360805
1788757500,7713.75,7713.75,7712.25,7712.5,7723.668862381321
1788757800,7712.5,7713,7711.25,7712.25,7723.623278100357
1788758100,7712,7713.5,7711.25,7713.25,7723.58186780854
1788758400,7713.5,7714.25,7713,7714.25,7723.544614843237
1788758700,7714.25,7716.25,7714,7715.75,7723.5134986163175
1788759000,7715.75,7717.25,7715.5,7716.5,7723.4855006178495
1788759300,7716.5,7717.75,7716.5,7716.5,7723.4576143878385
1788759600,7716.5,7720,7716,7719.75,7723.442813531999
1788759900,7719.75,7720.25,7718.75,7719.5,7723.42707375742
1788760200,7719.25,7719.25,7717,7717.75,7723.404410788328
1788760500,7717.75,7717.75,7715.25,7715.5,7723.372856254243
1788760800,7715.5,7717,7715.5,7716.5,7723.345419702329
1788761100,7716.5,7717,7714,7715.25,7723.313102657609
1788761400,7715.25,7719.25,7715,7719,7723.295884682928
1788761700,7719,7720.25,7718.25,7719.75,7723.281729454653
1788762000,7719.75,7720.75,7718.75,7720.75,7723.271622750243
1788762300,7720.5,7720.75,7718.75,7719.75,7723.257564375991
1788762600,7719.75,7722.5,7719.25,7722.5,7723.254540166905
1788762900,7722.75,7723.75,7721.5,7723.5,7723.2555200464785
1788763200,7723.5,7725,7722.25,7722.25,7723.251505994397
1788763500,7722.5,7722.5,7720.25,7720.75,7723.241519942523
1788763800,7720.5,7722.5,7720,7722.25,7723.23756177908
1788764100,7722.25,7724,7722,7724,7723.240605444633
1788764400,7724,7726.5,7722.5,7726.25,7723.252618995752
1788764700,7726.25,7728.5,7726,7726.5,7723.265582592575
1788765000,7726.75,7727.25,7724.5,7725.25,7723.273504418553
1788765300,7725.25,7725.25,7723,7723.5,7723.274408592531
1788765600,7723.25,7724.75,7721.75,7724.75,7723.280299176991
1788765900,7724.5,7724.75,7720.75,7720.75,7723.270198182273
1788766200,7720.75,7722.5,7720.25,7721.75,7723.264129526855
1788766500,7721.5,7723,7720.5,7721,7723.25509108563
1788766800,7721.25,7721.25,7716.5,7718.25,7723.235110682094
1788767100,7718.25,7722,7717.75,7722,7723.230180100529
1788767400,7722,7724.25,7720.25,7722,7723.225269201924
1788767700,7721.75,7724.75,7721.75,7724,7723.22836193964
1788768000,7724,7724.25,7721.5,7723.25,7723.228448319122
1788768300,7723.25,7724.75,7722.75,7724,7723.231528365753
1788768600,7723.75,7723.75,7719,7721.5,7723.224616076867
1788768900,7721.5,7723.75,7721.25,7723.25,7723.224717409894
1788769200,7723.25,7723.75,7721.25,7722.25,7723.220826322429
1788769500,7722.25,7722.5,7721.75,7722.25,7723.216950768248
1788769800,7722.25,7723,7721.25,7722.25,7723.213090685341
1788770100,7722.25,7723,7722,7722.25,7723.209246011947
1788770400,7722.25,7722.25,7720.75,7720.75,7723.199428662598
1788770700,7721,7721.5,7719,7721.25,7723.191646512248
1788771000,7721,7722,7720.5,7721.5,7723.184893432359
1788771300,7721.75,7722.25,7720.5,7720.75,7723.175173298896
1788771600,7721,7721.75,7720.75,7721,7723.166489972354
1788771900,7721,7721.25,7719.5,7720.25,7723.154847297813
1788772200,7720.25,7720.75,7719.25,7719.75,7723.141255093031
1788772500,7719.5,7719.75,7717.5,7718.25,7723.121729124596
1788772800,7718.25,7718.5,7716.25,7716.75,7723.096293080186
1788773100,7717,7718,7716.75,7717.5,7723.073952588848
1788773400,7717.5,7717.75,7716,7716,7723.045713257156
1788773700,7716,7717.5,7715,7717.25,7723.022576677287
1788774000,7717.25,7719.25,7717.25,7718.5,7723.004522478975
1788774300,7718.75,7719,7718,7718,7722.984544345326
1788774600,7718.25,7718.75,7717.75,7718.75,7722.967639976682
1788774900,7718.75,7718.75,7716.5,7716.75,7722.942819058611
1788775200,7717,7719.25,7717,7717.75,7722.92208924201
1788775500,7717.75,7718.25,7716.5,7717.75,7722.901442179167
1788775800,7717.5,7718.5,7717.5,7718.5,7722.883871551705
1788776100,7718.5,7719.25,7718.5,7719.25,7722.869365078444
1788776400,7719,7720.25,7718.25,7719.25,7722.854916515257
1788776700,7719,7719,7718,7718,7722.835535611005
1788777000,7718,7719,7717.75,7718,7722.816232075632
1788777300,7717.75,7718,7716.25,7717.25,7722.794011588304
1788777600,7717.5,7718.5,7717.5,7718,7722.774873817492
1788777900,7717.75,7718.25,7715.25,7715.5,7722.745832405048
1788778200,7715.5,7716.5,7712.75,7713,7722.706926886464
1788778500,7713,7714.25,7710.5,7712,7722.664184663365
1788778800,7712,7712.5,7707.5,7710.25,7722.614627039958
1788779100,7710.25,7711.75,7706.75,7707.5,7722.554289207463
1788779400,7707.5,7711.75,7707,7711.25,7722.509162304439
1788779700,7711.25,7711.5,7709.25,7710.25,7722.460223532765
1788780000,7710.5,7710.75,7705.25,7705.75,7722.393516053592
1788780300,7705.75,7707.25,7705,7707.25,7722.333062895694
1788780600,7707.25,7709,7705.5,7706,7722.267861047807
1788780900,7706,7708,7705.25,7707.75,7722.209905514682
1788781200,7707.75,7709.25,7707.5,7707.5,7722.151183336979
1788781500,7707.5,7709.25,7707.5,7708.5,7722.096687595114
1788781800,7708.5,7708.5,7707.25,7707.5,7722.0384173851535
1788782100,7707.5,7707.75,7704.5,7705,7721.970399750881
1788782400,7705,7706.25,7704.75,7705.5,7721.904649652075
1788782700,7705.5,7709,7705.5,7706.5,7721.843154044682
1788783000,7706.75,7707,7704.5,7704.75,7721.774917900791
1788783300,7704.5,7705.25,7704,7705,7721.707952160667
1788783600,7705,7705.5,7703.5,7705.5,7721.643249756832
1788783900,7705.5,7705.5,7704.5,7705,7721.5768096380425
1788784200,7705,7707.5,7705,7705.5,7721.512630757252
1788784500,7705.5,7707.25,7704.75,7706.5,7721.452700095546
1788784800,7706.25,7707.5,7705,7706.25,7721.392010674007
1788785100,7706.5,7708.25,7706.5,7708,7721.338549553552
1788785400,7708.25,7713,7708.25,7712.75,7721.304263926592
1788785700,7712.75,7712.75,7709.75,7711.25,7721.26412714445
1788786000,7711,7711,7708.75,7710.5,7721.221156577007
1788786300,7710.25,7711.5,7709.25,7711,7721.18035355674
1788786600,7711.25,7714,7711,7713.5,7721.149693462701
1788786900,7713.75,7713.75,7711,7711,7721.1091757243275
1788787200,7711.25,7715.75,7711.25,7715.75,7721.08778180926
1788787500,7715.5,7716.25,7713.25,7714.5,7721.061483279083
1788787800,7714.75,7717.25,7714,7714.5,7721.0352897330595
1788788100,7714.5,7715,7712.25,7713,7721.003212728137
1788788400,7712.75,7714.25,7712,7713.25,7720.972261779123
1788788700,7713.5,7714.75,7712.75,7714.25,7720.945426402759
1788789000,7714.25,7714.75,7712.75,7714.25,7720.918698153646
1788789300,7714.25,7714.5,7712.75,7713.5,7720.889082592154
1788789600,7713.5,7715.75,7710.5,7710.75,7720.848607212545
1788789900,7710.75,7713.25,7710.25,7711,7720.809291415289
1788790200,7711,7711.5,7709.75,7710.5,7720.76813655934
1788790500,7710.5,7711.25,7709.25,7709.25,7720.722155974273
1788790800,7709.5,7710.25,7708.75,7709,7720.675360940443
1788791100,7708.75,7710.25,7708.75,7710,7720.632744729104
1788791400,7710.25,7710.25,7707,7707.25,7720.579320598449
1788791700,7707.25,7711.25,7706.5,7711,7720.5410797976565
1788792000,7710.75,7712,7708.75,7711.25,7720.503989658744
1788792300,7711.25,7711.25,7709.75,7710,7720.462057564298
1788792600,7709.75,7710,7708.5,7709.25,7720.4172988514665
1788792900,7709.25,7709.25,7704.5,7704.5,7720.353756740283
1788793200,7704.5,7707.75,7704.25,7706.5,7720.298452322158
1788793500,7706.25,7706.75,7705.25,7706.25,7720.242370676161
1788793800,7706.25,7706.25,7704.75,7705.5,7720.183518897014
1788794100,7705.25,7706.25,7704.75,7706,7720.126898063094
1788794400,7705.75,7706,7703.75,7704.25,7720.063517232503
1788794700,7704.25,7707,7703.5,7705.5,7720.00537943916
1788795000,7705.5,7707.25,7705.5,7706.25,7719.950467744792
1788795300,7706.25,7708.5,7705.75,7708,7719.902761286729
1788795600,7708,7708,7706,7707.5,7719.853249265625
1788795900,7707.75,7707.75,7706.5,7707.5,7719.803934897299
1788796200,7707.5,7707.75,7705.5,7706,7719.748829368767
1788796500,7705.75,7707.25,7705.5,7707.25,7719.698933842345
1788796800,7707.5,7708.5,7706.75,7708,7719.652231511636
1788797100,7708.25,7708.25,7706.5,7707,7719.60172360141
1788797400,7707,7708.75,7707,7708.75,7719.5584033475125
1788797700,7709,7709.5,7708.5,7708.75,7719.51525602876
1788798000,7709,7709.5,7707.5,7707.5,7719.467290934833
1788798300,7707.75,7708,7707,7707.75,7719.420515322318
1788798600,7707.75,7709.25,7707.5,7708.75,7719.377918454764
1788798900,7709,7710,7709,7709.75,7719.339483650553
1788799200,7709.75,7710.25,7709.5,7709.75,7719.301202278694
1788799500,7709.75,7710,7708.75,7709,7719.260079714708
1788799800,7709.25,7709.75,7708.75,7709,7719.219121312653
1788800100,7708.75,7710,7708.25,7708.75,7719.177328413201
1788818400,7710,7710.75,7707.25,7709.25,7719.137698359656
1788818700,7709.25,7709.75,7707.5,7709.25,7719.0982265099165
1788819000,7709.25,7709.75,7708.5,7708.75,7719.056916224447
1788819300,7708.75,7709,7707.5,7707.5,7719.010780830337
1788819600,7707.5,7708,7706.75,7707,7718.962833601474
1788819900,7707,7707.25,7705.5,7706,7718.911085762746
1788820200,7706,7706,7703.5,7703.5,7718.849564462295
1788820500,7703.75,7704,7702.5,7704,7718.790284763843
1788820800,7704,7705.5,7703.75,7705,7718.735233726862
1788821100,7705,7705,7703.5,7704.5,7718.6784064465155
1788821400,7704.5,7705,7703.5,7704.75,7718.622804025571
1788821700,7705,7705.75,7704.5,7704.75,7718.567423570379
1788822000,7704.75,7705.5,7704,7704,7718.509270182873
1788822300,7704,7704,7703,7704,7718.451348944617
1788822600,7704,7704.25,7703.5,7703.75,7718.392660924878
1788822900,7703.5,7704,7698.25,7701.5,7718.325225152723
1788823200,7701.75,7703.5,7701.5,7702.75,7718.263048605207
1788823500,7703,7704,7702.5,7703.5,7718.204114279438
1788823800,7703.25,7703.75,7702,7703.75,7718.14641322443
1788824100,7704,7708.25,7703.75,7707,7718.101916564851
1788824400,7706.75,7710,7706.5,7709.75,7718.068575580561
1788824700,7709.5,7713,7708.75,7712.5,7718.046345737924
1788825000,7712.5,7712.5,7710.25,7711.75,7718.021210625197
1788825300,7711.5,7712.25,7710.25,7712.25,7717.998171860227
1788825600,7712,7714.75,7711,7712.5,7717.976223070365
1788825900,7712.75,7713.25,7709.5,7712,7717.95236589244
1788826200,7712.25,7712.25,7709.5,7710,7717.920619920814
1788826500,7710,7710.5,7707,7709.25,7717.886006667637
1788826800,7709.5,7710.25,7704.25,7705.75,7717.837559535231
1788827100,7705.5,7711,7704.75,7710.5,7717.808267880399
1788827400,7710.75,7712.75,7709.5,7712.75,7717.78807519425
1788827700,7712.75,7713.25,7711.75,7712.75,7717.767963117626
1788828000,7713,7713,7710.5,7711.5,7717.742941308773
1788828300,7711.75,7712.25,7710.75,7711.5,7717.718019387381
1788828600,7711.5,7712.5,7711.5,7712.5,7717.697188970665
1788828900,7712.75,7712.75,7710.5,7711,7717.670453685353
1788829200,7711,7711.75,7705.25,7706.25,7717.6248630518785
1788829500,7706.25,7710.75,7703.75,7710.75,7717.597418488797
1788829800,7710.75,7711.5,7709.25,7711.25,7717.572079492834
1788830100,7711.25,7711.5,7709.5,7711.5,7717.5478396545395
1788830400,7711.5,7713.5,7711.25,7712.75,7717.528686602026
1788830700,7713,7713.25,7711.5,7712.5,7717.508612004813
1788831000,7712.75,7715.25,7712,7714.5,7717.496601577648
1788831300,7714.5,7717.75,7714,7716.5,7717.492623128236
1788831600,7716.5,7717,7715.5,7716,7717.486664552874
1788831900,7716,7718,7715.5,7718,7717.488713796176
1788832200,7718,7720,7717.25,7719.5,7717.496742882818
1788832500,7719.75,7720.75,7719.5,7720.5,7717.508731933186
1788832800,7720.5,7721.25,7718.5,7718.5,7717.512689091137
1788833100,7718.75,7719,7717.75,7718,7717.514634444066
1788833400,7718,7719.5,7718,7718.75,7717.519566043092
1788833700,7718.75,7719.75,7718.5,7718.75,7717.524477955096
1788834000,7719,7721.25,7718.5,7720,7717.534360278628
1788834300,7720,7720.25,7719,7719,7717.540211135799
1788834600,7719,7719.25,7718.25,7718.5,7717.544042628271
1788834900,7718.5,7719.75,7718,7719.25,7717.55085283734
1788835200,7719.25,7719.5,7717.5,7717.5,7717.550649832002
1788835500,7717.75,7718.25,7717.75,7718,7717.552443645048
1788835800,7717.75,7717.75,7713.75,7713.75,7717.537264229299
1788836100,7713.5,7714.25,7712.75,7713,7717.519151398044
1788836400,7713.25,7715,7713,7714,7717.5051028894695
1788836700,7713.75,7717,7713.75,7716.75,7717.502088506677
1788837000,7716.75,7718,7716.75,7717.5,7717.502080169325
1788837300,7717.5,7720,7717.25,7719.5,7717.510055897193
1788837600,7719.25,7720.25,7718.75,7719,7717.516003777842
1788837900,7719,7723,7718.75,7722.75,7717.536897974338
1788838200,7722.5,7723.25,7720.5,7721,7717.5507227329235
1788838500,7720.75,7722.25,7720.25,7721.5,7717.566488310836
1788838800,7721.5,7722.25,7721.25,7721.5,7717.582190952309
1788839100,7721.25,7722,7721,7721.75,7717.59882891258
1788839400,7721.5,7721.5,7720,7720,7717.608414425903
1788839700,7720.25,7723,7720,7722.5,7717.627941713624
1788840000,7722.5,7722.75,7721.25,7722.5,7717.6473910481
1788840300,7722.5,7723.75,7722.5,7723.25,7717.669756752499
1788840600,7723.25,7723.5,7722.5,7723,7717.6910351686565
1788840900,7723,7723.5,7722.25,7723.25,7717.713226645029
1788841200,7723.25,7724.5,7723.25,7724.25,7717.739321548642
1788841500,7724.25,7725,7723.5,7724,7717.76431427699
1788841800,7723.75,7723.75,7722.75,7723,7717.785215218
1788842100,7722.75,7725,7721.25,7724.75,7717.813018750064
1788842400,7725,7725.5,7724.25,7725,7717.841709293975
1788842700,7725,7725.75,7723.5,7724,7717.86629328881
1788843000,7724.25,7724.25,7723.25,7724,7717.890779143944
1788843300,7723.75,7724.5,7722.25,7723.25,7717.912173239178
1788843600,7723.25,7723.5,7721.75,7721.75,7717.927493904889
1788843900,7721.5,7722,7717.5,7718.25,7717.928781354371
1788844200,7718.25,7718.25,7715.5,7716.25,7717.922079632397
1788844500,7716.5,7720.5,7715,7720.5,7717.932370731669
1788844800,7720.75,7722.5,7719,7720,7717.940624740724
1788845100,7719.5,7720.75,7716.5,7716.5,7717.934873743755
1788845400,7716.25,7716.25,7711.5,7711.75,7717.910183629009
1788845700,7711.75,7716,7711.5,7716,7717.902558145461
1788846000,7716,7716,7709,7709.5,7717.869014999172
1788846300,7709.5,7711,7708.75,7710.75,7717.840595777618
1788846600,7710.5,7710.75,7705.75,7705.75,7717.79232992621
1788846900,7705.75,7706.75,7705,7705.5,7717.74325874886
1788847200,7705.75,7707,7702.25,7704.75,7717.691389452458
1788847500,7704.75,7704.75,7701.5,7703.5,7717.634737199154
1788847800,7703.5,7703.5,7700.5,7701.75,7717.571325074607
1788848100,7701.5,7702.75,7695.25,7695.25,7717.48221798848
1788848400,7695.25,7701,7694.75,7699.25,7717.409434683137
1788848700,7699,7699.75,7697.5,7697.75,7717.330953905959
1788849000,7697.75,7699.5,7696,7697.5,7717.251788421305
1788849300,7697.5,7701.75,7695,7701.75,7717.189905034394
1788849600,7701.5,7703.75,7701.5,7702.75,7717.132260702919
1788849900,7702.75,7704.75,7702.5,7702.75,7717.0748464885355
1788850200,7702.75,7703.5,7701,7701.25,7717.011673448661
1788850500,7701.5,7703.5,7701,7703.25,7716.956736628506
1788850800,7703.5,7706.5,7701.25,7706.5,7716.914993168912
1788851100,7706.5,7710.5,7705.5,7705.5,7716.869424333906
1788851400,7705.5,7707.5,7704.75,7705.5,7716.824037410417
1788851700,7705.25,7705.75,7702.25,7705.25,7716.7778336682595
1788852000,7705.25,7706.25,7702.25,7705.75,7716.733810380163
1788852300,7706,7706,7703.5,7704.5,7716.684972813775
1788852600,7704.5,7704.75,7698.75,7699.25,7716.6153721239
1788852900,7699.25,7701,7695.75,7695.75,7716.532077225202
1788853200,7696,7698,7693.5,7696,7716.450112845061
1788853500,7696,7696.5,7694.25,7695.25,7716.365481656059
1788853800,7695.25,7695.25,7690,7690.5,7716.2622262402665
1788854100,7690.5,7693.25,7690.25,7692.25,7716.166369049686
1788854400,7692.25,7693.75,7687.5,7689,7716.0579204706455
1788854700,7689,7696.5,7689,7692,7715.961880867968
1788855000,7692,7692.75,7689.25,7692.75,7715.869218668894
1788855300,7693,7695.25,7692,7693.25,7715.778922386783
1788855600,7693,7693.5,7690.5,7692.5,7715.685992556896
1788855900,7692.5,7694.5,7690.25,7690.75,7715.586447676429
1788856200,7690.5,7694.25,7688.25,7694,7715.500274232611
1788856500,7693.75,7694,7688.5,7690.75,7715.401470742661
1788856800,7690.75,7692,7689.25,7690,7715.300067665844
1788857100,7689.75,7695.5,7688.25,7691,7715.203061407697
1788857400,7691,7692,7688.25,7690.75,7715.105444396089
1788857700,7690.75,7692.75,7689.75,7692.5,7715.015203101095
1788858000,7692.5,7694.25,7689,7693.25,7714.928316062767
1788858300,7693,7696,7692.75,7695,7714.848761906828
1788858600,7695.25,7699,7694.75,7697.75,7714.7805033762625
1788858900,7697.75,7698,7696,7697,7714.709523322864
1788859200,7696.75,7699.5,7696.75,7699.25,7714.6478086589
1788859500,7699.5,7700.5,7698.25,7700.25,7714.590332376829
1788859800,7700.25,7702.75,7699.5,7701.75,7714.539073564945
1788860100,7701.75,7703.25,7701.5,7703.25,7714.494007403009
1788860400,7703,7706.75,7702.25,7703,7714.4481231419195
1788860700,7703,7705.5,7702.75,7705.25,7714.411404087461
1788861000,7705.5,7707.25,7705,7706.25,7714.378823632022
1788861300,7706.25,7709,7706,7709,7714.357351282194
1788861600,7709,7709,7705.75,7706.25,7714.324986606417
1788861900,7706,7707,7705.5,7705.5,7714.289757118966
1788862200,7705.5,7706.25,7703.75,7705.75,7714.255666272184
1788862500,7705.75,7706.5,7705,7706.5,7714.2247055285825
1788862800,7706.25,7718.25,7706.25,7707.25,7714.19686239274
1788863100,7707.25,7708.25,7706,7706.75,7714.167134399156
1788863400,7707,7707,7701.25,7702.5,7714.120559012333
1788863700,7702.5,7704.5,7702.5,7703.75,7714.079159575158
1788864000,7703.75,7704,7702,7703.25,7714.035929397213
1788864300,7703,7703,7699.5,7699.75,7713.978899738941
1788864600,7700,7700.5,7695.75,7698.5,7713.917107724015
1788864900,7698.5,7700.25,7698.25,7698.5,7713.855562383799
1788865200,7698.75,7700,7697.5,7699.25,7713.797256745541
1788865500,7699,7702,7694,7698,7713.7341938443615
1788865800,7698,7698,7693,7695.5,7713.66140265137
1788866100,7695.5,7700,7695.5,7700,7713.60686611384
1788866400,7700.25,7700.5,7697.25,7698.5,7713.546559263086
1788866700,7698.5,7699.25,7697.75,7698,7713.48449715026
1788867000,7698.25,7701.25,7696.75,7700.5,7713.432662830299
1788867300,7700.5,7701,7698.5,7698.5,7713.373051401834
1788867600,7698.5,7699.25,7697.25,7697.75,7713.310683931169
1788867900,7698,7698.5,7695.75,7697.25,7713.246569424457
1788868200,7697.25,7701.5,7697.25,7701.25,7713.1986789277535
1788868500,7701,7706.25,7700.75,7705.75,7713.168943682533
1788868800,7706,7706,7702.25,7703.25,7713.129347100966
1788869100,7703,7704.5,7702,7704.25,7713.093900605552
1788869400,7704,7704,7697.75,7698,7713.033645513315
1788869700,7698.25,7703,7696.25,7703,7712.993591040207
1788870000,7703,7704,7701,7703,7712.953696465196
1788870300,7703,7705.5,7703,7705.5,7712.923941189886
1788870600,7705.5,7710,7705,7708.25,7712.905282742022
1788870900,7708,7709.75,7707.5,7709.25,7712.890690794948
1788871200,7709.5,7710.5,7708.25,7710.5,7712.881147119119
1788871500,7710.5,7712.5,7708.5,7712,7712.87762956575
1788871800,7712,7713.75,7710.25,7713.5,7712.880114078462
1788872100,7713.5,7714.25,7711.75,7714,7712.884584680943
1788872400,7714,7714.25,7711,7713.25,7712.886043424732
1788872700,7713,7714.75,7712.25,7713,7712.8864983411995
1788873000,7713,7715,7712.75,7713.5,7712.888947449618
1788873300,7713.5,7715.5,7713,7715.25,7712.898372809101
1788873600,7715.25,7715.5,7713.5,7714,7712.902770522438
1788873900,7713.75,7715.5,7709.75,7711.25,7712.896172636121
1788874200,7711.5,7717.75,7707,7708.5,7712.8786230447595
1788874500,7708.5,7708.5,7701.5,7701.75,7712.834197403862
1788874800,7702,7702,7691.25,7693.5,7712.757014979096
1788875100,7693.5,7698.5,7692.25,7697.75,7712.697106735667
1788875400,7697.5,7697.75,7688.25,7694,7712.622467587022
1788875700,7694,7701.25,7693,7695,7712.5521184150175
1788876000,7695,7696.75,7685.75,7690,7712.462089998191
1788876300,7690,7691,7684.25,7684.5,7712.350464888418
1788876600,7684.5,7688.25,7680,7685,7712.24128139585
1788876900,7684.75,7687.75,7681.25,7685.5,7712.1345297735115
1788877200,7685.5,7691.75,7683.5,7691.25,7712.05115839717
1788877500,7691.5,7692,7684.25,7687.25,7711.952151776823
1788877800,7687.25,7690.75,7684.5,7690.25,7711.865516440388
1788878100,7690.25,7691.25,7686.75,7689,7711.77423693364
1788878400,7689,7692.5,7687.75,7691.5,7711.69330185606
1788878700,7691.75,7693.5,7686.75,7693,7711.618677896555
1788879000,7692.75,7698,7692,7696.5,7711.558323892976
1788879300,7696.5,7700,7693.5,7696.75,7711.499208827535
1788879600,7697,7699,7695.25,7697.25,7711.442325758363
1788879900,7697.25,7698.75,7695,7697,7711.38467176332
1788880200,7697,7703.75,7697,7700.75,7711.342217983825
1788880500,7700.75,7704,7699.5,7701.25,7711.30192968848
1788880800,7701.25,7701.5,7693.75,7700,7711.256812204694
1788881100,7700.25,7704,7698.5,7698.75,7711.206884810664
1788881400,7698.75,7701.25,7696.75,7698.5,7711.156158723596
1788881700,7698.5,7698.75,7694,7695.5,7711.093659087973
1788882000,7695.75,7701,7694.5,7700.25,7711.050371027742
1788882300,7700.5,7701,7695,7696,7710.990289706274
1788882600,7696,7698.25,7695.5,7696,7710.9304482304005
1788882900,7696,7697.5,7693.75,7694.25,7710.86385961471
1788883200,7694.25,7697,7692.25,7697,7710.808514865749
1788883500,7697,7698.25,7693.5,7693.75,7710.740417002014
1788883800,7693.5,7694,7690.5,7692.75,7710.668598970069
1788884100,7692.75,7693,7688.25,7689.75,7710.585091588951
1788884400,7689.75,7694.5,7688.5,7694.5,7710.52087964648
1788884700,7694.5,7697,7691.25,7691.75,7710.445945995197
1788885000,7691.5,7693.75,7690.5,7692.25,7710.37330748823
1788885300,7692.25,7693,7689.75,7690.5,7710.293972927399
1788885600,7690.5,7692,7688.5,7690.75,7710.215953075393
1788885900,7690.75,7693.75,7689.5,7692.75,7710.146228711819
1788886200,7693,7697,7691.5,7693,7710.07778069301
1788886500,7693,7693.5,7685.75,7690,7709.99762987188
1788886800,7689.75,7699.75,7689.75,7699.75,7709.956721169797
1788887100,7699.75,7701.75,7696,7696,7709.901005716025
1788887400,7696.25,7697.75,7695.5,7696.75,7709.848506691211
1788887700,7696.75,7697.75,7695.75,7696.75,7709.796217243342
1788888000,7696.75,7697.75,7694.75,7696.75,7709.744136535784
1788888300,7696.5,7696.75,7692.5,7695.25,7709.686275711289
1788888600,7695.5,7699,7695,7697.5,7709.637627904059
1788888900,7697.5,7699.5,7696.75,7697.5,7709.589174299651
1788889200,7697.5,7697.5,7693.75,7694.25,7709.52794007091
1788889500,7694,7697,7694,7696.5,7709.475932326116
1788889800,7696.5,7699,7695.25,7698.5,7709.432116229006
1788890100,7698.25,7698.25,7695,7695.25,7709.375500994559
1788890400,7695.25,7697,7695,7696.75,7709.325099792984
1788890700,7696.5,7698.75,7695.75,7698.25,7709.280887817762
1788891000,7698.25,7699.25,7697.25,7698,7709.235854333459
1788891300,7698,7699.25,7697.25,7698.5,7709.192996631529
1788891600,7698.5,7699.5,7696,7696.5,7709.142325986293
1788891900,7696.25,7698.5,7695.5,7698.25,7709.098843647026
1788892200,7698.25,7698.5,7695.5,7695.75,7709.045554850032
1788892500,7695.75,7695.75,7691.75,7692.5,7708.979504730871
1788892800,7692.5,7696,7691,7695.75,7708.926692336736
1788893100,7695.75,7696.75,7676.75,7683,7708.823192566929
1788893400,7683.25,7691,7682.25,7690.25,7708.749048085624
1788893700,7690.25,7691.5,7687.75,7688,7708.666217554344
1788894000,7688.25,7689.75,7685.25,7686.75,7708.578727663908
1788894300,7686.5,7690.25,7686,7688.75,7708.499571066447
1788894600,7688.75,7691.5,7688.5,7689.5,7708.423724475363
1788894900,7689.5,7690.75,7686.5,7687.5,7708.340196633146
1788895200,7687.25,7689.25,7685.5,7686.25,7708.252012215448
1788895500,7686.25,7691.25,7685.75,7690.75,7708.182143903211
1788895800,7690.5,7692.25,7687.75,7691.5,7708.115548518368
1788896100,7691.5,7691.75,7688.25,7690.5,7708.045226967397
1788896400,7690.25,7691.5,7687.5,7689,7707.969198117227
1788896700,7688.75,7689.75,7683.75,7686,7707.8814967275375
1788897000,7686,7687,7675.75,7678,7707.762209315451
1788897300,7678,7682.75,7672.25,7681,7707.655374148523
1788897600,7681,7683,7675.25,7676.25,7707.530003393439
1788897900,7676.25,7678.25,7673.75,7677.5,7707.410123140371
1788898200,7677.5,7679.5,7676.75,7678.75,7707.295711471148
1788898500,7678.75,7679.25,7677,7678.75,7707.181756535136
1788898800,7678.75,7679.75,7678.25,7678.75,7707.068256509047
1788899100,7678.75,7679.25,7674.5,7675.5,7706.942235524979
1788899400,7675.75,7675.75,7674,7675.5,7706.816717618692
1788899700,7675.75,7677.75,7675.75,7676.75,7706.69669080185
1788900000,7676.75,7677.5,7676.25,7677.5,7706.580137145955
1788900300,7677.5,7678,7676.75,7676.75,7706.461054762139
1788900600,7676.75,7678.25,7676.75,7677.75,7706.346439773069
1788900900,7677.5,7679.25,7677.5,7678.25,7706.234278336849
1788904800,7681,7681,7676.5,7680,7706.129550678817
1788905100,7679.75,7680,7678.25,7679.25,7706.022247083293
1788905400,7679.25,7679.5,7678.25,7678.5,7705.91237783346
1788905700,7678.25,7679.75,7678.25,7679.25,7705.805941195402
1788906000,7679.25,7679.5,7677.75,7678.75,7705.697933446118
1788906300,7679,7680.25,7679,7679.5,7705.5933508774715
1788906600,7679.5,7679.75,7678.25,7679.5,7705.489185804108
1788906900,7679.75,7680,7679.25,7679.5,7705.385436559382
1788907200,7679.5,7680,7679.25,7679.5,7705.282101483296
1788907500,7679.25,7680.5,7679.25,7680.25,7705.182172934461
1788907800,7680.25,7681,7679.5,7680.5,7705.083641305981
1788908100,7680.75,7682.75,7680.5,7682.5,7704.99348704927
1788908400,7682.5,7682.75,7680.25,7681,7704.897704665839
1788908700,7681,7681.5,7681,7681,7704.8023046472135
1788909000,7681,7681,7680,7680.25,7704.704291455009
1788909300,7680.25,7680.25,7678.5,7679.25,7704.602677517065
1788909600,7679,7679.5,7678.25,7679,7704.500471219591
1788909900,7679.25,7679.25,7677.75,7678,7704.394680915321
1788910200,7678,7678.5,7677,7677.25,7704.28631891566
1788910500,7677.25,7677.25,7675.5,7676.25,7704.174397482862
1788910800,7676.25,7677,7675.5,7676,7704.06192483822
1788911100,7676,7676.75,7674.25,7675,7703.945909170203
1788911400,7675.25,7675.75,7673,7673,7703.822372606649
1788911700,7673.25,7674.75,7672.75,7674.5,7703.705317226982
1788912000,7674.75,7682,7674.5,7682,7703.61866925402
1788912300,7681.75,7684.25,7681,7681.25,7703.529373169174
1788912600,7681,7683,7680.25,7681,7703.439435551732
1788912900,7681,7681,7676.25,7678.25,7703.338878922783
1788913200,7678.25,7679.5,7677.5,7678.25,7703.238723717503
1788913500,7678.25,7678.75,7676.25,7678.25,7703.138968333401
1788913800,7678,7678.5,7675.25,7677.25,7703.035619158417
1788914100,7677.25,7679,7675.5,7678,7702.935676566966
1788914400,7678.25,7680,7676.25,7679.75,7702.84311897588
1788914700,7679.75,7680,7678.5,7679.5,7702.749932872184
1788915000,7679.75,7682.5,7679.75,7682.25,7702.668096812814
1788915300,7682,7682.5,7681,7682.25,7702.5865874443
1788915600,7682.25,7683.75,7681.5,7682,7702.504405458494
1788915900,7682,7683.75,7681.25,7683.75,7702.429537572432
1788916200,7683.5,7684.25,7683,7683.25,7702.352972552183
1788916500,7683.25,7684.75,7682.75,7684.75,7702.282701204669
1788916800,7684.5,7686.5,7684.25,7686,7702.217700401457
1788917100,7686,7687,7685.5,7685.75,7702.151961078496
1788917400,7685.75,7687.25,7684.75,7686.5,7702.08947819994
1788917700,7686.75,7687.75,7686,7686.75,7702.028242758023
1788918000,7686.75,7686.75,7684.75,7684.75,7701.959267737033
1788918300,7684.75,7686.75,7684.75,7686.25,7701.89655608938
1788918600,7686,7686,7683.75,7684.75,7701.828106763674
1788918900,7684.5,7685.5,7684.25,7685.25,7701.761926696754
1788919200,7685.25,7687,7684.5,7687,7701.702996849661
1788919500,7686.75,7687,7685.5,7686.75,7701.643304247466
1788919800,7686.75,7687,7684,7684.5,7701.574867903165
1788920100,7684.5,7684.75,7682.75,7684.25,7701.505706753851
1788920400,7684.25,7685.75,7684.25,7685.5,7701.44181171691
1788920700,7685.5,7686,7684.75,7685.25,7701.377173745984
1788921000,7685.25,7686,7684.75,7685.25,7701.31279381087
1788921300,7685.25,7685.5,7684.5,7685.5,7701.249668885477
1788921600,7685.5,7687,7685.5,7686.5,7701.190787971763
1788921900,7686.5,7686.75,7685.75,7686.5,7701.132142111596
1788922200,7686.5,7687.25,7686.5,7686.75,7701.074728370631
1788922500,7686.75,7686.75,7685.75,7686,7701.014549814262
1788922800,7686,7686.5,7683.75,7683.75,7700.945629455722
1788923100,7684,7684.5,7682.75,7683.5,7700.875986224362
1788923400,7683.5,7685,7683.25,7683.75,7700.807619013885
1788923700,7684,7685,7684,7684.25,7700.741520734389
1788924000,7684.5,7685.25,7684.25,7685.25,7700.679678336248
1788924300,7685,7686,7684.75,7685,7700.6170848099555
1788924600,7684.75,7685.25,7683.75,7684.5,7700.552745150036
1788924900,7684.5,7685.75,7684.25,7685.75,7700.493652355026
1788925200,7685.5,7685.75,7684.5,7685,7700.431801447421
1788925500,7684.75,7685.25,7683.25,7683.75,7700.365207429667
1788925800,7683.5,7684,7682,7682.5,7700.2938892363345
1788926100,7682.5,7683.75,7682.5,7682.5,7700.2228557463695
1788926400,7682.5,7685,7682.25,7684.5,7700.160089855166
1788926700,7684.5,7685,7683,7683,7700.091586502451
1788927000,7683,7683.25,7680.5,7681.5,7700.017368592261
1788927300,7681.5,7682.25,7681.25,7682,7699.945442969138
1788927600,7682,7686.25,7682,7685.75,7699.888774534131
1788927900,7685.75,7686.75,7685,7685.5,7699.83133431643
1788928200,7685.5,7687,7684.25,7687,7699.780111424947
1788928500,7686.75,7688,7686.75,7687.5,7699.731089024049
1788928800,7687.25,7688.25,7686.5,7688,7699.684258329342
1788929100,7688,7688.5,7687.75,7688.25,7699.638612587508
1788929400,7688.5,7689.5,7688,7689.25,7699.597141080172
1788929700,7689,7689.75,7688.5,7688.75,7699.553839119772
1788930000,7688.75,7689,7687.25,7687.5,7699.50572000153
1788930300,7687.75,7688.5,7686.75,7688.25,7699.460786987552
1788930600,7688.5,7689,7688,7688.25,7699.416033346883
1788930900,7688.25,7688.25,7685.75,7685.75,7699.361478323542
1788931200,7686,7686,7683.75,7685.5,7699.306143080733
1788931500,7685.5,7687,7685.25,7686,7699.253024745081
1788931800,7686.25,7687.5,7684,7685.75,7699.199120454682
1788932100,7685.75,7687.25,7685,7686.75,7699.149423367038
1788932400,7686.5,7687.5,7686,7686.25,7699.097928662978
1788932700,7686,7687.75,7685.75,7687.5,7699.051629546559
1788933000,7687.5,7690.25,7687.5,7690.25,7699.016493300864
1788933300,7690.25,7691,7689.25,7691,7698.984491331598
1788933600,7691,7691.25,7690.25,7691,7698.952617114705
1788933900,7690.75,7691,7687.75,7688,7698.908894092291
1788934200,7688,7690.75,7687.5,7690.5,7698.875325652801
1788934500,7690.5,7690.75,7689.75,7689.75,7698.838897207081
1788934800,7689.75,7689.75,7687.5,7689,7698.799620172322
1788935100,7689,7689.25,7684.5,7685.25,7698.7455298722325
1788935400,7685.25,7687.5,7684.5,7687.5,7698.700637537413
1788935700,7687.5,7688.5,7686.75,7687.75,7698.656922417504
1788936000,7688,7688.25,7687,7688.25,7698.615377817035
1788936300,7688.25,7688.5,7686,7686.75,7698.568011039322
1788936600,7687,7687.75,7685.25,7685.5,7698.515843330582
1788936900,7685.25,7685.75,7684.75,7685.25,7698.462885872177
1788937200,7685.25,7687.5,7683,7687.5,7698.419121856719
1788937500,7687.5,7688.75,7687.5,7688.25,7698.378526559886
1788937800,7688.25,7691.25,7684.75,7684.75,7698.324121264238
1788938100,7685,7686,7683.5,7684.75,7698.269933155399
1788938400,7685,7689.5,7684.75,7688.5,7698.230931426236
1788938700,7688.5,7691,7687,7691,7698.202065432518
1788939000,7690.75,7691,7688.5,7689,7698.165330640372
1788939300,7689,7690.25,7687,7687.75,7698.123752474144
1788939600,7687.75,7688.25,7686.25,7687,7698.079346276642
1788939900,7687,7687,7683,7683.25,7698.02014728951
1788940200,7683,7683.75,7681.5,7683.75,7697.963180633663
1788940500,7683.75,7685.25,7683.25,7685.25,7697.912429413568
1788940800,7685.25,7687.75,7683.5,7686.25,7697.865872809123
1788941100,7686.25,7687.5,7684.5,7685.25,7697.815510043418
1788941400,7685,7686.25,7683.25,7683.75,7697.759360302725
1788941700,7684,7685.25,7683.5,7685,7697.708424732655
1788942000,7684.75,7685.25,7681,7681.25,7697.642722438312
1788942300,7681.5,7685.75,7681.25,7684.75,7697.591254484467
1788942600,7684.75,7686,7683.75,7683.75,7697.5359999755465
1788942900,7683.75,7684,7679.75,7680,7697.465995983628
1788943200,7680,7682.75,7678.5,7678.5,7697.390283424811
1788943500,7678.5,7680.25,7677.75,7679.75,7697.319863131698
1788943800,7679.75,7683.25,7679.5,7682.75,7697.261700005424
1788944100,7683,7683.25,7681.75,7682,7697.200775055303
1788944400,7682,7683.75,7680.5,7681.5,7697.1380973105715
1788944700,7681.5,7682.25,7678.75,7679.25,7697.066687740469
1788945000,7679,7681.25,7677.75,7680.75,7697.001551262463
1788945300,7680.75,7681.75,7679.75,7680,7696.933680798342
1788945600,7680,7680,7675,7675.5,7696.84811720234
1788945900,7675.5,7678,7675.5,7677.25,7696.769881205524
1788946200,7677.25,7679.5,7674.25,7674.25,7696.6799814801525
1788946500,7674.25,7674.25,7672.25,7673,7696.58545061596
1788946800,7673,7673.5,7669.5,7670.5,7696.481317080567
1788947100,7670.25,7671.75,7667.75,7668.5,7696.369615215975
1788947400,7668.25,7669,7662,7662,7696.232411163216
1788947700,7662,7663,7657,7659.25,7696.084776787315
1788948000,7659.5,7662.75,7655.75,7662.5,7695.950705822096
1788948300,7662.5,7664.5,7660.75,7661,7695.811182046359
1788948600,7660.75,7663.25,7658,7659.75,7695.667225231803
1788948900,7659.5,7664,7657.5,7663.75,7695.539811159021
1788949200,7663.75,7665,7659.75,7661,7695.401927681341
1788949500,7660.75,7662,7659.75,7661,7695.264594636705
1788949800,7661,7661.25,7658.75,7659.25,7695.120823799832
1788950100,7659.25,7661,7658.25,7659,7694.976628894443
1788950400,7659,7659.5,7654.5,7654.75,7694.816043549555
1788950700,7654.75,7655,7651.75,7652.75,7694.648115231992
1788951000,7652.75,7654,7647.25,7650.25,7694.470877247034
1788951300,7650.25,7652.5,7649,7650,7694.29334879495
1788951600,7650,7653.5,7649,7651.75,7694.123515067226
1788951900,7651.75,7655.25,7650,7655.25,7693.9683313743435
1788952200,7655.25,7657.5,7653.75,7654.25,7693.809775161272
1788952500,7654.5,7654.5,7650,7652,7693.642869871207
1788952800,7652,7658.25,7649.75,7658,7693.500582965534
1788953100,7657.75,7658.5,7655,7656,7693.350880039524
1788953400,7656,7656,7650.75,7651.25,7693.182812654137
1788953700,7651.25,7654.5,7650.5,7654.25,7693.02739224434
1788954000,7654.25,7655,7650.75,7651.25,7692.860616227396
1788954300,7651,7662,7651,7660.5,7692.73143213068
1788954600,7660.25,7663.5,7655.75,7656.5,7692.586795675069
1788954900,7656.5,7656.5,7651.75,7652.75,7692.427766550618
1788955200,7652.75,7653.5,7649.5,7650,7692.2583942290585
1788955500,7650,7651.25,7648,7649.25,7692.086704032536
1788955800,7649.5,7649.5,7644.5,7644.75,7691.897735154163
1788956100,7644.75,7647.75,7644.75,7646,7691.714510662529
1788956400,7646.25,7649.75,7645.75,7648.25,7691.54099964192
1788956700,7648.25,7649,7646.75,7647,7691.363191260116
1788957000,7646.75,7652.5,7645.75,7651.75,7691.205054768059
1788957300,7651.75,7654,7651.5,7653,7691.052539579365
1788957600,7653,7653.25,7650.75,7652.75,7690.899635229746
1788957900,7652.5,7656.75,7652.5,7655.75,7690.759317324638
1788958200,7655.75,7656.5,7653.75,7654,7690.612573542902
1788958500,7654,7657,7654,7655.5,7690.472403588639
1788958800,7655.5,7659.25,7654,7658,7690.342773234992
1788959100,7658,7658,7655.5,7656,7690.2056763358505
1788959400,7656,7657,7655,7656.5,7690.071122737703
1788959700,7656.5,7657.5,7655,7657.25,7689.940100291645
1788960000,7657,7657.75,7655.25,7657,7689.808602885291
1788960300,7657,7662.25,7657,7660.5,7689.6916024745715
1788960600,7660.75,7663.75,7651.75,7660.75,7689.576067135352
1788960900,7661,7661.75,7655.75,7658,7689.450014971138
1788961200,7657.75,7660.25,7653.75,7656.75,7689.319475989218
1788961500,7656.75,7661.75,7654,7658.5,7689.196444148942
1788961800,7658.5,7659.5,7654.25,7657.5,7689.0699114377685
1788962100,7657.5,7662,7656.25,7661,7688.957855903087
1788962400,7660.75,7662,7653.5,7658,7688.834271647985
1788962700,7658,7661.25,7657.25,7660.5,7688.721160783122
1788963000,7660.5,7661.25,7656,7658.75,7688.601515430694
1788963300,7658.5,7659,7647.5,7650,7688.447417564704
1788963600,7650.25,7651.25,7644.5,7645,7688.273974780014
1788963900,7645,7660.75,7644.5,7659.5,7688.1591086132275
1788964200,7659.5,7660,7654,7654.75,7688.025738918165
1788964500,7654.75,7658,7652.25,7656,7687.897891657015
1788964800,7655.75,7659,7654.5,7657.5,7687.776542788125
1788965100,7657.5,7657.75,7654,7657.25,7687.654680341865
1788965400,7657.25,7659.25,7655.5,7656.25,7687.529312356469
1788965700,7656.25,7659,7654.25,7657.75,7687.410432866024
1788966000,7658,7665,7646.25,7648.75,7687.256099800691
1788966300,7648.5,7650.5,7641,7642.25,7687.076434731626
1788966600,7642.25,7642.75,7633.5,7636,7686.872536788585
1788966900,7635.75,7641.5,7634.5,7640,7686.685420873262
1788967200,7640,7641,7629.5,7630.25,7686.460129771972
1788967500,7630.25,7635.5,7628.75,7635.25,7686.255698116195
1788967800,7635.25,7641.5,7634.5,7641.25,7686.076034650661
1788968100,7641.25,7649.5,7637.25,7648.5,7685.92603052032
1788968400,7648.75,7650.75,7640.75,7642.25,7685.751675109061
1788968700,7642.25,7643.5,7640,7642.5,7685.57901373138
1788969000,7642.5,7646.25,7642.5,7645.25,7685.4180196645875
1788969300,7645.25,7645.25,7638.25,7641.5,7685.242698228801
1788969600,7641.5,7643.75,7640.25,7643.5,7685.076060710921
1788969900,7643.5,7643.75,7634.75,7634.75,7684.875158272954
1788970200,7634.75,7638.75,7633.75,7636,7684.6800478606865
1788970500,7636,7636.25,7633.25,7634,7684.477732300365
1788970800,7634,7637,7632.75,7636.75,7684.287202430902
1788971100,7637,7638,7634,7635.75,7684.093441143752
1788971400,7635.75,7642.25,7635.5,7640.75,7683.9204134345955
1788971700,7641,7642.5,7639,7642.25,7683.754064478769
1788972000,7642.5,7644.5,7640.75,7644.25,7683.596363622566
1788972300,7644.5,7645.25,7641.5,7644.75,7683.441288318683
1788972600,7644.75,7648.75,7644.75,7646.25,7683.292820101842
1788972900,7646,7647.75,7645,7645.75,7683.142948564509
1788973200,7645.75,7650.25,7643.5,7643.5,7682.984693280819
1788973500,7643.75,7647.75,7643.75,7645.5,7682.835053786684
1788973800,7645.5,7652.25,7645.25,7651.25,7682.708965747615
1788974100,7651.5,7653,7648.5,7648.5,7682.5724030101
1788974400,7648.5,7651.75,7647.5,7651.75,7682.449359485109
1788974700,7652,7652,7648.5,7649,7682.3158291079235
1788975000,7649.25,7650.5,7646.75,7648,7682.1788397701675
1788975300,7648,7648.75,7643.5,7644.25,7682.027427236155
1788975600,7644.5,7649.75,7644.25,7648.75,7681.894583215252
1788975900,7649,7651.5,7648.75,7650.5,7681.769255537746
1788976200,7650.75,7653.25,7649.25,7652.5,7681.6524122022665
1788976500,7652.5,7653.25,7650,7650.25,7681.527053271319
1788976800,7650.25,7652,7649.5,7651,7681.405188787202
1788977100,7651,7651,7647,7647.5,7681.269838732163
1788977400,7647.5,7647.75,7643.75,7644,7681.121056940818
1788977700,7644,7646.75,7642.75,7645.5,7680.978857112711
1788978000,7645.5,7650.25,7645.5,7649.75,7680.854191016453
1788978300,7649.5,7650.5,7647.25,7648.5,7680.725032569281
1788978600,7648.25,7648.75,7645.75,7647.5,7680.592397708725
1788978900,7647.5,7650.25,7647,7650,7680.4702723685705
1788979200,7650,7653,7650,7651.75,7680.355620582668
1788979500,7651.5,7652,7649.25,7650,7680.234440460582
1788979800,7650.25,7653.5,7650,7652.75,7680.12472213539
1788980100,7652.75,7653.75,7648.75,7648.75,7679.999473743632
1788980400,7648.75,7650.75,7646.25,7646.75,7679.866741313517
1788980700,7647,7651,7646.25,7650.5,7679.749508813264
1788981000,7650.75,7651.5,7649.5,7649.5,7679.628752291055
1788981300,7649.75,7653.5,7649.5,7652.75,7679.521451882708
1788981600,7652.75,7653.5,7651.25,7652.5,7679.413581815312
1788981900,7652.5,7654.5,7651,7651.25,7679.301152346987
1788982200,7651.25,7652.25,7649,7650,7679.184181678935
1788982500,7650,7651,7647.75,7648,7679.059693927721
1788982800,7647.75,7648.5,7646,7648.25,7678.936701137591
1788983100,7648.25,7649.75,7646.5,7648.75,7678.816195344626
1788983400,7648.75,7649,7642.25,7644.75,7678.68020254884
1788983700,7644.75,7645.75,7641.25,7644.75,7678.544752638465
1788984000,7644.5,7646.25,7642.5,7643,7678.402857418351
1788984300,7643,7646.25,7643,7645.75,7678.272506690134
1788984600,7645.75,7647.25,7644.75,7646,7678.143674328097
1788984900,7646.25,7646.5,7645,7645.5,7678.013360258923
1788985200,7645.5,7646.25,7644.75,7645.75,7677.884564409586
1788985500,7645.75,7646.25,7645.25,7645.25,7677.754286707353
1788985800,7645.25,7646.5,7645,7646.5,7677.629519095746
1788986100,7646.25,7647.75,7646.25,7647.25,7677.5082435704135
1788986400,7647.25,7647.25,7646.5,7646.75,7677.38545617093
1788986700,7647,7647,7646.5,7646.75,7677.263158940707
1788987000,7646.75,7647,7645.75,7647,7677.142347926972
1788987300,7647,7648.25,7646.75,7648,7677.026011208701
1788991200,7646.5,7651,7646.5,7647.25,7676.9071448964905
1788991500,7647,7648,7646.25,7647.25,7676.788753100496
1788991800,7647.5,7648.25,7646.75,7646.75,7676.668837918458
1788992100,7647,7647.25,7646.5,7646.5,7676.54840343575
1788992400,7646.75,7647.25,7646.25,7646.5,7676.428449729419
1788992700,7646.5,7647,7645.75,7646,7676.306978872216
1788993000,7646,7647.5,7646,7647.25,7676.190982948574
1788993300,7647.25,7647.75,7646.75,7647,7676.07445207852
1788993600,7647.25,7647.75,7646.75,7647.5,7675.960382409544
1788993900,7647.5,7648,7647.25,7647.5,7675.846768108508
1788994200,7647.5,7647.5,7646.5,7646.75,7675.7306133455995
1788994500,7647,7647,7646.25,7647,7675.615920278352
1788994800,7647,7647.25,7646.25,7646.5,7675.499689059676
1788995100,7646.75,7647,7646.25,7646.25,7675.3829238338885
1788995400,7646.5,7646.5,7646.25,7646.25,7675.266624736747
1788995700,7646.25,7648,7645.75,7647.5,7675.155779927419
1788996000,7647.5,7647.75,7646.75,7647,7675.043381604355
1788996300,7647,7647.5,7646.25,7647.25,7674.932429981184
1788996600,7647.5,7647.75,7647.25,7647.5,7674.822919282657
1788996900,7647.25,7648.25,7647.25,7647.5,7674.713845752586
1788997200,7647.75,7648.25,7647.25,7648,7674.6072036537735
1788997500,7648,7648.75,7647.25,7648.75,7674.503981283898
1788997800,7648.75,7653,7648.25,7652.75,7674.417139043243
1788998100,7652.5,7652.75,7650.5,7652,7674.327649466224
1788998400,7652.25,7652.75,7650.5,7652.5,7674.24051314101
1788998700,7652.5,7654.5,7652.5,7653.75,7674.158714685357
1788999000,7653.75,7654.75,7650.75,7651.75,7674.069258738509
1788999300,7651.75,7655,7651.5,7654.25,7673.99013994115
1788999600,7654,7655.25,7653.5,7654,7673.910338983301
1788999900,7654,7656.5,7653.25,7656.25,7673.839838628078
1789000200,7656,7656.25,7653.5,7654,7673.760637675471
1789000500,7654,7654.5,7653.25,7653.5,7673.679756886348
1789000800,7653.75,7654.25,7652.25,7654.25,7673.602192986602
1789001100,7654,7654,7651,7651.5,7673.51396067927
1789001400,7651.5,7651.5,7648.75,7649.5,7673.418096564782
1789001700,7649.5,7649.5,7647.25,7647.5,7673.314631109433
1789002000,7647.5,7650,7647,7648.75,7673.216568709795
1789002300,7648.75,7650.5,7647.75,7649,7673.119895780814
1789002600,7648.75,7649.25,7646.25,7648,7673.019616755741
1789002900,7648,7650.5,7646.75,7650.25,7672.928720082065
1789003200,7650.25,7650.5,7646.5,7647,7672.825212217466
1789003500,7647,7647.75,7644.75,7645.5,7672.716129533964
1789003800,7645.5,7646.25,7644,7644.25,7672.602492290315
1789004100,7644.25,7646.25,7644,7646.25,7672.497292720294
1789004400,7646.25,7649.75,7646.25,7649.25,7672.404489156541
1789004700,7649,7652,7648.25,7651.25,7672.320040098031
1789005000,7651.5,7652,7648.25,7648.25,7672.223952113608
1789005300,7648.5,7651.5,7648.5,7651.5,7672.141221765849
1789005600,7651.5,7652,7650.25,7651,7672.056825670976
1789005900,7651,7652.25,7650.5,7650.75,7671.971768482668
1789006200,7650.5,7651.25,7648.5,7651.25,7671.8890468519985
1789006500,7651,7651.25,7648.25,7648.75,7671.79667540748
1789006800,7649,7650.75,7649,7650,7671.709662731202
1789007100,7650,7650.25,7648.5,7649,7671.619005394949
1789007400,7649,7652,7648.75,7651.75,7671.5396880081435
1789007700,7651.75,7654,7651.25,7653.5,7671.467673285556
1789008000,7653.75,7655.5,7653.25,7654.25,7671.398940058867
1789008300,7654,7654.75,7653,7653.5,7671.32748720434
1789008600,7653.25,7655,7653.25,7655,7671.262307614702
1789008900,7654.75,7654.75,7653.5,7654.5,7671.195392215042
1789009200,7654.5,7656.5,7654.5,7655.75,7671.133733962687
1789009500,7655.75,7655.75,7654.75,7655.5,7671.071323847068
1789009800,7655.5,7656.75,7654.25,7654.5,7671.005170857658
1789010100,7654.5,7655,7654.25,7655,7670.941277960023
1789010400,7655,7656,7653.25,7653.25,7670.870654095912
1789010700,7653.25,7654.25,7652,7654.25,7670.804304179362
1789011000,7654,7654.75,7653.25,7654.25,7670.738219132738
1789011300,7654,7654.5,7653.25,7654,7670.671399894683
1789011600,7653.75,7655,7653.75,7654.75,7670.60784141207
1789011900,7654.75,7656.5,7654.5,7656,7670.549526675894
1789012200,7655.75,7656,7654.75,7655.75,7670.490446729084
1789012500,7655.5,7656.75,7655.25,7656.5,7670.434596642342
1789012800,7656.5,7656.75,7655.5,7656.75,7670.379967514029
1789013100,7656.75,7657.5,7656,7656.25,7670.323560458085
1789013400,7656.5,7657.25,7656.5,7656.75,7670.269374587993
1789013700,7656.75,7657,7655.5,7656,7670.212411016783
1789014000,7655.75,7656.75,7655,7656.25,7670.156672849052
1789014300,7656.5,7657.25,7655.75,7656.25,7670.101157188976
1789014600,7656.25,7656.75,7655.75,7656.5,7670.046861152293
1789014900,7656.5,7657.5,7655.75,7657.25,7669.995775878232
1789015200,7657.25,7657.75,7655.75,7656,7669.9399045174405
1789015500,7656.25,7658.5,7656,7658,7669.8922402279495
1789015800,7658,7660,7658,7659,7669.848758231032
1789016100,7659,7659.5,7658.25,7659,7669.8054498149395
1789016400,7659,7660.5,7658.5,7658.75,7669.761316282744
1789016700,7659,7659,7657.75,7658.25,7669.715362924329
1789017000,7658.25,7660,7658,7660,7669.6765790404
1789017300,7660,7660,7659.25,7660,7669.637949982354
1789017600,7659.75,7660.5,7659.25,7660.25,7669.600473136117
1789017900,7660.5,7663,7660,7662.75,7669.573125937969
1789018200,7663,7664.5,7661.25,7663.75,7669.5498799262405
1789018500,7663.75,7664.75,7662.75,7662.75,7669.522734696994
1789018800,7662.75,7664,7662.75,7662.75,7669.495697831936
1789019100,7663,7665.75,7663,7663.25,7669.470764906459
1789019400,7663.25,7663.5,7662,7662,7669.440941493659
1789019700,7662,7663.75,7661,7663.5,7669.417225160351
1789020000,7663.5,7664.75,7662.5,7663.25,7669.3926054990325
1789020300,7663.25,7663.25,7661,7661.5,7669.361098091851
1789020600,7661.5,7662.75,7661.25,7661.5,7669.329716462742
1789020900,7661.75,7662,7659.5,7660.25,7669.293470089638
1789021200,7660.25,7661,7659.25,7660.5,7669.258366416625
1789021500,7660.5,7663.5,7660,7663.5,7669.23537892594
1789021800,7663.75,7665.25,7662.75,7664,7669.214479209669
1789022100,7664,7665.75,7663,7665.75,7669.200648953342
1789022400,7665.75,7666.25,7664.5,7664.75,7669.182881891652
1789022700,7664.75,7666,7664.75,7665.75,7669.169177772324
1789023000,7666,7666.25,7663.75,7664.25,7669.149540336107
1789023300,7664.25,7664.25,7663,7664,7669.128983288857
1789023600,7664,7664,7660.5,7660.5,7669.09453624978
1789023900,7660.75,7662.25,7660,7661.75,7669.065216743792
1789024200,7661.5,7663.5,7661.25,7662.75,7669.040006297709
1789024500,7662.75,7663.75,7661.5,7663.5,7669.017890504105
1789024800,7663.75,7664,7662.5,7662.75,7668.992868985127
1789025100,7662.75,7663,7657.5,7657.75,7668.9479872726115
1789025400,7657.75,7659.25,7656.25,7657,7668.900290716633
1789025700,7657.5,7660,7657,7657.75,7668.855778578044
1789026000,7658,7660.75,7657.5,7660.5,7668.822422176535
1789026300,7660.5,7661,7658.5,7659.5,7668.7852069183455
1789026600,7659.75,7661.25,7659,7660.25,7668.751134236037
1789026900,7660.25,7661,7659.25,7659.25,7668.713205556452
1789027200,7659.5,7662.5,7659.25,7659.75,7668.677424296745
1789027500,7659.5,7661.25,7658,7659,7668.638791864422
1789027800,7659.25,7661,7657.5,7658,7668.596321637418
1789028100,7658,7658,7656.5,7657.5,7668.552024944255
1789028400,7657.25,7659.75,7657.25,7659,7668.51389310815
1789028700,7659,7660.75,7658.25,7660,7668.479905510912
1789029000,7660.25,7661,7656,7656.25,7668.431083532825
1789029300,7656.25,7659.25,7656.25,7657.5,7668.387446472814
1789029600,7657.25,7657.75,7652.75,7653.5,7668.328015548771
1789029900,7653.75,7655.25,7652.25,7652.25,7668.263831853966
1789030200,7652.5,7653.25,7651.25,7652.75,7668.201900389478
1789030500,7653,7653,7651.25,7652.5,7668.139218152394
1789030800,7652.5,7655.5,7651.5,7654.75,7668.08576817973
1789031100,7654.5,7655,7651.25,7652,7668.021553536298
1789031400,7652.25,7653.75,7651.75,7652.75,7667.960589250723
1789031700,7653,7653.75,7651.75,7653.5,7667.902862347527
1789032000,7653.75,7654.25,7651.25,7651.25,7667.836383855121
1789032300,7651.25,7652.25,7649.75,7650.5,7667.767176733943
1789032600,7650.25,7650.25,7647.25,7649.75,7667.695251876722
1789032900,7649.75,7650,7647.25,7647.75,7667.615630112743
1789033200,7647.5,7650.75,7646,7650.5,7667.54730424403
1789033500,7650.5,7652.25,7650.25,7652,7667.485239157228
1789033800,7651.75,7654.75,7650.75,7652.75,7667.426415847219
1789034100,7652.75,7653.25,7651.5,7652,7667.364833348826
1789034400,7652,7654,7650.5,7653,7667.30748870472
1789034700,7653,7653.5,7649.75,7650.5,7667.240392941428
1789035000,7650.5,7652,7649.75,7650.5,7667.173565025494
1789035300,7650.5,7652,7650.5,7651.75,7667.111993907628
1789035600,7651.75,7652.5,7650.5,7651.5,7667.049670578655
1789035900,7651.5,7653.5,7650.5,7651,7666.985600037423
1789036200,7651.25,7651.5,7647.25,7648.25,7666.910807222902
1789036500,7648,7652.25,7647.5,7652,7666.8512830423715
1789036800,7652,7653.25,7651.25,7651.25,7666.789002471344
1789037100,7651.25,7651.5,7649.25,7650.75,7666.724974517367
1789037400,7650.75,7651,7646.5,7646.5,7666.64423609614
1789037700,7646.5,7657,7646.25,7648.25,7666.570806011924
1789038000,7648,7648.75,7644.5,7646.5,7666.490683033832
1789038300,7646.75,7647.5,7643.5,7644.75,7666.403893880005
1789038600,7644.75,7646,7642.75,7645.25,7666.3194471978495
1789038900,7645,7645.75,7644,7644.25,7666.231345612229
1789039200,7644.25,7644.75,7642.5,7644.5,7666.1445937335375
1789039500,7644.5,7644.75,7643,7643,7666.052200145778
1789039800,7643.25,7648.5,7643,7647.5,7665.978139466553
1789040100,7647.25,7648.5,7646,7647.25,7665.9033764347505
1789040400,7647,7647,7643.5,7644.5,7665.817933814253
1789040700,7644.5,7645.75,7641.5,7641.5,7665.720856234156
1789041000,7641.5,7641.75,7636.75,7637.75,7665.609196129429
1789041300,7637.5,7637.5,7632,7632,7665.475027681806
1789041600,7632,7635,7629.5,7630.5,7665.3354068128165
1789041900,7630.25,7632,7629,7629.25,7665.1913532926055
1789042200,7629.25,7634.25,7628.75,7632.75,7665.061846892236
1789042500,7633,7633.75,7627.75,7628,7664.913895407636
1789042800,7628.25,7628.25,7626,7626.75,7664.761544527765
1789043100,7626.75,7630,7623.75,7625.75,7664.6058098190715
1789043400,7627,7630,7605.25,7605.75,7664.37085648646
1789043700,7605.75,7613.5,7605.75,7608.75,7664.148817139208
1789044000,7609,7609.25,7598.75,7602.5,7663.902714076777
1789044300,7602.5,7605,7597.75,7604.5,7663.665577493636
1789044600,7604.5,7606.75,7603,7605.75,7663.434377583482
1789044900,7605.75,7605.75,7600,7601.5,7663.187134559197
1789045200,7601.5,7609,7601,7608.25,7662.9678246407975
1789045500,7608.5,7608.75,7601.75,7603.5,7662.730428135245
1789045800,7603.25,7605.75,7600.5,7601,7662.483999280414
1789046100,7600.75,7603.5,7599,7601.5,7662.24055018149
1789046400,7601.25,7603,7598.5,7598.75,7661.987094891344
1789046700,7599,7600.75,7595,7598.75,7661.734651398764
1789047000,7599,7603,7595,7596.75,7661.475231632701
1789047300,7597,7604.5,7593.75,7603.5,7661.243793582271
1789047600,7603.25,7606.75,7599.5,7600.25,7661.0003053843375
1789047900,7600.25,7609,7600,7605.5,7660.7787472790105
1789048200,7605.75,7605.75,7591.25,7592.25,7660.505179425601
1789048500,7592.25,7592.75,7586,7586.75,7660.210747571607
1789048800,7586.75,7596.75,7586.5,7592,7659.9384491781075
1789049100,7592,7593.25,7585.5,7587.5,7659.649273732287
1789049400,7587.5,7597,7586.5,7593,7659.383208767288
1789049700,7592.75,7600,7590.5,7599.25,7659.143156037679
1789050000,7599.25,7620,7598.5,7613,7658.958951821959
1789050300,7613,7618.25,7604.75,7606.25,7658.748536844626
1789050600,7606.25,7612,7605.5,7608,7658.545947875186
1789050900,7608.25,7615.5,7608,7612.5,7658.362131716004
1789051200,7612.25,7613.5,7606,7607.75,7658.160087278016
1789051500,7607.75,7609.75,7603.75,7607.25,7657.956853396667
1789051800,7607.25,7611.25,7604.5,7611,7657.769400888097
1789052100,7611.25,7614.5,7608.25,7613.5,7657.592676732856
1789052400,7613.25,7614,7604.75,7607.75,7657.393703971447
1789052700,7607.75,7614,7607.75,7609.5,7657.202511540424
1789053000,7609.5,7614,7608.75,7609.75,7657.01308035663
1789053300,7609.75,7611.75,7608,7610.25,7656.82640139313
1789053600,7610.25,7613,7605.75,7612.5,7656.649449690962
1789053900,7612.5,7615,7610.75,7611.25,7656.468214362854
1789054200,7611.5,7615.5,7609.25,7614,7656.298680572982
1789054500,7613.75,7619.25,7610,7612,7656.1218395327705
1789054800,7611.75,7613.75,7610.25,7613.25,7655.950694464776
1789055100,7613.5,7614.75,7606.75,7610.5,7655.769254566712
1789055400,7610.5,7613,7605.25,7605.5,7655.568578899779
1789055700,7605.25,7606.5,7601.25,7604.75,7655.365710321336
1789056000,7605,7610.25,7603.5,7605,7655.164649601491
1789056300,7604.75,7605.75,7599.75,7600.25,7654.945429443401
1789056600,7600,7602.75,7597.5,7600.5,7654.728082419675
1789056900,7600.25,7603.75,7598,7599.75,7654.508609036762
1789057200,7599.75,7602.5,7599.25,7600,7654.291009799091
1789057500,7599.75,7600.25,7597,7600.25,7654.075277225043
1789057800,7600,7603.5,7594.25,7594.25,7653.836453763066
1789058100,7594.25,7601.75,7591.5,7601,7653.625529795948
1789058400,7601,7608.5,7600.5,7607.25,7653.440397940475
1789058700,7607.25,7613,7607,7607.5,7653.2570031383175
1789059000,7607.5,7611.25,7606.25,7611,7653.088312507027
1789059300,7611,7613,7609.75,7611.5,7652.922291299414
1789059600,7611.25,7617.75,7607,7609.5,7652.748948819177
1789059900,7609.75,7612,7607.5,7609,7652.574302316904
1789060200,7608.75,7613.75,7608.75,7609.5,7652.402349014242
1789060500,7609.5,7611.25,7607.75,7609,7652.229086143925
1789060800,7609.25,7610.25,7605.5,7606,7652.04453889385
1789061100,7606,7606.5,7604.25,7605.25,7651.857734347367
1789061400,7605,7607.25,7602.75,7605,7651.670677523625
1789061700,7605,7607.25,7599.5,7600,7651.46440735387
1789062000,7600,7604,7599.5,7603.5,7651.2729326738145
1789062300,7603.75,7604.25,7601.25,7602,7651.076234339787
1789062600,7602.25,7605,7601.25,7603.25,7650.88531124861
1789062900,7603.25,7604.75,7601.25,7602.25,7650.691158309494
1789063200,7602.25,7605.25,7597.75,7599,7650.4848063801155
1789063500,7599,7601.25,7596,7597,7650.271294178997
1789063800,7596.75,7598.5,7594.25,7596.5,7650.056638314011
1789064100,7596.25,7597,7594,7596.25,7649.841841354674
1789064400,7596.25,7600,7596,7597.5,7649.632891888188
1789064700,7597.5,7598.75,7595.25,7596.75,7649.421782539333
1789065000,7596.5,7596.5,7591.75,7595.25,7649.205527918418
1789065300,7595.5,7598.25,7594.25,7597.75,7649.000116629322
1789065600,7598,7598.75,7596.25,7597.75,7648.795525345373
1789065900,7597.5,7600.5,7593.5,7597,7648.58875678112
1789066200,7597,7603.5,7595,7599.25,7648.391795676205
1789066500,7599.25,7600.75,7596,7597,7648.1866388072385
1789066800,7597,7597,7592.75,7592.75,7647.965334859904
1789067100,7592.5,7599.5,7592.5,7599.25,7647.770862465254
1789067400,7599.25,7599.25,7594.75,7597.5,7647.570180379565
1789067700,7597.75,7599.25,7593,7594.75,7647.359321376053
1789068000,7594.75,7596.75,7593,7596.5,7647.156290152995
1789068300,7596.5,7597.5,7594.75,7595.75,7646.951075421845
1789068600,7595.75,7599.75,7594.25,7599,7646.759653963076
1789068900,7599.25,7601,7596.25,7599.75,7646.571990673802
1789069200,7599.75,7602.75,7599.5,7600,7646.386074543368
1789069500,7600.25,7602,7597.5,7600.75,7646.203894605071
1789069800,7600.75,7602.75,7595.75,7598.5,7646.0134598960685
1789070100,7598.5,7600.5,7596,7598.75,7645.824783409457
1789070400,7598.5,7599.5,7596.5,7598,7645.633866110417
1789070700,7598,7602,7595.75,7601.5,7645.457683012172
1789071000,7601.25,7606.25,7599.75,7605.75,7645.299169307533
1789071300,7606,7606.5,7603.75,7604.75,7645.137296376165
1789071600,7604.75,7606.25,7604.5,7605.5,7644.9790636561
1789071900,7605.5,7605.75,7603.25,7603.5,7644.813478571645
1789072200,7603.75,7604.5,7603.25,7604.5,7644.652546521458
1789072500,7604.25,7605,7603.75,7604.75,7644.493254918578
1789072800,7604.75,7605,7604,7604,7644.331605198344
1789073100,7604.25,7605,7603.75,7604.5,7644.1725967943585
1789073400,7604.25,7605.5,7604,7605,7644.016219162445
1789073700,7605,7605.25,7599.25,7602,7643.848489744631
1789077600,7599.5,7603.25,7599.5,7602.5,7643.683425913315
1789077900,7602.5,7603,7600.25,7602.5,7643.51902101945
1789078200,7602.5,7603.75,7602,7602.75,7643.356270436538
1789078500,7602.5,7605.25,7602.5,7605,7643.20315159248
1789078800,7604.75,7607.25,7603.75,7604.25,7643.047649989317
1789079100,7604.25,7604.5,7601,7601,7642.879795099139
1789079400,7601,7602,7600,7601.25,7642.713608292356
1789079700,7601.25,7601.75,7600.5,7600.5,7642.545090893984
1789080000,7600.5,7600.75,7598.75,7599,7642.371258195804
1789080300,7599,7602,7598.25,7601.25,7642.20710147646
1789080600,7601.5,7601.5,7599,7599,7642.034618037432
1789080900,7599.25,7600.25,7598.75,7599.75,7641.865817167023
1789081200,7599.5,7601.25,7599.25,7599.5,7641.696692148393
1789081500,7599.5,7600.75,7599.5,7600.75,7641.533232299497
1789081800,7600.75,7601.5,7600.25,7601.25,7641.372420992912
1789082100,7601.25,7601.75,7600.75,7601,7641.211253643639
1789082400,7601.25,7601.5,7599.5,7599.5,7641.044741653045
1789082700,7599.75,7601.5,7599.75,7600.25,7640.881888392953
1789083000,7600.25,7601.75,7600.25,7601,7640.722679257652
1789083300,7600.75,7601.25,7600,7600.75,7640.563107683769
1789083600,7600.75,7601.25,7599.75,7601,7640.405171126149
1789083900,7601,7601,7599.25,7599.25,7640.240879025845
1789084200,7599.5,7599.75,7597,7597.5,7640.070256754285
1789084500,7597.25,7597.25,7594.5,7595,7639.890335569637
1789084800,7595,7601.25,7594.25,7600.25,7639.732090717063
1789085100,7600.25,7606,7600,7603.75,7639.588449636357
1789085400,7603.5,7606.25,7603.25,7604.25,7639.447377981122
1789085700,7604.5,7606,7603.5,7604.25,7639.306869486188
1789086000,7604.25,7606.25,7603,7605.5,7639.1719119233685
1789086300,7605.25,7609,7604.75,7608.5,7639.049469161199
1789086600,7608.5,7608.5,7605.25,7606.75,7638.920529164548
1789086900,7606.5,7612.25,7606.5,7610.75,7638.808071962294
1789087200,7610.75,7611,7606.5,7606.75,7638.680095627115
1789087500,7607,7609.25,7606.75,7608.5,7638.559616203454
1789087800,7608.75,7611.75,7608.5,7611.25,7638.450595779488
1789088100,7611.25,7613.75,7610.75,7613.25,7638.349994598731
1789088400,7613.25,7616.25,7612.5,7615.25,7638.2577790514315
1789088700,7615.25,7615.5,7613,7614.25,7638.1619396141
1789089000,7614.25,7615.5,7613,7613.25,7638.062490753366
1789089300,7613.25,7613.5,7611.5,7611.5,7637.956452866127
1789089600,7611.75,7612,7609,7609.75,7637.843852255883
1789089900,7609.75,7611,7609,7609.25,7637.729705141089
1789090200,7609.25,7611.25,7609,7610,7637.619007715376
1789090500,7610.25,7611.5,7607.75,7608,7637.500768163618
1789090800,7608,7608.75,7606.75,7608.5,7637.384996634023
1789091100,7608.5,7608.5,7606.75,7608,7637.267691258238
1789091400,7607.75,7608.5,7607,7608,7637.1508541673875
1789091700,7608,7610,7607.75,7610,7637.042467524005
1789092000,7610,7611.25,7608.5,7609,7636.930521545865
1789092300,7609.25,7610.5,7608.5,7609,7636.8190224578575
1789092600,7609.25,7610.75,7609.25,7610,7636.711960491958
1789092900,7610.25,7610.25,7607.5,7608.25,7636.598339891192
1789093200,7608,7609,7607.25,7607.5,7636.482178853702
1789093500,7607.75,7607.75,7605,7606.25,7636.361491512968
1789093800,7606.25,7606.75,7603.25,7603.75,7636.231305918106
1789094100,7603.5,7606,7603.5,7605.5,7636.1086260541615
1789094400,7605.5,7606.5,7602.25,7603,7635.9764558902725
1789094700,7603.25,7607.5,7602.5,7607.5,7635.862777423645
1789095000,7607.25,7608,7603.25,7603.5,7635.733584699398
1789095300,7603.5,7604.5,7602.75,7603.75,7635.605905718562
1789095600,7603.5,7604.25,7602,7602.25,7635.472748410304
1789095900,7602.25,7602.5,7601,7602,7635.339124664155
1789096200,7602,7602.75,7599.75,7602.25,7635.207032350127
1789096500,7602,7603.5,7601,7602.75,7635.077463358709
1789096800,7602.75,7603,7600,7600.5,7634.939429572846
1789097100,7600.5,7602.5,7600.25,7601.25,7634.804940832037
1789097400,7601.25,7601.5,7597.75,7599.25,7634.663004940491
1789097700,7599.25,7601.75,7598.5,7600.5,7634.526625679252
1789098000,7600.25,7604.25,7600.25,7603.75,7634.4037648980975
1789098300,7603.75,7604,7599.75,7600.25,7634.267422523255
1789098600,7600,7601.75,7599.25,7601.5,7634.1366144493095
1789098900,7601.5,7602.75,7600.75,7601,7634.004332555301
1789099200,7600.75,7604.25,7598.5,7603,7633.880562764661
1789099500,7603,7605.75,7602.5,7604.25,7633.762277084961
1789099800,7604,7607.25,7601.25,7606.75,7633.654443643504
1789100100,7606.5,7606.75,7604.75,7605.25,7633.541052650916
1789100400,7605,7608,7605,7608,7633.439092360893
1789100700,7608,7611,7608,7610.75,7633.348517141887
1789101000,7610.75,7612.25,7610,7610.25,7633.256307492618
1789101300,7610,7611.5,7610,7610.75,7633.166461953726
1789101600,7610.75,7612.5,7610.5,7612.5,7633.0839611076035
1789101900,7612.5,7613,7611.5,7612.75,7633.002787610168
1789102200,7612.5,7614.5,7612,7612.75,7632.92193815863
1789102500,7612.75,7613.5,7611,7611.25,7632.835423435442
1789102800,7611,7611.75,7610.75,7611.75,7632.751250088394
1789103100,7611.75,7615,7611.25,7614.75,7632.679388810596
1789103400,7614.75,7616.5,7613.5,7616.25,7632.613802428118
1789103700,7616.25,7617,7613.5,7614.25,7632.5404938355905
1789104000,7614.25,7615,7612.75,7614.25,7632.467477892135
1789104300,7614.25,7614.25,7611.5,7612,7632.385771393564
1789104600,7612,7615.75,7612,7615,7632.316367116544
1789104900,7615.25,7617.5,7614.75,7617,7632.255223934442
1789105200,7617,7620.75,7616.75,7620.25,7632.207298888796
1789105500,7620,7623,7617.5,7622.75,7632.169545200617
1789105800,7622.75,7625.5,7621,7624.5,7632.138928253708
1789106100,7624.5,7627.5,7624.25,7626,7632.114421554093
1789106400,7626,7626.5,7623.25,7623.5,7632.080032645693
1789106700,7623.5,7629,7622.5,7626,7632.055761058285
1789107000,7626,7629.5,7624.75,7627.75,7632.038572391385
1789107300,7628,7629,7626.5,7628,7632.02245034591
1789107600,7628.25,7628.5,7626,7627.25,7632.003398647923
1789107900,7627.25,7627.75,7625.25,7627,7631.983425000626
1789108200,7627,7629,7623.75,7624.25,7631.952553044535
1789108500,7624.5,7628,7624.5,7627.25,7631.933780377691
1789108800,7627.25,7627.25,7625,7626.25,7631.911090635664
1789109100,7626.5,7632.25,7626.5,7630.5,7631.905457539314
1789109400,7630.5,7631.5,7629.5,7630.5,7631.899846930374
1789109700,7630.5,7632,7629.75,7631,7631.896254727059
1789110000,7631,7632.75,7630,7632.75,7631.899662891821
1789110300,7633,7633,7630.5,7631.25,7631.897069427183
1789110600,7631.25,7632.75,7629,7630.5,7631.891492303721
1789110900,7630.5,7631.5,7628.75,7630,7631.883941436241
1789111200,7630.25,7631.25,7628.75,7630,7631.876420711945
1789111500,7630,7630,7627,7627,7631.856953962596
1789111800,7627,7629,7625.5,7625.75,7631.832574904861
1789112100,7625.75,7628,7625.75,7627.25,7631.8142811926655
1789112400,7627.25,7627.5,7625.25,7626.25,7631.792068493293
1789112700,7626,7626.5,7624.5,7625,7631.764954447412
1789113000,7624.75,7626.25,7624.75,7625.75,7631.74094265321
1789113300,7625.75,7627.5,7625.5,7626.75,7631.721018730443
1789113600,7626.75,7630.25,7625.25,7626,7631.698180332317
1789113900,7626,7626.5,7623.5,7624.25,7631.668447077497
1789114200,7624.25,7628.5,7623.25,7627,7631.649810562218
1789114500,7627,7631,7626,7628.5,7631.6372364681565
1789114800,7628.5,7644.25,7628.25,7635,7631.650660673872
1789115100,7635,7635.75,7630.5,7631.25,7631.649061230064
1789115400,7631.25,7638,7631.25,7636.5,7631.668426255093
1789115700,7636.75,7637.25,7634.5,7634.75,7631.68072794669
1789116000,7635,7636,7633.75,7634.5,7631.6919825257455
1789116300,7634.5,7637.5,7633.5,7636.5,7631.711176208278
1789116600,7636.5,7642.25,7636.5,7640.75,7631.747259337187
1789116900,7640.5,7643.75,7640,7643.75,7631.795174469573
1789117200,7643.75,7647.75,7642.75,7643.25,7631.840902316002
1789117500,7643.25,7643.25,7639.25,7639.25,7631.870479552265
1789117800,7639.25,7640,7637.25,7637.5,7631.8929526877855
1789118100,7637.25,7639.75,7636.5,7639.25,7631.9223221381335
1789118400,7639.25,7640.25,7638.5,7639,7631.950576341175
1789118700,7639.25,7639.75,7638.5,7638.75,7631.977719748995
1789119000,7638.75,7640.25,7638.5,7639.5,7632.007748811873
1789119300,7639.75,7640.25,7639,7640,7632.039654006237
1789119600,7639.75,7640.75,7639,7639.25,7632.068437822579
1789119900,7639.25,7641,7638.75,7640,7632.100100745442
1789120200,7640,7640.5,7639.25,7639.75,7632.1306392654205
1789120500,7639.75,7642.25,7639.5,7641,7632.166045895099
1789120800,7640.75,7645.25,7635.5,7644.75,7632.216281240827
1789121100,7644.5,7644.5,7643,7643.75,7632.262324030285
1789121400,7643.75,7644,7641.5,7642.25,7632.3021949922395
1789121700,7642.5,7643.5,7641.25,7642.5,7632.342904792669
1789122000,7642.25,7643.25,7640.25,7641.75,7632.38045806695
1789122300,7641.75,7642.25,7639.75,7640.75,7632.413869411992
1789122600,7640.75,7642.75,7640.25,7642.5,7632.454133406355
1789122900,7642.5,7643.5,7640.5,7641.75,7632.491242654234
1789123200,7641.75,7641.75,7640,7640,7632.521217733459
1789123500,7640,7640,7638,7638.75,7632.546083131729
1789123800,7638.75,7639.75,7638,7638.5,7632.56985126294
1789124100,7638.5,7639.5,7638,7638.5,7632.593524511391
1789124400,7638.75,7639.5,7637.75,7638.5,7632.617103255856
1789124700,7638.25,7638.5,7635.5,7636.5,7632.632603841661
1789125000,7636.25,7637.25,7635.75,7636.25,7632.647044544888
1789125300,7636.25,7638.75,7635.5,7638.5,7632.670409636525
1789125600,7638.75,7638.75,7636,7638.25,7632.692683450351
1789125900,7638.25,7641.25,7638.25,7639.5,7632.719858366717
1789126200,7639.5,7640.5,7636.25,7636.5,7632.734948752479
1789126500,7636.75,7638.5,7635.75,7638,7632.755966921131
1789126800,7637.75,7640.5,7637.5,7640.5,7632.78688122484
1789127100,7640.75,7641.5,7637.75,7641,7632.819668126138
1789127400,7641,7641,7639,7640.5,7632.850328133618
1789127700,7640.5,7642.5,7640,7640.75,7632.881863749851
1789128000,7640.75,7641.25,7637.5,7639.5,7632.90828345544
1789128300,7639.5,7640.25,7638.25,7640.25,7632.937591705119
1789128600,7640.5,7644,7639.25,7641.75,7632.97277097975
1789128900,7641.75,7645.75,7640.75,7644.5,7633.018787862066
1789129200,7644.75,7646.75,7643.25,7643.5,7633.060629028286
1789129500,7643.75,7657.5,7642.75,7653.75,7633.143221327574
1789129800,7653.5,7655.25,7620.5,7643,7633.182569745428
1789130100,7642.75,7650.5,7640.25,7647.75,7633.240723159618
1789130400,7647.5,7650,7644.75,7646.5,7633.29365440449
1789130700,7646.75,7658.25,7644.75,7656,7633.384298498683
1789131000,7656,7668.75,7655.5,7667.25,7633.519490919846
1789131300,7667.25,7677.5,7666.5,7676.25,7633.690071794418
1789131600,7676.25,7683.5,7675.75,7677.25,7633.863963723383
1789131900,7677.25,7680.25,7671.25,7673.5,7634.02219141311
1789132200,7673.25,7674.5,7665.5,7667.25,7634.154837355572
1789132500,7667.5,7669,7665.25,7665.75,7634.280965749363
1789132800,7665.75,7668.25,7665.75,7667,7634.4115806565505
1789133100,7667,7673,7664.5,7665,7634.533690115008
1789133400,7665,7676.5,7659.75,7675.5,7634.697228278221
1789133700,7675.25,7677.75,7671.5,7673.5,7634.85212956254
1789134000,7673.25,7676.5,7664.25,7672.25,7635.0014224584975
1789134300,7672.5,7677,7665.75,7667.75,7635.132155302975
1789134600,7667.5,7670.75,7664.75,7668.75,7635.266358275817
1789134900,7668.75,7682,7667.75,7681,7635.448927703857
1789135200,7681,7681.25,7671.25,7672.25,7635.595838172106
1789135500,7672.25,7673.75,7667,7672,7635.741164167426
1789135800,7672,7674.75,7664.5,7666.5,7635.863953931229
1789136100,7666.75,7675.5,7664,7674.75,7636.01918764807
1789136400,7675,7678.25,7673.5,7675.25,7636.17579767742
1789136700,7675.5,7678.75,7673.5,7675,7636.330784513038
1789137000,7675,7676,7664.25,7664.75,7636.444234475062
1789137300,7664.75,7665,7657.75,7660.5,7636.5402654751615
1789137600,7660.5,7665,7656,7657.75,7636.624935074063
1789137900,7657.75,7665.5,7653.25,7664.5,7636.736212778358
1789138200,7664.5,7665,7657.25,7658,7636.821098156488
1789138500,7658,7659.5,7654.25,7657.25,7636.902650658857
1789138800,7657.25,7664.25,7655.25,7664.25,7637.011821714111
1789139100,7664,7670.25,7663.25,7666.5,7637.129538992697
1789139400,7666.5,7667.25,7658.5,7663.5,7637.234810294123
1789139700,7663.5,7673.25,7663.5,7671.5,7637.371597478578
1789140000,7671.5,7676.75,7670.75,7676.25,7637.526800682256
1789140300,7676.25,7680.25,7674.25,7677.5,7637.686374332227
1789140600,7677.5,7679.25,7675,7676.5,7637.841318945671
1789140900,7676.5,7678.25,7673.75,7677,7637.997641025729
1789141200,7677.25,7680.5,7676.25,7679,7638.161323097483
1789141500,7679,7679.25,7675.25,7676.75,7638.315369711864
1789141800,7676.75,7677.5,7671.75,7673,7638.453831309821
1789142100,7673,7676,7671.5,7675,7638.599724198803
1789142400,7674.75,7680,7674.75,7679.25,7638.762000748908
1789142700,7679.25,7679.75,7675.25,7676.75,7638.913649448513
1789143000,7677,7678,7673,7673.5,7639.051718712191
1789143300,7673.75,7674.25,7671.5,7672.75,7639.186242789188
1789143600,7672.75,7674,7670.25,7671.25,7639.31424181997
1789143900,7671.25,7673.75,7666.25,7667,7639.424763808713
1789144200,7667,7675.5,7665.75,7673.5,7639.560792695704
1789144500,7673.5,7673.75,7666.75,7667,7639.670330449413
1789144800,7667,7672.5,7666.25,7672,7639.7993910065015
1789145100,7672,7673.75,7670.75,7671,7639.9239443358165
1789145400,7670.75,7673.5,7670.5,7671.75,7640.050994458228
1789145700,7672,7674.5,7671.75,7674.25,7640.187517434443
1789146000,7674.25,7676.5,7673.25,7674,7640.322497404764
1789146300,7674.25,7678.75,7673.75,7675,7640.4609305488575
1789146600,7675,7676.75,7673,7673.25,7640.591825037684
1789146900,7673.5,7677,7673.5,7676.75,7640.73616904951
1789147200,7677,7680.5,7676.5,7680,7640.892910889632
1789147500,7680.25,7681,7677,7677.5,7641.039046973905
1789147800,7677.75,7680.25,7676.75,7677.75,7641.185597684588
1789148100,7677.5,7678.25,7675.5,7676,7641.32457733455
1789148400,7675.75,7677.75,7675.5,7676.5,7641.464998183514
1789148700,7676.25,7677.25,7675,7676.75,7641.605856474198
1789149000,7676.75,7677.5,7676,7676.25,7641.744156448352
1789149300,7676.25,7676.25,7674,7674.75,7641.87591630285
1789149600,7675,7677.75,7674.5,7676.5,7642.0141361978485
1789149900,7676.5,7676.5,7673.5,7674.5,7642.143820284883
1789150200,7674.75,7675,7672.75,7673.5,7642.268994655004
1789150500,7673.25,7675,7672.75,7673.75,7642.394667331031
1789150800,7673.5,7673.75,7668.75,7671.25,7642.509858279809
1789151100,7671.25,7673.25,7669.75,7672,7642.627583396456
1789151400,7672,7673.5,7669,7672,7642.744838552559
1789151700,7672,7673.25,7670,7670.5,7642.8556376002525
1789152000,7670.5,7671.75,7668.5,7669.25,7642.961004316419
1789152300,7669,7671.5,7667.5,7668.25,7643.061958391005
1789152600,7668,7669.5,7668,7668.5,7643.163507459304
1789152900,7668.25,7670.25,7667,7668,7643.262655134117
1789153200,7668,7669.5,7667.5,7669.25,7643.366397029789
1789153500,7669,7669,7664.75,7665.25,7643.453756722285
1789153800,7665.25,7666.75,7663,7666.75,7643.546755697445
1789154100,7666.75,7668.5,7666.25,7667.5,7643.642377431188
1789154400,7667.5,7669.75,7666.5,7669.5,7643.745601473379
1789154700,7669.5,7670.5,7667.5,7667.75,7643.841427415601
1789155000,7667.75,7668.75,7666.25,7667,7643.933876807156
1789155300,7667.25,7667.75,7666,7666.5,7644.023961131279
1789155600,7666.75,7668,7666.25,7667.5,7644.11767785331
1789155900,7667.5,7667.75,7664.5,7664.5,7644.199044408786
1789156200,7664.75,7665.5,7661.75,7664,7644.278090139689
1789156500,7664,7664.5,7657.5,7659,7644.336860238932
1789156800,7658.75,7661.25,7658.5,7660.75,7644.402381754944
1789157100,7661,7661.75,7660.5,7661.25,7644.469637716003
1789157400,7661.25,7662,7659.5,7660.5,7644.533631178214
1789157700,7660.5,7660.75,7659.75,7660,7644.595373169518
1789158000,7660,7661.75,7660,7661.5,7644.66285670976
1789158300,7661.75,7661.75,7660.5,7661,7644.728074846646
1789158600,7661,7663.5,7660.75,7662.25,7644.79802265165
1789158900,7662.25,7662.75,7661.75,7661.75,7644.865695215915
1789159200,7662,7662.25,7660,7660.75,7644.929105614255
1789159500,7661,7661.25,7659.75,7660.25,7644.990266869288
1789159800,7660.25,7661.5,7660,7661.5,7645.056173987574
1789160100,7661.25,7661.5,7660,7660.75,7645.1188239916155
1789336800,7609.25,7625.75,7604.25,7617.25,7645.007571201229
1789337100,7617,7620.75,7608,7609.5,7644.865824410007
1789337400,7609.5,7612.75,7607.75,7612.25,7644.735621518151
1789337700,7612.25,7613.75,7609.25,7613.5,7644.610928418278
1789338000,7613.25,7615.75,7612.25,7614,7644.488729103235
1789338300,7614,7619,7613.75,7619,7644.386977689649
1789338600,7618.5,7622.75,7618.25,7622.25,7644.298606521227
1789338900,7622.25,7622.25,7619,7620.75,7644.204600107969
1789339200,7620.5,7620.5,7617.25,7617.5,7644.097994917917
1789339500,7617.5,7619.25,7616.75,7618.25,7643.994809309463
1789339800,7618.25,7619.75,7618,7619.25,7643.896027635573
1789340100,7619.25,7620.75,7618,7618.5,7643.794646287726
1789340400,7618.75,7619.75,7617.5,7618,7643.691673647855
1789340700,7618,7619.25,7617.5,7619,7643.593104092375
1789341000,7619,7620.25,7619,7620,7643.498920044102
1789341300,7619.75,7620,7619,7619.25,7643.402117968078
1789341600,7619.25,7624,7619,7623.75,7643.323666399343
1789341900,7623.75,7624.75,7622.75,7624.75,7643.249520026491
1789342200,7624.5,7625.5,7623.75,7623.75,7643.171677631176
1789342500,7623.5,7623.5,7618.25,7619.75,7643.078177920073
1789342800,7620,7620.75,7617.75,7619,7642.982057449334
1789343100,7618.75,7618.75,7616.25,7616.75,7642.877338657121
1789343400,7616.75,7619.5,7616.25,7617,7642.774035907991
1789343700,7617,7617.25,7614.75,7615.5,7642.665157521133
1789344000,7615.25,7620,7614.5,7618.75,7642.56968783043
1789344300,7618.75,7623,7618.5,7622.5,7642.489569316137
1789344600,7622,7623.25,7619.75,7620.75,7642.402784608288
1789344900,7621,7623,7620,7621.25,7642.318342354363
1789345200,7621.5,7621.5,7619.25,7620.5,7642.231243183288
1789345500,7620.75,7621,7617.75,7620,7642.142495705511
1789345800,7620,7622.5,7619.75,7621.25,7642.059092529042
1789346100,7621.25,7621.75,7619.25,7619.75,7641.970034275433
1789346400,7620,7623,7619.25,7622.75,7641.893307591698
1789346700,7622.75,7624.25,7622,7623.25,7641.818883210095
1789347000,7623,7624.25,7622.5,7623.75,7641.746751939795
1789347300,7623.75,7624.5,7621,7621.5,7641.66592658275
1789347600,7621.75,7624.25,7620.5,7623.25,7641.592409909766
1789347900,7622.25,7624.5,7622.25,7624.5,7641.524176736473
1789348200,7624.25,7625.75,7622,7622,7641.446235911178
1789348500,7622.25,7622.5,7620.75,7621.25,7641.365612214925
1789348800,7621.25,7622.75,7620,7621.75,7641.28730637774
1789349100,7622,7624,7620.5,7623.5,7641.216299166651
1789349400,7623.5,7624,7621.5,7622,7641.139587393531
1789349700,7622,7627,7622,7626.75,7641.082143930882
1789350000,7626.75,7627.75,7626,7626.75,7641.024929783453
1789350300,7626.75,7630.5,7626.75,7630.25,7640.981916091703
1789350600,7630.25,7632,7630,7632,7640.946060139241
1789350900,7631.75,7634.5,7631.75,7632.75,7640.91334133629
1789351200,7633,7634,7631.5,7631.75,7640.876761131354
1789351500,7631.75,7633.75,7631.5,7633.25,7640.846314979133
1789351800,7632.75,7633.75,7632,7632.5,7640.8129963564625
1789352100,7632.5,7633,7631.5,7632.25,7640.778812738273
1789352400,7632.5,7633.25,7631.75,7632,7640.743767577641
1789352700,7632.25,7632.75,7632,7632,7640.70886231785
1789353000,7632,7633,7631.5,7632.25,7640.675094404405
1789353300,7632.25,7632.75,7631,7631.25,7640.637469277042
1789353600,7631.25,7631.5,7629,7629.5,7640.5930083218445
1789353900,7629.25,7631.75,7629,7631.25,7640.555710883434
1789354200,7631.5,7632,7630.75,7631.5,7640.519560340985
1789354500,7631.25,7631.25,7629.25,7629.5,7640.4755700801425
1789354800,7629.5,7629.5,7627,7627,7640.4217753892035
1789355100,7627,7628.25,7626.75,7627.5,7640.370191455514
1789355400,7627.75,7627.75,7625.25,7625.5,7640.3108294137755
1789355700,7625.75,7626.5,7624,7625,7640.249708338271
1789356000,7625,7625.5,7624.25,7625.25,7640.1898292630685
1789356300,7625.25,7626.5,7624.5,7626.5,7640.13517924605
1789356600,7626.25,7626.25,7623.25,7624.25,7640.0717653568445
1789356900,7624.5,7624.75,7623.5,7623.75,7640.006608608913
1789357200,7624,7624.25,7622.25,7622.5,7639.936721947799
1789357500,7622.75,7623.75,7621.75,7622.75,7639.868112279345
1789357800,7622.5,7624,7622,7623.75,7639.8037685177505
1789358100,7623.5,7623.75,7622,7622.25,7639.733693593528
1789358400,7622.5,7624,7622.25,7624,7639.670884437466
1789358700,7624,7624.25,7622.5,7623,7639.60433400059
1789359000,7623,7623,7620.75,7621.25,7639.531063206176
1789359300,7621.25,7622.25,7620.75,7622,7639.4610789219205
1789359600,7622.25,7622.25,7621.25,7622.25,7639.392372020036
1789359900,7622,7622.75,7621.75,7622,7639.3229413932095
1789360200,7622,7622,7619.25,7619.75,7639.244805898626
1789360500,7619.5,7622,7619.25,7622,7639.175964358112
1789360800,7622.25,7622.75,7619.5,7620,7639.099413602191
1789361100,7620.25,7622.5,7620.25,7622,7639.031152470046
1789361400,7622.25,7623.25,7620.25,7620.5,7638.95717581348
1789361700,7620.5,7621.25,7619.5,7620.25,7638.882496468915
1789362000,7620.25,7621,7619.5,7620.75,7638.81011125347
1789362300,7620.5,7621.25,7620,7620.25,7638.736018992977
1789362600,7620,7620.5,7618.5,7620.25,7638.662222509971
1789362900,7620.25,7620.5,7618.5,7618.75,7638.582732599752
1789363200,7618.75,7618.75,7616,7616.25,7638.493579974603
1789363500,7616.25,7619.75,7616.25,7618.75,7638.414763288078
1789363800,7618.75,7619.75,7617.75,7619,7638.337259243015
1789364100,7618.75,7620.25,7618,7619,7638.260064595338
1789364400,7619,7619.25,7615.25,7616.75,7638.174196073999
1789364700,7616.75,7617.75,7615.5,7616,7638.085676329193
1789365000,7615.75,7619.25,7615.5,7619.25,7638.010484008518
1789365300,7619.5,7620.25,7617.75,7620,7637.938585868763
1789365600,7620,7623.25,7619.75,7622.5,7637.876954787451
1789365900,7622.5,7623.5,7621.5,7622.75,7637.816567742391
1789366200,7622.5,7624.75,7622,7623.5,7637.759415775356
1789366500,7623.5,7624.25,7622.75,7623.5,7637.702491959885
1789366800,7623.25,7624,7621,7623,7637.6437993772115
1789367100,7623,7623.75,7621,7621,7637.577357064329
1789367400,7621,7621,7616.25,7617.25,7637.496209930339
1789367700,7617.25,7617.5,7616,7616.75,7637.413390729021
1789368000,7616.5,7617.25,7612.25,7614.25,7637.320922103356
1789368300,7614.5,7615.5,7612,7612,7637.219840577993
1789368600,7612.25,7614.25,7611.5,7613,7637.123154587662
1789368900,7613.25,7613.75,7606.25,7609.5,7637.01288251346
1789369200,7609.75,7613.5,7607.25,7613.5,7636.919018711011
1789369500,7613.5,7615.25,7611.5,7613.25,7636.824531610368
1789369800,7613.25,7615.5,7611.25,7614.5,7636.735411723699
1789370100,7614.5,7615.25,7612,7612.75,7636.639661577097
1789370400,7612.5,7615.25,7610.75,7614,7636.54928368657
1789370700,7614.25,7614.5,7610.75,7611.25,7636.448288542112
1789371000,7611.25,7613,7610.5,7611.5,7636.348694575876
1789371300,7611.25,7612,7609.5,7610.25,7636.244508170384
1789371600,7610.25,7611.25,7605.25,7606,7636.123771610821
1789371900,7606.25,7608.25,7604.5,7607.75,7636.010503061476
1789372200,7608,7608.25,7604,7606,7635.890700654045
1789372500,7605.75,7609,7605.75,7608.5,7635.781356539657
1789372800,7608.75,7613.25,7607.25,7611.75,7635.685422980617
1789373100,7611.75,7613.5,7610,7613,7635.5948624098355
1789373400,7613.25,7613.25,7608.25,7610.25,7635.493685314387
1789373700,7610.25,7610.5,7606.25,7607.5,7635.381934075607
1789374000,7607.25,7609,7606.25,7606.5,7635.266636933588
1789374300,7606.75,7607.5,7603.5,7603.75,7635.14082201569
1789374600,7603.75,7606.75,7603.75,7605.75,7635.023493384889
1789374900,7605.75,7609.25,7605.75,7609,7634.919607183751
1789375200,7609.5,7610.75,7607,7607.75,7634.811145678028
1789375500,7607.75,7609,7600,7604.75,7634.691141104463
1789375800,7604.75,7606.5,7602,7602.25,7634.561635551152
1789376100,7602.5,7608.25,7602,7608.25,7634.4565990818855
1789376400,7608,7609.75,7606.25,7606.75,7634.3459938959295
1789376700,7607,7607.75,7605.5,7606.25,7634.233834239658
1789377000,7606.25,7607.5,7599.25,7601,7634.101164242693
1789377300,7601,7601.25,7597.5,7598.25,7633.958045822563
1789377600,7598.25,7599,7593.75,7595,7633.802524681554
1789377900,7595,7600.5,7594,7599.25,7633.664590451289
1789378200,7599,7601.25,7598.5,7599.25,7633.527206856673
1789378500,7599,7599,7595.25,7596,7633.377397647664
1789378800,7596,7599.25,7594.5,7595,7633.224194463442
1789379100,7595.25,7597.75,7594.25,7595.5,7633.073598876761
1789379400,7595.5,7598.5,7594.5,7598,7632.933584509988
1789379700,7598.25,7598.75,7594.75,7596.5,7632.78814105885
1789380000,7596.5,7598.75,7596.25,7597.25,7632.646272232268
1789380300,7597.5,7599.25,7597,7598.25,7632.508961764274
1789380600,7598.25,7600.75,7597.5,7599.25,7632.37619145783
1789380900,7599.5,7599.75,7596.25,7597.75,7632.237963148617
1789381200,7598,7603.25,7597.75,7602,7632.1172527168865
1789381500,7602.25,7604.5,7602,7604,7632.005008195062
1789381800,7604,7605.5,7603.25,7605,7631.89720377113
1789382100,7605.25,7607.25,7605.25,7605.25,7631.7908277081715
1789382400,7605.5,7609,7605.25,7607.75,7631.694856340075
1789382700,7607.75,7609.75,7607.5,7608.75,7631.60326010718
1789383000,7609,7609.5,7606,7607,7631.505043499966
1789383300,7606.75,7610.75,7606.75,7609.25,7631.416201010944
1789383600,7609.25,7612.25,7607,7612,7631.33869122647
1789383900,7611.75,7613,7611,7612.25,7631.262488866284
1789384200,7612.5,7613.75,7609.75,7611.75,7631.184594699153
1789384500,7612,7613.75,7612,7613.5,7631.113997514725
1789384800,7613.25,7615.25,7612.5,7615,7631.049670179337
1789385100,7615,7617.5,7614.25,7616.5,7630.991587663651
1789385400,7616.75,7617.75,7613,7613.5,7630.921760966391
1789385700,7613.5,7614.75,7610.5,7614,7630.854209026405
1789386000,7614.25,7617.5,7613.5,7615,7630.790918770811
1789386300,7615,7617.25,7613.75,7616,7630.731873186895
1789386600,7615.75,7616,7611.75,7613.25,7630.662085269982
1789386900,7613.5,7614.5,7611.25,7611.5,7630.585589919602
1789387200,7611.5,7611.75,7606.75,7608,7630.495427883995
1789387500,7608,7610.25,7606.75,7610,7630.41360980861
1789387800,7609.75,7612,7608.25,7609.75,7630.331120348296
1789388100,7610,7615,7609.75,7610.75,7630.252952203194
1789388400,7611,7612.5,7609,7610.5,7630.174098102582
1789388700,7610.25,7610.75,7607.5,7610,7630.093562780816
1789389000,7610,7612.5,7606,7607,7630.001372909435
1789389300,7607,7607,7596.5,7601.25,7629.886596969677
1789389600,7601.25,7608.25,7597,7607.75,7629.7982273210955
1789389900,7607.75,7609.5,7603.75,7606,7629.703224417618
1789390200,7606,7607.75,7603.25,7603.75,7629.59961873132
1789390500,7603.5,7607,7601.25,7606.5,7629.507404684488
1789390800,7606.5,7606.75,7597.75,7598.75,7629.384620633852
1789391100,7598.75,7602,7596.5,7599,7629.263324743099
1789391400,7599,7607,7598.5,7606,7629.170457179254
1789391700,7606,7608.75,7604.5,7607.75,7629.0849463721515
1789392000,7607.5,7609.25,7607,7607.75,7628.999776925556
1789392300,7607.75,7609,7605.75,7606.5,7628.909957456792
1789392600,7606.5,7608.5,7602.25,7603,7628.806524492892
1789392900,7603.25,7605.25,7601,7602,7628.699512419068
1789393200,7602,7611.5,7601,7610.5,7628.6268596748805
1789393500,7610.5,7622.25,7610.25,7619.25,7628.5894271013285
1789393800,7619.25,7622.25,7617,7618,7628.547153939247
1789394100,7617.75,7618.5,7613.5,7615.75,7628.496067496376
1789394400,7615.75,7622,7615.25,7620.5,7628.464147067249
1789394700,7620.25,7627,7619,7624.75,7628.449320132849
1789395000,7624.5,7626.25,7620,7620.25,7628.416588315951
1789395300,7620.5,7622.75,7613.75,7614.5,7628.361033073173
1789395600,7614.5,7614.5,7603.75,7604,7628.263783440146
1789395900,7604,7604.5,7597.75,7604,7628.166922029207
1789396200,7604,7607,7601,7606.5,7628.0804273304875
1789396500,7606.5,7606.75,7598.75,7600.75,7627.97132382817
1789396800,7600.5,7602.75,7596.75,7602.5,7627.86964189672
1789397100,7602.75,7606.5,7600.5,7602.5,7627.768365881165
1789397400,7602.25,7602.75,7596.75,7598,7627.649530089224
1789397700,7598,7601.75,7595.25,7601.5,7627.54514074755
1789398000,7601.5,7602.25,7597.5,7597.75,7627.426198069916
1789398300,7597.75,7615,7597.5,7607.25,7627.345654365045
1789398600,7607.5,7608.25,7602,7602.25,7627.245472112091
1789398900,7602,7608.5,7601,7606.75,7627.163653860147
1789399200,7606.75,7611.75,7605.75,7611.5,7627.101124303819
1789399500,7611.5,7615,7609,7612,7627.040840374462
1789399800,7612,7625,7610.25,7623.75,7627.027703287139
1789400100,7624,7629.5,7620.5,7628.5,7627.033580719127
1789400400,7628.5,7638.75,7626.5,7637.5,7627.075362832024
1789400700,7637.5,7638,7630.75,7631,7627.091030046267
1789401000,7631,7635.25,7629.25,7634.75,7627.121604776622
1789401300,7634.75,7636.75,7633,7634.25,7627.15006144418
1789401600,7634.25,7635.75,7629.75,7629.75,7627.160440440411
1789401900,7629.5,7631.5,7628.5,7630.5,7627.173772015499
1789402200,7630.25,7633,7630,7631,7627.18904637871
1789402500,7631.25,7641,7631,7640.25,7627.241185914125
1789402800,7640.25,7642.75,7636.75,7640.5,7627.2941153116735
1789403100,7640.75,7641.25,7635.25,7636.75,7627.331863354341
1789403400,7636.5,7640.75,7635.75,7636,7627.366466694244
1789403700,7636,7638,7634.75,7637,7627.40492391303
1789404000,7637,7639.5,7635.5,7639.5,7627.4532076499045
1789404300,7639.5,7651.5,7636.75,7649.25,7627.540220793018
1789404600,7649.25,7652,7646.5,7646.75,7627.616906538356
1789404900,7647,7647.5,7642,7645,7627.6863001250285
1789405200,7645.25,7646.75,7641.5,7642.75,7627.746434655468
1789405500,7643,7644.25,7639.5,7640.75,7627.7983450959655
1789405800,7641,7645,7637.75,7638,7627.839070265243
1789406100,7638,7639,7635.25,7636.75,7627.874642839035
1789406400,7636.75,7640.5,7636.5,7639.25,7627.920053446464
1789406700,7639.25,7643.5,7638,7643.5,7627.982248841888
1789407000,7643.5,7645,7641.25,7643,7628.042199944315
1789407300,7642.75,7644.75,7641.5,7644.5,7628.107899744937
1789407600,7644.5,7644.5,7641.5,7642.5,7628.165353238969
1789407900,7642.5,7644.5,7641.75,7642.5,7628.222577377735
1789408200,7642.75,7644.75,7642.25,7644.25,7628.28655910477
1789408500,7644,7644.75,7639.75,7639.75,7628.3323213438725
1789408800,7640,7644.5,7638,7638.75,7628.373908883418
1789409100,7638.75,7642.25,7637.25,7640.75,7628.423314436778
1789409400,7640.5,7641,7638,7640,7628.469528750404
1789409700,7640,7641.25,7638,7639,7628.511566559783
1789410000,7639,7639.75,7637.5,7637.5,7628.5474485296045
1789410300,7637.75,7638.25,7635.5,7636.75,7628.580193246054
1789410600,7636.5,7640,7636,7638.75,7628.620791277008
1789410900,7638.75,7641.25,7638.25,7639.75,7628.665219255942
1789411200,7639.75,7641.75,7639,7640,7628.710467881667
1789411500,7640,7642,7637.25,7641.75,7628.762521902099
1789411800,7641.5,7641.75,7639.5,7639.75,7628.806384090115
1789412100,7639.75,7641,7637.5,7638,7628.843085151631
1789412400,7638,7638.75,7635.25,7636,7628.871655669988
1789412700,7636,7636.5,7632.5,7635,7628.896120118411
1789413000,7635,7637.75,7635,7637,7628.928470936302
1789413300,7637,7637,7634.5,7635.5,7628.954704585259
1789413600,7635.5,7636,7633,7634.75,7628.977839497094
1789413900,7634.75,7635.25,7633.75,7634,7628.997888042015
1789414200,7634,7636,7633.25,7633.75,7629.016858548834
1789414500,7634,7634.25,7632.5,7633,7629.03275931311
1789414800,7633,7634.25,7632.5,7633,7629.048596601281
1789415100,7633,7635.25,7632.75,7634,7629.068362682713
1789415400,7634,7635.5,7628,7629.5,7629.070085785776
1789415700,7629.5,7630.5,7623.5,7624.75,7629.052839934337
1789416000,7624.75,7626.75,7622.75,7624.5,7629.0346649246185
1789416300,7624.5,7624.5,7623,7623.5,7629.012570453861
1789416600,7623.5,7625.25,7623,7624.75,7628.9955542045445
1789416900,7624.5,7624.75,7622,7624.5,7628.977607880374
1789417200,7624.5,7626.75,7624.5,7626.5,7628.9677172301535
1789417500,7626.75,7627.75,7626.5,7627.75,7628.962856083526
1789417800,7627.75,7628,7626,7627,7628.955020330698
1789418100,7627,7627.5,7626.75,7627.25,7628.948213862312
1789418400,7627.25,7627.75,7626.75,7627.25,7628.941434565456
1789418700,7627,7630.5,7627,7630.25,7628.946658379566
1789419000,7630.25,7631.5,7630,7631.25,7628.955853356094
1789419300,7631.25,7632.5,7630.5,7632.25,7628.969003642098
1789423200,7699.25,7700.25,7696,7698,7629.24457648185
1789423500,7697.75,7697.75,7695.5,7696,7629.51106519849
1789423800,7696.25,7697,7696,7696.75,7629.779484099893
1789424100,7696.75,7697.5,7695,7696.25,7630.0448354607715
1789424400,7696.5,7696.75,7696,7696.25,7630.309127534781
1789424700,7696.25,7696.5,7695,7696.25,7630.57236455061
1789425000,7696.5,7697.25,7696.25,7697,7630.837544732044
1789425300,7697,7697.25,7696.25,7696.25,7631.098672297984
1789425600,7696.25,7696.25,7695.5,7695.5,7631.355763426535
1789425900,7695.75,7697.5,7695.75,7697.5,7631.619812275132
1789426200,7697.5,7698.5,7697.5,7697.75,7631.883805040501
1789426500,7697.75,7697.75,7696.75,7696.75,7632.142751926567
1789426800,7696.75,7697,7694.75,7696,7632.397671080553
1789427100,7696,7696.25,7695.25,7696.25,7632.652570597197
1789427400,7696.25,7697.5,7696,7697,7632.909446562877
1789427700,7697,7697.25,7694.75,7695,7633.157313043664
1789428000,7695,7696.5,7694.5,7696.25,7633.4091800574615
1789428300,7696,7696.75,7695,7695,7633.655051594158
1789428600,7695,7696.25,7694.75,7695.5,7633.9019376157385
1789428900,7695.75,7696.75,7695.5,7696.5,7634.151830080346
1789429200,7696.5,7697,7695.25,7696,7634.398728962261
1789429500,7696.25,7696.75,7694.75,7695.5,7634.6426462119125
1789429800,7695.5,7695.5,7694,7694.75,7634.882595728032
1789430100,7694.75,7696.5,7694.75,7696,7635.126577381812
1789430400,7696,7697.5,7693.25,7694,7635.361601024999
1789430700,7694.25,7696.75,7692,7696.25,7635.604668485977
1789431000,7696.25,7696.5,7694,7696,7635.845767613777
1789431300,7696,7696,7692.75,7694,7636.077920238073
1789431600,7693.75,7696.25,7692.75,7696.25,7636.3181281413135
1789431900,7696.25,7696.5,7694.5,7694.75,7636.551389106818
1789432200,7695,7695.75,7694.25,7694.25,7636.781722882838
1789432500,7694.25,7697.5,7694,7697.25,7637.023113210651
1789432800,7697.5,7700.25,7697.5,7699.5,7637.272521940349
1789433100,7699.5,7699.5,7697.25,7698.75,7637.517941014439
1789433400,7698.5,7700.5,7698.5,7699.5,7637.765374383643
1789433700,7699.5,7700,7697.25,7697.75,7638.004833966941
1789434000,7697.5,7700.75,7696.25,7700,7638.252319659688
1789434300,7699.75,7699.75,7697.25,7698.75,7638.493827365637
1789434600,7698.5,7700.5,7698.5,7700.25,7638.74035899292
1789434900,7700.25,7701,7699.75,7700.25,7638.9859064620105
1789435200,7700,7700.5,7699.5,7700,7639.229475697691
1789435500,7699.75,7700,7697.75,7698,7639.464088569157
1789435800,7698.25,7698.25,7695.25,7695.25,7639.686786818382
1789436100,7695.25,7695.5,7693,7694.25,7639.904604036672
1789436400,7694.25,7694.25,7690,7692,7640.11256968922
1789436700,7692,7693.5,7690.75,7693.5,7640.325693163515
1789437000,7693.5,7695,7690.5,7693.5,7640.537965845497
1789437300,7693.25,7694.75,7692.75,7693.5,7640.749391131542
1789437600,7693.25,7695.25,7692.75,7694.5,7640.963964420438
1789437900,7694.75,7694.75,7692.75,7694,7641.175685121354
1789438200,7694,7694.5,7693.25,7693.5,7641.384564621868
1789438500,7693.5,7693.5,7692,7692,7641.586622248128
1789438800,7692.25,7693,7691.5,7692.75,7641.790867269094
1789439100,7692.75,7693.5,7692.25,7692.5,7641.993298936683
1789439400,7692.5,7693.5,7691.75,7692.25,7642.193924489829
1789439700,7692,7692.75,7690.5,7691.5,7642.390755130588
1789440000,7691.5,7692,7690,7690.5,7642.582808004318
1789440300,7690.5,7691.75,7690,7691.5,7642.778086215878
1789440600,7691.5,7691.75,7689.75,7691.25,7642.971586869707
1789440900,7691.25,7692,7690.25,7690.5,7643.16132105386
1789441200,7690.25,7691.75,7689.5,7689.75,7643.347303804144
1789441500,7690,7690,7688.5,7688.5,7643.527554088359
1789441800,7688.25,7689.25,7687.75,7688.75,7643.708082814553
1789442100,7688.75,7689.25,7688,7688,7643.884896855213
1789442400,7688,7688.5,7687.75,7688,7644.0610050514
1789442700,7688,7688.25,7687.25,7688,7644.236410220855
1789443000,7688,7688.5,7687,7688,7644.411115170073
1789443300,7688.25,7688.75,7687.25,7687.5,7644.58312668636
1789443600,7687.5,7687.75,7687,7687.75,7644.755449533919
1789443900,7687.75,7688.5,7685.75,7686.5,7644.922094445959
1789444200,7686.5,7686.5,7683,7683.25,7645.0751000569535
1789444500,7683.25,7683.5,7681.75,7682.25,7645.223502851138
1789444800,7682,7683.25,7680.5,7683,7645.3743072309735
1789445100,7683,7684.5,7681.5,7682,7645.520517581349
1789445400,7682,7682.75,7680.25,7680.5,7645.660156233719
1789445700,7680.5,7681,7679.5,7679.75,7645.796243434383
1789446000,7680,7680.25,7676.5,7677,7645.920809328856
1789446300,7677,7677.25,7674.25,7675.5,7646.038889930338
1789446600,7675.75,7676.75,7674.75,7675.5,7646.156499152173
1789446900,7675.75,7675.75,7671.75,7673.25,7646.264656840188
1789447200,7673.5,7677,7673,7675.5,7646.381364796914
1789447500,7675.5,7676.75,7674.25,7675,7646.495610845629
1789447800,7674.75,7675,7670.75,7672.25,7646.598422778381
1789448100,7672.25,7672.25,7668.75,7669,7646.68785023236
1789448400,7668.75,7671.25,7668.75,7669,7646.776920690514
1789448700,7669,7670,7666,7666,7646.853659530073
1789449000,7666,7666.75,7664.75,7665.75,7646.929094022967
1789449300,7665.5,7665.5,7663,7664.25,7646.998239356209
1789449600,7664,7666,7663.75,7665,7647.070102672152
1789449900,7665,7669,7664.5,7668.25,7647.154653160486
1789450200,7668,7670,7667,7669.25,7647.24285813789
1789450500,7669,7669.25,7665.75,7668.25,7647.326718983647
1789450800,7668.5,7675,7668.25,7674.5,7647.435195155369
1789451100,7674.5,7677,7673.25,7674.5,7647.543238288481
1789451400,7674.75,7679.25,7673.75,7679,7647.668814183537
1789451700,7679,7679,7674.5,7674.75,7647.77692270975
1789452000,7675,7677.75,7674.75,7676.75,7647.8925836969365
1789452300,7676.75,7677,7673.5,7674.5,7647.998800927688
1789452600,7674.5,7676,7673,7674.75,7648.105592141549
1789452900,7674.5,7675.25,7673.75,7675,7648.212955047172
1789453200,7674.75,7675.75,7672.75,7673,7648.3119053264245
1789453500,7673.25,7673.5,7671.5,7672,7648.406468578614
1789453800,7672,7672.25,7669.5,7669.5,7648.4906742928715
1789454100,7669.75,7671.75,7668,7669.25,7648.5735458525805
1789454400,7669.25,7671,7667.5,7668,7648.65109656774
1789454700,7668,7669.75,7667.5,7668.25,7648.729335703198
1789455000,7668.25,7668.75,7665.75,7666.5,7648.800276478833
1789455300,7666.25,7668.75,7664.75,7667.5,7648.874926073729
1789455600,7667.5,7670,7664.25,7668,7648.951273674233
1789455900,7668,7669,7664,7666.25,7649.020330465953
1789456200,7666.5,7667.25,7660.25,7660.75,7649.067155494033
1789456500,7660.5,7664.25,7660.5,7664.25,7649.127765651741
1789456800,7664.25,7668,7663.25,7668,7649.203103912612
1789457100,7668.25,7668.75,7662.75,7665.25,7649.267163378031
1789457400,7665.25,7666.75,7663.75,7665,7649.329969113049
1789457700,7664.75,7665.25,7660.25,7660.5,7649.374560054714
1789458000,7660.5,7661,7656.25,7656.5,7649.403004924755
1789458300,7656.25,7659.75,7656,7657.75,7649.436326262381
1789458600,7658,7658.75,7653.5,7656.25,7649.463526556743
1789458900,7656,7659,7654.5,7658.5,7649.499600303024
1789459200,7658.75,7658.75,7653,7654,7649.517565970476
1789459500,7654,7654.5,7647.25,7647.25,7649.508513810913
1789459800,7647,7653.5,7645,7653.25,7649.523449883524
1789460100,7653.25,7658.25,7652.75,7658.25,7649.558286410936
1789460400,7658.25,7660,7654.75,7655.25,7649.581007822469
1789460700,7655.5,7657,7651.25,7654,7649.598648509804
1789461000,7654,7655,7651.75,7652.25,7649.60923274729
1789461300,7652.25,7654.75,7650.75,7652.5,7649.620772736323
1789461600,7652.5,7652.5,7649.5,7650,7649.622286617615
1789461900,7650.25,7650.5,7649.25,7650.5,7649.625790463453
1789462200,7650,7652,7650,7651,7649.6312763298665
1789462500,7651,7653.75,7649,7651,7649.636740296613
1789462800,7651.25,7651.5,7648.25,7650.75,7649.641184447126
1789463100,7650.5,7653.25,7649.25,7649.5,7649.640620836559
1789463400,7649.25,7651.75,7648.5,7650.25,7649.64305348791
1789463700,7650,7651,7645.75,7646.75,7649.63150437219
1789464000,7647,7652,7646.5,7647.5,7649.6229953727
1789464300,7647.75,7652.25,7646.75,7652,7649.632484413128
1789464600,7652,7654.25,7650.75,7654.25,7649.650917609083
1789464900,7654,7658.75,7653.75,7658.25,7649.685245283298
1789465200,7658.25,7659,7657,7657.5,7649.716441908914
1789465500,7657.5,7664,7657.5,7663.25,7649.770468088918
1789465800,7663.25,7666.25,7663,7665.75,7649.834258635469
1789466100,7666,7666.5,7663.75,7666,7649.898792533132
1789466400,7666.25,7667.5,7665,7665.5,7649.961072802461
1789466700,7665.5,7667,7664.25,7666.75,7650.02809446792
1789467000,7666.75,7672,7666.75,7667.75,7650.098840597789
1789467300,7667.5,7667.5,7665,7666,7650.162318280033
1789467600,7666.25,7669,7666,7668.75,7650.236520602269
1789467900,7668.75,7669.25,7667.25,7668.25,7650.308430699665
1789468200,7668.5,7669.75,7667,7669.75,7650.386041754757
1789468500,7669.5,7671.5,7668.75,7671.25,7650.469331009229
1789468800,7671,7676.25,7670.5,7672,7650.555281783643
1789469100,7672.25,7673.5,7670.25,7673,7650.644881457161
1789469400,7673,7676.5,7672.75,7676,7650.746099495256
1789469700,7676,7680.5,7675.25,7676.25,7650.847911473319
1789470000,7676,7678.25,7675.5,7677.25,7650.9533090323075
1789470300,7677.25,7680,7675.25,7679.75,7651.068265882478
1789470600,7679.5,7680.25,7678.25,7678.75,7651.178771807099
1789470900,7678.75,7681.5,7678,7680,7651.293826610265
1789471200,7680.25,7680.75,7678.25,7679,7651.404430096851
1789471500,7679,7679.5,7677.25,7678.25,7651.511598040576
1789471800,7678.25,7678.5,7675.5,7678.5,7651.619336172151
1789472100,7678.5,7680,7677,7677.25,7651.721654191424
1789472400,7677.25,7679,7676.75,7678,7651.8265577675065
1789472700,7678,7679.75,7677.75,7678,7651.931042566838
1789473000,7678.25,7681.25,7677.5,7678.75,7652.038104273158
1789473300,7678.5,7682.25,7678,7681.75,7652.156714635341
1789473600,7681.75,7683.25,7679.25,7681.75,7652.274851503064
1789473900,7682,7682,7679.75,7680.75,7652.388524750557
1789474200,7681,7684.25,7680.5,7683.75,7652.513720260535
1789474500,7683.75,7685.25,7681.5,7683.5,7652.637417984046
1789474800,7683.5,7683.75,7678.5,7679.5,7652.744653840397
1789475100,7679.5,7683.75,7679.5,7683,7652.865433665386
1789475400,7683,7685.75,7679.75,7685.75,7652.996709379297
1789475700,7686,7686.25,7683.75,7685.25,7653.125465030477
1789476000,7685.25,7685.5,7681.75,7684,7653.248716667082
1789476300,7684,7695,7683.5,7692.5,7653.405408416914
1789476600,7692.5,7696.25,7690.75,7695.75,7653.574448702675
1789476900,7696,7697.5,7687.75,7689.25,7653.716866073123
1789477200,7689,7692.25,7688,7692.25,7653.870690959059
1789477500,7692.25,7692.5,7689.25,7689.75,7654.013921733674
1789477800,7690,7691.25,7688,7688.5,7654.151590708789
1789478100,7688.5,7692.5,7687.75,7689.25,7654.291704119133
1789478400,7689,7690.75,7687.5,7690.25,7654.435250210474
1789478700,7690.25,7693.5,7684.25,7684.25,7654.554271167717
1789479000,7684.5,7687,7670.25,7672,7654.62391479579
1789479300,7672,7681.75,7671.75,7681,7654.729208549101
1789479600,7681,7683.25,7677,7682.5,7654.8400699920185
1789479900,7682.5,7684.75,7675,7676.25,7654.925538774485
1789480200,7676.25,7680.5,7674.5,7679.5,7655.023640416104
1789480500,7679.5,7680,7676.5,7678.25,7655.116360414443
1789480800,7678.5,7678.5,7671,7671,7655.1797681573
1789481100,7671,7673.75,7667.5,7668,7655.23094672753
1789481400,7667.75,7667.75,7661.5,7662.25,7655.258966900275
1789481700,7662.25,7667,7661.75,7664.75,7655.296855255962
1789482000,7665,7666.25,7654,7658.75,7655.310640264921
1789482300,7659,7659.75,7657,7657,7655.3173842159595
1789482600,7657.25,7658.75,7652,7655.75,7655.319111225077
1789482900,7655.75,7658.5,7652.5,7653.5,7655.311849304019
1789483200,7653.5,7654.75,7650.75,7654,7655.30661238065
1789483500,7654.25,7656,7651.5,7651.5,7655.291416323243
1789483800,7651.25,7652,7643.5,7647.75,7655.261310868858
1789484100,7647.75,7650.75,7645.5,7646.25,7655.2253375719765
1789484400,7646.5,7654,7646.25,7654,7655.220446004823
1789484700,7654,7655,7650,7650.75,7655.202599912987
1789485000,7651,7653,7649,7651.75,7655.1888170790035
1789485300,7651.5,7655.75,7650,7654.5,7655.186067310225
1789485600,7654.5,7657.25,7651.75,7656.75,7655.192310554496
1789485900,7656.75,7657.25,7653.75,7656.75,7655.198528875635
1789486200,7657,7657.75,7651.25,7655.25,7655.1987343491855
1789486500,7655.5,7657.25,7653.5,7655,7655.197940998491
1789486800,7655,7659.75,7655,7657.25,7655.206132850792
1789487100,7657.25,7657.75,7651,7651.75,7655.192335913263
1789487400,7651.75,7657.75,7651.5,7652.75,7655.182586069298
1789487700,7653,7658,7651.5,7653,7655.173873150858
1789488000,7653,7655.25,7651.75,7655.25,7655.174177050455
1789488300,7655,7655,7648,7649.25,7655.150527641072
1789488600,7649.25,7650.25,7648.5,7649.75,7655.128968648492
1789488900,7649.75,7653,7649,7653,7655.120469771652
1789489200,7652.75,7659,7652.75,7658.75,7655.13495891428
1789489500,7658.75,7661,7657,7658,7655.146396204043
1789489800,7657.75,7660,7655,7658.75,7655.16078184794
1789490100,7658.5,7659.5,7656.5,7657.25,7655.1691220401635
1789490400,7657.25,7658.75,7656.5,7658.25,7655.181420954174
1789490700,7658.25,7659.5,7655,7656.5,7655.186684742781
1789491000,7656.5,7662.25,7656.25,7662,7655.213883606083
1789491300,7662,7662.75,7657.5,7659.25,7655.229995847177
1789491600,7659.5,7660.25,7653.25,7653.5,7655.22308967613
1789491900,7653.5,7656.25,7652.25,7654,7655.218207082613
1789492200,7654,7657.5,7653,7653,7655.209351964519
1789492500,7653,7653.25,7650.5,7652.25,7655.197538184221
1789492800,7652,7652.75,7648.5,7648.5,7655.170801504843
1789493100,7648.5,7651.25,7648,7650.75,7655.153153594644
1789493400,7650.75,7654,7650.25,7652.25,7655.141564159137
1789493700,7652.25,7653.75,7651.25,7653.25,7655.134013004808
1789494000,7653.25,7654.75,7651,7653.75,7655.128488002793
1789494300,7653.5,7655,7651.5,7652,7655.115999028731
1789494600,7651.75,7655,7651.75,7654.75,7655.114537954763
1789494900,7654.75,7656.25,7653.75,7655.25,7655.115078721411
1789495200,7655.5,7657.5,7653.5,7657.5,7655.124599365237
1789495500,7657.5,7659.25,7656.5,7659.25,7655.141068030446
1789495800,7659.25,7662,7658,7660.25,7655.161462968448
1789496100,7660.5,7660.75,7657,7657.5,7655.17079844562
1789496400,7657.5,7658.75,7656.25,7657,7655.178100647434
1789496700,7657.25,7659.25,7655.75,7659.25,7655.194355734669
1789497000,7659.25,7659.25,7653.5,7654.25,7655.190585851497
1789497300,7654.25,7655.5,7653.75,7655,7655.189825029735
1789497600,7654.75,7658.5,7653.5,7654,7655.185075229218
1789497900,7654.25,7654.75,7649.5,7650.75,7655.167370338083
1789498200,7650.75,7653.75,7650.75,7653.25,7655.159716165077
1789498500,7653,7657.25,7652.5,7657,7655.167062607532
1789498800,7657.25,7658.75,7655,7655.75,7655.169389702911
1789499100,7655.75,7656.25,7654.5,7655.75,7655.171707508488
1789499400,7655.75,7656,7653,7654,7655.167030033404
1789499700,7654,7655.25,7653,7654.5,7655.16436723886
1789500000,7654.25,7654.5,7653,7653.75,7655.158721062257
1789500300,7653.5,7654,7651.75,7652.5,7655.148107405323
1789500600,7652.5,7653.5,7651.5,7651.75,7655.1345421063
1789500900,7652,7652,7648.5,7649.25,7655.111050920246
1789501200,7649.5,7651,7648,7650.25,7655.091645527351
1789501500,7650.25,7653.25,7649.25,7652.75,7655.0822976410145
1789501800,7652.75,7653.5,7648.75,7652.75,7655.0729870715895
1789502100,7652.75,7657.75,7651,7657,7655.08067973797
1789502400,7656.75,7662.25,7656.5,7661.75,7655.107303770952
1789502700,7662,7662.75,7661,7662,7655.134819524362
1789503000,7661.75,7665,7661.5,7664.25,7655.171207470372
1789503300,7664.5,7664.75,7663,7663.75,7655.205454147137
1789503600,7663.75,7664.25,7663,7664,7655.240562114614
1789503900,7663.75,7664.25,7663,7663.5,7655.273533922539
1789504200,7663.25,7665.25,7663,7663.25,7655.305376102489
1789504500,7663.5,7664,7663,7663.25,7655.3370911679485
1789504800,7663,7664.25,7663,7663.5,7655.369677630352
1789505100,7663.75,7664.5,7663,7664.5,7655.4061260230455
1789505400,7664.25,7664.5,7663.25,7663.75,7655.439434901197
1789505700,7663.5,7664,7663.25,7663.75,7655.472610809776
1789509600,7663.25,7665,7661.75,7663.75,7655.505654279597
1789509900,7663.5,7663.5,7661.75,7662.75,7655.534573823392
1789510200,7662.75,7662.75,7661.5,7661.75,7655.559385903937
1789510500,7662,7663,7661.75,7661.75,7655.5840989342605
1789510800,7661.75,7663.75,7661.5,7663,7655.613703329733
1789511100,7663,7663.75,7662.75,7663.25,7655.644187547978
1789511400,7663,7665,7663,7664.5,7655.679540092697
1789511700,7664.5,7666.75,7664.5,7666.5,7655.722735541429
1789512000,7666.25,7666.25,7665,7665.75,7655.762764541263
1789512300,7665.75,7666.75,7665.25,7666.5,7655.8056277566675
1789512600,7666.5,7667,7666.25,7667,7655.850315869416
1789512900,7667,7667.25,7666.5,7666.5,7655.89282957852
1789513200,7666.5,7666.75,7664.75,7665,7655.929185548266
1789513500,7665,7665.25,7664.5,7664.75,7655.964398380409
1789513800,7665,7665.25,7664.25,7664.25,7655.99747463438
1789514100,7664.5,7664.75,7663.5,7663.75,7656.028422839432
1789514400,7663.75,7664,7663.25,7663.5,7656.058249494764
1789514700,7663.5,7663.75,7662.5,7663,7656.085961073627
1789515000,7662.75,7663.5,7662.75,7663,7656.113562027424
1789515300,7663,7664.25,7662.5,7664.25,7656.146042817734
1789515600,7664.25,7666.25,7664,7665.5,7656.18338396417
1789515900,7665.75,7666.25,7664.75,7665,7656.218580036169
1789516200,7665,7666.5,7664.75,7666.5,7656.259623628839
1789516500,7666.5,7666.5,7665,7665.5,7656.296511358863
1789516800,7665.5,7667,7663,7664.25,7656.32826181252
1789517100,7664.5,7665.75,7664,7664,7656.358887513868
1789517400,7664.25,7667.25,7663.5,7666.25,7656.398372992854
1789517700,7666.25,7667,7665,7666.5,7656.43869884917
1789518000,7666.25,7666.5,7665.25,7665.25,7656.473873704063
1789518300,7665,7666.25,7664.5,7666.25,7656.512900156343
1789518600,7666.25,7667.25,7664.5,7664.75,7656.545782790449
1789518900,7664.75,7665.75,7663.75,7665.5,7656.581528168531
1789519200,7665.5,7665.75,7664.5,7664.5,7656.613138834525
1789519500,7664.5,7666.25,7663.75,7665.5,7656.648615326203
1789519800,7665.75,7666.25,7665.25,7665.75,7656.684948199152
1789520100,7665.5,7665.75,7664.25,7665,7656.718142018716
1789520400,7665,7665.75,7663.25,7663.25,7656.744217300079
1789520700,7663.25,7663.5,7660,7661,7656.761206452574
1789521000,7661,7666.5,7660,7666.25,7656.799085867933
1789521300,7666.25,7666.75,7665,7666,7656.835816064069
1789521600,7666,7667.5,7665.5,7667,7656.876391648644
1789521900,7667,7667.75,7666,7666,7656.912813238869
1789522200,7666,7666,7663.5,7665,7656.945097417556
1789522500,7665.25,7665.75,7661.75,7662.5,7656.967272677366
1789522800,7662.25,7663.5,7662.25,7662.25,7656.988361409193
1789523100,7662.25,7664.25,7661.75,7661.75,7657.007369946482
1789523400,7661.75,7662,7659,7659.5,7657.017320565458
1789523700,7659.5,7660.25,7658.75,7659,7657.0252354534205
1789524000,7659,7664.25,7659,7663.25,7657.050084812888
1789524300,7663.25,7663.5,7660.5,7662.25,7657.070842957347
1789524600,7662.25,7663.5,7659.75,7660.75,7657.08553021101
1789524900,7660.75,7662.5,7660.5,7662.25,7657.106146856874
1789525200,7662,7663.75,7661.25,7663.5,7657.131671220719
1789525500,7663.25,7666.25,7663.25,7666,7657.167073730816
1789525800,7666,7668,7665.5,7667,7657.206326929495
1789526100,7667,7668.25,7666.25,7666.75,7657.244425424787
1789526400,7666.75,7666.75,7664.25,7665,7657.2753858023325
1789526700,7665,7666.5,7665,7666,7657.310214601524
1789527000,7665.75,7667.25,7665.25,7666.5,7657.346900371578
1789527300,7666.75,7668.25,7666.25,7668,7657.389427715404
1789527600,7668,7671,7668,7670.25,7657.440767325323
1789527900,7670,7671.5,7669.75,7670.25,7657.491901986698
1789528200,7670.5,7673.5,7669.5,7672.5,7657.551814553618
1789528500,7672.75,7676,7672.5,7675.5,7657.623463996518
1789528800,7675.75,7678,7674.75,7676.75,7657.699817433658
1789529100,7676.75,7677.25,7674,7674,7657.764888022745
1789529400,7673.75,7674,7671.5,7671.5,7657.819718809082
1789529700,7671.75,7671.75,7670,7671.5,7657.874330710043
1789530000,7671.75,7672.75,7671,7672.25,7657.9317186114
1789530300,7672.25,7674,7672.25,7672.75,7657.990873427323
1789530600,7672.5,7673.75,7672.5,7672.5,7658.048794092284
1789530900,7672.25,7673.5,7672,7672.75,7658.1074815410175
1789531200,7672.75,7674.5,7672.5,7674,7658.170924728479
1789531500,7673.75,7673.75,7672.5,7672.75,7658.229124629763
1789531800,7672.75,7673.25,7672.25,7672.25,7658.285096188127
1789532100,7672.25,7672.75,7671.25,7671.25,7658.336852291168
1789532400,7671.5,7673.25,7671.5,7672.5,7658.39339180298
1789532700,7672.5,7672.5,7670.25,7670.75,7658.442719580214
1789533000,7670.5,7671,7667.5,7668,7658.480872396261
1789533300,7668,7669,7667.25,7668.5,7658.520868913641
1789533600,7668.5,7669.75,7667.25,7668,7658.558709756301
1789533900,7668,7670,7668,7669.75,7658.603385565657
1789534200,7669.75,7670.5,7668.75,7669,7658.644889016493
1789534500,7669,7669.5,7668,7668,7658.682234768922
1789534800,7668,7668.5,7665.5,7668.25,7658.720429440504
1789535100,7668.5,7669.25,7667.25,7669,7658.761465650322
1789535400,7669,7670,7668,7669.25,7658.803336046927
1789535700,7669.25,7671.25,7669.25,7670.5,7658.850029316201
1789536000,7670.25,7670.75,7668.75,7669.5,7658.89254416923
1789536300,7669.5,7671.5,7668.75,7671.25,7658.941875330231
1789536600,7671.25,7671.25,7669.5,7670.75,7658.989013552466
1789536900,7670.75,7672,7670.5,7671.25,7659.037959606148
1789537200,7671.25,7673.5,7671.25,7673.5,7659.095692302331
1789537500,7673.25,7674,7670.25,7670.25,7659.140220476773
1789537800,7670.25,7671.75,7670,7671.5,7659.189560913991
1789538100,7671.5,7672,7670.5,7670.75,7659.23571037142
1789538400,7670.5,7674.5,7669.5,7670.25,7659.279679591495
1789538700,7670.25,7674,7670.25,7673,7659.334451329652
1789539000,7673,7675.25,7672.75,7673.75,7659.391998430133
1789539300,7673.5,7674.25,7672.25,7674,7659.450313805662
1789539600,7674,7674.25,7671,7672,7659.500412353344
1789539900,7672,7672.75,7669.75,7671.5,7659.54831489884
1789540200,7671.5,7672.25,7669.75,7671.75,7659.5970242206
1789540500,7671.5,7671.75,7670,7670.75,7659.641547078003
1789540800,7670.75,7671,7669.25,7671,7659.68689020344
1789541100,7671,7671.5,7669.5,7671,7659.732052318396
1789541400,7670.75,7674.5,7670.75,7673,7659.785018177405
1789541700,7672.75,7674.5,7672,7673.75,7659.840766607835
1789542000,7673.75,7678,7672.5,7677.5,7659.91126254952
1789542300,7677.5,7677.75,7674.25,7676,7659.975489046328
1789542600,7676.25,7677.25,7675,7676.5,7660.04145515792
1789542900,7676.5,7676.75,7672.25,7672.25,7660.0901918638765
1789543200,7672.25,7675.5,7671.75,7674.5,7660.147716048053
1789543500,7674.25,7675.5,7674,7674.5,7660.205010594767
1789543800,7674.5,7676.75,7674.5,7675,7660.26407242872
1789544100,7675.25,7675.25,7672.75,7673,7660.3149144549525
1789544400,7673,7673.75,7672,7672.25,7660.362559507029
1789544700,7672.5,7673,7671.75,7672,7660.409016355305
1789545000,7672,7672.25,7669.75,7669.75,7660.446305711172
1789545300,7669.75,7672.75,7669.75,7670.75,7660.487438223303
1789545600,7670.75,7671.25,7666.75,7667.25,7660.5144344779
1789545900,7667.25,7668.25,7664.75,7666.25,7660.537330947051
1789546200,7666,7666.5,7663.5,7666,7660.559138009138
1789546500,7666,7672.25,7665.75,7668.5,7660.590838057006
1789546800,7668.5,7671.25,7666.5,7667,7660.616423533825
1789547100,7667,7669,7665.25,7668.5,7660.647894896963
1789547400,7668.5,7671,7666,7667.75,7660.676246613942
1789547700,7667.75,7668.5,7665.75,7665.75,7660.696501118477
1789548000,7666,7670.5,7665.75,7670,7660.733640834571
1789548300,7670.25,7671,7668.75,7669.25,7660.767638276349
1789548600,7669,7672.25,7669,7671.75,7660.811480039717
1789548900,7671.5,7673.5,7671.5,7672.75,7660.859138802033
1789549200,7672.5,7673.25,7670.75,7672.75,7660.906607309809
1789549500,7672.75,7673.75,7671,7672.25,7660.951890314561
1789549800,7672,7672.5,7669,7669.25,7660.98501650093
1789550100,7669.25,7669.75,7665.5,7666,7661.005036395138
1789550400,7665.75,7667.75,7665.5,7665.75,7661.023978365616
1789550700,7666,7670.75,7665.75,7667.5,7661.04983074739
1789551000,7667.5,7669.5,7667,7669,7661.081567949996
1789551300,7669.25,7671.75,7668.5,7671.75,7661.124156501093
1789551600,7671.75,7674.75,7671.25,7673.5,7661.173561065959
1789551900,7673.75,7673.75,7670.75,7671.75,7661.2157823790685
1789552200,7671.75,7674.25,7671.75,7673.75,7661.265819175958
1789552500,7673.75,7675,7673,7673,7661.31266221318
1789552800,7673.25,7674,7671,7671.25,7661.352332224305
1789553100,7671.25,7673.5,7670.25,7673,7661.398829900057
1789553400,7673,7673.5,7669.5,7671.75,7661.440151936384
1789553700,7671.75,7672.75,7670.5,7672.25,7661.483305022466
1789554000,7672,7673,7671.25,7671.75,7661.524289832756
1789554300,7672,7673,7671.5,7672.75,7661.569103046996
1789554600,7672.75,7673,7672,7672,7661.610743354194
1789554900,7672.25,7673,7671.75,7673,7661.656209448588
1789555200,7673.25,7673.5,7672.75,7673.25,7661.7024920456
1789555500,7673.25,7673.25,7672,7673,7661.747591877753
1789555800,7673,7673.25,7671.75,7672,7661.788519654688
1789556100,7672,7677,7671.75,7676.5,7661.84724811914
1789556400,7676.5,7681.5,7674.5,7675.75,7661.9027481266485
1789556700,7675.75,7678,7673.5,7676.25,7661.960022585225
1789557000,7676.25,7677.25,7673.5,7673.5,7662.006090359336
1789557300,7673.75,7674.25,7672,7674.25,7662.054968242132
1789557600,7674,7675.25,7672.75,7674.75,7662.105647011625
1789557900,7675,7676.25,7674.5,7675,7662.157121474652
1789558200,7675.25,7677.75,7675,7677.25,7662.217372486729
1789558500,7677.25,7679.5,7676.75,7678.75,7662.283370999756
1789558800,7678.75,7681.25,7675.5,7680,7662.354096065625
1789559100,7680,7681,7679.75,7680.75,7662.4275328078775
1789559400,7681,7683,7680.75,7682.75,7662.508660421418
1789559700,7682.75,7683.5,7681.75,7683.25,7662.591460180215
1789560000,7683,7689.25,7682.5,7683.75,7662.675925409037
1789560300,7684,7686.25,7682.75,7685.5,7662.76703947926
1789560600,7685.5,7685.5,7683.25,7683.25,7662.848807784732
1789560900,7683.25,7684,7682,7683,7662.9292516658315
1789561200,7683,7683.25,7679.5,7679.75,7662.996400361776
1789561500,7680,7684,7680,7683.75,7663.0792490629265
1789561800,7683.5,7684,7679.25,7681.25,7663.151786990819
1789562100,7681,7681.5,7675.5,7676.5,7663.205073270297
1789562400,7676.25,7677.5,7675,7675.25,7663.253156810137
1789562700,7675,7679,7674,7679,7663.316018459597
1789563000,7679,7680.75,7676,7676,7663.366653116445
1789563300,7676,7680.75,7675.5,7679.75,7663.432055698815
1789563600,7679.75,7681,7673,7673.75,7663.473245097223
1789563900,7673.75,7677.25,7673.25,7677,7663.527244118792
1789564200,7677,7680.5,7676.25,7680.5,7663.594999631291
1789564500,7680.5,7681.25,7677.5,7678,7663.6525046227825
1789564800,7677.75,7682.25,7677.25,7679.75,7663.716766081374
1789565100,7680,7680.75,7676.25,7676.5,7663.767796955301
1789565400,7676.5,7679,7673.25,7673.75,7663.807646069252
1789565700,7674,7676.75,7669.25,7670.25,7663.8333640490155
1789566000,7670,7673.25,7669,7669.75,7663.856983354209
1789566300,7669.75,7681.5,7669.5,7681.25,7663.926416554392
1789566600,7681.25,7686.5,7680.75,7684.5,7664.008546628027
1789566900,7684.5,7686.25,7681.75,7684.25,7664.089350833105
1789567200,7684.5,7686.5,7678,7678.75,7664.147876378681
1789567500,7678.75,7680.5,7675.25,7679,7664.207166293337
1789567800,7679,7680,7673,7677.5,7664.260231497755
1789568100,7677.75,7679.25,7674,7675,7664.303104825109
1789568400,7674.75,7675.5,7671.25,7671.75,7664.332832949559
1789568700,7671.75,7672.25,7669.5,7671.75,7664.362442398862
1789569000,7671.75,7674.25,7670,7673.75,7664.399917678707
1789569300,7673.75,7677.25,7671.25,7676,7664.446225392565
1789569600,7676,7680.75,7675.5,7680.75,7664.511310321138
1789569900,7680.5,7682,7678,7678.25,7664.566155389716
1789570200,7678.25,7681.25,7678,7678.75,7664.6227775238885
1789570500,7679,7685,7679,7684.25,7664.701129709422
1789570800,7684.5,7688.5,7683.75,7687.25,7664.791145159684
1789571100,7687.25,7692.75,7684.5,7691.25,7664.896769330703
1789571400,7691.25,7692.5,7687.25,7689.75,7664.995983824393
1789571700,7690,7690.25,7685.75,7688.5,7665.08981223228
1789572000,7688.5,7688.5,7686.25,7688,7665.18127006768
1789572300,7687.75,7690.5,7685.25,7686,7665.264378770004
1789572600,7685.75,7687,7682,7683.75,7665.3381736651345
1789572900,7683.75,7688,7683.5,7686.25,7665.421654009785
1789573200,7686.25,7688.25,7685.5,7688,7665.511787127511
1789573500,7687.75,7699,7687,7692.5,7665.619524504247
1789573800,7692.75,7693,7688.75,7689.75,7665.7158537477435
1789574100,7690,7690.75,7688.25,7689,7665.808804431385
1789574400,7689,7689.75,7685.25,7685.5,7665.887411998526
1789574700,7685.25,7687.25,7685,7686.75,7665.970695782963
1789575000,7686.75,7687.25,7683.75,7685.75,7666.049655081235
1789575300,7685.75,7686.75,7684.75,7685.5,7666.127301168735
1789575600,7685.25,7685.25,7681.5,7681.75,7666.189667231934
1789575900,7681.75,7683.5,7680.25,7683.25,7666.257772352765
1789576200,7683.25,7684,7678.25,7678.75,7666.307641525009
1789576500,7678.75,7681.25,7678.5,7680.75,7666.365295650658
1789576800,7680.75,7682,7679.75,7680.75,7666.422719620116
1789577100,7680.75,7683.5,7680.75,7682.5,7666.486900380116
1789577400,7682.5,7683,7678.75,7680.75,7666.543838901553
1789577700,7680.75,7681.75,7679.25,7679.25,7666.594562099551
1789578000,7679.5,7679.75,7674,7675.5,7666.630112749852
1789578300,7675.5,7677.75,7675.5,7677.5,7666.673505513326
1789578600,7677.5,7679.75,7675.75,7678.75,7666.721715072154
1789578900,7678.75,7680,7678.25,7679.25,7666.7717281856385
1789579200,7679.25,7680.75,7676.75,7677.75,7666.815553622023
1789579500,7677.75,7681,7677.75,7680.75,7666.87118015447
1789579800,7681,7682.25,7678,7679.5,7666.921594604951
1789580100,7679.5,7680.5,7677.75,7677.75,7666.964821772196
1789580400,7677.75,7678,7674.5,7674.75,7666.9959003279955
1789580700,7674.75,7678.75,7674.75,7677,7667.035836853633
1789581000,7677.25,7680,7676.25,7679.25,7667.08459598795
1789581300,7679.25,7684.75,7677.75,7683.5,7667.150126542888
1789581600,7684.5,7691,7668.75,7683.75,7667.216393502797
1789581900,7684,7694.25,7682.75,7688.5,7667.301357999791
1789582200,7688.25,7690.25,7679.5,7681.25,7667.357041201389
1789582500,7681.25,7685,7678,7681,7667.411504110764
1789582800,7681,7684.5,7677.5,7680.25,7667.46275559136
1789583100,7680.25,7681.5,7669.25,7678,7667.504820439299
1789583400,7678.25,7680.75,7656.25,7657.5,7667.464881036348
1789583700,7657.25,7661.25,7641,7660,7667.435081112051
1789584000,7659.75,7683.25,7658.75,7671.25,7667.450310329169
1789584300,7671.5,7677.25,7655.25,7656.5,7667.40659651548
1789584600,7656.25,7659.25,7631,7631.75,7667.264254812823
1789584900,7632,7638,7617.5,7618.75,7667.070585132932
1789585200,7618.75,7633.75,7617,7627.5,7666.912618725216
1789585500,7627.25,7627.75,7609.75,7611.75,7666.692408670425
1789585800,7611.75,7613.5,7591,7592.5,7666.396231390303
1789586100,7592.5,7600.75,7584,7588.75,7666.086266394733
1789586400,7589,7593,7580.25,7586.25,7665.767558744455
1789586700,7586.5,7592.75,7575,7591.75,7665.47207946803
1789587000,7591.75,7606,7590.5,7605.25,7665.2316719651635
1789587300,7605.5,7606.25,7594,7604,7664.987234152927
1789587600,7604,7608,7597.25,7600.75,7664.730798088444
1789587900,7600.75,7616.75,7600.5,7615,7664.532271948371
1789588200,7615,7623.25,7614,7621.75,7664.361484435603
1789588500,7621.75,7625,7618.5,7622,7664.192376713306
1789588800,7622.5,7626,7620,7623.75,7664.03093009968
1789589100,7623.5,7624.25,7620.5,7622,7663.8631419555695
1789589400,7621.75,7622.75,7620.75,7621.75,7663.695025620417
1789589700,7621.75,7623,7620,7621.25,7663.525584400376
1789590000,7621.25,7621.5,7620,7620,7663.351829572431
1789590300,7620,7620.5,7617.25,7620.25,7663.179766380525
1789590600,7620.25,7622.75,7619,7622.25,7663.016374099564
1789590900,7622,7622.5,7620.5,7622.5,7662.85463208719
1789591200,7622.5,7623,7619.75,7621.25,7662.688545731553
1789591500,7621.25,7622.5,7620.75,7622.25,7662.527114411268
1789591800,7622.25,7623,7620.5,7621.5,7662.3633335154145
1789592100,7621.5,7622.75,7618.5,7622,7662.202202443496
1789596000,7624,7625,7617.5,7618,7662.025746545519
1789596300,7618.25,7625.75,7618.25,7625.25,7661.878937178071
1789596600,7625.25,7628.25,7624.75,7626.25,7661.736705891932
1789596900,7626.25,7627.75,7625.5,7627.5,7661.600032415317
1789597200,7627.75,7629.75,7627.25,7629.25,7661.470890569348
1789597500,7629.5,7632.5,7629,7632.25,7661.3542403075935
1789597800,7632.25,7634.75,7632,7634.25,7661.246039747483
1789598100,7634.5,7637.5,7634,7637,7661.149249169649
1789598400,7637,7639.75,7637,7638.75,7661.059831009291
1789598700,7638.5,7639.25,7635.75,7636,7660.959791763745
1789599000,7636,7636.5,7635,7635.25,7660.857157864489
1789599300,7635.25,7636.75,7634.75,7636.75,7660.760921705349
1789599600,7636.5,7638.25,7635.75,7637,7660.666067726485
1789599900,7637,7640,7636.5,7639.5,7660.58157244614
1789600200,7639.5,7640,7638,7638.5,7660.493422456335
1789600500,7638.75,7643.25,7638.75,7641.25,7660.416602406609
1789600800,7641.5,7644.75,7641.5,7644.25,7660.352065071653
1789601100,7644.25,7647.75,7643,7645,7660.290779382744
1789601400,7645.25,7648.25,7645.25,7647.75,7660.240716391197
1789601700,7647.75,7647.75,7645,7646.5,7660.18586323195
1789602000,7646.5,7654,7645.5,7652,7660.153185135216
1789602300,7652.25,7656.25,7651.5,7655.25,7660.133611541862
1789602600,7655,7657,7653.75,7655.75,7660.116112094589
1789602900,7655.5,7657.5,7654.75,7657.25,7660.104670529341
1789603200,7657.5,7660,7656,7659,7660.100260666948
1789603500,7658.75,7662.25,7657.5,7661.25,7660.104850444724
1789603800,7661.5,7662,7656,7656,7660.088463816202
1789604100,7656,7660.25,7654,7659.5,7660.0861146592515
1789604400,7659.25,7660,7655.75,7657.5,7660.0757908482365
1789604700,7657,7658.75,7656,7656.75,7660.062514238064
1789605000,7656.75,7663.5,7656.75,7662.25,7660.071246716156
1789605300,7662.25,7664.75,7661.75,7664.5,7660.088926369984
1789605600,7664.25,7667.75,7664,7665.5,7660.110527462319
1789605900,7665.5,7665.5,7662,7663.75,7660.125056294804
1789606200,7663.75,7664,7659.75,7660.75,7660.127551080054
1789606500,7660.75,7666,7660.5,7664,7660.143009957978
1789606800,7664,7665,7662,7664.5,7660.160403131799
1789607100,7664.25,7668,7664,7664.25,7660.1767288678
1789607400,7664.25,7664.25,7660.75,7663.75,7660.190993423218
1789607700,7663.5,7664,7662,7663.25,7660.203205026319
1789608000,7663,7664.5,7662.75,7663.25,7660.215367880505
1789608300,7663.5,7664.25,7662.5,7663.25,7660.227482180383
1789608600,7663.25,7666.75,7663.25,7664.25,7660.243540135751
1789608900,7664.5,7666.25,7662,7662.25,7660.251549955568
1789609200,7662,7663.75,7659.5,7663.5,7660.264517820017
1789609500,7663.25,7664.25,7663,7663.5,7660.277433916544
1789609800,7663.25,7663.75,7660.5,7662.5,7660.28630643584
1789610100,7662.5,7663,7658.25,7660,7660.285163495976
1789610400,7660,7664,7659.75,7664,7660.299993182619
1789610700,7664,7664.75,7660.75,7661.5,7660.304783628995
1789611000,7661.5,7662.75,7661,7662,7660.311550959817
1789611300,7661.5,7663.75,7661.5,7663.25,7660.323281295307
1789611600,7663.25,7664.25,7662.25,7663.5,7660.335962807103
1789611900,7663.25,7665.25,7662.75,7663.75,7660.349591698093
1789612200,7664,7667.25,7663.75,7666,7660.37214821826
1789612500,7666.25,7668.75,7665.75,7668,7660.402598724375
1789612800,7667.75,7669.75,7667.5,7668.75,7660.435921683559
1789613100,7668.5,7668.75,7666.75,7667.75,7660.46511960099
1789613400,7667.5,7668.5,7665,7665.5,7660.48521892394
1789613700,7665.25,7666.5,7664.75,7665.25,7660.50424000608
1789614000,7665.25,7666.5,7664.75,7666.25,7660.527177171724
1789614300,7666.25,7667.5,7666,7666.25,7660.550022771838
1789614600,7666.5,7667.5,7664.75,7667.25,7660.576769187918
1789614900,7667.5,7667.75,7665.75,7666.25,7660.59941681591
1789615200,7666,7668,7664.75,7668,7660.628960062154
1789615500,7668,7668.25,7667.5,7668,7660.658385371287
1789615800,7667.75,7668.5,7666.75,7667.75,7660.6866952101245
1789616100,7668,7668.75,7667,7668.75,7660.718884051601
1789616400,7668.75,7670.25,7668.5,7669.5,7660.753938406684
1789616700,7669.5,7669.75,7666.75,7669.25,7660.78785482023
1789617000,7669.25,7669.25,7667.75,7668,7660.816645818952
1789617300,7668.25,7670,7668,7669,7660.8493138995145
1789617600,7668.75,7670.25,7668.75,7669.75,7660.884845580555
1789617900,7669.75,7669.75,7668.25,7668.75,7660.916243402588
1789618200,7668.75,7669,7667.25,7668.25,7660.9455198760315
1789618500,7668.25,7668.25,7666.75,7666.75,7660.968691453373
1789618800,7666.75,7667,7666.25,7666.5,7660.990772525415
1789619100,7666.5,7668,7665.75,7667.25,7661.015759461441
1789619400,7667.25,7667.75,7666,7666.75,7661.038650641236
1789619700,7667,7669.25,7666.75,7669,7661.070432475003
1789620000,7669,7670.25,7668.5,7668.75,7661.10108943119
1789620300,7669,7670.25,7668.75,7668.75,7661.131624004319
1789620600,7668.75,7668.75,7666.5,7667,7661.155050655
1789620900,7667,7668,7666.75,7667.25,7661.17938179011
1789621200,7667.25,7667.75,7666.5,7667,7661.202617790947
1789621500,7667,7667,7666,7666,7661.221769017331
1789621800,7666,7666.25,7664,7664.5,7661.234855767761
1789622100,7664.5,7664.75,7663.5,7663.75,7661.244896263697
1789622400,7663.75,7663.75,7662.5,7663.5,7661.253898673822
1789622700,7663.25,7665.25,7663.25,7663.5,7661.262865146182
1789623000,7663.5,7664,7661.25,7662.75,7661.268801812265
1789623300,7662.75,7662.75,7660,7661.25,7661.268726755131
1789623600,7661.25,7661.5,7659,7659,7661.259669961697
1789623900,7659,7660,7658.75,7659.25,7661.251647327119
1789624200,7659.25,7660.25,7657.75,7658.25,7661.239664703058
1789624500,7658.25,7658.25,7656.25,7657.25,7661.223737897856
1789624800,7657,7663.25,7656.75,7662.25,7661.227834752555
1789625100,7662,7664.5,7660.25,7661.5,7661.228921240569
1789625400,7661.5,7662.25,7659.75,7661.5,7661.230003391306
1789625700,7661.75,7662,7658.5,7661.5,7661.231081222079
1789626000,7661.5,7665.5,7660.75,7665.5,7661.248122814007
1789626300,7665.75,7671.5,7665.25,7671.25,7661.288050467444
1789626600,7671.25,7674,7671,7672.25,7661.331810745019
1789626900,7672.25,7675,7671.75,7672,7661.374398326875
1789627200,7672.25,7676.75,7672.25,7676.25,7661.433781966289
1789627500,7676,7677.5,7675,7676,7661.491930541273
1789627800,7676,7677,7675.5,7676.25,7661.55084499021
1789628100,7676.25,7676.25,7674.25,7675.25,7661.605532235758
1789628400,7675.25,7679,7673.5,7678.5,7661.672975220845
1789628700,7678.25,7683.25,7678.25,7682.5,7661.756117036331
1789629000,7682.75,7684,7679.5,7680.25,7661.829944912433
1789629300,7680.5,7683.75,7679.5,7680.75,7661.90547407446
1789629600,7680.5,7683,7678.75,7682.25,7661.986689746817
1789629900,7682.25,7687,7682,7686.75,7662.08554527677
1789630200,7686.5,7689.25,7685.75,7686.5,7662.183008169877
1789630500,7686.5,7686.75,7685,7686.5,7662.280081989558
1789630800,7686.25,7686.75,7684.75,7685.75,7662.373774277025
1789631100,7685.75,7686.25,7683,7683,7662.456114499472
1789631400,7683,7683.5,7680.5,7680.75,7662.529143982509
1789631700,7680.75,7680.75,7679,7680.25,7662.599885922698
1789632000,7680,7681.75,7678.25,7680.75,7662.672341467917
1789632300,7680.5,7681,7679,7679.5,7662.739517749483
1789632600,7679.25,7680.25,7673.5,7674.5,7662.786465782419
1789632900,7674.25,7675.25,7671.25,7672.75,7662.826240370115
1789633200,7672.75,7675.25,7672.25,7675.25,7662.87583621694
1789633500,7675.25,7678.25,7675,7677.75,7662.9352141162735
1789633800,7677.75,7679.75,7676.25,7679.75,7663.002339010021
1789634100,7679.75,7680.5,7678.5,7680.25,7663.0711919481055
1789634400,7680.5,7680.75,7678,7679,7663.134780004201
1789634700,7679,7680.75,7678.75,7680.25,7663.203104235721
1789635000,7680.5,7684,7680.25,7683.5,7663.284129767714
1789635300,7683.5,7684.5,7682.5,7683.25,7663.363833840498
1789635600,7683.25,7686.5,7683,7685,7663.4502057612945
1789635900,7685.25,7687,7684.75,7686.25,7663.541222903964
1789636200,7686.5,7689.25,7686.5,7686.75,7663.63387271273
1789636500,7686.75,7687.75,7684.5,7684.5,7663.717170626052
1789636800,7684.5,7686,7684.25,7685.25,7663.803130024751
1789637100,7685.25,7685.25,7683.5,7683.75,7663.882758248205
1789637400,7683.5,7686.75,7683.5,7686.25,7663.97204863444
1789637700,7686.25,7687,7685,7685.25,7664.05699055606
1789638000,7685,7686.5,7685,7685.75,7664.143589396155
1789638300,7685.5,7685.75,7681.25,7682,7664.214872472418
1789638600,7682.25,7684,7682.25,7683.75,7664.292857013446
1789638900,7683.75,7685,7682.25,7682.75,7664.366538222974
1789639200,7682.5,7684.75,7682.5,7684.25,7664.445913319888
1789639500,7684.25,7687,7684,7685.75,7664.5309595741
1789639800,7685.75,7686.75,7685.25,7685.25,7664.613670314323
1789640100,7685.25,7686,7683.5,7683.5,7664.689064844007
1789640400,7683.5,7688.5,7683.5,7688.5,7664.784118477364
1789640700,7688.5,7689.5,7687.25,7687.5,7664.8748006391315
1789641000,7687.75,7689.5,7685.75,7685.75,7664.958134768317
1789641300,7686,7688.25,7685.5,7687.25,7665.04712425028
1789641600,7687.25,7687.75,7684.25,7684.75,7665.12577844489
1789641900,7684.75,7685.5,7684.25,7685,7665.205116654691
1789642200,7685,7687,7685,7686.25,7665.289128165051
1789642500,7686.5,7688.75,7686,7687.5,7665.37779432008
1789642800,7687.75,7690.75,7687.5,7688,7665.468102526387
1789643100,7688.25,7688.75,7687,7687,7665.554058204924
1789643400,7687,7688.5,7685.75,7688,7665.643662762988
1789643700,7688.25,7688.75,7684.75,7686,7665.72492558629
1789644000,7686.25,7688.25,7685.75,7686,7665.805864007103
1789644300,7686,7687.25,7685,7686.25,7665.88747732444
1789644600,7686,7687.5,7685.25,7685.25,7665.9647728241425
1789644900,7685.5,7687.25,7684.5,7686.5,7666.046749778936
1789645200,7686.25,7686.25,7683,7683,7666.114427424529
1789645500,7683,7685,7682.5,7683.5,7666.183830907864
1789645800,7683.75,7688,7682.25,7687,7666.266929387273
1789646100,7687,7695.5,7685.5,7695.25,7666.382630267963
1789646400,7695,7695.75,7690,7694.5,7666.494875256913
1789646700,7694.75,7701.75,7693.5,7701.5,7666.634616273851
1789647000,7701.5,7703.5,7700.75,7701.75,7666.77479744641
1789647300,7702,7708.25,7701.25,7708,7666.939369113291
1789647600,7708.25,7712,7708,7710.75,7667.114261851361
1789647900,7710.75,7716.75,7710,7716.5,7667.311410506645
1789648200,7716.25,7722.25,7713,7721.25,7667.526734217197
1789648500,7721.5,7722.25,7717.5,7720.75,7667.739202344075
1789648800,7720.5,7721.5,7717.5,7717.75,7667.938846246893
1789649100,7717.75,7718,7715.25,7716.25,7668.131705144111
1789649400,7716.5,7720,7716.25,7718,7668.330780173475
1789649700,7718,7719.25,7716.25,7717.5,7668.52706448416
1789650000,7717.75,7722,7716.5,7718.5,7668.7265572407105
1789650300,7718.75,7719.5,7716.5,7716.5,7668.917269587055
1789650600,7716.5,7717.5,7714.75,7716,7669.105224598683
1789650900,7716,7718.5,7715.5,7715.75,7669.291431286912
1789651200,7716,7717,7713.5,7713.75,7669.468910603132
1789651500,7713.75,7717,7712.5,7713.5,7669.644683415096
1789651800,7713.5,7716.25,7695.5,7695.5,7669.747898251762
1789652100,7695.75,7697.75,7691.75,7693,7669.840721013233
1789652400,7693,7694.25,7688.25,7690.5,7669.923193184836
1789652700,7690.75,7696,7688.25,7694.75,7670.022302194078
1789653000,7695,7697.25,7691.25,7691.25,7670.107043502685
1789653300,7691,7693.75,7688.5,7693.75,7670.201426562555
1789653600,7693.5,7693.75,7683.75,7686.75,7670.267488731965
1789653900,7687,7687.25,7680.5,7683,7670.318317120261
1789654200,7683,7692.75,7681.75,7692.25,7670.405868748523
1789654500,7692.25,7695.75,7691,7695.75,7670.5070429251755
1789654800,7695.5,7701.5,7693.25,7700.75,7670.627773292739
1789655100,7700.75,7703.75,7697,7697.5,7670.735047650852
1789655400,7697.5,7701.25,7696.25,7700.75,7670.85486781991
1789655700,7700.75,7701.5,7697.25,7697.75,7670.962233617037
1789656000,7697.75,7703.25,7697.25,7699.5,7671.07615683613
1789656300,7699.5,7700.25,7691.25,7693,7671.1636771681215
1789656600,7693,7693.75,7685.5,7686.5,7671.224900013758
1789656900,7686.25,7691.5,7684.5,7688.25,7671.292864484761
1789657200,7688,7690.25,7686,7686.25,7671.352573608574
1789657500,7686.25,7689.25,7683.75,7688,7671.419030400556
1789657800,7688,7692.75,7686.75,7692,7671.501189959835
1789658100,7691.75,7695.5,7689.75,7694.75,7671.593999580754
1789658400,7695,7695.25,7691,7693.25,7671.680450680232
1789658700,7693.25,7698,7693,7696.25,7671.778532713444
1789659000,7696.25,7698.75,7695.25,7698,7671.883209229558
1789659300,7698.25,7701.25,7697.5,7701,7671.999443923252
1789659600,7700.75,7706.25,7700.75,7703.5,7672.125194646113
1789659900,7703.5,7705.5,7702.75,7704.25,7672.253437382057
1789660200,7704.5,7705.5,7701.75,7705,7672.384162182927
1789660500,7704.75,7706.5,7701.5,7706.5,7672.520353152257
1789660800,7706.5,7707.25,7704.25,7704.5,7672.648016413126
1789661100,7704.25,7706.25,7701.5,7705.75,7672.78016006018
1789661400,7705.75,7706.25,7702.25,7704,7672.90479015974
1789661700,7703.75,7705,7702.75,7704,7673.028922733953
1789662000,7703.75,7706.75,7703.25,7706,7673.160543800883
1789662300,7706,7707.5,7705,7706.25,7673.292637438404
1789662600,7706.25,7707.75,7700.5,7702,7673.407237688151
1789662900,7702,7704.25,7701,7703,7673.52537246784
1789663200,7703,7707.75,7702,7707.5,7673.660999723457
1789663500,7707.5,7708,7705.25,7705.75,7673.789099524961
1789663800,7706,7706.75,7704.75,7705,7673.913693938035
1789664100,7705,7706,7697,7706,7674.041782984191
1789664400,7706,7708.75,7704.25,7707.75,7674.176346724773
1789664700,7707.75,7709.25,7704.25,7705.25,7674.300393244834
1789665000,7705,7705.5,7702.75,7703.5,7674.416958541262
1789665300,7703.75,7704.5,7702.25,7703.25,7674.532060503173
1789665600,7703,7703.75,7699.75,7700.25,7674.63472692831
1789665900,7700.5,7702.5,7699.5,7702,7674.743969535382
1789666200,7702,7704.75,7700.25,7704.75,7674.8637540881355
1789666500,7704.75,7705.25,7703,7703.75,7674.979068443073
1789666800,7703.75,7706.5,7703.75,7706,7675.102904497192
1789667100,7705.75,7708,7705.25,7706,7675.226246195806
1789667400,7706,7706,7704.25,7705,7675.345103496422
1789667700,7705,7707.75,7705,7707.75,7675.474464360707
1789668000,7707.75,7709.75,7706.5,7709.25,7675.609296838309
1789668300,7709,7710,7705.75,7706.75,7675.733611022587
1789668600,7706.5,7709.25,7705.75,7708.75,7675.865412974593
1789668900,7709,7711.25,7707.75,7710.25,7676.002676795054
1789669200,7710.25,7710.75,7707,7707.25,7676.127416608248
1789669500,7707.25,7709.75,7706.75,7708.5,7676.256648478075
1789669800,7708.75,7710.25,7706.25,7706.5,7676.377380420278
1789670100,7706.5,7706.75,7703.25,7703.5,7676.485654350737
1789670400,7703.5,7705.25,7702.75,7704.75,7676.598486069895
1789670700,7705,7708,7704.25,7706.25,7676.7168553869815
1789671000,7706.25,7706.5,7703.25,7704.25,7676.8267681399275
1789671300,7704.5,7706,7703.75,7705.75,7676.942230143361
1789671600,7705.75,7710,7705.5,7709.75,7677.073199284505
1789671900,7709.75,7711.75,7708.5,7709.25,7677.201649586762
1789672200,7709.25,7710.25,7708,7709,7677.32858910937
1789672500,7709,7710.5,7708,7710.25,7677.460011907337
1789672800,7710.25,7710.25,7707,7707.25,7677.578934015491
1789673100,7707.25,7709,7706.25,7706.75,7677.695385376706
1789673400,7706.75,7710.25,7706.75,7709,7677.820353898157
1789673700,7709.25,7711.5,7709,7710.5,7677.950811567226
1789674000,7710.75,7712,7708,7711.75,7678.085738467157
1789674300,7711.5,7711.75,7707.75,7708.25,7678.206154680861
1789674600,7708.5,7715.5,7707.75,7711.25,7678.338066239021
1789674900,7711.25,7712.75,7705,7707.25,7678.4534831402625
1789675200,7707.5,7708,7704.75,7705,7678.559457259463
1789675500,7705,7708.5,7705,7708,7678.676984376191
1789675800,7707.75,7708,7704,7704.5,7678.780070266905
1789676100,7704.25,7705.25,7702,7702.25,7678.873762601169
1789676400,7702,7703,7702,7702.25,7678.967080914138
1789676700,7702.25,7703,7701.75,7702,7679.05902869492
1789677000,7701.75,7702.5,7701.5,7701.75,7679.149611414701
1789677300,7701.75,7703,7701.75,7702.5,7679.242826538794
1789677600,7702.5,7703,7701.5,7701.75,7679.332675534647
1789677900,7701.5,7702,7701,7701.5,7679.421167847882
1789678200,7701.5,7703,7701,7702.75,7679.51429691835
1789678500,7702.5,7704,7701.75,7702.25,7679.605058208097
1789682400,7703.5,7704.25,7701,7701.25,7679.691465161358
1789682700,7701.5,7702,7699.5,7700,7679.772537156722
1789683000,7700.25,7701.5,7700.25,7701.5,7679.859273535338
1789683300,7701.25,7701.5,7699.75,7700.5,7679.941671644977
1789683600,7700.75,7701,7698.5,7699,7680.017752796095
1789683900,7699.5,7700,7697.75,7698,7680.089538214074
1789684200,7697.75,7698.5,7697.5,7697.75,7680.160039059527
1789684500,7698,7699.25,7697.75,7698.25,7680.232254472463
1789684800,7698.25,7698.25,7697,7698,7680.303183596326
1789685100,7698,7698.25,7697.25,7698,7680.373829569993
1789685400,7698,7698.25,7697,7697,7680.440201507838
1789685700,7697.25,7699.25,7697,7699,7680.514292519782
1789686000,7699.25,7700.75,7699.25,7700.5,7680.594075783177
1789686300,7700.5,7701.75,7700.5,7701.75,7680.67853057047
1789686600,7701.75,7702,7699.5,7700,7680.755662184959
1789686900,7700,7700.25,7699,7700.25,7680.833483892803
1789687200,7700,7701.5,7700,7700.75,7680.912990943131
1789687500,7700.75,7701,7699.25,7700,7680.989186588069
1789687800,7700,7701,7699.5,7700.75,7681.068072070751
1789688100,7700.75,7701.5,7700.5,7701,7681.147640645319
1789688400,7701,7702.25,7701,7701.25,7681.227889584859
1789688700,7701.5,7702.5,7700.75,7701.5,7681.308816173343
1789689000,7701.5,7702,7700.5,7701.5,7681.389419701593
1789689300,7701.5,7701.75,7700.75,7700.75,7681.466707447295
1789689600,7700.75,7701.75,7698.5,7700,7681.540692647107
1789689900,7700,7701,7698,7700,7681.614382496819
1789690200,7700.25,7701.25,7698,7701.25,7681.692768195435
1789690500,7701,7702,7699.75,7701.5,7681.771838981082
1789690800,7701.5,7702.25,7700.25,7702,7681.852590122874
1789691100,7702,7702.75,7700.25,7701,7681.929026888851
1789691400,7701,7703,7701,7702.75,7682.012144545981
1789691700,7702.75,7702.75,7699.75,7699.75,7682.082954348192
1789692000,7699.75,7701.75,7698.75,7701.25,7682.159469500495
1789692300,7701.25,7701.5,7698.75,7699,7682.22669716716
1789692600,7699,7699.75,7698.25,7699.5,7682.295652467889
1789692900,7699.5,7699.5,7699,7699.5,7682.364332497958
1789693200,7699.5,7701.25,7698,7698.5,7682.428746340281
1789693500,7698.25,7699.75,7698.25,7698.5,7682.492903041517
1789693800,7698.5,7699,7697.5,7698,7682.554807620193
1789694100,7697.75,7697.75,7696,7697.5,7682.614469066819
1789694400,7697.5,7698.5,7696.75,7697.25,7682.672894340005
1789694700,7697.5,7697.5,7696.75,7697.25,7682.731086378568
1789695000,7697.5,7697.75,7696.25,7697.25,7682.789046113584
1789695300,7697,7698.25,7696.5,7697.5,7682.847772476404
1789695600,7697.5,7699.75,7697.5,7697.5,7682.906264402646
1789695900,7697.75,7700.75,7697.75,7700,7682.9745028681045
1789696200,7700.25,7700.5,7698.5,7700,7683.042468924519
1789696500,7700,7701.25,7699.25,7701,7683.114155675319
1789696800,7701,7701.75,7700.75,7700.75,7683.184558247473
1789697100,7700.75,7701.5,7700,7700.25,7683.252683763451
1789697400,7700.25,7700.75,7699,7700.75,7683.322533329266
1789697700,7700.75,7701.5,7700.25,7701.5,7683.395098066474
1789698000,7701.75,7703,7701.25,7702.75,7683.472363144053
1789698300,7702.75,7703.25,7701.75,7703,7683.5503177822
1789698600,7703,7704,7702.5,7703.75,7683.630955236164
1789698900,7704,7704,7702.25,7703,7683.708276772147
1789699200,7703,7704.25,7702.75,7703,7683.785289639324
1789699500,7703,7704,7703,7703.75,7683.8649890818815
1789699800,7704,7705,7702.75,7703.75,7683.944370362991
1789700100,7703.5,7704.5,7703,7703.75,7684.023434752759
1789700400,7703.75,7705.75,7703.5,7705.75,7684.110167548158
1789700700,7705.75,7708,7705.75,7707.5,7684.203540132796
1789701000,7707.5,7709.5,7707.5,7709.25,7684.303526000529
1789701300,7709,7709,7707,7708,7684.398122703122
1789701600,7708,7709.5,7708,7708.5,7684.494337782151
1789701900,7708.75,7709.75,7708.75,7709,7684.592164777033
1789702200,7709,7710.5,7708.5,7709.75,7684.6925952569645
1789702500,7710,7711,7710,7710.75,7684.796616832785
1789702800,7710.75,7712,7710.75,7711.5,7684.90321716479
1789703100,7711.75,7714.25,7711.75,7713.75,7685.018373982495
1789703400,7713.75,7714.25,7712.75,7713.25,7685.131075084361
1789703700,7713.25,7713.5,7712.5,7713.5,7685.244324285622
1789704000,7713.75,7714.75,7713,7714.5,7685.36111341023
1789704300,7714.5,7715.25,7714.25,7715,7685.4794323187725
1789704600,7715,7715.75,7714.5,7714.75,7685.5962808923505
1789704900,7714.75,7715.5,7713.75,7714.75,7685.712663004557
1789705200,7714.5,7714.75,7713.75,7714,7685.825586505536
1789705500,7713.75,7715,7712.75,7715,7685.942051230065
1789705800,7715.25,7717,7715.25,7716,7686.062043041522
1789706100,7716,7716.25,7715.25,7716,7686.181555843751
1789706400,7716,7719.25,7715.5,7718.75,7686.311569592878
1789706700,7719,7719.5,7718.5,7719.25,7686.443060333027
1789707000,7719.5,7721.25,7719.5,7720.25,7686.578018176008
1789707300,7720.25,7721.75,7720,7721.75,7686.718425289078
1789707600,7721.5,7722.5,7721.25,7722.5,7686.861265906687
1789707900,7722.25,7722.5,7721.75,7722,7687.0015402942845
1789708200,7722.25,7723,7722,7722.75,7687.144248716263
1789708500,7723,7723.5,7722.5,7722.75,7687.286387443943
1789708800,7723,7723.5,7722.25,7723.5,7687.430952763528
1789709100,7723.75,7724.5,7722.25,7723.25,7687.573942972057
1789709400,7723.5,7725.5,7723,7725,7687.723348389334
1789709700,7725,7728,7725,7727.75,7687.883135421712
1789710000,7727.75,7730,7727.25,7730,7688.051266617633
1789710300,7729.75,7730.25,7727,7727,7688.206750583231
1789710600,7727,7728.5,7726.25,7726.5,7688.359617846372
1789710900,7726.25,7727,7725.75,7726.75,7688.51287286495
1789711200,7726.75,7729.25,7726.75,7728,7688.670506107006
1789711500,7728,7728.25,7726.75,7727.25,7688.824516062667
1789711800,7727.5,7728.25,7727.25,7728,7688.980905220101
1789712100,7728,7729,7725.75,7726.5,7689.130682045569
1789712400,7726.5,7730.25,7726.25,7729.5,7689.291837007463
1789712700,7729.5,7730.75,7728.25,7728.75,7689.4493546242
1789713000,7728.75,7733.5,7728.75,7733,7689.62320949596
1789713300,7733,7734.25,7732.25,7734.25,7689.801360356255
1789713600,7734,7734.5,7732.5,7733.5,7689.975806023495
1789713900,7733.5,7734.5,7732.5,7734,7690.151551308831
1789714200,7734,7734.5,7733.25,7733.5,7690.324599008197
1789714500,7733.75,7734.75,7733.25,7733.75,7690.497953902376
1789714800,7733.75,7734.75,7732.25,7733.5,7690.669618757057
1789715100,7733.5,7734,7732.25,7733.75,7690.841596326889
1789715400,7733.75,7736,7733.25,7733.25,7691.010891351532
1789715700,7733.25,7735.25,7733,7734.5,7691.184500567694
1789716000,7734.5,7735.25,7733.75,7734.75,7691.358414737085
1789716300,7735,7738,7734.75,7737.75,7691.543610686238
1789716600,7737.75,7739.25,7735,7735.75,7691.720083298269
1789716900,7736,7737,7734.5,7736.5,7691.898845440791
1789717200,7736.5,7736.5,7733.25,7734.25,7692.067911926058
1789717500,7734.25,7735.75,7733.75,7735.25,7692.240295511183
1789717800,7735.5,7736.75,7734.25,7736.75,7692.417978962236
1789718100,7736.5,7736.5,7733.75,7734.5,7692.585971062187
1789718400,7734.25,7735.5,7732.5,7732.5,7692.745308503057
1789718700,7732.5,7733.5,7730.5,7730.5,7692.896025834381
1789719000,7730.75,7731.5,7728.75,7729.25,7693.041151479753
1789719300,7729.25,7730.25,7728.5,7730.25,7693.189689797199
1789719600,7730.25,7732,7728.5,7729,7693.33264512735
1789719900,7729.25,7729.75,7725,7725.25,7693.4600597176595
1789720200,7725.5,7727.75,7724.5,7727.5,7693.595947702818
1789720500,7727.5,7728.25,7726.25,7727.5,7693.731293220971
1789720800,7727.25,7729.25,7726.75,7729,7693.872086461605
1789721100,7728.75,7730.25,7728.25,7728.5,7694.010321645391
1789721400,7728.75,7729.5,7727.5,7727.5,7694.144012976148
1789721700,7727.5,7729,7727,7727.5,7694.277170608977
1789722000,7727.5,7727.5,7725.5,7726.5,7694.405804658442
1789722300,7726.5,7728.5,7726.25,7726.75,7694.53492320272
1789722600,7726.75,7728.25,7726.25,7726.75,7694.663526303707
1789722900,7726.75,7728.5,7726.5,7728.25,7694.797604043013
1789723200,7728.5,7728.5,7727,7727,7694.926156521883
1789723500,7727,7727.25,7723.5,7723.75,7695.041221765308
1789723800,7723.75,7723.75,7721.5,7721.75,7695.147843634509
1789724100,7721.75,7723,7718.75,7718.75,7695.242063819601
1789724400,7718.75,7720,7717.25,7717.25,7695.329919852257
1789724700,7717.5,7719,7716.75,7718.25,7695.421417178196
1789725000,7718,7719.75,7717.5,7719,7695.515543257325
1789725300,7719,7719.25,7716.75,7717,7695.601309551706
1789725600,7716.75,7718.25,7716,7717,7695.686733465672
1789725900,7716.75,7718.5,7716.5,7717.5,7695.773812373993
1789726200,7717.75,7718.5,7716.75,7718.5,7695.864535677889
1789726500,7718.25,7719.75,7718,7719,7695.956892820891
1789726800,7719,7720.25,7718.75,7719,7696.0488812727035
1789727100,7719,7719.25,7717.25,7719.25,7696.141500509139
1789727400,7719.25,7723,7719,7722.75,7696.247722063993
1789727700,7723,7725.25,7722.75,7724.5,7696.360505608648
1789728000,7724.75,7725.25,7724.25,7724.75,7696.473836923584
1789728300,7724.75,7725,7721.75,7722.5,7696.577733782172
1789728600,7722.75,7722.75,7720.25,7720.75,7696.674229854898
1789728900,7720.75,7721.75,7719.75,7720.25,7696.768344705776
1789729200,7720.25,7724,7717.25,7724,7696.877053908547
1789729500,7724,7724,7713.75,7717.75,7696.9603790426445
1789729800,7718,7719.25,7714.75,7717.5,7697.042373537484
1789730100,7717.25,7717.25,7711.75,7713.25,7697.107074641127
1789730400,7713.25,7714.75,7711.5,7713.25,7697.171517456931
1789730700,7713.25,7714,7712.25,7713,7697.234705011993
1789731000,7712.75,7716.5,7712.75,7715,7697.305624353263
1789731300,7715,7717.75,7714.5,7716.25,7697.38125060335
1789731600,7716.25,7716.5,7712.25,7713,7697.443600900343
1789731900,7713,7714.25,7712,7713.75,7697.50869630593
1789732200,7713.5,7714,7712.25,7713.5,7697.572533845627
1789732500,7713.75,7714,7710.25,7712,7697.630128520894
1789732800,7712.25,7714.5,7708.25,7712.5,7697.6894892852815
1789733100,7712.5,7715,7705.5,7705.5,7697.720668968774
1789733400,7705.75,7705.75,7702,7703,7697.741744142551
1789733700,7703.25,7705.5,7701,7701,7697.754751151962
1789734000,7701,7702.5,7697.75,7697.75,7697.754732185288
1789734300,7698,7700.5,7697.75,7699,7697.759703314289
1789734600,7699,7703,7698,7702.25,7697.77762865036
1789734900,7702,7703.25,7699.5,7702,7697.794484424211
1789735200,7702,7703.75,7700.75,7702.5,7697.813268917527
1789735500,7702.25,7703.5,7701,7701,7697.825990398895
1789735800,7701,7702.25,7700.5,7701.5,7697.8406571038895
1789736100,7701.75,7702,7699.25,7700.75,7697.852271247188
1789736400,7700.75,7702.25,7699.25,7700.25,7697.861843018656
1789736700,7700.25,7702.5,7700,7701.75,7697.877364603412
1789737000,7701.75,7703,7701,7701.5,7697.891826221762
1789737300,7701.5,7703.25,7701,7702.75,7697.911220129061
1789737600,7702.5,7702.75,7698,7698.25,7697.912572543715
1789737900,7698,7710,7692.25,7710,7697.960825747134
1789738200,7710,7714.5,7706.25,7706.75,7697.995912271097
1789738500,7706.75,7708,7701.75,7705,7698.023872701153
1789738800,7705.25,7710.25,7703.5,7705,7698.051721512725
1789739100,7705,7707.5,7700.5,7701,7698.063491087524
1789739400,7700.75,7701.25,7694.75,7695,7698.051261582184
1789739700,7695,7697,7691.25,7693,7698.031096865289
1789740000,7693,7695.25,7685,7686.25,7697.984066538482
1789740300,7686.25,7690.5,7684,7690.25,7697.953192021362
1789740600,7690,7695,7687.5,7688,7697.91345871988
1789740900,7687.75,7689.5,7683.25,7689.25,7697.878874054331
1789741200,7689.25,7691.75,7686.5,7687.25,7697.836443419384
1789741500,7687.25,7692,7686.25,7689,7697.8011681961525
1789741800,7688.75,7690,7686.25,7687.5,7697.760045768224
1789742100,7687.5,7693.5,7685.25,7690.5,7697.731063549588
1789742400,7690.5,7690.75,7684,7685.5,7697.682236948592
1789742700,7685.75,7690.75,7684,7690,7697.6515693360225
1789743000,7690,7695.25,7688.75,7693.75,7697.635994208933
1789743300,7694,7695.25,7691.75,7695,7697.625471277959
1789743600,7695,7695.5,7689.5,7692.5,7697.605010314774
1789743900,7692.25,7696,7691.5,7693,7697.586627040064
1789744200,7692.75,7695,7690.5,7691.25,7697.561331123737
1789744500,7691.25,7693.5,7690,7693.25,7697.544120221047
1789744800,7693.25,7694.5,7692,7693.75,7697.52897403254
1789745100,7693.75,7696.25,7693.5,7695.5,7697.5208743358035
1789745400,7695.5,7697,7690.5,7693.75,7697.505820945242
1789745700,7693.5,7694.75,7687.75,7688.5,7697.469869564223
1789746000,7688.25,7689.5,7686.5,7688.25,7697.433063697699
1789746300,7688.5,7689.5,7686.25,7687,7697.391414740822
1789746600,7687,7689,7684.25,7684.75,7697.340950011318
1789746900,7685,7687.5,7683.75,7685.25,7697.292682745803
1789747200,7685.25,7685.5,7682,7683.5,7697.237622136039
1789747500,7683.5,7687.75,7683.25,7687,7697.1967533849975
1789747800,7687,7687.5,7685,7685.75,7697.151057762702
1789748100,7685.75,7687.25,7684.25,7686.5,7697.108538570037
1789748400,7686.5,7686.5,7677.25,7677.75,7697.031258974947
1789748700,7677.75,7684.75,7675,7683.25,7696.976243969059
1789749000,7683.25,7689,7681.25,7687,7696.936418643833
1789749300,7687,7688.5,7684,7685.5,7696.89076427799
1789749600,7685.5,7688.75,7684,7686.75,7696.850282185063
1789749900,7686.75,7687.75,7683.5,7687.5,7696.812955709274
1789750200,7687.5,7691.5,7687.5,7690.5,7696.7877542892775
1789750500,7690.5,7691.5,7689,7689.75,7696.759659461775
1789750800,7690,7690.75,7687.5,7689.75,7696.7316767892735
1789751100,7689.5,7691.5,7688.5,7689.25,7696.701809816062
1789751400,7689.25,7689.5,7686.25,7689.25,7696.672062072285
1789751700,7689.25,7691,7688.5,7689.5,7696.643431085969
1789752000,7689.75,7691.25,7688.5,7691.25,7696.621900422951
1789752300,7691.25,7692,7689.75,7690,7696.595465690723
1789752600,7690.25,7690.75,7688.25,7690.25,7696.570134490361
1789752900,7690.25,7693.5,7690.25,7693,7696.555882456467
1789753200,7693,7694,7691.5,7694,7696.5456793328885
1789753500,7694,7694.5,7692.25,7692.75,7696.530526920382
1789753800,7692.5,7695,7692.5,7694.25,7696.5214230205
1789754100,7694,7695,7693.5,7694.5,7696.513353467524
1789754400,7694.75,7696,7693,7695.25,7696.508310140309
1789754700,7695.5,7695.75,7693.75,7694.25,7696.499294930168
1789755000,7694.5,7695.5,7693,7694.5,7696.4913137128815
1789755300,7694.5,7697.75,7694.5,7697.75,7696.496338408639
1789755600,7697.75,7703.25,7697.5,7700.25,7696.5113230856505
1789755900,7700,7701.75,7698.75,7701.75,7696.532235967544
1789756200,7701.75,7702.25,7699.5,7702.25,7696.555061372863
1789756500,7702,7702.5,7699,7700.5,7696.570809630855
1789756800,7700.5,7702.75,7699.75,7702.5,7696.594479053487
1789757100,7702.25,7712.25,7702.25,7709.75,7696.6469961031735
1789757400,7709.75,7715.75,7709,7712.25,7696.70928354388
1789757700,7712.25,7712.25,7708.75,7710,7696.7623402962
1789758000,7709.75,7711.75,7708,7710.5,7696.817181253101
1789758300,7710.5,7712,7708,7709.25,7696.866813264067
1789758600,7709.5,7711.25,7707.75,7709,7696.915249139261
1789758900,7709,7709.75,7707.5,7709.25,7696.964489661659
1789759200,7709.25,7710.5,7707.5,7708.5,7697.0105396031295
1789759500,7708.25,7709,7705.75,7706.25,7697.04742367657
1789759800,7706.25,7706.5,7704.25,7704.75,7697.078172484249
1789760100,7704.75,7710,7704.25,7709.5,7697.127760618045
1789760400,7709.5,7712.25,7708.25,7712,7697.187130835138
1789760700,7712.25,7715,7711,7715,7697.2582400932815
1789761000,7714.75,7716.75,7710.25,7712.75,7697.320083446202
1789761300,7712.75,7718.25,7710.25,7712.25,7697.379683911487
1789761600,7712.25,7723.5,7711.5,7722.25,7697.4789666104425
1789761900,7722.25,7724,7721.75,7722.5,7697.578850975271
1789762200,7722.75,7729.25,7722.5,7725.5,7697.690312648025
1789762500,7725.5,7726.25,7723.75,7723.75,7697.794343336057
1789762800,7724,7725.5,7724,7725,7697.902948751881
1789763100,7724.75,7726,7724.75,7726,7698.015112629119
1789763400,7726.25,7726.75,7724.75,7725.5,7698.124832738385
1789763700,7725.5,7726,7724.5,7725.75,7698.235112847214
1789764000,7725.75,7727.5,7725.5,7727.25,7698.350940740039
1789764300,7727,7728.75,7726,7726.75,7698.464310238082
1789764600,7726.75,7728,7724.75,7725,7698.570241135336
1789764900,7725,7725.75,7724,7725,7698.675749154756
1789941600,7722,7724.25,7713.75,7716.25,7698.745905844757
1789941900,7716.5,7721.75,7716.5,7721.75,7698.837738555955
1789942200,7721.75,7726.5,7721.25,7725.75,7698.945172733376
1789942500,7725.5,7727.75,7724.25,7726,7699.053176035838
1789942800,7725.75,7727,7725.25,7725.5,7699.158752179407
1789943100,7725.5,7728,7725.5,7727.75,7699.272888897254
1789943400,7727.75,7730.75,7727.25,7730.75,7699.398546027405
1789943700,7730.75,7733.75,7730.75,7731.25,7699.52569754027
1789944000,7731,7733,7729.75,7730.25,7699.648349446296
1789944300,7730.25,7732.25,7729.25,7730.25,7699.770511723956
1789944600,7730.25,7731.5,7730,7730.75,7699.894182335836
1789944900,7731,7734.5,7731,7733.75,7700.029335300564
1789945200,7733.75,7734,7731.75,7732,7700.156962704554
1789945500,7732,7732.5,7731.5,7732.25,7700.2850786219005
1789945800,7732,7732.75,7731.5,7732,7700.411685094467
1789946100,7732.25,7732.5,7731.25,7732,7700.537786151975
1789946400,7732.25,7732.5,7731.25,7732.5,7700.6653798200305
1789946700,7732.5,7733.5,7732,7733,7700.7944601401105
1789947000,7733.25,7734,7732.75,7733.25,7700.924023173483
1789947300,7733.25,7735.25,7733.25,7734.25,7701.057061005125
1789947600,7734,7734.75,7733.75,7734.25,7701.18956774762
1789947900,7734,7734.5,7733,7733.5,7701.318551509106
1789948200,7733.5,7733.75,7732.5,7733,7701.445024357374
1789948500,7733.5,7735,7733.25,7734.5,7701.576980347963
1789948800,7734.5,7736.25,7733.25,7735.75,7701.713399588091
1789949100,7736,7737.75,7735,7735.75,7701.849274240434
1789949400,7735.75,7736,7733.5,7734.5,7701.979616459035
1789949700,7734.25,7734.75,7730.75,7731.5,7702.0974623015145
1789950000,7731.25,7736.75,7731,7736.25,7702.233799777357
1789950300,7736,7737.75,7735.5,7736.5,7702.37059099581
1789950600,7736.5,7740.25,7736.5,7739.75,7702.519810193431
1789950900,7739.75,7740.75,7738.75,7740.75,7702.672425721601
1789951200,7740.5,7741.25,7738,7738.5,7702.815449970218
1789951500,7738.5,7739,7737.75,7738.25,7702.956905259758
1789951800,7738.25,7740,7738,7738.75,7703.0997918655075
1789952100,7738.75,7740.25,7737.75,7739.5,7703.245102077622
1789952400,7739.5,7742.5,7739.5,7741.5,7703.397816240984
1789952700,7741.25,7743.75,7741,7743.25,7703.556906794912
1789953000,7743.25,7743.5,7741,7742.5,7703.712368244833
1789953300,7742.25,7743.25,7741.5,7742.25,7703.866211086171
1789953600,7742,7742.5,7741,7742,7704.018441780438
1789953900,7742,7743.5,7740.75,7741,7704.166072751374
1789954200,7741,7742.75,7740.75,7742.5,7704.319102401068
1789954500,7742.5,7742.5,7741,7742,7704.469525145974
1789954800,7742.25,7743.25,7741.75,7742.25,7704.620345404873
1789955100,7742.25,7742.25,7739.5,7740.25,7704.762579554953
1789955400,7740.25,7741.5,7739,7740.5,7704.905243908027
1789955700,7740.5,7740.75,7738.25,7738.75,7705.040352714781
1789956000,7738.5,7741.5,7737.75,7740.75,7705.182906196957
1789956300,7740.75,7741,7738.75,7740.25,7705.322894595372
1789956600,7740.25,7740.5,7739.25,7739.75,7705.460328149882
1789956900,7739.75,7740,7738.25,7739,7705.5942190554715
1789957200,7738.75,7740.25,7738.25,7739.75,7705.730569478404
1789957500,7739.75,7740.75,7739.25,7739.75,7705.86637558827
1789957800,7739.5,7739.5,7737.5,7738.75,7705.997647542009
1789958100,7738.5,7740,7738.5,7739.5,7706.131389467989
1789958400,7739.25,7740.75,7739.25,7740,7706.266593502049
1789958700,7740,7742.5,7740,7742.5,7706.411237839366
1789959000,7742.5,7742.75,7740.75,7741.25,7706.550314734219
1789959300,7741.25,7741.5,7739.75,7740.25,7706.684844415919
1789959600,7740.25,7743.5,7740.25,7743.25,7706.830813100885
1789959900,7743.25,7743.5,7742.5,7742.75,7706.974203068547
1789960200,7743,7743.75,7742.5,7743.5,7707.120014633143
1789960500,7743.5,7745.5,7743.25,7745,7707.2712321395975
1789960800,7745,7745.25,7744.5,7745,7707.421845983352
1789961100,7744.75,7746,7744,7744.25,7707.56886456226
1789961400,7744.25,7744.5,7743,7744.25,7707.715296240654
1789961700,7744.5,7744.75,7743.5,7744.25,7707.861143361451
1789962000,7744,7744.75,7743.75,7744.5,7708.007406262203
1789962300,7744.5,7746.25,7744.5,7744.75,7708.154083283112
1789962600,7744.75,7745.5,7744.5,7745.25,7708.302170774996
1789962900,7745,7745,7744,7744.25,7708.44567508328
1789963200,7744,7746,7744,7744,7708.587608516081
1789963500,7744,7744.5,7742.5,7743.75,7708.72797734436
1789963800,7744,7744.25,7742.5,7744.25,7708.869781826019
1789964100,7744,7746.25,7744,7746,7709.0180062498675
1789964400,7746,7746.5,7744.75,7745.25,7709.1626449474725
1789964700,7745.25,7746.25,7745.25,7745.75,7709.308702253072
1789965000,7745.5,7745.5,7743.75,7744.75,7709.450184479606
1789965300,7744.75,7745,7744.25,7745,7709.592099910825
1789965600,7744.75,7746,7744.75,7744.75,7709.732450809384
1789965900,7745,7746,7745,7745.25,7709.8742374328995
1789966200,7745.5,7745.5,7744.75,7745,7710.014460037958
1789966500,7745,7745.5,7744.5,7744.75,7710.153124868146
1789966800,7745,7745.25,7744.5,7744.5,7710.290238142125
1789967100,7744.25,7744.75,7743.5,7744,7710.424808049742
1789967400,7744,7744.25,7743.75,7743.75,7710.557842748146
1789967700,7743.75,7744.5,7743.25,7743.75,7710.69034636991
1789968000,7744,7744.75,7743.5,7744.75,7710.826313051068
1789968300,7744.75,7744.75,7743.5,7744.5,7710.960738947071
1789968600,7744.25,7746,7744,7745.5,7711.0986202287195
1789968900,7745.5,7747.75,7745,7746.5,7711.239943102058
1789969200,7746.75,7748.5,7745.75,7746,7711.378705804245
1789969500,7745.75,7746,7744,7744,7711.508930531573
1789969800,7744.25,7745.75,7743.75,7745.25,7711.643625419671
1789970100,7745,7746,7745,7745.5,7711.778780607616
1789970400,7745.5,7748,7745.5,7748,7711.923376293813
1789970700,7747.75,7748,7746.5,7748,7712.067394751722
1789971000,7747.75,7749.25,7746.25,7747,7712.206846269679
1789971300,7746.75,7748.25,7746.75,7747,7712.3457410949495
1789971600,7747.25,7747.25,7745.5,7746.25,7712.481087437884
1789971900,7746.25,7747.5,7745.5,7747.5,7712.620883496016
1789972200,7747.25,7749.75,7747.25,7749.75,7712.7691035219805
1789972500,7749.75,7749.75,7748.5,7749,7712.913737839258
1789972800,7749,7749.75,7748.75,7749,7713.057794774031
1789973100,7749.25,7750.75,7749.25,7750.5,7713.207264655172
1789973400,7750.5,7751,7748.5,7749.5,7713.352145834194
1789973700,7749.25,7752.25,7749.25,7752,7713.506428685155
1789974000,7752,7757.25,7751.5,7757,7713.6800557163515
1789974300,7757,7757,7754.5,7756,7713.8489976097
1789974600,7756.25,7756.25,7752,7755.25,7714.014271072336
1789974900,7755.25,7757,7754.5,7756,7714.181878772646
1789975200,7756,7756,7753,7754.25,7714.341831352396
1789975500,7754.25,7755.75,7752.75,7755.75,7714.507133422846
1789975800,7755.75,7756.75,7754.75,7755.75,7714.671775604791
1789976100,7756,7757,7755,7756,7714.836758536509
1789976400,7756,7756.25,7753,7754.25,7714.994096825784
1789976700,7754.25,7755.25,7752.5,7754.5,7715.151805022088
1789977000,7754.5,7757.75,7754.25,7757.75,7715.321857696651
1789977300,7757.75,7759,7757.25,7757.25,7715.489235510237
1789977600,7757.25,7761.5,7757,7760.25,7715.667921196823
1789977900,7760.25,7760.75,7758.25,7760.5,7715.8468915712865
1789978200,7760.5,7761.25,7759.5,7760.25,7716.024149489165
1789978500,7760.5,7760.75,7759.5,7759.5,7716.19770577863
1789978800,7759.5,7761.25,7759,7760.25,7716.3735632405915
1789979100,7760.25,7760.75,7759.25,7760,7716.547720672765
1789979400,7759.75,7763.25,7759.5,7762.5,7716.731162905608
1789979700,7762.5,7763.5,7761.5,7762,7716.911876826144
1789980000,7762,7764,7761.5,7763.5,7717.097857357777
1789980300,7763.25,7764.25,7762,7763.25,7717.282097448165
1789980600,7763,7763,7760.75,7760.75,7717.45562200925
1789980900,7760.75,7761.75,7760.5,7761,7717.629451861509
1789981200,7761.25,7761.25,7759.25,7759.75,7717.797597762261
1789981500,7759.5,7762.25,7759.25,7760.75,7717.969064437861
1789981800,7761,7761.25,7760,7760.75,7718.139846615753
1789982100,7761,7761.75,7760,7760.25,7718.307951020481
1789982400,7760.5,7762.5,7760,7761.25,7718.479376365708
1789982700,7761,7763.25,7760.75,7761,7718.649119374229
1789983000,7760.75,7761.5,7760.5,7761.5,7718.820180773932
1789983300,7761.5,7762.25,7761,7762,7718.992555301781
1789983600,7762,7762.75,7761.5,7762.25,7719.165239711754
1789983900,7762.25,7762.75,7761.75,7762.25,7719.337234762805
1789984200,7762.25,7764.5,7762.25,7764.25,7719.516527238801
1789984500,7764,7764.25,7762.25,7762.5,7719.688117948427
1789984800,7762.25,7764.5,7762.25,7764.5,7719.867007697136
1789985100,7764.25,7765.5,7764,7764.75,7720.046181319103
1789985400,7765,7765.5,7764.5,7765.5,7720.227633689087
1789985700,7765.75,7766.75,7765.25,7765.5,7720.408361698313
1789986000,7765.5,7766,7764.75,7765.25,7720.587370234447
1789986300,7765.25,7767,7765,7766.25,7720.769656181615
1789986600,7766.25,7769,7765.25,7768.25,7720.9591984723065
1789986900,7768.25,7768.5,7765.75,7767.5,7721.144990095171
1789987200,7767.25,7767.5,7766.5,7767.25,7721.329042030919
1789987500,7767.25,7768.75,7766.25,7766.75,7721.5103632204155
1789987800,7766.75,7768,7766.25,7768,7721.695950592789
1789988100,7767.75,7768,7765.75,7766,7721.872813065473
1789988400,7765.75,7767,7765,7765,7722.044977484373
1789988700,7765.25,7765.25,7763.25,7764,7722.212462604196
1789989000,7763.75,7764.75,7763.25,7764.5,7722.3812751287305
1789989300,7764.25,7766,7763.5,7765.75,7722.5544037709315
1789989600,7765.75,7765.75,7763,7763.5,7722.7178592449
1789989900,7763.5,7764.5,7763.25,7764.25,7722.883656213982
1789990200,7764,7766.75,7763.75,7766.25,7723.056775350852
1789990500,7766.25,7767.75,7764.5,7766.5,7723.230201397356
1789990800,7766.5,7768.25,7766.25,7768.25,7723.409921152256
1789991100,7768,7768.5,7767,7768,7723.587925459034
1789991400,7768.25,7769.75,7767.25,7769.25,7723.770209189736
1789991700,7769,7771.25,7767.5,7767.5,7723.944779212931
1789992000,7767.75,7769.5,7764,7769.5,7724.126636381742
1789992300,7769.5,7770.5,7768.25,7768.75,7724.304773561855
1789992600,7768.75,7769,7765.25,7765.25,7724.4682275596115
1789992900,7765.25,7766.5,7765,7765.5,7724.632027050391
1789993200,7765.75,7767,7763.25,7764,7724.789184627036
1789993500,7764,7765,7763.25,7763.5,7724.943718820142
1789993800,7763.5,7765,7763.25,7763.75,7725.098634114273
1789994100,7764,7764.5,7763,7764,7725.253928988069
1789994400,7764,7768,7763.75,7767.5,7725.422575978137
1789994700,7767.5,7767.75,7763,7763.75,7725.575579666846
1789995000,7763.75,7764,7762.5,7763,7725.724978550412
1789995300,7762.75,7762.75,7761.25,7761.5,7725.867793007296
1789995600,7761.5,7763.5,7760.75,7763.25,7726.017023374533
1789995900,7763.25,7764.25,7762,7764,7726.168652023736
1789996200,7764.25,7764.5,7761.75,7762.5,7726.3136873449985
1789996500,7762.5,7763.75,7761.5,7763.25,7726.461137694919
1789996800,7763.5,7763.5,7759.75,7759.75,7726.594027364799
1789997100,7760,7763.25,7758.75,7760.5,7726.729380548972
1789997400,7760.5,7764.5,7758.25,7761.75,7726.869183421031
1789997700,7762,7765,7761.25,7764.5,7727.019406241706
1789998000,7764.25,7766.25,7762.25,7766,7727.175017394434
1789998300,7766.25,7769.25,7765.75,7767.75,7727.336993372899
1789998600,7767.75,7773.25,7767.25,7773,7727.519280824505
1789998900,7772.75,7775,7770.5,7774.75,7727.707826609636
1789999200,7774.75,7776,7772,7772.25,7727.8856396770625
1789999500,7772.5,7772.75,7767.75,7771.5,7728.059748899908
1789999800,7771.25,7777,7771.25,7775.5,7728.249131139829
1790000100,7775.5,7782.75,7775.25,7782,7728.463705466616
1790000400,7781.75,7789.5,7780.25,7788.5,7728.703371313057
1790000700,7788.5,7791,7787.25,7788,7728.940084401627
1790001000,7788.25,7791.5,7786.5,7789.25,7729.180842547728
1790001300,7789.25,7793.5,7789,7790.75,7729.426627607418
1790001600,7790.75,7793.25,7786.25,7787.75,7729.6594554413205
1790001900,7787.75,7790.75,7785,7787.75,7729.891353822793
1790002200,7787.5,7790,7786.25,7789.75,7730.130310494159
1790002500,7789.5,7792.25,7787.5,7790,7730.369311250669
1790002800,7790,7793.5,7789,7793.25,7730.620331964239
1790003100,7793.5,7794.5,7791.5,7793.25,7730.8703505991125
1790003400,7793.5,7796.25,7791.5,7796,7731.130349199515
1790003700,7796.25,7800,7796.25,7799.5,7731.403281937241
1790004000,7799.5,7799.75,7796.75,7797.25,7731.666143087193
1790004300,7797.25,7798.75,7795.75,7796.25,7731.9239628752675
1790004600,7796.25,7798.25,7795.75,7796.5,7732.181751446624
1790004900,7796.5,7803.5,7796.25,7802.75,7732.463461021687
1790005200,7802.75,7805,7801.25,7805,7732.753028043557
1790005500,7804.75,7809.75,7804.75,7807.5,7733.051419149171
1790005800,7807.25,7811.5,7804.5,7804.5,7733.336643024823
1790006100,7804.75,7805.75,7803,7805.25,7733.623722294185
1790006400,7805.25,7808.75,7802.75,7808,7733.920633582432
1790006700,7808.25,7815.25,7806.25,7814.5,7734.2423076998675
1790007000,7814.5,7816.5,7812,7813.25,7734.55770766913
1790007300,7813.5,7815.75,7812,7813.75,7734.873844564662
1790007600,7813.75,7815,7812,7814.25,7735.1907154446435
1790007900,7814.25,7818.25,7813.75,7816,7735.513307398956
1790008200,7816,7824.75,7815.75,7822.25,7735.859561660837
1790008500,7822,7823.5,7816.25,7816.75,7736.182477582351
1790008800,7816.5,7819.5,7815.75,7818,7736.509094438309
1790009100,7818,7821.25,7817.75,7820,7736.8423914665
1790009400,7820.25,7821,7817.25,7819.25,7737.171363955656
1790009700,7819.25,7821.25,7818,7821,7737.506009209325
1790010000,7821.25,7822.75,7819.5,7820.5,7737.837322545815
1790010300,7820.5,7823,7820.5,7821.5,7738.171305290143
1790010600,7821.75,7827,7821.25,7826,7738.52191884188
1790010900,7826.25,7827.75,7824,7826.5,7738.873128746703
1790011200,7826.5,7828,7823,7824,7739.212956576057
1790011500,7823.75,7826,7822,7826,7739.559411839226
1790011800,7826.25,7826.5,7820.75,7821.5,7739.8865199755965
1790012100,7821.5,7823.5,7820.5,7820.75,7740.2093282790875
1790012400,7820.75,7827.25,7820,7826.75,7740.554800022484
1790012700,7826.75,7830,7825.25,7826,7740.895898625189
1790013000,7825.75,7828.5,7825.5,7827.25,7741.2406255767855
1790013300,7827.25,7827.75,7825.25,7826.75,7741.581980364902
1790013600,7827,7830.25,7827,7830.25,7741.935944515142
1790013900,7830,7831.75,7829.25,7830,7742.28749763085
1790014200,7830,7832.5,7828.75,7830.75,7742.640641352883
1790014500,7830.75,7832.5,7829.75,7831.5,7742.995369331514
1790014800,7831.5,7837,7831,7836.5,7743.3686413102305
1790015100,7836.25,7838.25,7835.5,7837,7743.742419189231
1790015400,7837,7838.25,7833.75,7835.5,7744.108716917019
1790015700,7835.75,7837.75,7834,7837.5,7744.481536410364
1790016000,7837.5,7839.75,7836.75,7839.75,7744.861849638267
1790016300,7839.5,7842.25,7839,7842,7745.249626685619
1790016600,7841.75,7844.75,7841.5,7843,7745.639847736774
1790016900,7843.25,7844,7840,7841.25,7746.021524991318
1790017200,7841.5,7843.5,7840,7840,7746.396688564207
1790017500,7840,7840.5,7838.25,7840.25,7746.771352482114
1790017800,7840.5,7843,7837.75,7842.75,7747.1545007755985
1790018100,7842.75,7843,7840.75,7842,7747.533125523001
1790018400,7841.75,7842,7838.75,7839.25,7747.899260750454
1790018700,7839.25,7841.25,7838.25,7839.25,7748.263934360233
1790019000,7839.25,7843.75,7838.75,7843,7748.642122247019
1790019300,7843,7847.25,7842.25,7846,7749.030776449626
1790019600,7845.75,7846.5,7840.75,7842.5,7749.403907082561
1790019900,7842.25,7843.5,7839,7839.75,7749.76457012814
1790020200,7839.75,7839.75,7834.75,7835,7750.104831325233
1790020500,7835,7837.25,7832,7833.25,7750.43674816625
1790020800,7833.25,7835,7828.5,7829.5,7750.752369930057
1790021100,7829.5,7832.75,7829,7831.75,7751.0757137626715
1790021400,7831.75,7832,7829.75,7831,7751.3947727895675
1790021700,7831,7831.25,7827.25,7828.5,7751.702578087813
1790022000,7828.25,7829,7828,7828,7752.007158614409
1790022300,7828,7830.75,7828,7830.25,7752.319505286607
1790022600,7830.25,7830.5,7828.75,7829.25,7752.626613049933
1790022900,7829.25,7829.5,7827.5,7828,7752.927504814205
1790023200,7828,7828.25,7826.75,7827.5,7753.225199405765
1790023500,7827.25,7828,7826.5,7827.25,7753.52070759177
1790023800,7827.25,7828.25,7827,7828.25,7753.819028120345
1790024100,7828,7830.25,7827.75,7829.25,7754.120149764575
1790028000,7830,7832.25,7829,7832,7754.431047370305
1790028300,7832,7833,7831.25,7833,7754.744695883797
1790028600,7832.75,7833.5,7830.5,7832.25,7755.054098295439
1790028900,7832.5,7833.75,7831.5,7833,7755.365259579688
1790029200,7833,7833.25,7831.75,7832.75,7755.67418069913
1790029500,7833,7835,7832.75,7834.75,7755.989852632467
1790029800,7834.5,7835.75,7833.5,7834.75,7756.304264398405
1790030100,7834.5,7835,7834,7834.25,7756.61542501957
1790030400,7834.25,7834.5,7832.75,7834.5,7756.926341486557
1790030700,7834.5,7835,7833,7834.75,7757.237014774036
1790031000,7835,7835.25,7833.75,7835.25,7757.548443856774
1790031300,7835.5,7835.75,7834.5,7834.5,7757.855635697665
1790031600,7834.75,7835.5,7833.5,7834.75,7758.162599227814
1790031900,7835,7836,7834.75,7836,7758.47332737461
1790032200,7836,7837.75,7835.5,7836.75,7758.785809101657
1790032500,7836.75,7837.25,7835,7836,7759.094049384685
1790032800,7836.25,7836.25,7835.25,7835.5,7759.399063159596
1790033100,7835.75,7835.75,7834,7835,7759.700863306663
1790033400,7835,7835.75,7834,7835.5,7760.003454670708
1790033700,7835.75,7836.25,7834.75,7835.25,7760.303840081205
1790034000,7835.25,7836.75,7835.25,7836,7760.606020360322
1790034300,7836,7836.25,7835,7835.5,7760.904998322955
1790034600,7835.75,7835.75,7834.75,7835.5,7761.202782760788
1790034900,7835.75,7836.25,7835,7835.25,7761.498380434397
1790035200,7835.25,7837.5,7834.5,7837,7761.799784105318
1790035500,7837.25,7839.75,7836.75,7839.75,7762.110962611884
1790035800,7840,7840,7837.75,7837.75,7762.412914856946
1790036100,7838,7838,7835.25,7835.5,7762.704679667897
1790036400,7835.75,7836.75,7835,7836.25,7762.998273761039
1790036700,7836.25,7837.5,7835.5,7837.25,7763.294687837842
1790037000,7837.25,7838.5,7834,7834,7763.57694457302
1790037300,7834.25,7834.75,7832.25,7833.5,7763.856078526821
1790037600,7833.25,7835.25,7832.5,7834.75,7764.13908819338
1790037900,7835,7836.25,7834.5,7835,7764.421966084824
1790038200,7835.5,7836,7834.75,7836,7764.707706739176
1790038500,7836,7836,7834.75,7835.25,7764.989312700297
1790038800,7835.5,7835.5,7833.75,7834.5,7765.266800473949
1790039100,7834.5,7835.25,7833.5,7834.25,7765.542182507985
1790039400,7834.5,7834.5,7832.5,7833.75,7765.81446920456
1790039700,7834,7834,7832,7832.5,7766.080678908334
1790040000,7832.5,7833.5,7831.75,7833.25,7766.348819910696
1790040300,7833.25,7834.25,7832.5,7833.5,7766.616888493887
1790040600,7833.75,7835,7832.25,7835,7766.889874966965
1790040900,7835.25,7836.25,7834.5,7835.25,7767.162769677676
1790041200,7835.25,7836,7834.75,7835,7767.433576984352
1790041500,7835,7836,7834.25,7834.5,7767.701307215952
1790041800,7834.25,7835.5,7834,7835.25,7767.970962676168
1790042100,7835.5,7835.5,7833.5,7833.5,7768.232555639536
1790042400,7833.5,7836.5,7833.25,7836.25,7768.50408236353
1790042700,7836.5,7836.5,7835,7835,7768.769535128546
1790043000,7835.25,7835.25,7833.75,7834.25,7769.030934189908
1790043300,7834.25,7834.75,7833.5,7834.25,7769.291289742045
1790043600,7834.25,7836,7834.25,7835,7769.553599962635
1790043900,7835,7835.75,7834.75,7835.25,7769.815861040629
1790044200,7835.5,7835.5,7833.5,7834.25,7770.073083152243
1790044500,7834,7835.5,7834,7835.25,7770.333270445049
1790044800,7835.25,7836,7834.5,7835.25,7770.592419066026
1790045100,7835.25,7835.5,7834.75,7835,7770.849535157579
1790045400,7834.75,7835.25,7834.25,7835.25,7771.106622841581
1790045700,7834.75,7835.25,7834,7834.75,7771.360688219459
1790046000,7834.75,7834.75,7833.25,7834,7771.6107453523155
1790046300,7834,7834,7832.5,7833,7771.855812237137
1790046600,7833,7834,7832.75,7834,7772.103892827008
1790046900,7834,7835,7833.75,7834.25,7772.351981079196
1790047200,7834.5,7834.75,7834,7834,7772.598080955127
1790047500,7834,7834.5,7834,7834,7772.843198396425
1790047800,7834.25,7834.25,7833.25,7834.25,7773.088335328974
1790048100,7834.5,7835.5,7834.5,7834.5,7773.333491674965
1790048400,7834.5,7834.75,7833.5,7833.5,7773.573677336942
1790048700,7833.75,7833.75,7832.75,7833.75,7773.813902177912
1790049000,7833.75,7833.75,7832.75,7833,7774.050174025505
1790049300,7832.75,7833.5,7831,7833,7774.28550267211
1790049600,7833,7834,7832.75,7833.75,7774.522885894976
1790049900,7833.75,7833.75,7832.75,7833,7774.75632746825
1790050200,7832.75,7835,7832.5,7834.25,7774.993827158995
1790050500,7834,7834.5,7833,7833.25,7775.226386731215
1790050800,7833.25,7834.25,7833,7834.25,7775.462009937877
1790051100,7834.25,7835.5,7833.75,7834.5,7775.697690536927
1790051400,7834.75,7836,7834.75,7835,7775.934426303247
1790051700,7835,7836,7834.75,7835.25,7776.171215020599
1790052000,7835.25,7836.5,7834.75,7835,7776.406060469619
1790052300,7835,7835.5,7834.25,7834.25,7776.636974399879
1790052600,7834.5,7834.5,7833.5,7834,7776.865968514052
1790052900,7834.25,7834.75,7834,7834.25,7777.095046484055
1790053200,7834.25,7834.25,7832.75,7833.5,7777.320215959169
1790053500,7833.5,7834.25,7832.75,7833,7777.542490546159
1790053800,7833,7834.25,7832.75,7834,7777.767869825416
1790054100,7834.25,7834.25,7832.5,7833,7777.988357371023
1790054400,7833,7835,7832.75,7833.25,7778.20896273082
1790054700,7833,7834,7832.75,7833.5,7778.429685434489
1790055000,7833.75,7834.5,7832.25,7834.25,7778.652521021577
1790055300,7834.5,7836.25,7834.5,7836.25,7778.882451077379
1790055600,7836.25,7837.25,7836,7837,7779.114457260703
1790055900,7837,7839.5,7837,7839,7779.353521303574
1790056200,7839.25,7839.25,7837.75,7838.25,7779.588636986993
1790056500,7838,7839,7837.75,7838.25,7779.82281408485
1790056800,7838.25,7838.25,7834.25,7835,7780.043082292095
1790057100,7834.75,7837,7834.25,7837,7780.270455217077
1790057400,7836.75,7837.75,7835.75,7837,7780.496920465712
1790057700,7836.75,7837.75,7835.25,7835.25,7780.7154956335135
1790058000,7835.25,7836.25,7833.75,7834.75,7780.931202237771
1790058300,7834.75,7836.75,7834.75,7836.75,7781.154031769755
1790058600,7836.5,7837.25,7836.25,7836.75,7781.375971762691
1790058900,7836.75,7838.5,7836.75,7837.5,7781.600019779607
1790059200,7837.5,7838.25,7836.25,7837,7781.821177385277
1790059500,7836.75,7838.25,7836.25,7837.5,7782.043448134238
1790059800,7837.5,7838.25,7836,7836,7782.258843550868
1790060100,7836.25,7837.75,7836,7836.25,7782.474377109547
1790060400,7836.25,7837.75,7834.75,7836.25,7782.6890502548185
1790060700,7836.5,7837.5,7834,7836.25,7782.902866421466
1790061000,7835.75,7837,7833.75,7836,7783.11483102657
1790061300,7835.75,7837.5,7834.25,7834.25,7783.318963437641
1790061600,7834.25,7836.5,7834.25,7835.5,7783.527270968828
1790061900,7835.5,7835.75,7834.5,7835,7783.73275092504
1790062200,7835.25,7835.25,7832.75,7833,7783.92942657005
1790062500,7833.25,7833.25,7831.75,7832.5,7784.1233210747605
1790062800,7832.25,7832.75,7831.5,7832.25,7784.31544354552
1790063100,7832.5,7832.75,7829.25,7829.75,7784.496819020388
1790063400,7829.75,7830.25,7827.5,7828.25,7784.671482417512
1790063700,7828,7829.25,7826.5,7826.5,7784.838462527622
1790064000,7826.5,7826.75,7822.75,7823,7784.990803994578
1790064300,7823,7825.5,7822,7823,7785.142537311965
1790064600,7823,7823.25,7820.25,7820.25,7785.282686863613
1790064900,7820.5,7820.5,7816.25,7819,7785.417286916054
1790065200,7819,7819.25,7815,7817,7785.543365611
1790065500,7816.75,7821.75,7812.25,7813.5,7785.654968941894
1790065800,7813.5,7816,7810.5,7813.75,7785.767124754501
1790066100,7813.5,7824.5,7813.5,7823.25,7785.9167569910105
1790066400,7823.25,7829,7821.25,7828.5,7786.086749977075
1790066700,7828.5,7833.75,7827,7833.5,7786.2760244282645
1790067000,7833.5,7836,7832.5,7835,7786.470531316774
1790067300,7834.75,7836,7832.5,7833.5,7786.658273706727
1790067600,7833.25,7836.25,7827.25,7827.25,7786.820316526261
1790067900,7827.25,7831,7827,7829,7786.988698496216
1790068200,7829,7831.25,7826,7827.25,7787.149422254714
1790068500,7827,7830.75,7826.5,7827.5,7787.310502405394
1790068800,7827.25,7828.25,7825.5,7826.75,7787.467945509564
1790069100,7827,7827.75,7826.25,7827,7787.62575810234
1790069400,7827.25,7830,7827.25,7829,7787.790924736662
1790069700,7829,7829,7827,7827.75,7787.950442003183
1790070000,7827.75,7833.5,7827.75,7833.25,7788.131278562052
1790070300,7833.25,7833.25,7831.5,7832,7788.306403198531
1790070600,7832.25,7843,7832.25,7838.25,7788.505778834466
1790070900,7838,7842.25,7833,7838.75,7788.706354567661
1790071200,7838.75,7840,7835,7839.25,7788.908125607311
1790071500,7839.25,7840.75,7838,7839.25,7789.109091173749
1790071800,7839.25,7840,7835,7837.25,7789.301270450501
1790072100,7837.25,7838.5,7836,7836.5,7789.489688532535
1790072400,7836.75,7837.25,7835.25,7836,7789.675358438593
1790072700,7835.75,7837.75,7834.75,7836.75,7789.863281159397
1790073000,7836.75,7838,7836.25,7837,7790.051451693691
1790073300,7837,7838.5,7836.5,7838.5,7790.24485907216
1790073600,7838.5,7841.5,7837.75,7840.75,7790.446476401213
1790073900,7840.75,7842.75,7838.75,7842.5,7790.654274898613
1790074200,7842.5,7843.75,7841.5,7842.5,7790.8612438610935
1790074500,7842.5,7842.75,7838,7838.25,7791.050420532307
1790074800,7838.25,7839.5,7835.25,7837.75,7791.236845999244
1790075100,7837.75,7838.75,7828.25,7833.25,7791.404563180884
1790075400,7833.5,7836.5,7831,7833.75,7791.5736068408405
1790075700,7833.75,7835.5,7833.75,7834.5,7791.744969687783
1790076000,7834.5,7837.75,7833.5,7837,7791.9256284914245
1790076300,7837.25,7838.25,7835.25,7835.75,7792.100576082277
1790076600,7835.75,7837.5,7835.25,7836.5,7792.277819291529
1790076900,7836.5,7840.25,7836.5,7838.5,7792.462338974996
1790077200,7838.75,7839.5,7837.25,7839,7792.648118060924
1790077500,7839,7842,7837,7839,7792.833155513775
1790077800,7839,7839.25,7836.75,7836.75,7793.0084722582305
1790078100,7837,7839.5,7835.25,7835.5,7793.178099115483
1790078400,7835.75,7839.5,7835.25,7838.75,7793.360022871509
1790078700,7838.75,7840,7834,7835.75,7793.529244337092
1790079000,7836,7838.25,7836,7837,7793.702780287842
1790079300,7837,7839,7835.25,7836.5,7793.8736274723215
1790079600,7836.5,7839.75,7836.5,7838.25,7794.0507786600565
1790079900,7838,7840.25,7838,7840,7794.234208685366
1790080200,7840,7842.75,7839.25,7841.25,7794.421896475045
1790080500,7841.5,7841.75,7838,7838,7794.595860960175
1790080800,7838,7841.5,7838,7839,7794.77312299227
1790081100,7839,7839.75,7838,7838.75,7794.94867938751
1790081400,7838.75,7839,7835.75,7836.75,7795.115550926882
1790081700,7836.5,7837.75,7835.75,7837,7795.282754316396
1790082000,7837.25,7840.5,7836.5,7839.5,7795.459270267229
1790082300,7839.5,7842,7836.75,7840,7795.637077571551
1790082600,7840,7841.25,7838.75,7841,7795.818167082244
1790082900,7840.75,7843.25,7839.75,7840.75,7795.997535676726
1790083200,7840.5,7841,7839,7839.5,7796.171198208955
1790083500,7839.25,7839.75,7836.25,7837,7796.334187437661
1790083800,7837,7847.25,7835.5,7844.75,7796.527464134517
1790084100,7845,7848.5,7843.5,7846.25,7796.725957291665
1790084400,7846.25,7846.25,7840.5,7842.75,7796.909686005071
1790084700,7842.75,7843.75,7835.5,7839.75,7797.0807052226155
1790085000,7839.75,7840.75,7836.5,7837,7797.240063684801
1790085300,7837.25,7838,7833.25,7835,7797.390801953524
1790085600,7835,7839.5,7834.5,7837.75,7797.551916516583
1790085900,7837.75,7838.75,7834.25,7834.5,7797.699413855838
1790086200,7834.5,7845.75,7834.5,7840.25,7797.869276475177
1790086500,7840.25,7841.25,7832,7835.25,7798.018500920386
1790086800,7835.25,7836.5,7832.5,7834.25,7798.163137643259
1790087100,7834,7835.5,7831.5,7831.75,7798.297216934104
1790087400,7832,7837.5,7831.5,7833.75,7798.438745010215
1790087700,7833.5,7840.5,7829.25,7831.5,7798.570726068058
1790088000,7831.5,7832.25,7826.75,7829.5,7798.694196223475
1790088300,7829.5,7834,7826.5,7833.75,7798.834139551925
1790088600,7833.5,7835.75,7830,7832.5,7798.968534204412
1790088900,7832.5,7834.5,7829.5,7831,7799.096404327349
1790089200,7831,7834.25,7830.25,7832,7799.2277560066805
1790089500,7832,7834.75,7830,7830.25,7799.351597300067
1790089800,7830.5,7833,7828.5,7832.5,7799.48392625296
1790090100,7832.5,7833.75,7830.75,7832,7799.613730938578
1790090400,7832.25,7833.5,7830.75,7831.5,7799.741021433832
1790090700,7831.75,7834.25,7829.75,7830.25,7799.862813763438
1790091000,7830.25,7830.5,7825.75,7826.5,7799.969149836238
1790091300,7826.75,7827,7823,7824,7800.065081373818
1790091600,7824,7825.75,7822.25,7824.5,7800.162625959152
1790091900,7824.5,7827.5,7824,7825.25,7800.26277515692
1790092200,7825.25,7826.25,7824,7824.5,7800.359530545515
1790092500,7824.25,7827,7822.75,7826.75,7800.464881720982
1790092800,7826.75,7828.75,7824.75,7826.25,7800.56781632489
1790093100,7826.25,7830.25,7825,7829,7800.6813180561285
1790093400,7829,7830.25,7828,7830,7800.798358702611
1790093700,7830,7830,7826.5,7826.75,7800.901958069067
1790094000,7826.75,7828.5,7823.5,7824,7800.9941658212865
1790094300,7823.75,7826,7823.25,7825.5,7801.091993502639
1790094600,7825.5,7828.75,7825,7828.5,7801.201406702229
1790094900,7828.75,7828.75,7824.75,7826.5,7801.302399090643
1790095200,7826.75,7827,7824.25,7826.75,7801.403986319822
1790095500,7826.75,7833.75,7826.5,7833,7801.530118110961
1790095800,7833,7833.75,7830.75,7831.5,7801.649758358023
1790096100,7831.75,7832.75,7830,7832,7801.770917007292
1790096400,7832,7832.75,7829.75,7829.75,7801.882609953371
1790096700,7829.75,7833,7828.75,7830,7801.994855023418
1790097000,7830,7831,7828.75,7829.5,7802.104656001368
1790097300,7829.5,7829.75,7828,7829,7802.2120226440775
1790097600,7829,7829,7827.25,7828.5,7802.3169646694505
1790097900,7828.25,7832.5,7828,7832.25,7802.436457824463
1790098200,7832.25,7832.5,7829.25,7830,7802.546491924964
1790098500,7830.25,7830.25,7828,7828.5,7802.6500987436275
1790098800,7828.25,7831.5,7827.25,7831.5,7802.76526801012
1790099100,7831.25,7832.25,7829.75,7831,7802.877981511077
1790099400,7831,7839,7829.75,7837.25,7803.01519515774
1790099700,7837.5,7838.75,7836,7837.5,7803.152859049326
1790100000,7837.5,7838.5,7833.5,7835.5,7803.281989352523
1790100300,7835.75,7838,7835,7837.25,7803.417590193431
1790100600,7837.25,7838,7835,7835.75,7803.546661689666
1790100900,7835.75,7837.5,7835.5,7837,7803.680207950386
1790101200,7836.75,7840.5,7836.75,7839.25,7803.8222031282285
1790101500,7839,7839.75,7837.5,7837.75,7803.957643435102
1790101800,7837.75,7839.25,7836.5,7837,7804.089549050132
1790102100,7837,7837.25,7833.75,7835.5,7804.214940071887
1790102400,7835.5,7838.5,7833.5,7837.5,7804.347814562619
1790102700,7837.5,7838.5,7836.75,7838,7804.482154624245
1790103000,7838,7838.25,7836.25,7837,7804.611966382232
1790103300,7836.75,7837,7832.75,7834.25,7804.730281885696
1790103600,7834,7835.5,7833.5,7835,7804.851119083757
1790103900,7835.25,7836.5,7834.5,7835.25,7804.972471901786
1790104200,7835.25,7837.5,7835,7836.75,7805.0993283013795
1790104500,7836.75,7839.25,7836.5,7839,7805.2346603241285
1790104800,7839,7839.75,7837.5,7838.5,7805.367456091298
1790105100,7838.75,7841.5,7838.25,7840.25,7805.506707763588
1790105400,7840.5,7845.75,7839.5,7845.25,7805.665363620818
1790105700,7845.25,7846.75,7844.25,7845.5,7805.824384125326
1790106000,7845.25,7845.75,7839.75,7841.5,7805.966801753569
1790106300,7841.75,7844.5,7841.5,7844,7806.118630888285
1790106600,7844,7846,7840,7840.25,7806.254883858791
1790106900,7840.25,7840.25,7829.75,7831,7806.353666757558
1790107200,7830.75,7833.25,7830.25,7832.5,7806.4580433373685
1790107500,7832.75,7834.25,7831.25,7833.5,7806.565995260174
1790107800,7833.25,7834,7832,7832,7806.667528213226
1790108100,7832,7832.25,7831,7831,7806.764663829142
1790108400,7831.25,7831.5,7828.75,7830,7806.857419662159
1790108700,7830,7830.75,7829.5,7830.25,7806.950803216402
1790109000,7830,7830.5,7829.5,7829.75,7807.041817974021
1790109300,7829.75,7830,7829,7829.25,7807.13047339129
1790109600,7829.25,7830,7828.75,7828.75,7807.216778886735
1790109900,7829,7829.25,7827.25,7827.75,7807.298747833294
1790110200,7828,7829,7826.75,7827.75,7807.380389558511
1790110500,7827.75,7828.75,7826,7827.75,7807.461705368656
1790114400,7830,7833.75,7829,7830.25,7807.55267660471
1790114700,7830.25,7833.25,7830.25,7831.5,7807.648274702096
1790115000,7831.5,7832.5,7830.25,7832.25,7807.746485182328
1790115300,7832.25,7832.75,7831.25,7831.75,7807.842307596769
1790115600,7831.75,7834,7831.75,7833,7807.9427375065625
1790115900,7833.25,7833.5,7832,7832.25,7808.039772486576
1790116200,7832.5,7833.75,7832.5,7833.25,7808.140412117368
1790116500,7833.5,7833.75,7832.5,7832.75,7808.238653985163
1790116800,7833,7834,7832.75,7832.75,7808.336503669853
1790117100,7833,7833,7830.25,7830.25,7808.42398269712
1790117400,7830.25,7831.75,7829.75,7831.75,7808.517100530664
1790117700,7831.75,7832,7831.25,7831.25,7808.607850628346
1790118000,7831.5,7832.5,7831.5,7832,7808.701232462165
1790118300,7832.25,7832.75,7832,7832.25,7808.795239518204
1790118600,7832.25,7832.25,7831.5,7831.75,7808.88687528859
1790118900,7832,7832.25,7831.5,7832.25,7808.980141255502
1790119200,7832.25,7833.25,7832,7832.75,7809.075030911168
1790119500,7832.5,7832.5,7831.75,7832.5,7809.168543761823
1790119800,7832.25,7832.75,7832.25,7832.75,7809.262681311676
1790120100,7832.75,7833,7832.5,7833,7809.357441066919
1790120400,7832.75,7833,7832.25,7832.25,7809.448828527729
1790120700,7832.5,7832.5,7831,7831.5,7809.536857156361
1790121000,7831.5,7832.75,7831,7832.5,7809.62852638927
1790121300,7832.5,7834,7832,7833.5,7809.723821693105
1790121600,7833.25,7833.75,7830.5,7833,7809.816740568581
1790121900,7833,7833.5,7831.5,7832.5,7809.907292502438
1790122200,7832.5,7833.75,7832,7832.5,7809.99748295153
1790122500,7832.25,7833,7831.5,7832,7810.085317350926
1790122800,7832.25,7832.5,7830.25,7832.25,7810.173799117988
1790123100,7832.5,7832.75,7831,7831,7810.2569376444635
1790123400,7831,7832.25,7830.25,7830.5,7810.337748272629
1790123700,7830.5,7831.75,7830,7831.25,7810.421230315453
1790124000,7831.5,7831.75,7830.75,7831.25,7810.504379096628
1790124300,7831.25,7831.75,7829,7829,7810.578213910614
1790124600,7829.25,7830.25,7828,7828,7810.647761958875
1790124900,7828.25,7829.25,7827.75,7829,7810.721024386185
1790125200,7829,7829.5,7827.75,7829.25,7810.794992352707
1790125500,7829.25,7831.25,7829,7830.75,7810.874653061877
1790125800,7830.75,7830.75,7829.5,7830.75,7810.9539957642255
1790126100,7830.5,7831.5,7829.75,7831.5,7811.036015741214
1790126400,7831.5,7832.75,7831,7832.75,7811.1226983131055
1790126700,7832.5,7834.25,7831.75,7833.75,7811.213026862753
1790127000,7833.75,7835.25,7832.25,7833,7811.300000807413
1790127300,7833,7833.75,7832.25,7833.5,7811.388623558681
1790127600,7833.5,7833.5,7831,7831.5,7811.468908494574
1790127900,7831.25,7832.5,7831.25,7832,7811.550868939706
1790128200,7832,7832.75,7831.5,7832.25,7811.633500201423
1790128500,7832.25,7832.75,7831.5,7832.5,7811.716799601816
1790128800,7832.75,7832.75,7831.25,7831.5,7811.795774453705
1790129100,7831.75,7832,7830.25,7830.25,7811.869444016765
1790129400,7830.25,7830.5,7829,7829.5,7811.939825477775
1790129700,7829.5,7832.5,7827.25,7830.75,7812.01491599483
1790130000,7830.5,7832,7830.5,7832,7812.094696769302
1790130300,7832,7833.25,7831.75,7832,7812.174159057648
1790130600,7832.25,7832.75,7831.75,7832,7812.25330413127
1790130900,7831.75,7832.25,7831,7831.25,7812.329139244518
1790131200,7831.25,7832.25,7831,7831.5,7812.405669626775
1790131500,7831.5,7833,7831.5,7832.25,7812.484888510501
1790131800,7832.25,7832.75,7832,7832.75,7812.565787159162
1790132100,7833,7833,7832.25,7832.25,7812.644366851141
1790132400,7832.25,7832.5,7831.75,7832,7812.721634847743
1790132700,7832.25,7832.75,7831.75,7832.5,7812.8005903972535
1790133000,7832.5,7833.75,7832.5,7833.75,7812.884220774909
1790133300,7833.75,7834,7832.75,7833.5,7812.9665192947705
1790133600,7833.5,7835.25,7833.5,7835,7813.054477301578
1790133900,7835,7836,7834.25,7834.25,7813.139090166642
1790134200,7834.25,7836,7834,7836,7813.230351283741
1790134500,7836.25,7836.25,7835.25,7835.75,7813.320250081011
1790134800,7835.75,7837.5,7835.75,7836.25,7813.411786008832
1790135100,7836.25,7837,7836.25,7836.5,7813.503954527759
1790135400,7836.5,7837.25,7836.5,7837,7813.59775111647
1790135700,7837,7837,7835.5,7836,7813.687181251734
1790136000,7835.75,7838,7835.75,7837.75,7813.783240408414
1790136300,7837.75,7839.25,7837.75,7838.75,7813.8829081113745
1790136600,7838.75,7839.5,7838.25,7838.75,7813.982177939273
1790136900,7839,7839.5,7838.75,7839.5,7814.08404549241
1790137200,7839.5,7840.5,7839,7839.25,7814.184508384656
1790137500,7839,7839.5,7838.75,7839,7814.2835722234395
1790137800,7839.25,7840.5,7839.25,7840,7814.386232613765
1790138100,7840.25,7840.75,7839.75,7840,7814.488483182173
1790138400,7840,7840.75,7839.75,7840.5,7814.592321572663
1790138700,7840.25,7840.75,7840,7840.5,7814.695745438641
1790139000,7840.5,7840.75,7839,7839.5,7814.794764418926
1790139300,7839.5,7839.75,7838.25,7839,7814.891392105877
1790139600,7839,7839.5,7837.5,7838.75,7814.986636049565
1790139900,7838.5,7839.5,7838,7838.5,7815.0805017739185
1790140200,7838.5,7839.75,7838.5,7838.75,7815.174990788793
1790140500,7838.75,7839.25,7838,7838.5,7815.26810459802
1790140800,7838.25,7838.25,7836.75,7837.5,7815.356854679465
1790141100,7837.25,7839,7837.25,7838.25,7815.448244481144
1790141400,7838.5,7838.5,7835.5,7836,7815.530287417347
1790141700,7836,7837.5,7835.75,7837.25,7815.616992856799
1790142000,7837,7838.25,7835.75,7836.75,7815.701356158767
1790142300,7836.75,7838.5,7836.5,7837,7815.78638068508
1790142600,7837,7838.75,7837,7838,7815.8750578080935
1790142900,7838.25,7838.25,7836,7836.25,7815.956394902672
1790143200,7836.5,7839.5,7836,7837.75,7816.043395322223
1790143500,7837.75,7840.25,7837.5,7837.75,7816.130048434708
1790143800,7838,7839.75,7838,7839.75,7816.224339658522
1790144100,7839.75,7840,7838.75,7839.25,7816.3162584622805
1790144400,7839.25,7839.5,7836,7837.75,7816.401822300754
1790144700,7838,7839.5,7838,7838.5,7816.490038578995
1790145000,7838.75,7841,7838.5,7841,7816.587882736364
1790145300,7841.25,7842.75,7841,7842.5,7816.691324322247
1790145600,7842.25,7843.25,7841.25,7843,7816.796348975651
1790145900,7842.75,7842.75,7839,7842,7816.896962352994
1790146200,7842,7842,7839.25,7839.75,7816.988192044199
1790146500,7839.5,7839.5,7837,7837.5,7817.070075509093
1790146800,7837.25,7839,7836.75,7839,7817.157620117839
1790147100,7839,7839.25,7836,7836.25,7817.233837203196
1790147400,7836.5,7838.75,7835.75,7838.5,7817.31873206466
1790147700,7838.75,7839.25,7836.75,7837,7817.39730000053
1790148000,7837.25,7837.75,7836,7836,7817.471562275977
1790148300,7836,7839.25,7835.25,7838.75,7817.556506139146
1790148600,7838.75,7839,7835.75,7836.25,7817.6311308651375
1790148900,7836.25,7838.75,7836.25,7837,7817.708451700008
1790149200,7837,7838.75,7837,7838,7817.7894558848375
1790149500,7838.25,7840.25,7837.75,7840,7817.878120731604
1790149800,7840,7841.25,7838,7838.5,7817.960443602935
1790150100,7838.5,7840.5,7838.5,7839.25,7818.045431852025
1790150400,7839.5,7840.5,7837.25,7838,7818.125090806708
1790150700,7838,7840.25,7837,7840,7818.212415793508
1790151000,7839.75,7841.25,7839.75,7840.5,7818.3013881855495
1790151300,7840.5,7841,7839.25,7840.75,7818.391003402374
1790151600,7840.75,7842.25,7840.5,7841.75,7818.48425288979
1790151900,7841.75,7842,7839,7839.5,7818.568148087835
1790152200,7839.5,7840.25,7839,7839.5,7818.6517083749095
1790152500,7839.75,7839.75,7835.5,7836.75,7818.7239570440715
1790152800,7836.5,7837.25,7835,7835.5,7818.790927275432
1790153100,7835.5,7836.25,7834.25,7836.25,7818.8606241725365
1790153400,7836.25,7836.75,7835.5,7836.5,7818.931040842506
1790153700,7836.75,7837.75,7836,7836.75,7819.002174411998
1790154000,7836.5,7838,7834.75,7835.25,7819.067035991191
1790154300,7835,7837.5,7834.75,7837.25,7819.139622673861
1790154600,7837,7837,7834.75,7835,7819.202937553406
1790154900,7835,7835.75,7834,7835.75,7819.268993690917
1790155200,7836,7838.5,7835.25,7838.5,7819.345764175185
1790155500,7838.75,7839.25,7837,7837,7819.416240166502
1790155800,7837,7838,7836,7836.75,7819.485436812543
1790156100,7836.75,7838,7836.5,7836.5,7819.553359220477
1790156400,7836.5,7836.75,7835.25,7836,7819.61901447309
1790156700,7835.75,7835.75,7832.5,7833.75,7819.675425592958
1790157000,7833.75,7835.5,7833.5,7835.25,7819.737599542686
1790157300,7835,7835.5,7833.75,7834.75,7819.797529285031
1790157600,7834.75,7837,7834.25,7836.25,7819.8632078108385
1790157900,7836.25,7837.25,7835.75,7836.5,7819.929622150915
1790158200,7836.75,7838,7836,7837.75,7820.000761383845
1790158500,7837.75,7839.25,7837.75,7839.25,7820.077604651774
1790158800,7839.25,7839.25,7836.75,7837.5,7820.147155132206
1790159100,7837.75,7838.5,7837,7838.25,7820.219421977985
1790159400,7838.5,7838.5,7836,7836,7820.282418297434
1790159700,7836,7837.5,7834.5,7837.25,7820.35015315453
1790160000,7837,7837,7835.25,7836,7820.412627593035
1790160300,7836,7836,7834.25,7834.75,7820.469862612624
1790160600,7835,7835.75,7834,7835.75,7820.530861165068
1790160900,7835.75,7837,7835.75,7836,7820.592614214309
1790161200,7835.75,7836.25,7833,7833.5,7820.644140704471
1790161500,7833.25,7834.5,7832.25,7834,7820.697457508047
1790161800,7834,7835,7833,7833.5,7820.748565462106
1790162100,7833.5,7835.25,7833.25,7833.75,7820.800467396389
1790162400,7833.5,7833.75,7828,7828.5,7820.831204053489
1790162700,7828.5,7830,7826.5,7827,7820.855829985411
1790163000,7827,7827.25,7823.25,7824,7820.868381562315
1790163300,7824,7824.5,7820,7822.25,7820.87389700518
1790163600,7822.25,7822.5,7819,7821.75,7820.877394422325
1790163900,7821.5,7827.25,7821.5,7826.25,7820.898841949581
1790164200,7826,7827.25,7824.5,7825.75,7820.918207849982
1790164500,7825.75,7827.25,7825.5,7826.5,7820.940490453375
1790164800,7826.5,7828.25,7822.5,7822.75,7820.94771404438
1790165100,7822.75,7824.25,7821.5,7822.5,7820.953910794701
1790165400,7822.5,7823.25,7819.5,7820.5,7820.95209877556
1790165700,7820.5,7821.5,7818.75,7820.75,7820.951291994022
1790166000,7820.75,7822.5,7819.75,7822.5,7820.957474461112
1790166300,7822.5,7823.25,7820.75,7822.5,7820.9636322476945
1790166600,7822.5,7824,7822.25,7823.25,7820.972759464271
1790166900,7823,7824.75,7822.5,7823.5,7820.982848248845
1790167200,7823.5,7823.5,7821.25,7821.5,7820.9849127268935
1790167500,7821.75,7823.5,7820.75,7821.75,7820.987966967505
1790167800,7821.75,7821.75,7819.75,7821,7820.988015003562
1790168100,7820.75,7824,7819.5,7823.5,7820.99804288778
1790168400,7823.75,7824,7821.5,7822.5,7821.004038724555
1790168700,7822.75,7822.75,7820.25,7820.75,7821.003024597911
1790169000,7820.75,7821.75,7819.25,7821.5,7821.005008531652
1790169300,7821.25,7823.5,7820.25,7822.5,7821.010976561465
1790169600,7822.25,7823.25,7820.5,7821.5,7821.012928750841
1790169900,7821.75,7825.75,7821.25,7823.5,7821.022857178981
1790170200,7823.5,7826.25,7819.75,7819.75,7821.017775912797
1790170500,7819.75,7820.25,7815.75,7816.75,7821.0007388832055
1790170800,7817,7817.75,7814.5,7814.5,7820.974787829779
1790171100,7814.75,7815,7805,7806.25,7820.916006241637
1790171400,7806.5,7808.25,7801.75,7802.25,7820.841491246661
1790171700,7802.25,7804,7799.25,7801.75,7820.76527770875
1790172000,7801.75,7805.5,7798.25,7799.5,7820.680386380571
1790172300,7799.75,7800.75,7793.75,7795,7820.577869868073
1790172600,7795,7795.25,7787.5,7790.75,7820.458796535267
1790172900,7790.75,7793.75,7785.75,7785.75,7820.320238465266
1790173200,7785.75,7788,7779.25,7783.25,7820.1722534813725
1790173500,7783,7784.75,7778,7783,7820.023861251906
1790173800,7783,7789.5,7782.5,7788.75,7819.899015498406
1790174100,7788.5,7793.5,7782.75,7783,7819.75171403933
1790174400,7783,7788,7781,7786,7819.616976657936
1790174700,7786,7788,7784.75,7786.75,7819.485771162295
1790175000,7787,7800.75,7783,7798.5,7819.401995628713
1790175300,7798.75,7799.5,7793,7797.25,7819.3135645084385
1790175600,7797.25,7797.5,7790.5,7793,7819.208520338744
1790175900,7793,7795,7790.25,7794,7819.1078875230205
1790176200,7794.25,7795,7790.75,7791.25,7818.996678391192
1790176500,7791.5,7793.25,7788,7791,7818.884915204002
1790176800,7791,7794.75,7789.5,7793.5,7818.78357821716
1790177100,7793.5,7795,7784.25,7785,7818.648713633458
1790177400,7785,7785.75,7783,7783.75,7818.509397411369
1790177700,7783.75,7785.5,7782,7784,7818.371635345854
1790178000,7783.75,7787.25,7780.75,7786.25,7818.243405264633
1790178300,7786.25,7787,7779,7779.5,7818.08874097216
1790178600,7779.25,7781.5,7776.5,7781.5,7817.942678133948
1790178900,7781.75,7783,7779.5,7780.5,7817.7932063649505
1790179200,7780.5,7780.5,7777,7778.25,7817.635349253713
1790179500,7778.25,7781,7777,7779,7817.48111632256
1790179800,7779,7781.25,7778.5,7780.25,7817.332489111692
1790180100,7780,7781.5,7775.5,7778,7817.175473187094
1790180400,7777.75,7778.25,7775.25,7778,7817.0190840725745
1790180700,7777.75,7779,7776.25,7778.25,7816.864317269889
1790181000,7778.25,7781.5,7777.75,7778.25,7816.710168298752
1790181300,7778.5,7779.5,7776,7777,7816.551644672809
1790181600,7777,7777.25,7772,7772.25,7816.3747917998635
1790181900,7772.25,7775.25,7769.5,7770,7816.189662890482
1790182200,7770,7770,7764.25,7764.75,7815.984314934832
1790182500,7764.75,7769.75,7764.25,7768.5,7815.794756791379
1790182800,7768.5,7771.5,7758.75,7761.75,7815.579009259278
1790183100,7761.75,7766.5,7760.25,7765.75,7815.380091058642
1790183400,7765.5,7767.25,7762.5,7765.5,7815.180968938648
1790183700,7765.5,7773.75,7763.75,7773.25,7815.013579841088
1790184000,7773.5,7774,7766,7766,7814.817916847711
1790184300,7766,7768.25,7765.5,7767,7814.6270269600955
1790184600,7767.25,7770.25,7764.75,7769.75,7814.447877151872
1790184900,7770,7770.5,7767,7767.75,7814.261458480607
1790185200,7768,7780.5,7765.75,7779.25,7814.1216921792875
1790185500,7779.25,7783,7776.75,7778.5,7813.979489815299
1790185800,7778.5,7780.5,7776.5,7779.25,7813.840849137393
1790186100,7779.5,7785.25,7778,7784.25,7813.722721995128
1790186400,7784.25,7784.75,7775.5,7776,7813.572132286565
1790186700,7776,7779,7774.75,7778.25,7813.43112577045
1790187000,7778.5,7779.75,7777.25,7779,7813.293676166576
1790187300,7779,7781.75,7777,7779.5,7813.158771271699
1790187600,7779.5,7780.25,7777.5,7779.25,7813.023406915325
1790187900,7779.5,7780.25,7776.25,7777.25,7812.880598903686
1790188200,7777,7778,7773.5,7775.5,7812.731374955967
1790188500,7775.5,7776.25,7770.25,7771.5,7812.5667786487575
1790188800,7771.5,7775.25,7771.5,7773.5,7812.410823444571
1790189100,7773.5,7776,7772.5,7775.75,7812.264472851978
1790189400,7775.75,7776.5,7772.75,7774.25,7812.112718469335
1790189700,7774.25,7778.25,7773.25,7776.75,7811.971549932531
1790190000,7777,7778.25,7772.5,7773,7811.8159748829
1790190300,7773,7778,7771.75,7776.25,7811.673994943248
1790190600,7776.25,7777.25,7773,7774.5,7811.525595761837
1790190900,7774.5,7775,7770.75,7773,7811.371800968377
1790191200,7772.75,7772.75,7770.5,7771.5,7811.212632102236
1790191500,7771.75,7773.25,7769.25,7771.75,7811.055096644742
1790191800,7771.75,7775.5,7770.25,7775,7810.911164123206
1790192100,7775,7775.5,7773,7775.5,7810.769802190578
1790192400,7775.5,7777,7768.25,7771,7810.611040505187
1790192700,7771,7775.25,7770.5,7774.75,7810.467882658859
1790193000,7775,7775.75,7761,7764,7810.282382129282
1790193300,7764,7776,7764,7773.75,7810.136544276471
1790193600,7774,7774.75,7771.25,7772,7809.984302582752
1790193900,7772,7772.5,7770.25,7772,7809.832668640306
1790194200,7772.25,7773.25,7771,7771.25,7809.678646011003
1790194500,7771.25,7772.75,7770.25,7772.5,7809.530228262456
1790194800,7772.75,7772.75,7771.75,7772.5,7809.382402999931
1790195100,7772.75,7772.75,7770.75,7772,7809.233171850231
1790195400,7772,7773,7771,7771,7809.080544417695
1790195700,7771.25,7773.75,7771,7773.25,7808.937508312235
1790196000,7773.25,7773.75,7773,7773.5,7808.796041213184
1790196300,7773.5,7774.25,7772,7772,7808.6491508291
1790196600,7772,7772.75,7772,7772.75,7808.505840845751
1790196900,7772.75,7773,7771.25,7772.75,7808.363102958143
1790200800,7774.75,7778,7773.5,7776.5,7808.235904942342
1790201100,7776.25,7778,7775,7778,7808.115202727004
1790201400,7778,7778,7777.25,7777.75,7807.993984352844
1790201700,7778,7779.25,7776.75,7777.25,7807.871253876385
1790202000,7777.25,7777.75,7776.25,7777,7807.7480153379565
1790202300,7777,7777.5,7776.75,7777,7807.6252687697415
1790202600,7776.75,7777.5,7775.5,7775.75,7807.498022187827
1790202900,7775.5,7775.5,7774,7774.5,7807.366293556339
1790203200,7774.75,7776.25,7774.5,7775.5,7807.239082803619
1790203500,7775.5,7775.5,7774.75,7775.5,7807.112379878255
1790203800,7775.5,7775.75,7774.75,7775,7806.984186745008
1790204100,7775,7775,7774.75,7775,7806.856505360796
1790204400,7775.25,7775.75,7774.25,7775.5,7806.731329690693
1790204700,7775.5,7775.5,7774.5,7775,7806.60465771588
1790205000,7774.75,7775,7773,7773,7806.470507385678
1790205300,7773,7774.25,7771.75,7772,7806.332900569767
1790205600,7772.25,7772.5,7769.75,7770.25,7806.188857054518
1790205900,7770.5,7770.75,7768.5,7769.5,7806.042394551307
1790206200,7769.5,7769.75,7768,7769,7805.894520720763
1790206500,7769,7770,7768.5,7769.5,7805.749233212895
1790206800,7769.5,7770.25,7768.25,7769,7805.602529687095
1790207100,7769,7770.25,7767.5,7767.75,7805.451421784152
1790207400,7767.75,7770.25,7767,7769.25,7805.306905130324
1790207700,7769.25,7769.25,7768,7768.25,7805.158973373316
1790208000,7768.25,7769.75,7767,7768.75,7805.013628170229
1790208300,7768.75,7769.25,7767.75,7768.25,7804.866867179529
1790208600,7768.25,7768.25,7764.75,7765.5,7804.709714017136
1790208900,7765.5,7769,7765.25,7768.75,7804.566162264573
1790209200,7769,7769.25,7766,7767.25,7804.4171955489455
1790209500,7767.5,7767.75,7765.75,7766.5,7804.26582949885
1790209800,7766.5,7768.25,7766,7767.75,7804.1200577244035
1790210100,7767.75,7768,7766.25,7766.25,7803.968879849256
1790210400,7766.25,7766.5,7763.5,7764.5,7803.811319450656
1790210700,7764.25,7764.25,7762,7763,7803.648400011731
1790211000,7763,7763.75,7761.5,7762,7803.482138933839
1790211300,7762.25,7765.25,7761.25,7764.5,7803.326521612747
1790211600,7764.25,7766,7764,7765,7803.173521526468
1790211900,7764.75,7768,7763.5,7767,7803.029116250913
1790212200,7766.75,7766.75,7764.75,7766.75,7802.884289439532
1790212500,7767,7767.25,7766,7766.75,7802.740040779095
1790212800,7766.5,7767.25,7765.5,7766.25,7802.594371953629
1790213100,7766.25,7767,7765,7765.25,7802.445292624473
1790213400,7765.25,7767.5,7764.75,7767.25,7802.304792454315
1790213700,7767.25,7767.25,7764.75,7765.25,7802.156869131144
1790214000,7765.25,7766.25,7763.75,7764,7802.004546300282
1790214300,7763.75,7764,7760.5,7762.25,7801.845845516647
1790214600,7762.5,7765,7759.5,7763.75,7801.693766293028
1790214900,7763.5,7765,7762.5,7764.75,7801.546286188065
1790215200,7764.75,7765.75,7762,7762.25,7801.3894147861165
1790215500,7762.25,7762.25,7758,7759,7801.220195565414
1790215800,7759.25,7761.25,7759,7760.75,7801.058637898486
1790216100,7760.75,7764.75,7760.75,7764.25,7800.911697228233
1790216400,7764.25,7764.25,7762.75,7763.25,7800.761351131513
1790216700,7763.25,7764,7762.25,7763.25,7800.611605218813
1790217000,7763,7766.75,7763,7765.5,7800.471439130115
1790217300,7765.5,7766.75,7764.75,7765,7800.329836578698
1790217600,7765.25,7766.5,7765,7766.5,7800.194787330878
1790217900,7766.5,7766.75,7764.75,7765.5,7800.056285185845
1790218200,7765.75,7765.75,7764,7765,7799.916339935602
1790218500,7765,7765.5,7764.75,7764.75,7799.7759553450405
1790218800,7764.75,7765,7763,7763.5,7799.631141152046
1790219100,7763.5,7763.5,7759.25,7759.5,7799.470936995751
1790219400,7759.5,7761.25,7758.75,7761.25,7799.318358404949
1790219700,7761.5,7762,7760.25,7761,7799.165390906327
1790220000,7761,7761.25,7760,7760.5,7799.0110380484175
1790220300,7760.5,7761.25,7758.75,7759.25,7798.852311349621
1790220600,7759.25,7759.5,7757.5,7758.75,7798.692222282357
1790220900,7758.5,7759.25,7757.75,7759.25,7798.53476830119
1790221200,7759.25,7759.25,7756,7756.75,7798.367962838909
1790221500,7756.75,7758.75,7756.5,7758.5,7798.208809294642
1790221800,7758.25,7758.75,7757.25,7758.75,7798.051289097857
1790222100,7758.75,7759.5,7758,7759.5,7797.897391736189
1790222400,7759.25,7759.5,7741.25,7750.5,7797.708180591534
1790222700,7750.75,7751.75,7747,7748.25,7797.510742744861
1790223000,7748.5,7749.25,7746.25,7746.75,7797.308105049273
1790223300,7746.75,7748,7745,7747.75,7797.110268302569
1790223600,7748,7750.5,7747.5,7748.75,7796.917213339286
1790223900,7748.75,7753,7748.75,7752.75,7796.74089711837
1790224200,7752.75,7756.5,7752,7756,7796.57825880652
1790224500,7755.75,7757.25,7755,7756.25,7796.417267753401
1790224800,7756.25,7756.5,7754.25,7755,7796.251929359176
1790225100,7755,7755,7753.5,7754.5,7796.085254990477
1790225400,7754.5,7754.75,7753.75,7754,7795.9172499805345
1790225700,7754,7754.75,7753.25,7754.25,7795.750913653267
1790226000,7754.25,7759,7754.25,7758,7795.600211403154
1790226300,7758,7760,7757,7757.25,7795.447116746855
1790226600,7757.25,7757.25,7754.25,7754.5,7795.283655202955
1790226900,7754.5,7755.5,7754,7755,7795.122842208133
1790227200,7755,7755.25,7751.75,7753.25,7794.95568515341
1790227500,7752.75,7756.25,7752.75,7756.25,7794.801171440223
1790227800,7756,7757,7754.75,7754.75,7794.641286524294
1790228100,7754.75,7755,7751.75,7752.5,7794.473057835574
1790228400,7752.5,7754.25,7749.25,7750,7794.2955206785455
1790228700,7749.5,7749.75,7747.75,7748,7794.110708220747
1790229000,7747.75,7750,7747.5,7747.5,7793.924637529247
1790229300,7747.25,7747.25,7742,7742,7793.717353547094
1790229600,7742,7742.75,7738.75,7739.5,7793.5009170059875
1790229900,7739.5,7746,7738.25,7745,7793.307300570834
1790230200,7745,7747.75,7744,7746.5,7793.120445079533
1790230500,7746.75,7748,7745.25,7745.5,7792.930343502369
1790230800,7745.5,7745.5,7741.75,7743,7792.731020773817
1790231100,7742.75,7743.5,7739.5,7741,7792.524509712844
1790231400,7741,7741.25,7737.25,7737.25,7792.303852987443
1790231700,7737.25,7738,7735.5,7736.75,7792.08208111923
1790232000,7737,7741.25,7736.75,7739,7791.870176603784
1790232300,7739,7740.25,7737,7738.5,7791.657122006563
1790232600,7738.5,7739,7735.5,7735.5,7791.432941878793
1790232900,7736,7737.25,7734.25,7735.5,7791.209656681672
1790233200,7735.25,7736.5,7730.75,7735.25,7790.9862648386315
1790233500,7735.5,7743.25,7733,7742.75,7790.793704899156
1790233800,7742.75,7745.25,7741.5,7745,7790.6108956979615
1790234100,7744.75,7745.75,7740.75,7744.5,7790.426820266033
1790234400,7744.5,7744.75,7741.25,7741.75,7790.232501622257
1790234700,7741.75,7745,7741,7744.75,7790.0509347495135
1790235000,7744.75,7746.25,7743,7744,7789.867098682649
1790235300,7744.25,7748,7743.25,7746.25,7789.692978528227
1790235600,7746.25,7747.5,7744.25,7746.75,7789.521549472226
1790235900,7746.5,7747.25,7743.5,7744.25,7789.340824723834
1790236200,7744,7744.25,7740.75,7741.25,7789.148845383619
1790236500,7741.25,7741.25,7733.5,7734,7788.928690312227
1790236800,7734,7741.25,7732,7736.75,7788.720392147308
1790237100,7736.75,7737.75,7732.5,7733.5,7788.499951460093
1790237400,7733.25,7733.5,7725,7726.5,7788.252446663845
1790237700,7726.25,7730.75,7725,7727.5,7788.009921926664
1790238000,7727.25,7727.75,7724.25,7726.75,7787.7653713401305
1790238300,7726.75,7728.75,7722.5,7723.25,7787.5078249475555
1790238600,7723.5,7731.5,7722,7722.75,7787.249310676308
1790238900,7722.75,7725.25,7721,7724.75,7786.999812430095
1790239200,7724.75,7728,7722,7726,7786.756300204825
1790239500,7726,7727.75,7722.25,7723,7786.5017840363425
1790239800,7722.75,7725.5,7721.5,7722.25,7786.245289888493
1790240100,7722,7723.75,7721,7723.25,7785.9938116853455
1790240400,7723.5,7727.5,7722.5,7725.25,7785.751321419137
1790240700,7725,7729.75,7723.5,7727.75,7785.519779217862
1790241000,7727.75,7729,7723.5,7725.5,7785.280179300825
1790241300,7725.25,7726.75,7723.25,7726.5,7785.04552788645
1790241600,7726.25,7728.25,7724.25,7727.75,7784.816803224228
1790241900,7727.5,7729.5,7724.25,7725,7784.578013590599
1790242200,7724.75,7725.25,7721.25,7725,7784.340177209
1790242500,7725,7725.75,7719,7721.25,7784.088320214154
1790242800,7721.25,7721.75,7707.25,7713.25,7783.805532508708
1790243100,7713,7719.5,7711.75,7719.25,7783.547825792107
1790243400,7719,7721,7716.5,7720.25,7783.295139860801
1790243700,7720,7724.5,7720,7724.25,7783.059430719641
1790244000,7724,7726.5,7722,7722,7782.815680497207
1790244300,7722.25,7722.75,7720,7721,7782.568911313585
1790244600,7721,7725.25,7721,7725,7782.339095300357
1790244900,7725,7728.25,7724.5,7726.5,7782.116184740276
1790245200,7726.75,7727.25,7720.75,7720.75,7781.871209950894
1790245500,7721,7725.25,7719,7721.75,7781.631205120751
1790245800,7721.75,7725.5,7719.5,7724.75,7781.4041344416255
1790246100,7725,7730.25,7724.25,7729.25,7781.195934304134
1790246400,7729.75,7731.5,7729.25,7730.5,7780.993555324876
1790246700,7730.75,7737.75,7729.5,7737,7780.817932349527
1790247000,7737,7737.75,7730.75,7730.75,7780.6180603641
1790247300,7730.75,7733.5,7728.75,7733,7780.427968306758
1790247600,7733,7735.5,7730.5,7730.5,7780.228655060025
1790247900,7730.25,7731.5,7727.25,7729,7780.024149451003
1790248200,7729,7732.25,7726.25,7731.75,7779.83143827555
1790248500,7731.75,7736.25,7729.75,7732.5,7779.642490418162
1790248800,7732.5,7736,7731.25,7734.75,7779.463278879567
1790249100,7734.5,7734.5,7730.5,7730.75,7779.268814692423
1790249400,7730.75,7734.5,7729,7729.5,7779.070136789459
1790249700,7729.25,7729.75,7726.25,7727,7778.862271971936
1790250000,7727,7727.5,7725.25,7726.5,7778.6532409461
1790250300,7726.5,7726.5,7722,7722.25,7778.428078307592
1790250600,7722.5,7726,7722,7726,7778.218784581813
1790250900,7726,7734,7724.5,7732.25,7778.03527645973
1790251200,7732,7732.5,7726.5,7727.25,7777.83254082516
1790251500,7727,7730.75,7727,7730,7777.641592558393
1790251800,7730,7734.5,7729.5,7733.75,7777.4663766200365
1790252100,7733.75,7737.75,7733,7736.5,7777.302838190416
1790252400,7736.25,7739.5,7735.25,7737.5,7777.143944624786
1790252700,7737.25,7738.25,7731.25,7734,7776.971713308919
1790253000,7733.75,7735.25,7727.75,7728,7776.776217447406
1790253300,7727.75,7728.5,7724.5,7727.25,7776.578507996519
1790253600,7727.25,7735.25,7727,7733.75,7776.407535908708
1790253900,7734,7735.75,7731.75,7732.25,7776.23125832025
1790254200,7732,7734.75,7729.75,7734.75,7776.0656644746605
1790254500,7734.5,7737.25,7733.5,7735,7775.9017296863385
1790254800,7734.75,7738.5,7734.75,7736.25,7775.743439348269
1790255100,7736,7736.75,7734,7735.25,7775.581788891789
1790255400,7735.5,7739.5,7735.25,7738,7775.431761790424
1790255700,7737.75,7741.5,7737.25,7740.75,7775.293311643556
1790256000,7740.5,7741,7737.5,7738.5,7775.146432155957
1790256300,7738.5,7739.25,7734,7734,7774.9821749417615
1790256600,7734.25,7742.75,7730,7741,7774.846517556764
1790256900,7741,7744.75,7738.75,7744,7774.723377766119
1790257200,7744,7744.25,7737.5,7740.5,7774.5867574955955
1790257500,7740.25,7747.75,7738.75,7743.75,7774.46365666727
1790257800,7743.75,7746.5,7741.25,7743.25,7774.3390512514325
1790258100,7743,7749,7741.5,7747.75,7774.232907334261
1790258400,7748,7753.75,7746.25,7753.5,7774.150141237118
1790258700,7753.75,7758,7753.25,7755.5,7774.075689575493
1790259000,7755.75,7756,7751.75,7754,7773.995547102138
1790259300,7753.75,7757.5,7749.5,7755.75,7773.922710586759
1790259600,7756,7756,7751.75,7752,7773.835194776034
1790259900,7752,7757.25,7750.5,7754.5,7773.758008369742
1790260200,7754.5,7755.25,7749,7753.25,7773.676140072857
1790260500,7753,7755.25,7750.5,7753,7773.593600591528
1790260800,7753,7754.25,7745.5,7746.25,7773.484444501342
1790261100,7746.5,7748.75,7743,7746.5,7773.376722168004
1790261400,7746.5,7750.5,7741.5,7742.25,7773.252463796075
1790261700,7742.25,7742.5,7735,7738.25,7773.112733401679
1790262000,7738.5,7741.25,7736.25,7737,7772.9685707932895
1790262300,7737.25,7738,7733.5,7734.5,7772.815003644414
1790262600,7734.25,7736.25,7725.25,7726.75,7772.631111414296
1790262900,7726.5,7734.75,7725.5,7731.5,7772.4669153607465
1790263200,7731.5,7738.75,7729.5,7738,7772.329322884257
1790263500,7738,7738,7728.25,7729.25,7772.15734953941
1790263800,7729.25,7730.5,7726.75,7727.75,7771.980074690949
1790264100,7728,7733.5,7728,7730.75,7771.815483574418
1790264400,7730.75,7735,7728.75,7733.75,7771.663525556157
1790264700,7734,7736.5,7727.25,7728.5,7771.491216072899
1790265000,7728.75,7737.5,7728,7736,7771.34953457161
1790265300,7736.25,7737.25,7732.75,7735.75,7771.207420661144
1790265600,7735.75,7736.25,7730,7734.25,7771.059886047727
1790265900,7734,7735,7730.25,7732,7770.903958358914
1790266200,7731.75,7740,7729.5,7739.5,7770.778593255684
1790266500,7739.5,7778,7738.75,7762,7770.743548971231
1790266800,7762,7768,7759.25,7763.25,7770.71363460408
1790267100,7763.5,7767.5,7756.25,7765.5,7770.6928216914885
1790267400,7765.5,7766.25,7757,7762.25,7770.659117812481
1790267700,7762.25,7772,7761,7771.75,7770.663472631592
1790268000,7771.5,7783,7769.75,7770,7770.660824038253
1790268300,7770,7780.5,7765.75,7779.5,7770.696110169837
1790268600,7779.5,7781.5,7772.25,7774.5,7770.71129535878
1790268900,7774.5,7783.5,7774,7776.5,7770.734403960142
1790269200,7776.25,7780.75,7769,7776.25,7770.756422307607
1790269500,7776.25,7780.5,7774.25,7776,7770.777354753484
1790269800,7775.75,7779.25,7770,7777.75,7770.805189664648
1790270100,7777.75,7778,7768.75,7768.75,7770.79698531469
1790270400,7768.75,7772.75,7766,7767.5,7770.783823696667
1790270700,7767.25,7767.5,7759.5,7766.25,7770.765724600074
1790271000,7766,7770.5,7761.75,7762.5,7770.732727695482
1790271300,7762.25,7764.25,7758.75,7762.5,7770.699862515061
1790271600,7762.25,7764.5,7755,7755.75,7770.640182425181
1790271900,7755.75,7762.25,7753.75,7760.5,7770.59970265502
1790272200,7760.5,7762,7757.5,7759,7770.553396456797
1790272500,7759.25,7764.75,7758,7763,7770.5232431775285
1790272800,7763.25,7764,7749.5,7750.5,7770.443310071031
1790273100,7750.25,7763.5,7750.25,7761.25,7770.406610230429
1790273400,7761.25,7765,7759.5,7764,7770.381034940087
1790273700,7763.75,7769,7762.25,7766.25,7770.364543782642
1790274000,7766.25,7766.75,7761.75,7765.5,7770.345124446184
1790274300,7765.5,7774.25,7765,7769.5,7770.3417506958995
1790274600,7769.5,7770.75,7764.5,7764.5,7770.31843033384
1790274900,7764.5,7777.75,7762.5,7772,7770.325143186799
1790275200,7772,7772,7765.5,7768.5,7770.3178571860535
1790275500,7768.5,7770.75,7768,7769.25,7770.313594283115
1790275800,7769.25,7774.75,7768.75,7771.5,7770.318330433682
1790276100,7771.25,7777,7771.25,7773.25,7770.330033705403
1790276400,7773.25,7774.5,7764,7765.75,7770.311750137717
1790276700,7765.75,7769.5,7765.5,7768.25,7770.303519598246
1790277000,7768,7769.5,7765.75,7766.75,7770.289333891266
1790277300,7766.75,7771.25,7766.75,7770.5,7770.290174873737
1790277600,7770.25,7772.5,7768.5,7771.75,7770.296002518951
1790277900,7771.75,7772.5,7768.25,7769.5,7770.292824864185
1790278200,7769.5,7770.75,7767.5,7770.75,7770.294649914627
1790278500,7770.75,7771.25,7767.5,7771,7770.297465683431
1790278800,7770.75,7772.25,7768.25,7769,7770.292286179705
1790279100,7768.75,7770.25,7766.25,7766.25,7770.276149308728
1790279400,7766.25,7774.5,7766.25,7772.5,7770.285026956199
1790279700,7772.75,7772.75,7765,7765.5,7770.265925052182
1790280000,7765.25,7766,7760.25,7761.5,7770.230931339399
1790280300,7761.5,7762.5,7760.75,7761.75,7770.1970753260675
1790280600,7761.75,7762.25,7757.25,7757.5,7770.146388398618
1790280900,7757.5,7758.5,7751.25,7753,7770.077939742336
1790281200,7753,7753.25,7751,7751.25,7770.002778306239
1790281500,7751.25,7752,7748.75,7749.5,7769.920930887851
1790281800,7749.5,7753,7749.5,7752.25,7769.850388249576
1790282100,7752.25,7753.75,7751.75,7753.75,7769.786115242592
1790282400,7753.75,7756,7752.75,7755,7769.727088834438
1790282700,7755.25,7758.25,7755,7758,7769.680274108552
1790283000,7758,7759,7757.5,7758.5,7769.6356422757835
1790283300,7758.75,7760.75,7758,7759.5,7769.595180629972
1790287200,7759,7763.75,7756.75,7762.25,7769.5658585516085
1790287500,7762.25,7762.5,7756.5,7759.25,7769.524677479546
1790287800,7759.5,7760,7757.5,7758.25,7769.479668787013
1790288100,7758.25,7758.75,7757,7757,7769.429849749939
1790288400,7756.75,7757,7755,7755.5,7769.374241567305
1790288700,7755.5,7756,7754,7755,7769.31685936544
1790289000,7755,7757.25,7754.5,7756.25,7769.2646962542
1790289300,7756.25,7756.75,7755.75,7755.75,7769.2107453709505
1790289600,7755.75,7758.5,7755.5,7757.75,7769.164993892424
1790289900,7758,7758,7756.25,7757.25,7769.117429046546
1790290200,7757.25,7758,7757,7757.25,7769.070054080293
1790290500,7757.25,7757.75,7756.25,7756.75,7769.020872227677
1790290800,7756.75,7758,7756.75,7758,7768.976876729762
1790291100,7758,7759.25,7755.25,7756.25,7768.926070834633
1790291400,7756,7756,7754.25,7755.5,7768.872473745472
1790291700,7755.5,7756.25,7755,7755.5,7768.819090616747
1790292000,7755.5,7757.75,7754.75,7757.75,7768.774902630254
1790292300,7757.5,7759.25,7756.75,7757.5,7768.729893038915
1790292600,7757.75,7759.25,7757.75,7758.25,7768.68805713856
1790292900,7758.25,7759.25,7757.5,7758,7768.645390243795
1790293200,7758.25,7758.5,7755.25,7755.5,7768.5929136360355
1790293500,7755.5,7756.5,7754,7755,7768.538650507748
1790293800,7755,7755.25,7750.75,7751.75,7768.471629946838
1790294100,7752,7752.5,7750.75,7751.5,7768.403878929086
1790294400,7751.25,7755,7751,7753.5,7768.344382406415
1790294700,7753,7753.75,7750,7753,7768.283127386829
1790295000,7753,7753.5,7751.25,7752.25,7768.219122886282
1790295300,7752.25,7754,7750.25,7753.25,7768.159365908692
1790295600,7753.25,7757.25,7752.75,7756.25,7768.111823529815
1790295900,7756.25,7757.25,7754.5,7755,7768.059480920914
1790296200,7754.75,7755.25,7751.75,7752.5,7767.997367224623
1790296500,7752.75,7753.25,7748.5,7749.5,7767.923525439295
1790296800,7749.5,7751.25,7748.75,7750.5,7767.8539704475215
1790297100,7750.25,7752.5,7750,7752.25,7767.791679148329
1790297400,7752.25,7752.25,7749.5,7752,7767.728638513006
1790297700,7751.75,7752.75,7750.5,7751.75,7767.664851532914
1790298000,7751.75,7753.25,7749.25,7752.75,7767.605311207433
1790298300,7752.5,7754.5,7750,7753.5,7767.549002579859
1790298600,7753.5,7761.5,7753.25,7760,7767.518866841017
1790298900,7760,7763.25,7758.25,7760,7767.488851404526
1790299200,7760.25,7763.5,7760,7761.75,7767.465941818081
1790299500,7761.75,7763.75,7761,7761.5,7767.442125683078
1790299800,7761.5,7761.75,7757.75,7757.75,7767.403434562587
1790300100,7757.5,7762.75,7756.5,7762.75,7767.384857977507
1790300400,7762.75,7765.25,7762.25,7763.75,7767.370347566419
1790300700,7763.5,7763.75,7761.25,7763.5,7767.354897077132
1790301000,7763.25,7763.25,7760.5,7760.5,7767.32753221854
1790301300,7760.5,7762.25,7759.25,7762,7767.306264624854
1790301600,7762.25,7763.25,7761.25,7762.5,7767.287077939724
1790301900,7762.75,7764.5,7762.25,7764.25,7767.274953876093
1790302200,7764.25,7764.75,7762.5,7763,7767.257888191956
1790302500,7763,7765.25,7763,7765,7767.24887466624
1790302800,7765,7766.25,7764.75,7765,7767.239897122662
1790303100,7764.75,7764.75,7761.5,7762,7767.218979369677
1790303400,7761.75,7762,7758.25,7758.5,7767.184173064808
1790303700,7758.25,7759.75,7757.25,7759.5,7767.153497723232
1790304000,7759.75,7762.75,7759.5,7762,7767.132924878029
1790304300,7762,7762.75,7759,7759.5,7767.102454120033
1790304600,7759.5,7761.5,7758.5,7761.5,7767.080089033726
1790304900,7761,7762.25,7760.25,7762,7767.059809237184
1790305200,7762,7762.75,7761,7762.25,7767.040608401906
1790305500,7762.5,7766,7762.25,7765.25,7767.033460264573
1790305800,7765.25,7765.5,7763.75,7764.75,7767.024344654734
1790306100,7765,7766.25,7763.5,7765.25,7767.017261442539
1790306400,7765.25,7767.25,7765,7766,7767.013200518617
1790306700,7766,7766.5,7764.75,7765.25,7767.006161793992
1790307000,7765.5,7766.25,7764.5,7765.5,7767.0001491720595
1790307300,7765.5,7766.25,7763.75,7765.75,7766.995158556602
1790307600,7765.75,7766.75,7761.5,7761.5,7766.973221795897
1790307900,7761.75,7763,7760.75,7762.75,7766.956362627051
1790308200,7762.5,7763.5,7761.5,7762.5,7766.938572756284
1790308500,7762.75,7764.25,7762.25,7763.75,7766.925843922925
1790308800,7763.75,7764,7760.25,7761.25,7766.9031858633525
1790309100,7761,7761.75,7759.5,7760.75,7766.878622247132
1790309400,7760.75,7761.5,7760,7760.25,7766.852160681275
1790309700,7760.25,7761.75,7758.75,7759.5,7766.822810738435
1790310000,7759.5,7760,7758.5,7760,7766.79557396902
1790310300,7760.25,7760.75,7758.75,7759,7766.764453913255
1790310600,7759.25,7760.5,7758.5,7760.25,7766.73844810921
1790310900,7760.25,7761.75,7760,7761.5,7766.717536140711
1790311200,7761.5,7762.25,7760.25,7760.5,7766.692715637155
1790311500,7760.5,7761.75,7760.5,7761,7766.6699902254295
1790311800,7760.75,7761.75,7759.5,7760.25,7766.644361521935
1790312100,7760.25,7760.5,7757.75,7759.5,7766.615841116658
1790312400,7759.25,7761.25,7759,7760.75,7766.592424585254
1790312700,7761,7763.25,7760,7763,7766.578083568946
1790313000,7763,7763.75,7762,7762,7766.559807786235
1790313300,7762.25,7764.25,7762,7762.75,7766.544598972717
1790313600,7762.75,7763.5,7760.75,7760.75,7766.521466841089
1790313900,7760.75,7763.75,7760.75,7763.5,7766.509405097212
1790314200,7763.5,7771,7763,7769.25,7766.520345595826
1790314500,7769.5,7771.75,7769.5,7771,7766.538228447739
1790314800,7771,7773.25,7770.25,7773.25,7766.56502194695
1790315100,7773,7774,7770.5,7770.75,7766.581728446164
1790315400,7770.5,7772.5,7770.5,7772.5,7766.60535428071
1790315700,7772.5,7772.5,7769.75,7770,7766.618905760628
1790316000,7770,7772.75,7769.75,7772.25,7766.641385178749
1790316300,7772.25,7773.5,7771.75,7773.25,7766.667766874642
1790316600,7773.5,7776,7773,7775.5,7766.703025290312
1790316900,7775.5,7777.75,7774.75,7777,7766.744130977776
1790317200,7777,7778.5,7775.75,7777.5,7766.787068578663
1790317500,7777.75,7778,7774,7775,7766.819854732042
1790317800,7775.25,7777.5,7774.25,7777.5,7766.862490042493
1790318100,7777.25,7777.75,7775.5,7776.5,7766.900963136136
1790318400,7776.5,7777.75,7776,7776.75,7766.940280648567
1790318700,7776.75,7777.5,7775,7777,7766.980439208852
1790319000,7777,7777.5,7775,7777.25,7767.021435459515
1790319300,7777.25,7778.25,7774.5,7774.75,7767.05228801257
1790319600,7774.75,7778.25,7774.25,7775.75,7767.08700941771
1790319900,7775.75,7778,7775,7777,7767.126582234406
1790320200,7777,7778.5,7776.25,7777.5,7767.167993083769
1790320500,7777.5,7778.5,7774.75,7775.5,7767.2012545884245
1790320800,7775.75,7778.75,7775.5,7777.75,7767.2433653485505
1790321100,7777.75,7780.5,7775.75,7780.25,7767.29528804177
1790321400,7780.25,7781.75,7773.5,7774,7767.322053358968
1790321700,7774.25,7777,7774,7774.75,7767.35170584057
1790322000,7774.75,7776.75,7774.25,7775.25,7767.383235956974
1790322300,7775.5,7778.5,7775,7775.25,7767.414640204651
1790322600,7775.25,7776.25,7774.5,7775.25,7767.44591908607
1790322900,7775.25,7776.75,7774.5,7775.25,7767.477073101694
1790323200,7775.25,7776.25,7771.75,7772.5,7767.4971247060785
1790323500,7772.5,7775.5,7771.5,7775,7767.527076304058
1790323800,7775,7780.75,7775,7779,7767.572876398653
1790324100,7779,7781.75,7777.75,7779,7767.618493658539
1790324400,7779,7782.25,7778.5,7782.25,7767.676902865491
1790324700,7782.25,7784.5,7780.25,7784.25,7767.743062933892
1790325000,7784.25,7786.5,7783.25,7785.75,7767.814946914196
1790325300,7785.5,7786.25,7782.5,7783.5,7767.877561896575
1790325600,7783.5,7787.25,7783.5,7786.75,7767.952900970839
1790325900,7786.75,7788.75,7786.75,7787.25,7768.029935298301
1790326200,7787.25,7789,7786.75,7788.75,7768.112650127449
1790326500,7789,7790.75,7789,7789.25,7768.197030765663
1790326800,7789.25,7791.75,7788.75,7790.25,7768.285066570989
1790327100,7790.25,7792.5,7790,7792.25,7768.380734967912
1790327400,7792.25,7792.25,7790,7790.25,7768.468037423129
1790327700,7790.25,7792.5,7789.5,7789.75,7768.552995357568
1790328000,7790,7790,7788,7789.5,7768.636616134583
1790328300,7789.75,7789.75,7788,7788.25,7768.714913076162
1790328600,7788.25,7790.5,7786.5,7790,7768.799883483043
1790328900,7789.75,7790.5,7789.25,7790.5,7768.886510694688
1790329200,7790.5,7791.25,7789,7790.25,7768.971794085128
1790329500,7790.25,7790.25,7786.5,7787.75,7769.046756982992
1790329800,7787.75,7787.75,7786,7787.5,7769.120422623778
1790330100,7787.5,7789,7786.75,7786.75,7769.190800178174
1790330400,7787,7788.25,7785,7785.5,7769.255906764289
1790330700,7785.5,7786.5,7784.25,7786,7769.322749451856
1790331000,7786.25,7789.75,7785.75,7789.5,7769.403297358236
1790331300,7789.25,7791.5,7788.75,7789.25,7769.482525712096
1790331600,7789.25,7790.5,7788.5,7789,7769.560439781109
1790331900,7788.75,7789.75,7788.25,7788.75,7769.637044811923
1790332200,7788.75,7790.25,7787.25,7789,7769.714342038223
1790332500,7788.75,7789.5,7785.5,7785.75,7769.778356640864
1790332800,7785.75,7786.5,7785,7785.75,7769.84211569619
1790333100,7785.5,7786.75,7784,7785.75,7769.905620224349
1790333400,7785.5,7787.5,7783.5,7786.75,7769.972863257386
1790333700,7786.75,7786.75,7785,7785.75,7770.035845839193
1790334000,7785.75,7788.5,7785.25,7786.25,7770.100573001511
1790334300,7786,7793.5,7786,7793.25,7770.192985883741
1790334600,7793.25,7795.75,7793,7795.5,7770.294011888197
1790334900,7795.75,7798.75,7795,7796.5,7770.398626611198
1790335200,7796.25,7796.75,7795.25,7796,7770.50082770257
1790335500,7796,7798,7795.5,7795.5,7770.600624797569
1790335800,7795.5,7797.25,7794.5,7796.5,7770.704015516941
1790336100,7796.5,7800.75,7794,7794.25,7770.798011462981
1790336400,7794.5,7795.75,7794.25,7795,7770.89462618768
1790336700,7794.75,7796,7794.25,7794.5,7770.988859216871
1790337000,7794.5,7796.25,7793.75,7796,7771.088704090256
1790337300,7795.75,7796,7792.5,7792.5,7771.174178325425
1790337600,7792.5,7795.75,7792,7795.25,7771.270289389994
1790337900,7795.25,7796.25,7793.5,7794,7771.361026757699
1790338200,7794,7796,7791.5,7793,7771.447409884415
1790338500,7793,7793.25,7788,7789.75,7771.520474116413
1790338800,7789.75,7794.25,7789,7793,7771.606220726727
1790339100,7792.75,7794.75,7791.75,7792.5,7771.689629027219
1790339400,7792.75,7793,7787.25,7790.25,7771.763722324516
1790339700,7790,7790.75,7787.5,7788,7771.828537804258
1790340000,7788.5,7789.5,7783.25,7786.75,7771.88810451961
1790340300,7786.75,7792.75,7784.25,7785.5,7771.9424434237235
1790340600,7785.5,7786,7783,7784.5,7771.9925733900955
1790340900,7784.5,7786.25,7783.5,7785,7772.044499244826
1790341200,7785,7786.75,7782,7785.5,7772.098213818698
1790341500,7785.25,7787.5,7785.25,7787.5,7772.159697995071
1790341800,7787.5,7790.5,7786.5,7788.75,7772.225926745589
1790342100,7788.75,7789,7781.75,7781.75,7772.263946998102
1790342400,7781.75,7782.75,7779,7779,7772.290837429247
1790342700,7779.25,7781.25,7776,7777.75,7772.312630493402
1790343000,7777.5,7785.25,7767.25,7784.5,7772.3612826670815
1790343300,7784.5,7788.25,7782.75,7787.5,7772.42171666841
1790343600,7787.5,7790.75,7783.5,7785.25,7772.472927380313
1790343900,7785.25,7787,7780,7785.25,7772.523933658236
1790344200,7785.25,7793.25,7784,7791.5,7772.599686418083
1790344500,7791.5,7793.75,7785.25,7787.5,7772.659168707832
1790344800,7787.5,7788.25,7765.25,7766,7772.632585200016
1790345100,7765.75,7767.75,7755,7767,7772.610099829956
1790345400,7767,7769.5,7758,7759.5,7772.557764102092
1790345700,7759.25,7762.5,7752.75,7760.5,7772.509629315257
1790346000,7760.5,7766.75,7759.25,7764.75,7772.478652751124
1790346300,7764.75,7770,7762,7764.25,7772.445803837946
1790346600,7764,7770,7762,7768,7772.428056118034
1790346900,7768,7775.75,7766.75,7772.75,7772.429341323152
1790347200,7772.75,7773.75,7764.75,7769.5,7772.417647345814
1790347500,7769.75,7774.75,7765.75,7773.25,7772.4209701109
1790347800,7773.25,7773.5,7765.25,7772.25,7772.420287595488
1790348100,7772.5,7779.25,7771.75,7778,7772.442561896504
1790348400,7778.25,7787.25,7776.75,7784,7772.488699373963
1790348700,7784.25,7789,7781,7781.5,7772.524672629955
1790349000,7781.25,7782,7773.5,7779.75,7772.55351625219
1790349300,7780,7782,7774.5,7775.5,7772.565278662361
1790349600,7775.75,7783.5,7774.5,7776.5,7772.580986132771
1790349900,7776.5,7781,7775.75,7777.75,7772.601620918668
1790350200,7778,7788.75,7778,7781.75,7772.638141394043
1790350500,7781.75,7782.25,7771.5,7772.5,7772.637589931392
1790350800,7772.5,7776,7767,7767.75,7772.61807859434
1790351100,7767.5,7774,7764.5,7773.5,7772.621599238673
1790351400,7773.5,7776.75,7765.5,7774.75,7772.630095848499
1790351700,7774.75,7790.75,7774.5,7790.5,7772.701432791219
1790352000,7790.5,7806,7788.75,7804,7772.826377171295
1790352300,7804.25,7809,7802.25,7806,7772.958806803345
1790352600,7806.25,7811,7803.5,7806.5,7773.092703782175
1790352900,7806.5,7809.5,7798.25,7801,7773.204110154302
1790353200,7800.75,7802,7791,7795.25,7773.292117698596
1790353500,7795.25,7807.5,7794,7807,7773.426680102993
1790353800,7807,7808.75,7794.25,7797.75,7773.523779184417
1790354100,7797.75,7804.25,7797.25,7800.75,7773.632466692663
1790354400,7800.75,7805.5,7797.5,7802.5,7773.747706346585
1790354700,7802.5,7802.75,7793.5,7797.25,7773.841527878136
1790355000,7797.5,7799.75,7796,7799,7773.941960900578
1790355300,7799.25,7801,7792.25,7795.25,7774.027022932911
1790355600,7795.25,7802.75,7794,7801.25,7774.135697492061
1790355900,7801.5,7802.75,7796.25,7801.5,7774.244936224628
1790356200,7801.5,7804,7797.75,7804,7774.36371891435
1790356500,7803.75,7804,7799.25,7800,7774.4660593578055
1790356800,7800,7803.75,7799.5,7803.25,7774.580965308473
1790357100,7803.25,7804.25,7802.25,7804,7774.698406564727
1790357400,7804,7805.25,7796.75,7798.75,7774.794420909778
1790357700,7798.75,7803,7796,7800,7774.89504198399
1790358000,7800,7803.5,7799.75,7800.75,7774.998255389244
1790358300,7800.5,7803,7799.25,7802.25,7775.107044788888
1790358600,7802.25,7802.5,7797,7799,7775.202425847615
1790358900,7799,7802.75,7798.25,7802.75,7775.312396203512
1790359200,7802.75,7803.75,7801.25,7801.75,7775.417935540026
1790359500,7801.75,7802.5,7799.25,7802.25,7775.525049569806
1790359800,7802.25,7805.75,7800.25,7805.75,7775.645708054557
1790360100,7805.75,7806.25,7803.5,7804.25,7775.759896844758
1790360400,7804.25,7805,7802.25,7804.25,7775.873629791486
1790360700,7804.25,7805.25,7795.25,7800.25,7775.970940650602
1790361000,7800.5,7805,7800.25,7803.25,7776.079839091119
1790361300,7803,7803.5,7797,7797.5,7776.165348715505
1790361600,7797.5,7801.75,7796.25,7801.5,7776.266485047979
1790361900,7801.75,7802.5,7798.25,7799.75,7776.3602316146535
1790362200,7799.75,7800.5,7797.5,7797.75,7776.445619911601
1790362500,7797.75,7799.75,7797.25,7798,7776.5316653410955
1790362800,7798.25,7801.25,7795.25,7797.25,7776.614373263886
1790363100,7797.5,7800,7796.75,7798.5,7776.701741035287
1790363400,7798.25,7802.5,7797.5,7802.25,7776.803730093031
1790363700,7802.25,7803,7799.25,7799.5,7776.894333964915
1790364000,7799.5,7800.25,7796.25,7797,7776.974596104776
1790364300,7797.25,7797.25,7793.25,7794.75,7777.045555800964
1790364600,7794.75,7796.5,7793.75,7793.75,7777.112240208945
1790364900,7794,7801.25,7793.5,7801,7777.207600527472
1790365200,7801,7805,7799.25,7803.75,7777.313558209998
1790365500,7803.75,7811.75,7803.75,7809,7777.440050991594
1790365800,7809.25,7814.75,7809.25,7809.5,7777.568034819971
1790366100,7809.5,7810.5,7802.5,7804.75,7777.676545659013
1790366400,7804.75,7807.25,7802.5,7806,7777.789613341013
1790366700,7806,7806.5,7803.75,7804.75,7777.897239635061
1790367000,7804.75,7804.75,7803,7803,7777.9974502552805
1790367300,7803,7803.75,7801.75,7803.25,7778.098258837095
1790367600,7803.25,7803.75,7802.25,7802.25,7778.194672973475
1790367900,7802.25,7803.25,7801.5,7802.25,7778.290702223081
1790368200,7802.5,7805,7802.25,7804.25,7778.394332154327
1790368500,7804.5,7805.5,7804.25,7805,7778.500542405208
1790368800,7804.75,7806.5,7804.75,7806.25,7778.611318683032
1790369100,7806.25,7806.5,7805.5,7805.5,7778.718658728209
1790369400,7805.5,7807.25,7805.5,7805.75,7778.826568274205
1790369700,7805.75,7806,7805.25,7805.75,7778.934047043569